sample_id,label_name,label,source_kind,archive_path,vv_member,vh_member,file_size_bytes,sha256
S1A_IW_GRDH_1SDV_20150823T221233_20150823T221258_007396_00A2CA_54D0/11137_10797,Tanker,4,opensar_zip,OpenSARShip_1/S1A_IW_GRDH_1SDV_20150823T221233_20150823T221258_007396_00A2CA_54D0.zip,S1A_IW_GRDH_1SDV_20150823T221233_20150823T221258_007396_00A2CA_54D0/Patch_Uint8/Visual_Tanker_x11137_y10797_vv.tif,S1A_IW_GRDH_1SDV_20150823T221233_20150823T221258_007396_00A2CA_54D0/Patch_Uint8/Visual_Tanker_x11137_y10797_vh.tif,6116,4cee9213212fa5f0ec2cca9a45bad593c791a75fc5d6ad02ae621d2654eafd7e
S1A_IW_GRDH_1SDV_20150823T221233_20150823T221258_007396_00A2CA_54D0/1601_7784,Bulk Carrier,0,opensar_zip,OpenSARShip_1/S1A_IW_GRDH_1SDV_20150823T221233_20150823T221258_007396_00A2CA_54D0.zip,S1A_IW_GRDH_1SDV_20150823T221233_20150823T221258_007396_00A2CA_54D0/Patch_Uint8/Visual_Cargo_x1601_y7784_vv.tif,S1A_IW_GRDH_1SDV_20150823T221233_20150823T221258_007396_00A2CA_54D0/Patch_Uint8/Visual_Cargo_x1601_y7784_vh.tif,8978,bc775dcb7bc3b7294665e30090e2ebb374a7bbe93ffc3a9f63105a0f3b785d8f
S1A_IW_GRDH_1SDV_20150823T221233_20150823T221258_007396_00A2CA_54D0/1673_6973,Bulk Carrier,0,opensar_zip,OpenSARShip_1/S1A_IW_GRDH_1SDV_20150823T221233_20150823T221258_007396_00A2CA_54D0.zip,S1A_IW_GRDH_1SDV_20150823T221233_20150823T221258_007396_00A2CA_54D0/Patch_Uint8/Visual_Cargo_x1673_y6973_vv.tif,S1A_IW_GRDH_1SDV_20150823T221233_20150823T221258_007396_00A2CA_54D0/Patch_Uint8/Visual_Cargo_x1673_y6973_vh.tif,14954,3a6d282851a9c30824d9d2a255f458c088649a807cef15a41dbe2d8c39d2ccde
S1A_IW_GRDH_1SDV_20150823T221233_20150823T221258_007396_00A2CA_54D0/2206_8389,Bulk Carrier,0,opensar_zip,OpenSARShip_1/S1A_IW_GRDH_1SDV_20150823T221233_20150823T221258_007396_00A2CA_54D0.zip,S1A_IW_GRDH_1SDV_20150823T221233_20150823T221258_007396_00A2CA_54D0/Patch_Uint8/Visual_Cargo_x2206_y8389_vv.tif,S1A_IW_GRDH_1SDV_20150823T221233_20150823T221258_007396_00A2CA_54D0/Patch_Uint8/Visual_Cargo_x2206_y8389_vh.tif,7986,bbef4d1789f4f80cbb5b7ce50ead549a3b1adc1a0e2a7cd54c77caf806681da3
S1A_IW_GRDH_1SDV_20150823T221233_20150823T221258_007396_00A2CA_54D0/2373_8250,Bulk Carrier,0,opensar_zip,OpenSARShip_1/S1A_IW_GRDH_1SDV_20150823T221233_20150823T221258_007396_00A2CA_54D0.zip,S1A_IW_GRDH_1SDV_20150823T221233_20150823T221258_007396_00A2CA_54D0/Patch_Uint8/Visual_Cargo_x2373_y8250_vv.tif,S1A_IW_GRDH_1SDV_20150823T221233_20150823T221258_007396_00A2CA_54D0/Patch_Uint8/Visual_Cargo_x2373_y8250_vh.tif,10104,44a0299837dae6caaf44fc7d957e65c274d99601b588cfdbb29d971568966cbb
S1A_IW_GRDH_1SDV_20150823T221233_20150823T221258_007396_00A2CA_54D0/8078_15482,Bulk Carrier,0,opensar_zip,OpenSARShip_1/S1A_IW_GRDH_1SDV_20150823T221233_20150823T221258_007396_00A2CA_54D0.zip,S1A_IW_GRDH_1SDV_20150823T221233_20150823T221258_007396_00A2CA_54D0/Patch_Uint8/Visual_Cargo_x8078_y15482_vv.tif,S1A_IW_GRDH_1SDV_20150823T221233_20150823T221258_007396_00A2CA_54D0/Patch_Uint8/Visual_Cargo_x8078_y15482_vh.tif,11242,b4c9d3c0ba0298e9253f5f60bc5dd3f938de97437795c7df5b52b3985b93ce49
S1A_IW_GRDH_1SDV_20150823T221233_20150823T221258_007396_00A2CA_54D0/9747_10282,Bulk Carrier,0,opensar_zip,OpenSARShip_1/S1A_IW_GRDH_1SDV_20150823T221233_20150823T221258_007396_00A2CA_54D0.zip,S1A_IW_GRDH_1SDV_20150823T221233_20150823T221258_007396_00A2CA_54D0/Patch_Uint8/Visual_Cargo_x9747_y10282_vv.tif,S1A_IW_GRDH_1SDV_20150823T221233_20150823T221258_007396_00A2CA_54D0/Patch_Uint8/Visual_Cargo_x9747_y10282_vh.tif,12434,1649c995752810b5a4f5697c75cbd062208275f22d319efeff8b4e77d4cad8f8
S1A_IW_GRDH_1SDV_20150916T221233_20150916T221258_007746_00AC44_BA63/10265_10354,Bulk Carrier,0,opensar_zip,OpenSARShip_1/S1A_IW_GRDH_1SDV_20150916T221233_20150916T221258_007746_00AC44_BA63.zip,S1A_IW_GRDH_1SDV_20150916T221233_20150916T221258_007746_00AC44_BA63/Patch_Uint8/Visual_Cargo_x10265_y10354_vv.tif,S1A_IW_GRDH_1SDV_20150916T221233_20150916T221258_007746_00AC44_BA63/Patch_Uint8/Visual_Cargo_x10265_y10354_vh.tif,8874,87a1babf3420059a9433a28ea2f18eeb6e9365eb84600f616ce549fc442e6ad1
S1A_IW_GRDH_1SDV_20150916T221233_20150916T221258_007746_00AC44_BA63/10336_10851,Bulk Carrier,0,opensar_zip,OpenSARShip_1/S1A_IW_GRDH_1SDV_20150916T221233_20150916T221258_007746_00AC44_BA63.zip,S1A_IW_GRDH_1SDV_20150916T221233_20150916T221258_007746_00AC44_BA63/Patch_Uint8/Visual_Cargo_x10336_y10851_vv.tif,S1A_IW_GRDH_1SDV_20150916T221233_20150916T221258_007746_00AC44_BA63/Patch_Uint8/Visual_Cargo_x10336_y10851_vh.tif,7866,b41a12c8b6d3f7d38f8428dcb158f734e63fe448afaffbe328bb14c4690eec68
S1A_IW_GRDH_1SDV_20150916T221233_20150916T221258_007746_00AC44_BA63/10355_10368,Bulk Carrier,0,opensar_zip,OpenSARShip_1/S1A_IW_GRDH_1SDV_20150916T221233_20150916T221258_007746_00AC44_BA63.zip,S1A_IW_GRDH_1SDV_20150916T221233_20150916T221258_007746_00AC44_BA63/Patch_Uint8/Visual_Cargo_x10355_y10368_vv.tif,S1A_IW_GRDH_1SDV_20150916T221233_20150916T221258_007746_00AC44_BA63/Patch_Uint8/Visual_Cargo_x10355_y10368_vh.tif,10096,a3932f6a391d17b079115de2f4a5fe947fbc890f0fb30e28f98fc358ceab9ae5
S1A_IW_GRDH_1SDV_20150916T221233_20150916T221258_007746_00AC44_BA63/10442_10301,Bulk Carrier,0,opensar_zip,OpenSARShip_1/S1A_IW_GRDH_1SDV_20150916T221233_20150916T221258_007746_00AC44_BA63.zip,S1A_IW_GRDH_1SDV_20150916T221233_20150916T221258_007746_00AC44_BA63/Patch_Uint8/Visual_Cargo_x10442_y10301_vv.tif,S1A_IW_GRDH_1SDV_20150916T221233_20150916T221258_007746_00AC44_BA63/Patch_Uint8/Visual_Cargo_x10442_y10301_vh.tif,6112,8dfe8c41d94cf5f462f23174706b14d6ccbd6207ec5d142c21555fb760ef26a3
S1A_IW_GRDH_1SDV_20150916T221233_20150916T221258_007746_00AC44_BA63/10450_10148,Bulk Carrier,0,opensar_zip,OpenSARShip_1/S1A_IW_GRDH_1SDV_20150916T221233_20150916T221258_007746_00AC44_BA63.zip,S1A_IW_GRDH_1SDV_20150916T221233_20150916T221258_007746_00AC44_BA63/Patch_Uint8/Visual_Other Type_x10450_y10148_vv.tif,S1A_IW_GRDH_1SDV_20150916T221233_20150916T221258_007746_00AC44_BA63/Patch_Uint8/Visual_Other Type_x10450_y10148_vh.tif,7992,082c3abbde27f75bc190cfe41208fa7b3a03daaea71ef0640a31ad297fa8d210
S1A_IW_GRDH_1SDV_20150916T221233_20150916T221258_007746_00AC44_BA63/10459_10826,Bulk Carrier,0,opensar_zip,OpenSARShip_1/S1A_IW_GRDH_1SDV_20150916T221233_20150916T221258_007746_00AC44_BA63.zip,S1A_IW_GRDH_1SDV_20150916T221233_20150916T221258_007746_00AC44_BA63/Patch_Uint8/Visual_Cargo_x10459_y10826_vv.tif,S1A_IW_GRDH_1SDV_20150916T221233_20150916T221258_007746_00AC44_BA63/Patch_Uint8/Visual_Cargo_x10459_y10826_vh.tif,7078,a91a4ad91b94eeebdaf83e0f937cfa1d1c3bab8a2d295438f6738fc4b8adf0ea
S1A_IW_GRDH_1SDV_20150916T221233_20150916T221258_007746_00AC44_BA63/10471_10931,Bulk Carrier,0,opensar_zip,OpenSARShip_1/S1A_IW_GRDH_1SDV_20150916T221233_20150916T221258_007746_00AC44_BA63.zip,S1A_IW_GRDH_1SDV_20150916T221233_20150916T221258_007746_00AC44_BA63/Patch_Uint8/Visual_Cargo_x10471_y10931_vv.tif,S1A_IW_GRDH_1SDV_20150916T221233_20150916T221258_007746_00AC44_BA63/Patch_Uint8/Visual_Cargo_x10471_y10931_vh.tif,7656,c52f52bbdcd6eba540eccbe92c8d4ffed4d698bf0dfa3bd3895f993e92b2b64b
S1A_IW_GRDH_1SDV_20150916T221233_20150916T221258_007746_00AC44_BA63/10591_10713,Bulk Carrier,0,opensar_zip,OpenSARShip_1/S1A_IW_GRDH_1SDV_20150916T221233_20150916T221258_007746_00AC44_BA63.zip,S1A_IW_GRDH_1SDV_20150916T221233_20150916T221258_007746_00AC44_BA63/Patch_Uint8/Visual_Cargo_x10591_y10713_vv.tif,S1A_IW_GRDH_1SDV_20150916T221233_20150916T221258_007746_00AC44_BA63/Patch_Uint8/Visual_Cargo_x10591_y10713_vh.tif,5950,807141d50a0e6d24fd97821e78b8a429e62fa3eda4dc17e6b02d7c04c419f5cc
S1A_IW_GRDH_1SDV_20150916T221233_20150916T221258_007746_00AC44_BA63/10729_10756,Bulk Carrier,0,opensar_zip,OpenSARShip_1/S1A_IW_GRDH_1SDV_20150916T221233_20150916T221258_007746_00AC44_BA63.zip,S1A_IW_GRDH_1SDV_20150916T221233_20150916T221258_007746_00AC44_BA63/Patch_Uint8/Visual_Cargo_x10729_y10756_vv.tif,S1A_IW_GRDH_1SDV_20150916T221233_20150916T221258_007746_00AC44_BA63/Patch_Uint8/Visual_Cargo_x10729_y10756_vh.tif,7840,4157910ff07593d77d2cfd449b497e5a80664a1ff3c22618dca2f119a5d3339c
S1A_IW_GRDH_1SDV_20150916T221233_20150916T221258_007746_00AC44_BA63/10764_10978,Container Ship,1,opensar_zip,OpenSARShip_1/S1A_IW_GRDH_1SDV_20150916T221233_20150916T221258_007746_00AC44_BA63.zip,S1A_IW_GRDH_1SDV_20150916T221233_20150916T221258_007746_00AC44_BA63/Patch_Uint8/Visual_Cargo_x10764_y10978_vv.tif,S1A_IW_GRDH_1SDV_20150916T221233_20150916T221258_007746_00AC44_BA63/Patch_Uint8/Visual_Cargo_x10764_y10978_vh.tif,5280,8527b1f3eaf13bd9d5bf076d39d6d0df8c5635f72d7fe5b8cc86605ccaa75283
S1A_IW_GRDH_1SDV_20150916T221233_20150916T221258_007746_00AC44_BA63/10787_11092,Fishing,3,opensar_zip,OpenSARShip_1/S1A_IW_GRDH_1SDV_20150916T221233_20150916T221258_007746_00AC44_BA63.zip,S1A_IW_GRDH_1SDV_20150916T221233_20150916T221258_007746_00AC44_BA63/Patch_Uint8/Visual_Other Type_x10787_y11092_vv.tif,S1A_IW_GRDH_1SDV_20150916T221233_20150916T221258_007746_00AC44_BA63/Patch_Uint8/Visual_Other Type_x10787_y11092_vh.tif,2128,5d9dba2ddb47b5af62064e349ecdcce4f771b38d844ed3074673e885c21ec5e1
S1A_IW_GRDH_1SDV_20150916T221233_20150916T221258_007746_00AC44_BA63/10872_10698,Tanker,4,opensar_zip,OpenSARShip_1/S1A_IW_GRDH_1SDV_20150916T221233_20150916T221258_007746_00AC44_BA63.zip,S1A_IW_GRDH_1SDV_20150916T221233_20150916T221258_007746_00AC44_BA63/Patch_Uint8/Visual_Tanker_x10872_y10698_vv.tif,S1A_IW_GRDH_1SDV_20150916T221233_20150916T221258_007746_00AC44_BA63/Patch_Uint8/Visual_Tanker_x10872_y10698_vh.tif,4556,2bc701cc543b7d05fd016f337759e84972efd96098394444b3a0d3170a0cdf5b
S1A_IW_GRDH_1SDV_20150916T221233_20150916T221258_007746_00AC44_BA63/10885_10991,Bulk Carrier,0,opensar_zip,OpenSARShip_1/S1A_IW_GRDH_1SDV_20150916T221233_20150916T221258_007746_00AC44_BA63.zip,S1A_IW_GRDH_1SDV_20150916T221233_20150916T221258_007746_00AC44_BA63/Patch_Uint8/Visual_Cargo_x10885_y10991_vv.tif,S1A_IW_GRDH_1SDV_20150916T221233_20150916T221258_007746_00AC44_BA63/Patch_Uint8/Visual_Cargo_x10885_y10991_vh.tif,10920,5c8f0d0d42cd9a26fa3ca10d7073ba4386e5019b918bfc785a58f44c46650cfb
S1A_IW_GRDH_1SDV_20150916T221233_20150916T221258_007746_00AC44_BA63/11254_10233,Tug,5,opensar_zip,OpenSARShip_1/S1A_IW_GRDH_1SDV_20150916T221233_20150916T221258_007746_00AC44_BA63.zip,S1A_IW_GRDH_1SDV_20150916T221233_20150916T221258_007746_00AC44_BA63/Patch_Uint8/Visual_Tug_x11254_y10233_vv.tif,S1A_IW_GRDH_1SDV_20150916T221233_20150916T221258_007746_00AC44_BA63/Patch_Uint8/Visual_Tug_x11254_y10233_vh.tif,1324,6feda42a45f2c45515ced0fb2fd99b522a732e1c3d1c921572a25aae6237b194
S1A_IW_GRDH_1SDV_20150916T221233_20150916T221258_007746_00AC44_BA63/11344_10802,Tanker,4,opensar_zip,OpenSARShip_1/S1A_IW_GRDH_1SDV_20150916T221233_20150916T221258_007746_00AC44_BA63.zip,S1A_IW_GRDH_1SDV_20150916T221233_20150916T221258_007746_00AC44_BA63/Patch_Uint8/Visual_Tanker_x11344_y10802_vv.tif,S1A_IW_GRDH_1SDV_20150916T221233_20150916T221258_007746_00AC44_BA63/Patch_Uint8/Visual_Tanker_x11344_y10802_vh.tif,3180,e48647900b864243836396e9546b20650a0030d913fb761afb3f6fd00e78f3c3
S1A_IW_GRDH_1SDV_20150916T221233_20150916T221258_007746_00AC44_BA63/11424_10787,Tanker,4,opensar_zip,OpenSARShip_1/S1A_IW_GRDH_1SDV_20150916T221233_20150916T221258_007746_00AC44_BA63.zip,S1A_IW_GRDH_1SDV_20150916T221233_20150916T221258_007746_00AC44_BA63/Patch_Uint8/Visual_Tanker_x11424_y10787_vv.tif,S1A_IW_GRDH_1SDV_20150916T221233_20150916T221258_007746_00AC44_BA63/Patch_Uint8/Visual_Tanker_x11424_y10787_vh.tif,1322,60f60729f273eadf7974621f5c97b64ff0c6620b4ebdd3f94e518dd6e1a608eb
S1A_IW_GRDH_1SDV_20150916T221233_20150916T221258_007746_00AC44_BA63/11472_10838,Tanker,4,opensar_zip,OpenSARShip_1/S1A_IW_GRDH_1SDV_20150916T221233_20150916T221258_007746_00AC44_BA63.zip,S1A_IW_GRDH_1SDV_20150916T221233_20150916T221258_007746_00AC44_BA63/Patch_Uint8/Visual_Tanker_x11472_y10838_vv.tif,S1A_IW_GRDH_1SDV_20150916T221233_20150916T221258_007746_00AC44_BA63/Patch_Uint8/Visual_Tanker_x11472_y10838_vh.tif,1700,3ec656a15b5cf17f06ec80da4e3f032090bfc2871f1faff8e0ed0e6b87082e01
S1A_IW_GRDH_1SDV_20150916T221233_20150916T221258_007746_00AC44_BA63/11576_10872,Tanker,4,opensar_zip,OpenSARShip_1/S1A_IW_GRDH_1SDV_20150916T221233_20150916T221258_007746_00AC44_BA63.zip,S1A_IW_GRDH_1SDV_20150916T221233_20150916T221258_007746_00AC44_BA63/Patch_Uint8/Visual_Tanker_x11576_y10872_vv.tif,S1A_IW_GRDH_1SDV_20150916T221233_20150916T221258_007746_00AC44_BA63/Patch_Uint8/Visual_Tanker_x11576_y10872_vh.tif,2150,3165674ac44ffe60bc3718e4716e94b93bfad8dea69c2499390c5cc2428f44f9
S1A_IW_GRDH_1SDV_20150916T221233_20150916T221258_007746_00AC44_BA63/12328_10447,Tanker,4,opensar_zip,OpenSARShip_1/S1A_IW_GRDH_1SDV_20150916T221233_20150916T221258_007746_00AC44_BA63.zip,S1A_IW_GRDH_1SDV_20150916T221233_20150916T221258_007746_00AC44_BA63/Patch_Uint8/Visual_Tanker_x12328_y10447_vv.tif,S1A_IW_GRDH_1SDV_20150916T221233_20150916T221258_007746_00AC44_BA63/Patch_Uint8/Visual_Tanker_x12328_y10447_vh.tif,3542,8e5ee642a6118182686445cb0d39b46fa6d140dddf9eeb571bc8f940d3bbf334
S1A_IW_GRDH_1SDV_20150916T221233_20150916T221258_007746_00AC44_BA63/12641_10436,Container Ship,1,opensar_zip,OpenSARShip_1/S1A_IW_GRDH_1SDV_20150916T221233_20150916T221258_007746_00AC44_BA63.zip,S1A_IW_GRDH_1SDV_20150916T221233_20150916T221258_007746_00AC44_BA63/Patch_Uint8/Visual_Cargo_x12641_y10436_vv.tif,S1A_IW_GRDH_1SDV_20150916T221233_20150916T221258_007746_00AC44_BA63/Patch_Uint8/Visual_Cargo_x12641_y10436_vh.tif,5740,962cd34db3b7870d884aba2c2688d817f22d590ec1305998494924cebe9e07e9
S1A_IW_GRDH_1SDV_20150916T221233_20150916T221258_007746_00AC44_BA63/1433_7737,Fishing,3,opensar_zip,OpenSARShip_1/S1A_IW_GRDH_1SDV_20150916T221233_20150916T221258_007746_00AC44_BA63.zip,S1A_IW_GRDH_1SDV_20150916T221233_20150916T221258_007746_00AC44_BA63/Patch_Uint8/Visual_Other Type_x1433_y7737_vv.tif,S1A_IW_GRDH_1SDV_20150916T221233_20150916T221258_007746_00AC44_BA63/Patch_Uint8/Visual_Other Type_x1433_y7737_vh.tif,4550,4d9488cd980f45e9aeb27f89358ed7ac921d653933587f4b35f507f19a6d2837
S1A_IW_GRDH_1SDV_20150916T221233_20150916T221258_007746_00AC44_BA63/1466_7683,Bulk Carrier,0,opensar_zip,OpenSARShip_1/S1A_IW_GRDH_1SDV_20150916T221233_20150916T221258_007746_00AC44_BA63.zip,S1A_IW_GRDH_1SDV_20150916T221233_20150916T221258_007746_00AC44_BA63/Patch_Uint8/Visual_Cargo_x1466_y7683_vv.tif,S1A_IW_GRDH_1SDV_20150916T221233_20150916T221258_007746_00AC44_BA63/Patch_Uint8/Visual_Cargo_x1466_y7683_vh.tif,6138,060d46562ca9837f5d36b8a13cc61e468a97a40d174954a4c6f52f7b601cd51c
S1A_IW_GRDH_1SDV_20150916T221233_20150916T221258_007746_00AC44_BA63/1645_8025,Bulk Carrier,0,opensar_zip,OpenSARShip_1/S1A_IW_GRDH_1SDV_20150916T221233_20150916T221258_007746_00AC44_BA63.zip,S1A_IW_GRDH_1SDV_20150916T221233_20150916T221258_007746_00AC44_BA63/Patch_Uint8/Visual_Cargo_x1645_y8025_vv.tif,S1A_IW_GRDH_1SDV_20150916T221233_20150916T221258_007746_00AC44_BA63/Patch_Uint8/Visual_Cargo_x1645_y8025_vh.tif,6098,0443bcbc89d66c46fbc7e7735bb67cc7678496b03ddf83da280a1c3e1491730d
S1A_IW_GRDH_1SDV_20150916T221233_20150916T221258_007746_00AC44_BA63/1674_7819,Bulk Carrier,0,opensar_zip,OpenSARShip_1/S1A_IW_GRDH_1SDV_20150916T221233_20150916T221258_007746_00AC44_BA63.zip,S1A_IW_GRDH_1SDV_20150916T221233_20150916T221258_007746_00AC44_BA63/Patch_Uint8/Visual_Cargo_x1674_y7819_vv.tif,S1A_IW_GRDH_1SDV_20150916T221233_20150916T221258_007746_00AC44_BA63/Patch_Uint8/Visual_Cargo_x1674_y7819_vh.tif,6952,001e577bffbd1230cb3e2d3720157cfa448837b2833c006cb3a2942ef70d92f7
S1A_IW_GRDH_1SDV_20150916T221233_20150916T221258_007746_00AC44_BA63/1852_7703,Bulk Carrier,0,opensar_zip,OpenSARShip_1/S1A_IW_GRDH_1SDV_20150916T221233_20150916T221258_007746_00AC44_BA63.zip,S1A_IW_GRDH_1SDV_20150916T221233_20150916T221258_007746_00AC44_BA63/Patch_Uint8/Visual_Cargo_x1852_y7703_vv.tif,S1A_IW_GRDH_1SDV_20150916T221233_20150916T221258_007746_00AC44_BA63/Patch_Uint8/Visual_Cargo_x1852_y7703_vh.tif,7042,e1103d215fa75faf6a36a6699a4cf1ef0c941d709f838b2a08fe0c658acbef11
S1A_IW_GRDH_1SDV_20150916T221233_20150916T221258_007746_00AC44_BA63/1866_6375,Bulk Carrier,0,opensar_zip,OpenSARShip_1/S1A_IW_GRDH_1SDV_20150916T221233_20150916T221258_007746_00AC44_BA63.zip,S1A_IW_GRDH_1SDV_20150916T221233_20150916T221258_007746_00AC44_BA63/Patch_Uint8/Visual_Cargo_x1866_y6375_vv.tif,S1A_IW_GRDH_1SDV_20150916T221233_20150916T221258_007746_00AC44_BA63/Patch_Uint8/Visual_Cargo_x1866_y6375_vh.tif,7726,29885bb9e25b6d6bc8fbffe049d68fd85ed4533fa41456a2cef2e6a8daeffa23
S1A_IW_GRDH_1SDV_20150916T221233_20150916T221258_007746_00AC44_BA63/2040_7666,Bulk Carrier,0,opensar_zip,OpenSARShip_1/S1A_IW_GRDH_1SDV_20150916T221233_20150916T221258_007746_00AC44_BA63.zip,S1A_IW_GRDH_1SDV_20150916T221233_20150916T221258_007746_00AC44_BA63/Patch_Uint8/Visual_Cargo_x2040_y7666_vv.tif,S1A_IW_GRDH_1SDV_20150916T221233_20150916T221258_007746_00AC44_BA63/Patch_Uint8/Visual_Cargo_x2040_y7666_vh.tif,5292,ec6d3161610e98e018c0bafe42e1c6738207aa27c9997731d50e5f3413dae421
S1A_IW_GRDH_1SDV_20150916T221233_20150916T221258_007746_00AC44_BA63/2084_6945,Bulk Carrier,0,opensar_zip,OpenSARShip_1/S1A_IW_GRDH_1SDV_20150916T221233_20150916T221258_007746_00AC44_BA63.zip,S1A_IW_GRDH_1SDV_20150916T221233_20150916T221258_007746_00AC44_BA63/Patch_Uint8/Visual_Cargo_x2084_y6945_vv.tif,S1A_IW_GRDH_1SDV_20150916T221233_20150916T221258_007746_00AC44_BA63/Patch_Uint8/Visual_Cargo_x2084_y6945_vh.tif,3840,6cd58640fb87b82f52e9ce3695be18a17527f416201abfc10b9a40d1798c91b0
S1A_IW_GRDH_1SDV_20150916T221233_20150916T221258_007746_00AC44_BA63/2165_6957,Bulk Carrier,0,opensar_zip,OpenSARShip_1/S1A_IW_GRDH_1SDV_20150916T221233_20150916T221258_007746_00AC44_BA63.zip,S1A_IW_GRDH_1SDV_20150916T221233_20150916T221258_007746_00AC44_BA63/Patch_Uint8/Visual_Cargo_x2165_y6957_vv.tif,S1A_IW_GRDH_1SDV_20150916T221233_20150916T221258_007746_00AC44_BA63/Patch_Uint8/Visual_Cargo_x2165_y6957_vh.tif,7044,f1b38a2d6946d9b0f7ac3cb284b3e71b4aa8e1d65a36a05f10ab3998d3f51f05
S1A_IW_GRDH_1SDV_20150916T221233_20150916T221258_007746_00AC44_BA63/2264_9820,Container Ship,1,opensar_zip,OpenSARShip_1/S1A_IW_GRDH_1SDV_20150916T221233_20150916T221258_007746_00AC44_BA63.zip,S1A_IW_GRDH_1SDV_20150916T221233_20150916T221258_007746_00AC44_BA63/Patch_Uint8/Visual_Cargo_x2264_y9820_vv.tif,S1A_IW_GRDH_1SDV_20150916T221233_20150916T221258_007746_00AC44_BA63/Patch_Uint8/Visual_Cargo_x2264_y9820_vh.tif,14640,99f4f791c8286649f3d88893e4309e615ca96b86b0243eb533de52be1939c6bc
S1A_IW_GRDH_1SDV_20150916T221233_20150916T221258_007746_00AC44_BA63/2329_7111,Tanker,4,opensar_zip,OpenSARShip_1/S1A_IW_GRDH_1SDV_20150916T221233_20150916T221258_007746_00AC44_BA63.zip,S1A_IW_GRDH_1SDV_20150916T221233_20150916T221258_007746_00AC44_BA63/Patch_Uint8/Visual_Tanker_x2329_y7111_vv.tif,S1A_IW_GRDH_1SDV_20150916T221233_20150916T221258_007746_00AC44_BA63/Patch_Uint8/Visual_Tanker_x2329_y7111_vh.tif,1698,ca9c65364c42505cdd386f5daf072dcb8674da04d946487fb43769554ac0b4bc
S1A_IW_GRDH_1SDV_20150916T221233_20150916T221258_007746_00AC44_BA63/2411_10963,Bulk Carrier,0,opensar_zip,OpenSARShip_1/S1A_IW_GRDH_1SDV_20150916T221233_20150916T221258_007746_00AC44_BA63.zip,S1A_IW_GRDH_1SDV_20150916T221233_20150916T221258_007746_00AC44_BA63/Patch_Uint8/Visual_Cargo_x2411_y10963_vv.tif,S1A_IW_GRDH_1SDV_20150916T221233_20150916T221258_007746_00AC44_BA63/Patch_Uint8/Visual_Cargo_x2411_y10963_vh.tif,9012,bbc03ab810026b354533c88a5e8e1fffe14f69d939068a2bf1dc510b104f3460
S1A_IW_GRDH_1SDV_20150916T221233_20150916T221258_007746_00AC44_BA63/2606_6701,Tanker,4,opensar_zip,OpenSARShip_1/S1A_IW_GRDH_1SDV_20150916T221233_20150916T221258_007746_00AC44_BA63.zip,S1A_IW_GRDH_1SDV_20150916T221233_20150916T221258_007746_00AC44_BA63/Patch_Uint8/Visual_Tanker_x2606_y6701_vv.tif,S1A_IW_GRDH_1SDV_20150916T221233_20150916T221258_007746_00AC44_BA63/Patch_Uint8/Visual_Tanker_x2606_y6701_vh.tif,1318,b9d461d73242978a2ed61ea89533baa33efa04ea175220a6e02cecb7d6990345
S1A_IW_GRDH_1SDV_20150916T221233_20150916T221258_007746_00AC44_BA63/5305_10355,Bulk Carrier,0,opensar_zip,OpenSARShip_1/S1A_IW_GRDH_1SDV_20150916T221233_20150916T221258_007746_00AC44_BA63.zip,S1A_IW_GRDH_1SDV_20150916T221233_20150916T221258_007746_00AC44_BA63/Patch_Uint8/Visual_Cargo_x5305_y10355_vv.tif,S1A_IW_GRDH_1SDV_20150916T221233_20150916T221258_007746_00AC44_BA63/Patch_Uint8/Visual_Cargo_x5305_y10355_vh.tif,15826,6ea1d7304f2cfd3b210f412a77355a1bf0b98a0707ab9ccf7f225ca5092cc3a2
S1A_IW_GRDH_1SDV_20150916T221233_20150916T221258_007746_00AC44_BA63/5575_10389,Bulk Carrier,0,opensar_zip,OpenSARShip_1/S1A_IW_GRDH_1SDV_20150916T221233_20150916T221258_007746_00AC44_BA63.zip,S1A_IW_GRDH_1SDV_20150916T221233_20150916T221258_007746_00AC44_BA63/Patch_Uint8/Visual_Cargo_x5575_y10389_vv.tif,S1A_IW_GRDH_1SDV_20150916T221233_20150916T221258_007746_00AC44_BA63/Patch_Uint8/Visual_Cargo_x5575_y10389_vh.tif,8846,8539af6915bb288279724b49f4bfa6376abf31ca886c77d6241984c49e2db0c1
S1A_IW_GRDH_1SDV_20150916T221233_20150916T221258_007746_00AC44_BA63/5825_9973,Bulk Carrier,0,opensar_zip,OpenSARShip_1/S1A_IW_GRDH_1SDV_20150916T221233_20150916T221258_007746_00AC44_BA63.zip,S1A_IW_GRDH_1SDV_20150916T221233_20150916T221258_007746_00AC44_BA63/Patch_Uint8/Visual_Cargo_x5825_y9973_vv.tif,S1A_IW_GRDH_1SDV_20150916T221233_20150916T221258_007746_00AC44_BA63/Patch_Uint8/Visual_Cargo_x5825_y9973_vh.tif,10946,a4a4abab88b8908962a66a3b5b1eb1cb12bd6060aa3b9797a30b0a6918a511e4
S1A_IW_GRDH_1SDV_20150916T221233_20150916T221258_007746_00AC44_BA63/5988_10317,Fishing,3,opensar_zip,OpenSARShip_1/S1A_IW_GRDH_1SDV_20150916T221233_20150916T221258_007746_00AC44_BA63.zip,S1A_IW_GRDH_1SDV_20150916T221233_20150916T221258_007746_00AC44_BA63/Patch_Uint8/Visual_Other Type_x5988_y10317_vv.tif,S1A_IW_GRDH_1SDV_20150916T221233_20150916T221258_007746_00AC44_BA63/Patch_Uint8/Visual_Other Type_x5988_y10317_vh.tif,6134,d89cc1ccc1186086e26a200468dc47af12a5fa39a4c3b15eb26cb422873df506
S1A_IW_GRDH_1SDV_20150916T221233_20150916T221258_007746_00AC44_BA63/6004_10788,Tanker,4,opensar_zip,OpenSARShip_1/S1A_IW_GRDH_1SDV_20150916T221233_20150916T221258_007746_00AC44_BA63.zip,S1A_IW_GRDH_1SDV_20150916T221233_20150916T221258_007746_00AC44_BA63/Patch_Uint8/Visual_Tanker_x6004_y10788_vv.tif,S1A_IW_GRDH_1SDV_20150916T221233_20150916T221258_007746_00AC44_BA63/Patch_Uint8/Visual_Tanker_x6004_y10788_vh.tif,23654,6f124fbc68c11cd1ca8205c13132d22b2c6c2a730368f1f17bf95bdf7769f395
S1A_IW_GRDH_1SDV_20150916T221233_20150916T221258_007746_00AC44_BA63/6163_10463,Bulk Carrier,0,opensar_zip,OpenSARShip_1/S1A_IW_GRDH_1SDV_20150916T221233_20150916T221258_007746_00AC44_BA63.zip,S1A_IW_GRDH_1SDV_20150916T221233_20150916T221258_007746_00AC44_BA63/Patch_Uint8/Visual_Cargo_x6163_y10463_vv.tif,S1A_IW_GRDH_1SDV_20150916T221233_20150916T221258_007746_00AC44_BA63/Patch_Uint8/Visual_Cargo_x6163_y10463_vh.tif,18964,03d65549c60efa984219c3836866de247ea9eb606979eb6be6bc4b868d180004
S1A_IW_GRDH_1SDV_20150916T221233_20150916T221258_007746_00AC44_BA63/6973_12666,Bulk Carrier,0,opensar_zip,OpenSARShip_1/S1A_IW_GRDH_1SDV_20150916T221233_20150916T221258_007746_00AC44_BA63.zip,S1A_IW_GRDH_1SDV_20150916T221233_20150916T221258_007746_00AC44_BA63/Patch_Uint8/Visual_Cargo_x6973_y12666_vv.tif,S1A_IW_GRDH_1SDV_20150916T221233_20150916T221258_007746_00AC44_BA63/Patch_Uint8/Visual_Cargo_x6973_y12666_vh.tif,18804,db8d3db5433a15bf41153fa955276d10298d0287dccd2af89804cfb009e2b4cc
S1A_IW_GRDH_1SDV_20150916T221233_20150916T221258_007746_00AC44_BA63/7796_10403,Bulk Carrier,0,opensar_zip,OpenSARShip_1/S1A_IW_GRDH_1SDV_20150916T221233_20150916T221258_007746_00AC44_BA63.zip,S1A_IW_GRDH_1SDV_20150916T221233_20150916T221258_007746_00AC44_BA63/Patch_Uint8/Visual_Cargo_x7796_y10403_vv.tif,S1A_IW_GRDH_1SDV_20150916T221233_20150916T221258_007746_00AC44_BA63/Patch_Uint8/Visual_Cargo_x7796_y10403_vh.tif,9950,cccb41be4b41c2107e4b81b18befd6d07dbb176d255b9ce3c2b11103cbac8d12
S1A_IW_GRDH_1SDV_20150916T221233_20150916T221258_007746_00AC44_BA63/7908_10545,Bulk Carrier,0,opensar_zip,OpenSARShip_1/S1A_IW_GRDH_1SDV_20150916T221233_20150916T221258_007746_00AC44_BA63.zip,S1A_IW_GRDH_1SDV_20150916T221233_20150916T221258_007746_00AC44_BA63/Patch_Uint8/Visual_Cargo_x7908_y10545_vv.tif,S1A_IW_GRDH_1SDV_20150916T221233_20150916T221258_007746_00AC44_BA63/Patch_Uint8/Visual_Cargo_x7908_y10545_vh.tif,9850,f350fb6360bebc7110e2d092f09dd5ac209ef134005dccba8df043a6cc2059cd
S1A_IW_GRDH_1SDV_20150916T221233_20150916T221258_007746_00AC44_BA63/8066_11587,Bulk Carrier,0,opensar_zip,OpenSARShip_1/S1A_IW_GRDH_1SDV_20150916T221233_20150916T221258_007746_00AC44_BA63.zip,S1A_IW_GRDH_1SDV_20150916T221233_20150916T221258_007746_00AC44_BA63/Patch_Uint8/Visual_Cargo_x8066_y11587_vv.tif,S1A_IW_GRDH_1SDV_20150916T221233_20150916T221258_007746_00AC44_BA63/Patch_Uint8/Visual_Cargo_x8066_y11587_vh.tif,16344,6e315199a936ddf4815f7cc310f72d162cbd1da94f9a9283120e96716d2fad47
S1A_IW_GRDH_1SDV_20150916T221233_20150916T221258_007746_00AC44_BA63/8410_11286,Bulk Carrier,0,opensar_zip,OpenSARShip_1/S1A_IW_GRDH_1SDV_20150916T221233_20150916T221258_007746_00AC44_BA63.zip,S1A_IW_GRDH_1SDV_20150916T221233_20150916T221258_007746_00AC44_BA63/Patch_Uint8/Visual_Cargo_x8410_y11286_vv.tif,S1A_IW_GRDH_1SDV_20150916T221233_20150916T221258_007746_00AC44_BA63/Patch_Uint8/Visual_Cargo_x8410_y11286_vh.tif,26036,b4c54095ece851dbf0748bd7b831c27b9ad6c7283d4385edfdadfdc24560bf75
S1A_IW_GRDH_1SDV_20150916T221233_20150916T221258_007746_00AC44_BA63/8756_11844,Bulk Carrier,0,opensar_zip,OpenSARShip_1/S1A_IW_GRDH_1SDV_20150916T221233_20150916T221258_007746_00AC44_BA63.zip,S1A_IW_GRDH_1SDV_20150916T221233_20150916T221258_007746_00AC44_BA63/Patch_Uint8/Visual_Cargo_x8756_y11844_vv.tif,S1A_IW_GRDH_1SDV_20150916T221233_20150916T221258_007746_00AC44_BA63/Patch_Uint8/Visual_Cargo_x8756_y11844_vh.tif,12318,619c40ae0719476c04884f4f9e6b43eaddc9df752dac9047b32aa250db98ff2e
S1A_IW_GRDH_1SDV_20150916T221233_20150916T221258_007746_00AC44_BA63/9309_11255,Container Ship,1,opensar_zip,OpenSARShip_1/S1A_IW_GRDH_1SDV_20150916T221233_20150916T221258_007746_00AC44_BA63.zip,S1A_IW_GRDH_1SDV_20150916T221233_20150916T221258_007746_00AC44_BA63/Patch_Uint8/Visual_Cargo_x9309_y11255_vv.tif,S1A_IW_GRDH_1SDV_20150916T221233_20150916T221258_007746_00AC44_BA63/Patch_Uint8/Visual_Cargo_x9309_y11255_vh.tif,12202,5722f786d8584015064fab3f60226f43ca5c80434e0417db3629447bf4632b98
S1A_IW_GRDH_1SDV_20150916T221233_20150916T221258_007746_00AC44_BA63/9311_11681,Bulk Carrier,0,opensar_zip,OpenSARShip_1/S1A_IW_GRDH_1SDV_20150916T221233_20150916T221258_007746_00AC44_BA63.zip,S1A_IW_GRDH_1SDV_20150916T221233_20150916T221258_007746_00AC44_BA63/Patch_Uint8/Visual_Cargo_x9311_y11681_vv.tif,S1A_IW_GRDH_1SDV_20150916T221233_20150916T221258_007746_00AC44_BA63/Patch_Uint8/Visual_Cargo_x9311_y11681_vh.tif,13754,8c2d8656490acada7870c08921b3f5676d3edd2ed5d917eec3ec7a7bfe719ec5
S1A_IW_GRDH_1SDV_20150916T221233_20150916T221258_007746_00AC44_BA63/9477_10211,Bulk Carrier,0,opensar_zip,OpenSARShip_1/S1A_IW_GRDH_1SDV_20150916T221233_20150916T221258_007746_00AC44_BA63.zip,S1A_IW_GRDH_1SDV_20150916T221233_20150916T221258_007746_00AC44_BA63/Patch_Uint8/Visual_Cargo_x9477_y10211_vv.tif,S1A_IW_GRDH_1SDV_20150916T221233_20150916T221258_007746_00AC44_BA63/Patch_Uint8/Visual_Cargo_x9477_y10211_vh.tif,7966,4a08f34de133d5d5ae143b9d16b096b3c3297b3a9cc411e8429e8103cdfbc00b
S1A_IW_GRDH_1SDV_20150916T221233_20150916T221258_007746_00AC44_BA63/9487_11302,Tanker,4,opensar_zip,OpenSARShip_1/S1A_IW_GRDH_1SDV_20150916T221233_20150916T221258_007746_00AC44_BA63.zip,S1A_IW_GRDH_1SDV_20150916T221233_20150916T221258_007746_00AC44_BA63/Patch_Uint8/Visual_Tanker_x9487_y11302_vv.tif,S1A_IW_GRDH_1SDV_20150916T221233_20150916T221258_007746_00AC44_BA63/Patch_Uint8/Visual_Tanker_x9487_y11302_vh.tif,13226,0d96e6258828f29199a2b8f4536fb13bb390e4632a421a1a3e6e841f4ba5c813
S1A_IW_GRDH_1SDV_20150916T221233_20150916T221258_007746_00AC44_BA63/9538_10385,Container Ship,1,opensar_zip,OpenSARShip_1/S1A_IW_GRDH_1SDV_20150916T221233_20150916T221258_007746_00AC44_BA63.zip,S1A_IW_GRDH_1SDV_20150916T221233_20150916T221258_007746_00AC44_BA63/Patch_Uint8/Visual_Cargo_x9538_y10385_vv.tif,S1A_IW_GRDH_1SDV_20150916T221233_20150916T221258_007746_00AC44_BA63/Patch_Uint8/Visual_Cargo_x9538_y10385_vh.tif,5836,49eb224ad65a1d1f5f150ae3627a74cb7d1b87d82e67d236ab65d45ed04599d8
S1A_IW_GRDH_1SDV_20150928T221239_20150928T221304_007921_00B100_32A3/10040_6465,Bulk Carrier,0,opensar_zip,OpenSARShip_1/S1A_IW_GRDH_1SDV_20150928T221239_20150928T221304_007921_00B100_32A3.zip,S1A_IW_GRDH_1SDV_20150928T221239_20150928T221304_007921_00B100_32A3/Patch_Uint8/Visual_Cargo_x10040_y6465_vv.tif,S1A_IW_GRDH_1SDV_20150928T221239_20150928T221304_007921_00B100_32A3/Patch_Uint8/Visual_Cargo_x10040_y6465_vh.tif,13142,c75668c6d33fe62acbb818454361ded1b46174a93ca08a05e05a086c7e6ee8c1
S1A_IW_GRDH_1SDV_20150928T221239_20150928T221304_007921_00B100_32A3/10579_6989,Bulk Carrier,0,opensar_zip,OpenSARShip_1/S1A_IW_GRDH_1SDV_20150928T221239_20150928T221304_007921_00B100_32A3.zip,S1A_IW_GRDH_1SDV_20150928T221239_20150928T221304_007921_00B100_32A3/Patch_Uint8/Visual_Cargo_x10579_y6989_vv.tif,S1A_IW_GRDH_1SDV_20150928T221239_20150928T221304_007921_00B100_32A3/Patch_Uint8/Visual_Cargo_x10579_y6989_vh.tif,10546,e9542fdaa171d8c67e7d5fac85c429370ac50f2f76b12c6806a68a5f2a41217f
S1A_IW_GRDH_1SDV_20150928T221239_20150928T221304_007921_00B100_32A3/11085_6161,Tug,5,opensar_zip,OpenSARShip_1/S1A_IW_GRDH_1SDV_20150928T221239_20150928T221304_007921_00B100_32A3.zip,S1A_IW_GRDH_1SDV_20150928T221239_20150928T221304_007921_00B100_32A3/Patch_Uint8/Visual_Tug_x11085_y6161_vv.tif,S1A_IW_GRDH_1SDV_20150928T221239_20150928T221304_007921_00B100_32A3/Patch_Uint8/Visual_Tug_x11085_y6161_vh.tif,1702,5bfbdd4e5fcb9fd2f8939999218d3d1040430acec30e922eb278522265a13ba1
S1A_IW_GRDH_1SDV_20150928T221239_20150928T221304_007921_00B100_32A3/1154_2583,Bulk Carrier,0,opensar_zip,OpenSARShip_1/S1A_IW_GRDH_1SDV_20150928T221239_20150928T221304_007921_00B100_32A3.zip,S1A_IW_GRDH_1SDV_20150928T221239_20150928T221304_007921_00B100_32A3/Patch_Uint8/Visual_Cargo_x1154_y2583_vv.tif,S1A_IW_GRDH_1SDV_20150928T221239_20150928T221304_007921_00B100_32A3/Patch_Uint8/Visual_Cargo_x1154_y2583_vh.tif,9018,8b69de49246ea961ccbb117dbb044eb059c07f2904818d52aa87bff3d0618c0f
S1A_IW_GRDH_1SDV_20150928T221239_20150928T221304_007921_00B100_32A3/1542_7623,Bulk Carrier,0,opensar_zip,OpenSARShip_1/S1A_IW_GRDH_1SDV_20150928T221239_20150928T221304_007921_00B100_32A3.zip,S1A_IW_GRDH_1SDV_20150928T221239_20150928T221304_007921_00B100_32A3/Patch_Uint8/Visual_Cargo_x1542_y7623_vv.tif,S1A_IW_GRDH_1SDV_20150928T221239_20150928T221304_007921_00B100_32A3/Patch_Uint8/Visual_Cargo_x1542_y7623_vh.tif,11250,f4bed87caae2b9278deb6ba5b080c2a41204f5a161d8d7dc1d4686afae7033aa
S1A_IW_GRDH_1SDV_20150928T221239_20150928T221304_007921_00B100_32A3/1945_2475,Bulk Carrier,0,opensar_zip,OpenSARShip_1/S1A_IW_GRDH_1SDV_20150928T221239_20150928T221304_007921_00B100_32A3.zip,S1A_IW_GRDH_1SDV_20150928T221239_20150928T221304_007921_00B100_32A3/Patch_Uint8/Visual_Cargo_x1945_y2475_vv.tif,S1A_IW_GRDH_1SDV_20150928T221239_20150928T221304_007921_00B100_32A3/Patch_Uint8/Visual_Cargo_x1945_y2475_vh.tif,12462,72a522cfc89005bf7bc8b4d407916eba3fe299856ac3e76994c9e7f85dabb1a9
S1A_IW_GRDH_1SDV_20150928T221239_20150928T221304_007921_00B100_32A3/2304_5915,Container Ship,1,opensar_zip,OpenSARShip_1/S1A_IW_GRDH_1SDV_20150928T221239_20150928T221304_007921_00B100_32A3.zip,S1A_IW_GRDH_1SDV_20150928T221239_20150928T221304_007921_00B100_32A3/Patch_Uint8/Visual_Cargo_x2304_y5915_vv.tif,S1A_IW_GRDH_1SDV_20150928T221239_20150928T221304_007921_00B100_32A3/Patch_Uint8/Visual_Cargo_x2304_y5915_vh.tif,63742,c1ea0acff504699d7d1a37cd6d4434e7c8ba1b72efc433d35f719f9bc1b843f3
S1A_IW_GRDH_1SDV_20150928T221239_20150928T221304_007921_00B100_32A3/5120_6480,Bulk Carrier,0,opensar_zip,OpenSARShip_1/S1A_IW_GRDH_1SDV_20150928T221239_20150928T221304_007921_00B100_32A3.zip,S1A_IW_GRDH_1SDV_20150928T221239_20150928T221304_007921_00B100_32A3/Patch_Uint8/Visual_Cargo_x5120_y6480_vv.tif,S1A_IW_GRDH_1SDV_20150928T221239_20150928T221304_007921_00B100_32A3/Patch_Uint8/Visual_Cargo_x5120_y6480_vh.tif,38500,4f6f7d712498810ba07e00d57e6c1a8b98c5204c119f5861fba506b4fe521f38
S1A_IW_GRDH_1SDV_20150928T221239_20150928T221304_007921_00B100_32A3/5269_7388,Tug,5,opensar_zip,OpenSARShip_1/S1A_IW_GRDH_1SDV_20150928T221239_20150928T221304_007921_00B100_32A3.zip,S1A_IW_GRDH_1SDV_20150928T221239_20150928T221304_007921_00B100_32A3/Patch_Uint8/Visual_Tug_x5269_y7388_vv.tif,S1A_IW_GRDH_1SDV_20150928T221239_20150928T221304_007921_00B100_32A3/Patch_Uint8/Visual_Tug_x5269_y7388_vh.tif,2134,ab9fc017f59699822407f82b7027c9e2abc1f737bd6c8229d87100030f9d247b
S1A_IW_GRDH_1SDV_20150928T221239_20150928T221304_007921_00B100_32A3/5318_6339,Bulk Carrier,0,opensar_zip,OpenSARShip_1/S1A_IW_GRDH_1SDV_20150928T221239_20150928T221304_007921_00B100_32A3.zip,S1A_IW_GRDH_1SDV_20150928T221239_20150928T221304_007921_00B100_32A3/Patch_Uint8/Visual_Cargo_x5318_y6339_vv.tif,S1A_IW_GRDH_1SDV_20150928T221239_20150928T221304_007921_00B100_32A3/Patch_Uint8/Visual_Cargo_x5318_y6339_vh.tif,30086,4d4ae53d1696ded298684d4ba912a16bf18168b7bf8b19565970f656bcf943c0
S1A_IW_GRDH_1SDV_20150928T221239_20150928T221304_007921_00B100_32A3/5487_6538,Bulk Carrier,0,opensar_zip,OpenSARShip_1/S1A_IW_GRDH_1SDV_20150928T221239_20150928T221304_007921_00B100_32A3.zip,S1A_IW_GRDH_1SDV_20150928T221239_20150928T221304_007921_00B100_32A3/Patch_Uint8/Visual_Cargo_x5487_y6538_vv.tif,S1A_IW_GRDH_1SDV_20150928T221239_20150928T221304_007921_00B100_32A3/Patch_Uint8/Visual_Cargo_x5487_y6538_vh.tif,31374,29dc4145e5a1ad4b870937cfe310634d21c0f6965948c850ac3ca2bd99086c56
S1A_IW_GRDH_1SDV_20150928T221239_20150928T221304_007921_00B100_32A3/6054_6500,Bulk Carrier,0,opensar_zip,OpenSARShip_1/S1A_IW_GRDH_1SDV_20150928T221239_20150928T221304_007921_00B100_32A3.zip,S1A_IW_GRDH_1SDV_20150928T221239_20150928T221304_007921_00B100_32A3/Patch_Uint8/Visual_Cargo_x6054_y6500_vv.tif,S1A_IW_GRDH_1SDV_20150928T221239_20150928T221304_007921_00B100_32A3/Patch_Uint8/Visual_Cargo_x6054_y6500_vh.tif,15084,49168d87b456bf3cbf2c1e9832a90ac1ca36a0629e737ce0b2864e8f2d3fe3f8
S1A_IW_GRDH_1SDV_20150928T221239_20150928T221304_007921_00B100_32A3/7531_5901,Dredger,2,opensar_zip,OpenSARShip_1/S1A_IW_GRDH_1SDV_20150928T221239_20150928T221304_007921_00B100_32A3.zip,S1A_IW_GRDH_1SDV_20150928T221239_20150928T221304_007921_00B100_32A3/Patch_Uint8/Visual_Other Type_x7531_y5901_vv.tif,S1A_IW_GRDH_1SDV_20150928T221239_20150928T221304_007921_00B100_32A3/Patch_Uint8/Visual_Other Type_x7531_y5901_vh.tif,3846,f01036cbef206f1eda2df53fc7bde9a7aeb70acbe1c448b1577b74e13ee3de40
S1A_IW_GRDH_1SDV_20150928T221239_20150928T221304_007921_00B100_32A3/7736_7488,Bulk Carrier,0,opensar_zip,OpenSARShip_1/S1A_IW_GRDH_1SDV_20150928T221239_20150928T221304_007921_00B100_32A3.zip,S1A_IW_GRDH_1SDV_20150928T221239_20150928T221304_007921_00B100_32A3/Patch_Uint8/Visual_Cargo_x7736_y7488_vv.tif,S1A_IW_GRDH_1SDV_20150928T221239_20150928T221304_007921_00B100_32A3/Patch_Uint8/Visual_Cargo_x7736_y7488_vh.tif,31028,03ea0ebc0478bcefa484087309033fd01e7d8a1c799fbff8ca02e6a0fbfa44de
S1A_IW_GRDH_1SDV_20150928T221239_20150928T221304_007921_00B100_32A3/8222_10216,Bulk Carrier,0,opensar_zip,OpenSARShip_1/S1A_IW_GRDH_1SDV_20150928T221239_20150928T221304_007921_00B100_32A3.zip,S1A_IW_GRDH_1SDV_20150928T221239_20150928T221304_007921_00B100_32A3/Patch_Uint8/Visual_Cargo_x8222_y10216_vv.tif,S1A_IW_GRDH_1SDV_20150928T221239_20150928T221304_007921_00B100_32A3/Patch_Uint8/Visual_Cargo_x8222_y10216_vh.tif,12438,24208e9fe07ec454b6232257e12232f6c8f787eaff976734101f33ce41592131
S1A_IW_GRDH_1SDV_20150928T221239_20150928T221304_007921_00B100_32A3/8614_7698,Bulk Carrier,0,opensar_zip,OpenSARShip_1/S1A_IW_GRDH_1SDV_20150928T221239_20150928T221304_007921_00B100_32A3.zip,S1A_IW_GRDH_1SDV_20150928T221239_20150928T221304_007921_00B100_32A3/Patch_Uint8/Visual_Cargo_x8614_y7698_vv.tif,S1A_IW_GRDH_1SDV_20150928T221239_20150928T221304_007921_00B100_32A3/Patch_Uint8/Visual_Cargo_x8614_y7698_vh.tif,29772,9b440ec1a446601a9e427eaa6d686956a53f7bd1d32a532aa6309cde9e4f5cf0
S1A_IW_GRDH_1SDV_20150928T221239_20150928T221304_007921_00B100_32A3/8803_7899,Bulk Carrier,0,opensar_zip,OpenSARShip_1/S1A_IW_GRDH_1SDV_20150928T221239_20150928T221304_007921_00B100_32A3.zip,S1A_IW_GRDH_1SDV_20150928T221239_20150928T221304_007921_00B100_32A3/Patch_Uint8/Visual_Cargo_x8803_y7899_vv.tif,S1A_IW_GRDH_1SDV_20150928T221239_20150928T221304_007921_00B100_32A3/Patch_Uint8/Visual_Cargo_x8803_y7899_vh.tif,31406,78c8087448cf2b050ceae1701483746d4ef3088856110858947ac6494fe06bff
S1A_IW_GRDH_1SDV_20150928T221239_20150928T221304_007921_00B100_32A3/8913_7403,Bulk Carrier,0,opensar_zip,OpenSARShip_1/S1A_IW_GRDH_1SDV_20150928T221239_20150928T221304_007921_00B100_32A3.zip,S1A_IW_GRDH_1SDV_20150928T221239_20150928T221304_007921_00B100_32A3/Patch_Uint8/Visual_Cargo_x8913_y7403_vv.tif,S1A_IW_GRDH_1SDV_20150928T221239_20150928T221304_007921_00B100_32A3/Patch_Uint8/Visual_Cargo_x8913_y7403_vh.tif,32142,7445098076f86d17f4e7acd7f01d5810fb3b4e9652c5ee6a4fb03f55ff65f8e4
S1A_IW_GRDH_1SDV_20150928T221239_20150928T221304_007921_00B100_32A3/9092_6327,Tanker,4,opensar_zip,OpenSARShip_1/S1A_IW_GRDH_1SDV_20150928T221239_20150928T221304_007921_00B100_32A3.zip,S1A_IW_GRDH_1SDV_20150928T221239_20150928T221304_007921_00B100_32A3/Patch_Uint8/Visual_Tanker_x9092_y6327_vv.tif,S1A_IW_GRDH_1SDV_20150928T221239_20150928T221304_007921_00B100_32A3/Patch_Uint8/Visual_Tanker_x9092_y6327_vh.tif,2644,554e8fdffd2a37d22671d9e37cc40ebcd306b7ca0ed43583b51b3b5fc7ec6d7d
S1A_IW_GRDH_1SDV_20150928T221239_20150928T221304_007921_00B100_32A3/9099_6818,Bulk Carrier,0,opensar_zip,OpenSARShip_1/S1A_IW_GRDH_1SDV_20150928T221239_20150928T221304_007921_00B100_32A3.zip,S1A_IW_GRDH_1SDV_20150928T221239_20150928T221304_007921_00B100_32A3/Patch_Uint8/Visual_Cargo_x9099_y6818_vv.tif,S1A_IW_GRDH_1SDV_20150928T221239_20150928T221304_007921_00B100_32A3/Patch_Uint8/Visual_Cargo_x9099_y6818_vh.tif,11178,97900e09c0c46fd6d878a1e13524fa992cc367c56b74cad848f321d2dc6c076f
S1A_IW_GRDH_1SDV_20150928T221239_20150928T221304_007921_00B100_32A3/9108_6601,Bulk Carrier,0,opensar_zip,OpenSARShip_1/S1A_IW_GRDH_1SDV_20150928T221239_20150928T221304_007921_00B100_32A3.zip,S1A_IW_GRDH_1SDV_20150928T221239_20150928T221304_007921_00B100_32A3/Patch_Uint8/Visual_Cargo_x9108_y6601_vv.tif,S1A_IW_GRDH_1SDV_20150928T221239_20150928T221304_007921_00B100_32A3/Patch_Uint8/Visual_Cargo_x9108_y6601_vh.tif,11196,6047b1c5cb027fcb374881ea6bc432321dbc4d2609f86f68fb41710effd3013d
S1A_IW_GRDH_1SDV_20150928T221239_20150928T221304_007921_00B100_32A3/9191_7711,Bulk Carrier,0,opensar_zip,OpenSARShip_1/S1A_IW_GRDH_1SDV_20150928T221239_20150928T221304_007921_00B100_32A3.zip,S1A_IW_GRDH_1SDV_20150928T221239_20150928T221304_007921_00B100_32A3/Patch_Uint8/Visual_Cargo_x9191_y7711_vv.tif,S1A_IW_GRDH_1SDV_20150928T221239_20150928T221304_007921_00B100_32A3/Patch_Uint8/Visual_Cargo_x9191_y7711_vh.tif,32052,63e88662f2c9900150be46417d0f8036bf5a6df4fcbe98dfdc3f1dc4001442fc
S1A_IW_GRDH_1SDV_20150928T221239_20150928T221304_007921_00B100_32A3/9211_7385,Bulk Carrier,0,opensar_zip,OpenSARShip_1/S1A_IW_GRDH_1SDV_20150928T221239_20150928T221304_007921_00B100_32A3.zip,S1A_IW_GRDH_1SDV_20150928T221239_20150928T221304_007921_00B100_32A3/Patch_Uint8/Visual_Cargo_x9211_y7385_vv.tif,S1A_IW_GRDH_1SDV_20150928T221239_20150928T221304_007921_00B100_32A3/Patch_Uint8/Visual_Cargo_x9211_y7385_vh.tif,31536,e0699d9b60157382239af48f8eb00c8f056d8853e9822511a71191497839eadc
S1A_IW_GRDH_1SDV_20150928T221239_20150928T221304_007921_00B100_32A3/9310_6163,Bulk Carrier,0,opensar_zip,OpenSARShip_1/S1A_IW_GRDH_1SDV_20150928T221239_20150928T221304_007921_00B100_32A3.zip,S1A_IW_GRDH_1SDV_20150928T221239_20150928T221304_007921_00B100_32A3/Patch_Uint8/Visual_Other Type_x9310_y6163_vv.tif,S1A_IW_GRDH_1SDV_20150928T221239_20150928T221304_007921_00B100_32A3/Patch_Uint8/Visual_Other Type_x9310_y6163_vh.tif,8980,7f62d7f2f69b39c98e4a9e043dd4d26280200bba64e10ddeca497ffc065b3102
S1A_IW_GRDH_1SDV_20150928T221239_20150928T221304_007921_00B100_32A3/9395_7340,Container Ship,1,opensar_zip,OpenSARShip_1/S1A_IW_GRDH_1SDV_20150928T221239_20150928T221304_007921_00B100_32A3.zip,S1A_IW_GRDH_1SDV_20150928T221239_20150928T221304_007921_00B100_32A3/Patch_Uint8/Visual_Cargo_x9395_y7340_vv.tif,S1A_IW_GRDH_1SDV_20150928T221239_20150928T221304_007921_00B100_32A3/Patch_Uint8/Visual_Cargo_x9395_y7340_vh.tif,29716,d7f22858ef5093340898210eea4121284c75f35c90bdd8dee7e622a6295f4589
S1A_IW_GRDH_1SDV_20150928T221239_20150928T221304_007921_00B100_32A3/9457_6276,Bulk Carrier,0,opensar_zip,OpenSARShip_1/S1A_IW_GRDH_1SDV_20150928T221239_20150928T221304_007921_00B100_32A3.zip,S1A_IW_GRDH_1SDV_20150928T221239_20150928T221304_007921_00B100_32A3/Patch_Uint8/Visual_Cargo_x9457_y6276_vv.tif,S1A_IW_GRDH_1SDV_20150928T221239_20150928T221304_007921_00B100_32A3/Patch_Uint8/Visual_Cargo_x9457_y6276_vh.tif,12436,b546435a5e38a6fbe0d93bc560cf4df2531e0511bf3e18032b71603054814873
S1A_IW_GRDH_1SDV_20150928T221239_20150928T221304_007921_00B100_32A3/9478_7478,Bulk Carrier,0,opensar_zip,OpenSARShip_1/S1A_IW_GRDH_1SDV_20150928T221239_20150928T221304_007921_00B100_32A3.zip,S1A_IW_GRDH_1SDV_20150928T221239_20150928T221304_007921_00B100_32A3/Patch_Uint8/Visual_Cargo_x9478_y7478_vv.tif,S1A_IW_GRDH_1SDV_20150928T221239_20150928T221304_007921_00B100_32A3/Patch_Uint8/Visual_Cargo_x9478_y7478_vh.tif,32076,4036e1a2cff39dafac22f8dfa507516f8f2184f5e05a2aae0bdf0b1ccc31e4ed
S1A_IW_GRDH_1SDV_20150928T221239_20150928T221304_007921_00B100_32A3/9685_6594,Bulk Carrier,0,opensar_zip,OpenSARShip_1/S1A_IW_GRDH_1SDV_20150928T221239_20150928T221304_007921_00B100_32A3.zip,S1A_IW_GRDH_1SDV_20150928T221239_20150928T221304_007921_00B100_32A3/Patch_Uint8/Visual_Cargo_x9685_y6594_vv.tif,S1A_IW_GRDH_1SDV_20150928T221239_20150928T221304_007921_00B100_32A3/Patch_Uint8/Visual_Cargo_x9685_y6594_vh.tif,21046,826ed8c19cc65683f636d760328ad2debf129a924c6173999863a4ad63defe3f
S1A_IW_GRDH_1SDV_20150928T221239_20150928T221304_007921_00B100_32A3/9685_7467,Bulk Carrier,0,opensar_zip,OpenSARShip_1/S1A_IW_GRDH_1SDV_20150928T221239_20150928T221304_007921_00B100_32A3.zip,S1A_IW_GRDH_1SDV_20150928T221239_20150928T221304_007921_00B100_32A3/Patch_Uint8/Visual_Cargo_x9685_y7467_vv.tif,S1A_IW_GRDH_1SDV_20150928T221239_20150928T221304_007921_00B100_32A3/Patch_Uint8/Visual_Cargo_x9685_y7467_vh.tif,28874,6d607d07e9bc3a36d83c3f43ed07f2e09e64b47adacbc66a5221b33a35157842
S1A_IW_GRDH_1SDV_20150928T221239_20150928T221304_007921_00B100_32A3/9985_6121,Bulk Carrier,0,opensar_zip,OpenSARShip_1/S1A_IW_GRDH_1SDV_20150928T221239_20150928T221304_007921_00B100_32A3.zip,S1A_IW_GRDH_1SDV_20150928T221239_20150928T221304_007921_00B100_32A3/Patch_Uint8/Visual_Cargo_x9985_y6121_vv.tif,S1A_IW_GRDH_1SDV_20150928T221239_20150928T221304_007921_00B100_32A3/Patch_Uint8/Visual_Cargo_x9985_y6121_vh.tif,27960,dbc14e88c49ef419440a40d4a23eecfdbce8b4d8215a2184576c406e03b26693
S1A_IW_GRDH_1SDV_20151010T221234_20151010T221259_008096_00B5A1_5C25/1461_7703,Bulk Carrier,0,opensar_zip,OpenSARShip_1/S1A_IW_GRDH_1SDV_20151010T221234_20151010T221259_008096_00B5A1_5C25.zip,S1A_IW_GRDH_1SDV_20151010T221234_20151010T221259_008096_00B5A1_5C25/Patch_Uint8/Visual_Cargo_x1461_y7703_vv.tif,S1A_IW_GRDH_1SDV_20151010T221234_20151010T221259_008096_00B5A1_5C25/Patch_Uint8/Visual_Cargo_x1461_y7703_vh.tif,9880,276535366e96a97bf73b90ece8de95969289d1114092423da9fc2026623145e3
S1A_IW_GRDH_1SDV_20151010T221234_20151010T221259_008096_00B5A1_5C25/1626_7608,Bulk Carrier,0,opensar_zip,OpenSARShip_1/S1A_IW_GRDH_1SDV_20151010T221234_20151010T221259_008096_00B5A1_5C25.zip,S1A_IW_GRDH_1SDV_20151010T221234_20151010T221259_008096_00B5A1_5C25/Patch_Uint8/Visual_Cargo_x1626_y7608_vv.tif,S1A_IW_GRDH_1SDV_20151010T221234_20151010T221259_008096_00B5A1_5C25/Patch_Uint8/Visual_Cargo_x1626_y7608_vh.tif,12474,b259e642d2c8e2c77e63e05f1ae9cb22a583d548d1554a19e29e43fe16944445
S1A_IW_GRDH_1SDV_20151010T221234_20151010T221259_008096_00B5A1_5C25/1747_8232,Bulk Carrier,0,opensar_zip,OpenSARShip_1/S1A_IW_GRDH_1SDV_20151010T221234_20151010T221259_008096_00B5A1_5C25.zip,S1A_IW_GRDH_1SDV_20151010T221234_20151010T221259_008096_00B5A1_5C25/Patch_Uint8/Visual_Cargo_x1747_y8232_vv.tif,S1A_IW_GRDH_1SDV_20151010T221234_20151010T221259_008096_00B5A1_5C25/Patch_Uint8/Visual_Cargo_x1747_y8232_vh.tif,8998,ac1c67aa09e8e477b8abf16aee658b8570210c89ab3f6dead66f04134a3100d7
S1A_IW_GRDH_1SDV_20151010T221234_20151010T221259_008096_00B5A1_5C25/1976_8276,Bulk Carrier,0,opensar_zip,OpenSARShip_1/S1A_IW_GRDH_1SDV_20151010T221234_20151010T221259_008096_00B5A1_5C25.zip,S1A_IW_GRDH_1SDV_20151010T221234_20151010T221259_008096_00B5A1_5C25/Patch_Uint8/Visual_Cargo_x1976_y8276_vv.tif,S1A_IW_GRDH_1SDV_20151010T221234_20151010T221259_008096_00B5A1_5C25/Patch_Uint8/Visual_Cargo_x1976_y8276_vh.tif,13744,ece0b49df09d5d80e4cb1fad8184f8f687248bc59cdd8503055805d5087eeb78
S1A_IW_GRDH_1SDV_20151010T221234_20151010T221259_008096_00B5A1_5C25/2023_6034,Bulk Carrier,0,opensar_zip,OpenSARShip_1/S1A_IW_GRDH_1SDV_20151010T221234_20151010T221259_008096_00B5A1_5C25.zip,S1A_IW_GRDH_1SDV_20151010T221234_20151010T221259_008096_00B5A1_5C25/Patch_Uint8/Visual_Cargo_x2023_y6034_vv.tif,S1A_IW_GRDH_1SDV_20151010T221234_20151010T221259_008096_00B5A1_5C25/Patch_Uint8/Visual_Cargo_x2023_y6034_vh.tif,16354,63d01126de3ae3966dac1b2ac96fb3d94538f35da24f6f3e38619d02978bdbcb
S1A_IW_GRDH_1SDV_20151010T221234_20151010T221259_008096_00B5A1_5C25/2330_6968,Tanker,4,opensar_zip,OpenSARShip_1/S1A_IW_GRDH_1SDV_20151010T221234_20151010T221259_008096_00B5A1_5C25.zip,S1A_IW_GRDH_1SDV_20151010T221234_20151010T221259_008096_00B5A1_5C25/Patch_Uint8/Visual_Tanker_x2330_y6968_vv.tif,S1A_IW_GRDH_1SDV_20151010T221234_20151010T221259_008096_00B5A1_5C25/Patch_Uint8/Visual_Tanker_x2330_y6968_vh.tif,3858,f49796b2401bb3e4cb9ff4bfdfdf319724c2eceda115aa67c23aa375f8808ee0
S1A_IW_GRDH_1SDV_20151010T221234_20151010T221259_008096_00B5A1_5C25/4544_10398,Bulk Carrier,0,opensar_zip,OpenSARShip_1/S1A_IW_GRDH_1SDV_20151010T221234_20151010T221259_008096_00B5A1_5C25.zip,S1A_IW_GRDH_1SDV_20151010T221234_20151010T221259_008096_00B5A1_5C25/Patch_Uint8/Visual_Cargo_x4544_y10398_vv.tif,S1A_IW_GRDH_1SDV_20151010T221234_20151010T221259_008096_00B5A1_5C25/Patch_Uint8/Visual_Cargo_x4544_y10398_vh.tif,28484,c33e43f59188f0c3f2238e5ac7fd4ff3513142ec9e6abc3895d9a7af5131e174
S1A_IW_GRDH_1SDV_20151010T221234_20151010T221259_008096_00B5A1_5C25/4566_14216,Bulk Carrier,0,opensar_zip,OpenSARShip_1/S1A_IW_GRDH_1SDV_20151010T221234_20151010T221259_008096_00B5A1_5C25.zip,S1A_IW_GRDH_1SDV_20151010T221234_20151010T221259_008096_00B5A1_5C25/Patch_Uint8/Visual_Cargo_x4566_y14216_vv.tif,S1A_IW_GRDH_1SDV_20151010T221234_20151010T221259_008096_00B5A1_5C25/Patch_Uint8/Visual_Cargo_x4566_y14216_vh.tif,12460,9238dd3b16dd941616d170ce5559709e25587c1c3080ddc56c04356eb5fc04bd
S1A_IW_GRDH_1SDV_20151010T221234_20151010T221259_008096_00B5A1_5C25/4666_10261,Bulk Carrier,0,opensar_zip,OpenSARShip_1/S1A_IW_GRDH_1SDV_20151010T221234_20151010T221259_008096_00B5A1_5C25.zip,S1A_IW_GRDH_1SDV_20151010T221234_20151010T221259_008096_00B5A1_5C25/Patch_Uint8/Visual_Cargo_x4666_y10261_vv.tif,S1A_IW_GRDH_1SDV_20151010T221234_20151010T221259_008096_00B5A1_5C25/Patch_Uint8/Visual_Cargo_x4666_y10261_vh.tif,12466,6bca51f9e9155d44d5ec892d87be720b799c408a3968821013a39dc36d2851dc
S1A_IW_GRDH_1SDV_20151010T221234_20151010T221259_008096_00B5A1_5C25/4891_10433,Bulk Carrier,0,opensar_zip,OpenSARShip_1/S1A_IW_GRDH_1SDV_20151010T221234_20151010T221259_008096_00B5A1_5C25.zip,S1A_IW_GRDH_1SDV_20151010T221234_20151010T221259_008096_00B5A1_5C25/Patch_Uint8/Visual_Cargo_x4891_y10433_vv.tif,S1A_IW_GRDH_1SDV_20151010T221234_20151010T221259_008096_00B5A1_5C25/Patch_Uint8/Visual_Cargo_x4891_y10433_vh.tif,12454,6060139d71106c5abde0079d1a0751e0ac2189bf4e57132b13bfde9fe58632fb
S1A_IW_GRDH_1SDV_20151010T221234_20151010T221259_008096_00B5A1_5C25/5067_10529,Bulk Carrier,0,opensar_zip,OpenSARShip_1/S1A_IW_GRDH_1SDV_20151010T221234_20151010T221259_008096_00B5A1_5C25.zip,S1A_IW_GRDH_1SDV_20151010T221234_20151010T221259_008096_00B5A1_5C25/Patch_Uint8/Visual_Cargo_x5067_y10529_vv.tif,S1A_IW_GRDH_1SDV_20151010T221234_20151010T221259_008096_00B5A1_5C25/Patch_Uint8/Visual_Cargo_x5067_y10529_vh.tif,32104,76af13888741964ab0047538e4de9c8f1e1d1ee33e8ad31957c5f7da6250f16c
S1A_IW_GRDH_1SDV_20151010T221234_20151010T221259_008096_00B5A1_5C25/5093_10151,Bulk Carrier,0,opensar_zip,OpenSARShip_1/S1A_IW_GRDH_1SDV_20151010T221234_20151010T221259_008096_00B5A1_5C25.zip,S1A_IW_GRDH_1SDV_20151010T221234_20151010T221259_008096_00B5A1_5C25/Patch_Uint8/Visual_Cargo_x5093_y10151_vv.tif,S1A_IW_GRDH_1SDV_20151010T221234_20151010T221259_008096_00B5A1_5C25/Patch_Uint8/Visual_Cargo_x5093_y10151_vh.tif,15128,43d7600402505830b19cc7db0900fac5d95f9b0585c5855c9a82ac0c374bcc2d
S1A_IW_GRDH_1SDV_20151010T221234_20151010T221259_008096_00B5A1_5C25/5117_9920,Bulk Carrier,0,opensar_zip,OpenSARShip_1/S1A_IW_GRDH_1SDV_20151010T221234_20151010T221259_008096_00B5A1_5C25.zip,S1A_IW_GRDH_1SDV_20151010T221234_20151010T221259_008096_00B5A1_5C25/Patch_Uint8/Visual_Cargo_x5117_y9920_vv.tif,S1A_IW_GRDH_1SDV_20151010T221234_20151010T221259_008096_00B5A1_5C25/Patch_Uint8/Visual_Cargo_x5117_y9920_vh.tif,29866,e36a9bc18b7682189e75f819216bd429baa0246802b869a9cd47b34a459dbf2d
S1A_IW_GRDH_1SDV_20151010T221234_20151010T221259_008096_00B5A1_5C25/5314_10138,Bulk Carrier,0,opensar_zip,OpenSARShip_1/S1A_IW_GRDH_1SDV_20151010T221234_20151010T221259_008096_00B5A1_5C25.zip,S1A_IW_GRDH_1SDV_20151010T221234_20151010T221259_008096_00B5A1_5C25/Patch_Uint8/Visual_Cargo_x5314_y10138_vv.tif,S1A_IW_GRDH_1SDV_20151010T221234_20151010T221259_008096_00B5A1_5C25/Patch_Uint8/Visual_Cargo_x5314_y10138_vh.tif,31816,7cbea5265d01b490958599e0c132f174cdb4b6c992e4abf4913ab831f6523ad1
S1A_IW_GRDH_1SDV_20151010T221234_20151010T221259_008096_00B5A1_5C25/5356_10537,Bulk Carrier,0,opensar_zip,OpenSARShip_1/S1A_IW_GRDH_1SDV_20151010T221234_20151010T221259_008096_00B5A1_5C25.zip,S1A_IW_GRDH_1SDV_20151010T221234_20151010T221259_008096_00B5A1_5C25/Patch_Uint8/Visual_Cargo_x5356_y10537_vv.tif,S1A_IW_GRDH_1SDV_20151010T221234_20151010T221259_008096_00B5A1_5C25/Patch_Uint8/Visual_Cargo_x5356_y10537_vh.tif,30042,edeacfa29cbc47b8721f39c3e73fd9457858288edc5b534b64407c83e9411214
S1A_IW_GRDH_1SDV_20151010T221234_20151010T221259_008096_00B5A1_5C25/5468_10193,Bulk Carrier,0,opensar_zip,OpenSARShip_1/S1A_IW_GRDH_1SDV_20151010T221234_20151010T221259_008096_00B5A1_5C25.zip,S1A_IW_GRDH_1SDV_20151010T221234_20151010T221259_008096_00B5A1_5C25/Patch_Uint8/Visual_Cargo_x5468_y10193_vv.tif,S1A_IW_GRDH_1SDV_20151010T221234_20151010T221259_008096_00B5A1_5C25/Patch_Uint8/Visual_Cargo_x5468_y10193_vh.tif,15066,dc05fb35b7d0907cd23bc153bd17d3c9874880fdfde1be574a4562f4586c7689
S1A_IW_GRDH_1SDV_20151010T221234_20151010T221259_008096_00B5A1_5C25/562_8960,Bulk Carrier,0,opensar_zip,OpenSARShip_1/S1A_IW_GRDH_1SDV_20151010T221234_20151010T221259_008096_00B5A1_5C25.zip,S1A_IW_GRDH_1SDV_20151010T221234_20151010T221259_008096_00B5A1_5C25/Patch_Uint8/Visual_Cargo_x562_y8960_vv.tif,S1A_IW_GRDH_1SDV_20151010T221234_20151010T221259_008096_00B5A1_5C25/Patch_Uint8/Visual_Cargo_x562_y8960_vh.tif,34172,944fed89bc3a8449f28f325a431ce4f6848929cae9e449034d1a62a16712e8c2
S1A_IW_GRDH_1SDV_20151010T221234_20151010T221259_008096_00B5A1_5C25/5665_10120,Bulk Carrier,0,opensar_zip,OpenSARShip_1/S1A_IW_GRDH_1SDV_20151010T221234_20151010T221259_008096_00B5A1_5C25.zip,S1A_IW_GRDH_1SDV_20151010T221234_20151010T221259_008096_00B5A1_5C25/Patch_Uint8/Visual_Cargo_x5665_y10120_vv.tif,S1A_IW_GRDH_1SDV_20151010T221234_20151010T221259_008096_00B5A1_5C25/Patch_Uint8/Visual_Cargo_x5665_y10120_vh.tif,31530,aaeeb80fd388c27820eda2b0bfa79c72d0107ffa8a9eb5241a913140d05c24a8
S1A_IW_GRDH_1SDV_20151010T221234_20151010T221259_008096_00B5A1_5C25/5705_9918,Bulk Carrier,0,opensar_zip,OpenSARShip_1/S1A_IW_GRDH_1SDV_20151010T221234_20151010T221259_008096_00B5A1_5C25.zip,S1A_IW_GRDH_1SDV_20151010T221234_20151010T221259_008096_00B5A1_5C25/Patch_Uint8/Visual_Cargo_x5705_y9918_vv.tif,S1A_IW_GRDH_1SDV_20151010T221234_20151010T221259_008096_00B5A1_5C25/Patch_Uint8/Visual_Cargo_x5705_y9918_vh.tif,17884,0e28eee4ad376f0a554b890d1997235e552c24eb640bb77685cc4e3473b8299f
S1A_IW_GRDH_1SDV_20151010T221234_20151010T221259_008096_00B5A1_5C25/5864_10022,Bulk Carrier,0,opensar_zip,OpenSARShip_1/S1A_IW_GRDH_1SDV_20151010T221234_20151010T221259_008096_00B5A1_5C25.zip,S1A_IW_GRDH_1SDV_20151010T221234_20151010T221259_008096_00B5A1_5C25/Patch_Uint8/Visual_Cargo_x5864_y10022_vv.tif,S1A_IW_GRDH_1SDV_20151010T221234_20151010T221259_008096_00B5A1_5C25/Patch_Uint8/Visual_Cargo_x5864_y10022_vh.tif,28012,e69ead4f45cdcd8687740e4247f341bf6b78f194590263c323e9a9bf7cc09284
S1A_IW_GRDH_1SDV_20151010T221234_20151010T221259_008096_00B5A1_5C25/5966_10313,Bulk Carrier,0,opensar_zip,OpenSARShip_1/S1A_IW_GRDH_1SDV_20151010T221234_20151010T221259_008096_00B5A1_5C25.zip,S1A_IW_GRDH_1SDV_20151010T221234_20151010T221259_008096_00B5A1_5C25/Patch_Uint8/Visual_Cargo_x5966_y10313_vv.tif,S1A_IW_GRDH_1SDV_20151010T221234_20151010T221259_008096_00B5A1_5C25/Patch_Uint8/Visual_Cargo_x5966_y10313_vh.tif,18678,bb31ceac1dac8d07eec630787c0bceb79a65d4f77f7f3ee6cce6b7a50a4ab283
S1A_IW_GRDH_1SDV_20151010T221234_20151010T221259_008096_00B5A1_5C25/6019_10523,Bulk Carrier,0,opensar_zip,OpenSARShip_1/S1A_IW_GRDH_1SDV_20151010T221234_20151010T221259_008096_00B5A1_5C25.zip,S1A_IW_GRDH_1SDV_20151010T221234_20151010T221259_008096_00B5A1_5C25/Patch_Uint8/Visual_Cargo_x6019_y10523_vv.tif,S1A_IW_GRDH_1SDV_20151010T221234_20151010T221259_008096_00B5A1_5C25/Patch_Uint8/Visual_Cargo_x6019_y10523_vh.tif,29354,d71103ed875dfdf540aa2e878a2a3d31dd619987d3bc085d4f55ed56e3a683a9
S1A_IW_GRDH_1SDV_20151010T221234_20151010T221259_008096_00B5A1_5C25/6073_10143,Tanker,4,opensar_zip,OpenSARShip_1/S1A_IW_GRDH_1SDV_20151010T221234_20151010T221259_008096_00B5A1_5C25.zip,S1A_IW_GRDH_1SDV_20151010T221234_20151010T221259_008096_00B5A1_5C25/Patch_Uint8/Visual_Tanker_x6073_y10143_vv.tif,S1A_IW_GRDH_1SDV_20151010T221234_20151010T221259_008096_00B5A1_5C25/Patch_Uint8/Visual_Tanker_x6073_y10143_vh.tif,22706,d7bc214578b3ee50734a1ab5193a6294530dbe4512e53ac1cd87e3c713732fd1
S1A_IW_GRDH_1SDV_20151010T221234_20151010T221259_008096_00B5A1_5C25/6299_10302,Bulk Carrier,0,opensar_zip,OpenSARShip_1/S1A_IW_GRDH_1SDV_20151010T221234_20151010T221259_008096_00B5A1_5C25.zip,S1A_IW_GRDH_1SDV_20151010T221234_20151010T221259_008096_00B5A1_5C25/Patch_Uint8/Visual_Cargo_x6299_y10302_vv.tif,S1A_IW_GRDH_1SDV_20151010T221234_20151010T221259_008096_00B5A1_5C25/Patch_Uint8/Visual_Cargo_x6299_y10302_vh.tif,25772,d35e73765e624f6a11a8c22314336c306619d6261d1a4c3a1008065b1e166b0e
S1A_IW_GRDH_1SDV_20151010T221234_20151010T221259_008096_00B5A1_5C25/6543_14563,Bulk Carrier,0,opensar_zip,OpenSARShip_1/S1A_IW_GRDH_1SDV_20151010T221234_20151010T221259_008096_00B5A1_5C25.zip,S1A_IW_GRDH_1SDV_20151010T221234_20151010T221259_008096_00B5A1_5C25/Patch_Uint8/Visual_Cargo_x6543_y14563_vv.tif,S1A_IW_GRDH_1SDV_20151010T221234_20151010T221259_008096_00B5A1_5C25/Patch_Uint8/Visual_Cargo_x6543_y14563_vh.tif,12400,cff65bdd1b6c4cc6c5befcc215b679a45b54f6ea46530cedd3bf5dcb2e489b09
S1A_IW_GRDH_1SDV_20160102T221226_20160102T221251_009321_00D788_F5BA/1011_12416,Bulk Carrier,0,opensar_zip,OpenSARShip_1/S1A_IW_GRDH_1SDV_20160102T221226_20160102T221251_009321_00D788_F5BA.zip,S1A_IW_GRDH_1SDV_20160102T221226_20160102T221251_009321_00D788_F5BA/Patch_Uint8/Visual_Cargo_x1011_y12416_vv.tif,S1A_IW_GRDH_1SDV_20160102T221226_20160102T221251_009321_00D788_F5BA/Patch_Uint8/Visual_Cargo_x1011_y12416_vh.tif,29936,e692939be1543be8932b03ceec6446a874ab61247f4abddad4bcc0b725099488
S1A_IW_GRDH_1SDV_20160102T221226_20160102T221251_009321_00D788_F5BA/1033_11837,Bulk Carrier,0,opensar_zip,OpenSARShip_1/S1A_IW_GRDH_1SDV_20160102T221226_20160102T221251_009321_00D788_F5BA.zip,S1A_IW_GRDH_1SDV_20160102T221226_20160102T221251_009321_00D788_F5BA/Patch_Uint8/Visual_Cargo_x1033_y11837_vv.tif,S1A_IW_GRDH_1SDV_20160102T221226_20160102T221251_009321_00D788_F5BA/Patch_Uint8/Visual_Cargo_x1033_y11837_vh.tif,24526,12fa10cfa8fd5695cfb75ad65d1b69a7e0642a6ca9d10a1f815b5100ed9f6309
S1A_IW_GRDH_1SDV_20160102T221226_20160102T221251_009321_00D788_F5BA/1122_12884,Bulk Carrier,0,opensar_zip,OpenSARShip_1/S1A_IW_GRDH_1SDV_20160102T221226_20160102T221251_009321_00D788_F5BA.zip,S1A_IW_GRDH_1SDV_20160102T221226_20160102T221251_009321_00D788_F5BA/Patch_Uint8/Visual_Cargo_x1122_y12884_vv.tif,S1A_IW_GRDH_1SDV_20160102T221226_20160102T221251_009321_00D788_F5BA/Patch_Uint8/Visual_Cargo_x1122_y12884_vh.tif,22760,04ac109655d631d7e1ef37e5a7a33046c99b7b9c7361c61949a4f3d343ea1ac5
S1A_IW_GRDH_1SDV_20160102T221226_20160102T221251_009321_00D788_F5BA/1296_12584,Bulk Carrier,0,opensar_zip,OpenSARShip_1/S1A_IW_GRDH_1SDV_20160102T221226_20160102T221251_009321_00D788_F5BA.zip,S1A_IW_GRDH_1SDV_20160102T221226_20160102T221251_009321_00D788_F5BA/Patch_Uint8/Visual_Cargo_x1296_y12584_vv.tif,S1A_IW_GRDH_1SDV_20160102T221226_20160102T221251_009321_00D788_F5BA/Patch_Uint8/Visual_Cargo_x1296_y12584_vh.tif,21112,e0ec5f7b1d9e757a208a2d61a23f83fd2130c508581a7c6e0d140ec976361ec8
S1A_IW_GRDH_1SDV_20160102T221226_20160102T221251_009321_00D788_F5BA/1308_10218,Bulk Carrier,0,opensar_zip,OpenSARShip_1/S1A_IW_GRDH_1SDV_20160102T221226_20160102T221251_009321_00D788_F5BA.zip,S1A_IW_GRDH_1SDV_20160102T221226_20160102T221251_009321_00D788_F5BA/Patch_Uint8/Visual_Cargo_x1308_y10218_vv.tif,S1A_IW_GRDH_1SDV_20160102T221226_20160102T221251_009321_00D788_F5BA/Patch_Uint8/Visual_Cargo_x1308_y10218_vh.tif,15072,6b3555b37dde7e36df8005dfaa74b5ff2f72a7b06c3c367a8e235fa59971505c
S1A_IW_GRDH_1SDV_20160102T221226_20160102T221251_009321_00D788_F5BA/1324_13302,Container Ship,1,opensar_zip,OpenSARShip_1/S1A_IW_GRDH_1SDV_20160102T221226_20160102T221251_009321_00D788_F5BA.zip,S1A_IW_GRDH_1SDV_20160102T221226_20160102T221251_009321_00D788_F5BA/Patch_Uint8/Visual_Cargo_x1324_y13302_vv.tif,S1A_IW_GRDH_1SDV_20160102T221226_20160102T221251_009321_00D788_F5BA/Patch_Uint8/Visual_Cargo_x1324_y13302_vh.tif,19500,9c2df9a0856ee307c0a33a5dbf49d97533f4fdcb2ac21ef8532131ecb09e52f1
S1A_IW_GRDH_1SDV_20160102T221226_20160102T221251_009321_00D788_F5BA/1733_10213,Bulk Carrier,0,opensar_zip,OpenSARShip_1/S1A_IW_GRDH_1SDV_20160102T221226_20160102T221251_009321_00D788_F5BA.zip,S1A_IW_GRDH_1SDV_20160102T221226_20160102T221251_009321_00D788_F5BA/Patch_Uint8/Visual_Cargo_x1733_y10213_vv.tif,S1A_IW_GRDH_1SDV_20160102T221226_20160102T221251_009321_00D788_F5BA/Patch_Uint8/Visual_Cargo_x1733_y10213_vh.tif,11262,d5da6af8a46642a91792eedd5e8aae41e1ab63150c9a324f30533194af9d0066
S1A_IW_GRDH_1SDV_20160102T221226_20160102T221251_009321_00D788_F5BA/1817_11528,Bulk Carrier,0,opensar_zip,OpenSARShip_1/S1A_IW_GRDH_1SDV_20160102T221226_20160102T221251_009321_00D788_F5BA.zip,S1A_IW_GRDH_1SDV_20160102T221226_20160102T221251_009321_00D788_F5BA/Patch_Uint8/Visual_Cargo_x1817_y11528_vv.tif,S1A_IW_GRDH_1SDV_20160102T221226_20160102T221251_009321_00D788_F5BA/Patch_Uint8/Visual_Cargo_x1817_y11528_vh.tif,16502,6ec5260af5af6e36e824e3590b68eaaba2a2ded48c2cfe964d0a21defd5aaec1
S1A_IW_GRDH_1SDV_20160102T221226_20160102T221251_009321_00D788_F5BA/1869_11773,Bulk Carrier,0,opensar_zip,OpenSARShip_1/S1A_IW_GRDH_1SDV_20160102T221226_20160102T221251_009321_00D788_F5BA.zip,S1A_IW_GRDH_1SDV_20160102T221226_20160102T221251_009321_00D788_F5BA/Patch_Uint8/Visual_Cargo_x1869_y11773_vv.tif,S1A_IW_GRDH_1SDV_20160102T221226_20160102T221251_009321_00D788_F5BA/Patch_Uint8/Visual_Cargo_x1869_y11773_vh.tif,9038,f16797b0661f30a0ecaee67d16924a0fc4b8c7db677cab10c01b556edc6e941f
S1A_IW_GRDH_1SDV_20160102T221226_20160102T221251_009321_00D788_F5BA/1959_9609,Bulk Carrier,0,opensar_zip,OpenSARShip_1/S1A_IW_GRDH_1SDV_20160102T221226_20160102T221251_009321_00D788_F5BA.zip,S1A_IW_GRDH_1SDV_20160102T221226_20160102T221251_009321_00D788_F5BA/Patch_Uint8/Visual_Cargo_x1959_y9609_vv.tif,S1A_IW_GRDH_1SDV_20160102T221226_20160102T221251_009321_00D788_F5BA/Patch_Uint8/Visual_Cargo_x1959_y9609_vh.tif,11252,458a87446f83163f84e98a562d78e02a22487f1a962dc0f48f71a3a243bb73e8
S1A_IW_GRDH_1SDV_20160102T221226_20160102T221251_009321_00D788_F5BA/2552_12228,Bulk Carrier,0,opensar_zip,OpenSARShip_1/S1A_IW_GRDH_1SDV_20160102T221226_20160102T221251_009321_00D788_F5BA.zip,S1A_IW_GRDH_1SDV_20160102T221226_20160102T221251_009321_00D788_F5BA/Patch_Uint8/Visual_Cargo_x2552_y12228_vv.tif,S1A_IW_GRDH_1SDV_20160102T221226_20160102T221251_009321_00D788_F5BA/Patch_Uint8/Visual_Cargo_x2552_y12228_vh.tif,11236,41e01b63358cc0892226755c99fca0ff6d31c3fdaba7ab9114da4f5d71ddbba5
S1A_IW_GRDH_1SDV_20160102T221226_20160102T221251_009321_00D788_F5BA/2562_11694,Container Ship,1,opensar_zip,OpenSARShip_1/S1A_IW_GRDH_1SDV_20160102T221226_20160102T221251_009321_00D788_F5BA.zip,S1A_IW_GRDH_1SDV_20160102T221226_20160102T221251_009321_00D788_F5BA/Patch_Uint8/Visual_Cargo_x2562_y11694_vv.tif,S1A_IW_GRDH_1SDV_20160102T221226_20160102T221251_009321_00D788_F5BA/Patch_Uint8/Visual_Cargo_x2562_y11694_vh.tif,17318,91149c72cdbd513d64edd07531ac1ffe5b5c11d86fb0b7d9cce6854b163169e6
S1A_IW_GRDH_1SDV_20160102T221226_20160102T221251_009321_00D788_F5BA/2578_11931,Bulk Carrier,0,opensar_zip,OpenSARShip_1/S1A_IW_GRDH_1SDV_20160102T221226_20160102T221251_009321_00D788_F5BA.zip,S1A_IW_GRDH_1SDV_20160102T221226_20160102T221251_009321_00D788_F5BA/Patch_Uint8/Visual_Cargo_x2578_y11931_vv.tif,S1A_IW_GRDH_1SDV_20160102T221226_20160102T221251_009321_00D788_F5BA/Patch_Uint8/Visual_Cargo_x2578_y11931_vh.tif,13752,7b72b39d01d936deda5802d2554b749bc20b807d13ad0867c6e01a9dff3034ae
S1A_IW_GRDH_1SDV_20160102T221226_20160102T221251_009321_00D788_F5BA/301_12209,Bulk Carrier,0,opensar_zip,OpenSARShip_1/S1A_IW_GRDH_1SDV_20160102T221226_20160102T221251_009321_00D788_F5BA.zip,S1A_IW_GRDH_1SDV_20160102T221226_20160102T221251_009321_00D788_F5BA/Patch_Uint8/Visual_Cargo_x301_y12209_vv.tif,S1A_IW_GRDH_1SDV_20160102T221226_20160102T221251_009321_00D788_F5BA/Patch_Uint8/Visual_Cargo_x301_y12209_vh.tif,7998,8c75aa403c31283c0c3304b1e0e3acd622c7441a069a39e330e2b7391f105fb4
S1A_IW_GRDH_1SDV_20160102T221226_20160102T221251_009321_00D788_F5BA/3438_13935,Bulk Carrier,0,opensar_zip,OpenSARShip_1/S1A_IW_GRDH_1SDV_20160102T221226_20160102T221251_009321_00D788_F5BA.zip,S1A_IW_GRDH_1SDV_20160102T221226_20160102T221251_009321_00D788_F5BA/Patch_Uint8/Visual_Cargo_x3438_y13935_vv.tif,S1A_IW_GRDH_1SDV_20160102T221226_20160102T221251_009321_00D788_F5BA/Patch_Uint8/Visual_Cargo_x3438_y13935_vh.tif,13752,8fed9b82b2a8ed61e7e497e972f0ba819cc0030bd520bfddaf279a12bcf6727d
S1A_IW_GRDH_1SDV_20160102T221226_20160102T221251_009321_00D788_F5BA/4062_14313,Container Ship,1,opensar_zip,OpenSARShip_1/S1A_IW_GRDH_1SDV_20160102T221226_20160102T221251_009321_00D788_F5BA.zip,S1A_IW_GRDH_1SDV_20160102T221226_20160102T221251_009321_00D788_F5BA/Patch_Uint8/Visual_Cargo_x4062_y14313_vv.tif,S1A_IW_GRDH_1SDV_20160102T221226_20160102T221251_009321_00D788_F5BA/Patch_Uint8/Visual_Cargo_x4062_y14313_vh.tif,32098,43ba1d20bf02d6db3b7e86b80fd50cfcee5b03c444cf6115fff8a872270e7908
S1A_IW_GRDH_1SDV_20160102T221226_20160102T221251_009321_00D788_F5BA/4249_13871,Bulk Carrier,0,opensar_zip,OpenSARShip_1/S1A_IW_GRDH_1SDV_20160102T221226_20160102T221251_009321_00D788_F5BA.zip,S1A_IW_GRDH_1SDV_20160102T221226_20160102T221251_009321_00D788_F5BA/Patch_Uint8/Visual_Cargo_x4249_y13871_vv.tif,S1A_IW_GRDH_1SDV_20160102T221226_20160102T221251_009321_00D788_F5BA/Patch_Uint8/Visual_Cargo_x4249_y13871_vh.tif,22794,3e1ea39b3cd822297099463ab259938db7cf5443f04c33861455528726bc006d
S1A_IW_GRDH_1SDV_20160102T221226_20160102T221251_009321_00D788_F5BA/4287_13479,Bulk Carrier,0,opensar_zip,OpenSARShip_1/S1A_IW_GRDH_1SDV_20160102T221226_20160102T221251_009321_00D788_F5BA.zip,S1A_IW_GRDH_1SDV_20160102T221226_20160102T221251_009321_00D788_F5BA/Patch_Uint8/Visual_Cargo_x4287_y13479_vv.tif,S1A_IW_GRDH_1SDV_20160102T221226_20160102T221251_009321_00D788_F5BA/Patch_Uint8/Visual_Cargo_x4287_y13479_vh.tif,22730,0bcd7061954a40a41fd7b7ed1135e746ff41b81578812f21b61822d1a9e28ccc
S1A_IW_GRDH_1SDV_20160102T221226_20160102T221251_009321_00D788_F5BA/4623_13476,Bulk Carrier,0,opensar_zip,OpenSARShip_1/S1A_IW_GRDH_1SDV_20160102T221226_20160102T221251_009321_00D788_F5BA.zip,S1A_IW_GRDH_1SDV_20160102T221226_20160102T221251_009321_00D788_F5BA/Patch_Uint8/Visual_Cargo_x4623_y13476_vv.tif,S1A_IW_GRDH_1SDV_20160102T221226_20160102T221251_009321_00D788_F5BA/Patch_Uint8/Visual_Cargo_x4623_y13476_vh.tif,12472,70600228a87da93f524eee2c13cf09b6ca7dace2da0bbb66734c660c7b2cb700
S1A_IW_GRDH_1SDV_20160102T221226_20160102T221251_009321_00D788_F5BA/4742_13733,Bulk Carrier,0,opensar_zip,OpenSARShip_1/S1A_IW_GRDH_1SDV_20160102T221226_20160102T221251_009321_00D788_F5BA.zip,S1A_IW_GRDH_1SDV_20160102T221226_20160102T221251_009321_00D788_F5BA/Patch_Uint8/Visual_Cargo_x4742_y13733_vv.tif,S1A_IW_GRDH_1SDV_20160102T221226_20160102T221251_009321_00D788_F5BA/Patch_Uint8/Visual_Cargo_x4742_y13733_vh.tif,21124,9a093a19c3042f00ba588d4847ba8e698295cde96fec8714f640259e3d84aa0e
S1A_IW_GRDH_1SDV_20160102T221226_20160102T221251_009321_00D788_F5BA/4887_13421,Bulk Carrier,0,opensar_zip,OpenSARShip_1/S1A_IW_GRDH_1SDV_20160102T221226_20160102T221251_009321_00D788_F5BA.zip,S1A_IW_GRDH_1SDV_20160102T221226_20160102T221251_009321_00D788_F5BA/Patch_Uint8/Visual_Cargo_x4887_y13421_vv.tif,S1A_IW_GRDH_1SDV_20160102T221226_20160102T221251_009321_00D788_F5BA/Patch_Uint8/Visual_Cargo_x4887_y13421_vh.tif,22802,62aa03bf6c6b47a2b522aa24b2e4aac2218ef1dc079bbc3b56549ec6d535d5e5
S1A_IW_GRDH_1SDV_20160102T221226_20160102T221251_009321_00D788_F5BA/494_12509,Bulk Carrier,0,opensar_zip,OpenSARShip_1/S1A_IW_GRDH_1SDV_20160102T221226_20160102T221251_009321_00D788_F5BA.zip,S1A_IW_GRDH_1SDV_20160102T221226_20160102T221251_009321_00D788_F5BA/Patch_Uint8/Visual_Cargo_x494_y12509_vv.tif,S1A_IW_GRDH_1SDV_20160102T221226_20160102T221251_009321_00D788_F5BA/Patch_Uint8/Visual_Cargo_x494_y12509_vh.tif,22800,8f89c08a5ac9434773c81603d0d78eecbb3cf1aad173024c51c558267dd8e0f3
S1A_IW_GRDH_1SDV_20160102T221226_20160102T221251_009321_00D788_F5BA/4980_13611,Bulk Carrier,0,opensar_zip,OpenSARShip_1/S1A_IW_GRDH_1SDV_20160102T221226_20160102T221251_009321_00D788_F5BA.zip,S1A_IW_GRDH_1SDV_20160102T221226_20160102T221251_009321_00D788_F5BA/Patch_Uint8/Visual_Cargo_x4980_y13611_vv.tif,S1A_IW_GRDH_1SDV_20160102T221226_20160102T221251_009321_00D788_F5BA/Patch_Uint8/Visual_Cargo_x4980_y13611_vh.tif,21134,6110b54a0867fc46f228d81720455f135c4b938216d098a280531d5610f69206
S1A_IW_GRDH_1SDV_20160102T221226_20160102T221251_009321_00D788_F5BA/5040_14113,Bulk Carrier,0,opensar_zip,OpenSARShip_1/S1A_IW_GRDH_1SDV_20160102T221226_20160102T221251_009321_00D788_F5BA.zip,S1A_IW_GRDH_1SDV_20160102T221226_20160102T221251_009321_00D788_F5BA/Patch_Uint8/Visual_Cargo_x5040_y14113_vv.tif,S1A_IW_GRDH_1SDV_20160102T221226_20160102T221251_009321_00D788_F5BA/Patch_Uint8/Visual_Cargo_x5040_y14113_vh.tif,28092,a849c1c95fd55bde6afcb17e7d9aca3f5b994b024afb7d8c8fd00a25e3ad3176
S1A_IW_GRDH_1SDV_20160102T221226_20160102T221251_009321_00D788_F5BA/5208_13611,Bulk Carrier,0,opensar_zip,OpenSARShip_1/S1A_IW_GRDH_1SDV_20160102T221226_20160102T221251_009321_00D788_F5BA.zip,S1A_IW_GRDH_1SDV_20160102T221226_20160102T221251_009321_00D788_F5BA/Patch_Uint8/Visual_Cargo_x5208_y13611_vv.tif,S1A_IW_GRDH_1SDV_20160102T221226_20160102T221251_009321_00D788_F5BA/Patch_Uint8/Visual_Cargo_x5208_y13611_vh.tif,21134,3e18873874c75f2a3a5a10c9d028038df82d4a6749b87b69712a4e764a4b2cce
S1A_IW_GRDH_1SDV_20160102T221226_20160102T221251_009321_00D788_F5BA/5345_14122,Bulk Carrier,0,opensar_zip,OpenSARShip_1/S1A_IW_GRDH_1SDV_20160102T221226_20160102T221251_009321_00D788_F5BA.zip,S1A_IW_GRDH_1SDV_20160102T221226_20160102T221251_009321_00D788_F5BA/Patch_Uint8/Visual_Cargo_x5345_y14122_vv.tif,S1A_IW_GRDH_1SDV_20160102T221226_20160102T221251_009321_00D788_F5BA/Patch_Uint8/Visual_Cargo_x5345_y14122_vh.tif,26352,339c5057f1ab190961ba995fae3bc4bd787e4bfe761cb5564ef6b1cb8b8a2534
S1A_IW_GRDH_1SDV_20160102T221226_20160102T221251_009321_00D788_F5BA/5383_13810,Bulk Carrier,0,opensar_zip,OpenSARShip_1/S1A_IW_GRDH_1SDV_20160102T221226_20160102T221251_009321_00D788_F5BA.zip,S1A_IW_GRDH_1SDV_20160102T221226_20160102T221251_009321_00D788_F5BA/Patch_Uint8/Visual_Cargo_x5383_y13810_vv.tif,S1A_IW_GRDH_1SDV_20160102T221226_20160102T221251_009321_00D788_F5BA/Patch_Uint8/Visual_Cargo_x5383_y13810_vh.tif,15092,cee82c5883fd9fa77b3d593d7500a3c50577fac6bf61a9ae1514c20caaac20cb
S1A_IW_GRDH_1SDV_20160102T221226_20160102T221251_009321_00D788_F5BA/5452_14344,Container Ship,1,opensar_zip,OpenSARShip_1/S1A_IW_GRDH_1SDV_20160102T221226_20160102T221251_009321_00D788_F5BA.zip,S1A_IW_GRDH_1SDV_20160102T221226_20160102T221251_009321_00D788_F5BA/Patch_Uint8/Visual_Cargo_x5452_y14344_vv.tif,S1A_IW_GRDH_1SDV_20160102T221226_20160102T221251_009321_00D788_F5BA/Patch_Uint8/Visual_Cargo_x5452_y14344_vh.tif,30514,f74699013495ec78f97acb9614c83fa44fe36cb6e08223e9ef807979c9daad93
S1A_IW_GRDH_1SDV_20160102T221226_20160102T221251_009321_00D788_F5BA/5528_13610,Bulk Carrier,0,opensar_zip,OpenSARShip_1/S1A_IW_GRDH_1SDV_20160102T221226_20160102T221251_009321_00D788_F5BA.zip,S1A_IW_GRDH_1SDV_20160102T221226_20160102T221251_009321_00D788_F5BA/Patch_Uint8/Visual_Cargo_x5528_y13610_vv.tif,S1A_IW_GRDH_1SDV_20160102T221226_20160102T221251_009321_00D788_F5BA/Patch_Uint8/Visual_Cargo_x5528_y13610_vh.tif,24546,e41e6f08bc4122e7b3ffaf4b807ec695c58cbfab82b1a60e334c84c126e74f82
S1A_IW_GRDH_1SDV_20160102T221226_20160102T221251_009321_00D788_F5BA/5671_13897,Bulk Carrier,0,opensar_zip,OpenSARShip_1/S1A_IW_GRDH_1SDV_20160102T221226_20160102T221251_009321_00D788_F5BA.zip,S1A_IW_GRDH_1SDV_20160102T221226_20160102T221251_009321_00D788_F5BA/Patch_Uint8/Visual_Cargo_x5671_y13897_vv.tif,S1A_IW_GRDH_1SDV_20160102T221226_20160102T221251_009321_00D788_F5BA/Patch_Uint8/Visual_Cargo_x5671_y13897_vh.tif,18000,e89082c52562b46f323ae6bd7a3c29281fbf978007a4d5ba3ac2082d684f10ee
S1A_IW_GRDH_1SDV_20160102T221226_20160102T221251_009321_00D788_F5BA/5744_13716,Bulk Carrier,0,opensar_zip,OpenSARShip_1/S1A_IW_GRDH_1SDV_20160102T221226_20160102T221251_009321_00D788_F5BA.zip,S1A_IW_GRDH_1SDV_20160102T221226_20160102T221251_009321_00D788_F5BA/Patch_Uint8/Visual_Cargo_x5744_y13716_vv.tif,S1A_IW_GRDH_1SDV_20160102T221226_20160102T221251_009321_00D788_F5BA/Patch_Uint8/Visual_Cargo_x5744_y13716_vh.tif,13728,3fa65712a6c3ad9fdb7a0e7253a4750ee3636241e64d17459b517cae8bfbaf9b
S1A_IW_GRDH_1SDV_20160102T221226_20160102T221251_009321_00D788_F5BA/5966_13974,Bulk Carrier,0,opensar_zip,OpenSARShip_1/S1A_IW_GRDH_1SDV_20160102T221226_20160102T221251_009321_00D788_F5BA.zip,S1A_IW_GRDH_1SDV_20160102T221226_20160102T221251_009321_00D788_F5BA/Patch_Uint8/Visual_Cargo_x5966_y13974_vv.tif,S1A_IW_GRDH_1SDV_20160102T221226_20160102T221251_009321_00D788_F5BA/Patch_Uint8/Visual_Cargo_x5966_y13974_vh.tif,12432,3881dbdaadb28fabeb56ca47e2a880b5b7b24130c0e27ac8667b434c00467d8e
S1A_IW_GRDH_1SDV_20160102T221226_20160102T221251_009321_00D788_F5BA/6100_13758,Bulk Carrier,0,opensar_zip,OpenSARShip_1/S1A_IW_GRDH_1SDV_20160102T221226_20160102T221251_009321_00D788_F5BA.zip,S1A_IW_GRDH_1SDV_20160102T221226_20160102T221251_009321_00D788_F5BA/Patch_Uint8/Visual_Cargo_x6100_y13758_vv.tif,S1A_IW_GRDH_1SDV_20160102T221226_20160102T221251_009321_00D788_F5BA/Patch_Uint8/Visual_Cargo_x6100_y13758_vh.tif,11268,1c7697a939c060875b5e365648f574cd90f3ee490e2c5416707fe1f12404c324
S1A_IW_GRDH_1SDV_20160102T221226_20160102T221251_009321_00D788_F5BA/6382_13950,Bulk Carrier,0,opensar_zip,OpenSARShip_1/S1A_IW_GRDH_1SDV_20160102T221226_20160102T221251_009321_00D788_F5BA.zip,S1A_IW_GRDH_1SDV_20160102T221226_20160102T221251_009321_00D788_F5BA/Patch_Uint8/Visual_Cargo_x6382_y13950_vv.tif,S1A_IW_GRDH_1SDV_20160102T221226_20160102T221251_009321_00D788_F5BA/Patch_Uint8/Visual_Cargo_x6382_y13950_vh.tif,23784,54fa0b537e9ede1166ba8a398d420eef9eac0d703a85bcdfe9e4301b56c28eb0
S1A_IW_GRDH_1SDV_20160102T221226_20160102T221251_009321_00D788_F5BA/650_12799,Bulk Carrier,0,opensar_zip,OpenSARShip_1/S1A_IW_GRDH_1SDV_20160102T221226_20160102T221251_009321_00D788_F5BA.zip,S1A_IW_GRDH_1SDV_20160102T221226_20160102T221251_009321_00D788_F5BA/Patch_Uint8/Visual_Cargo_x650_y12799_vv.tif,S1A_IW_GRDH_1SDV_20160102T221226_20160102T221251_009321_00D788_F5BA/Patch_Uint8/Visual_Cargo_x650_y12799_vh.tif,17978,61ca171b57466bc14c869f66365de09a9b0380c2b1f28c9b8dc3e1e70b3fff23
S1A_IW_GRDH_1SDV_20160102T221226_20160102T221251_009321_00D788_F5BA/7613_13749,Tanker,4,opensar_zip,OpenSARShip_1/S1A_IW_GRDH_1SDV_20160102T221226_20160102T221251_009321_00D788_F5BA.zip,S1A_IW_GRDH_1SDV_20160102T221226_20160102T221251_009321_00D788_F5BA/Patch_Uint8/Visual_Tanker_x7613_y13749_vv.tif,S1A_IW_GRDH_1SDV_20160102T221226_20160102T221251_009321_00D788_F5BA/Patch_Uint8/Visual_Tanker_x7613_y13749_vh.tif,1314,dea8073b9bd0d6cab26aeec6e47aff65a529421dc66bddd1815f3869145308be
S1A_IW_GRDH_1SDV_20160102T221226_20160102T221251_009321_00D788_F5BA/7699_14187,Bulk Carrier,0,opensar_zip,OpenSARShip_1/S1A_IW_GRDH_1SDV_20160102T221226_20160102T221251_009321_00D788_F5BA.zip,S1A_IW_GRDH_1SDV_20160102T221226_20160102T221251_009321_00D788_F5BA/Patch_Uint8/Visual_Cargo_x7699_y14187_vv.tif,S1A_IW_GRDH_1SDV_20160102T221226_20160102T221251_009321_00D788_F5BA/Patch_Uint8/Visual_Cargo_x7699_y14187_vh.tif,15100,3320c8aed49ec380e4789700bdaf09b409fa7c02581f76049748d85933787944
S1A_IW_GRDH_1SDV_20160102T221226_20160102T221251_009321_00D788_F5BA/7847_14081,Bulk Carrier,0,opensar_zip,OpenSARShip_1/S1A_IW_GRDH_1SDV_20160102T221226_20160102T221251_009321_00D788_F5BA.zip,S1A_IW_GRDH_1SDV_20160102T221226_20160102T221251_009321_00D788_F5BA/Patch_Uint8/Visual_Cargo_x7847_y14081_vv.tif,S1A_IW_GRDH_1SDV_20160102T221226_20160102T221251_009321_00D788_F5BA/Patch_Uint8/Visual_Cargo_x7847_y14081_vh.tif,9006,7c99e2e79efd0c2362b35e3d8156d21af8d47af1a93a01f58dab814493c315bb
S1A_IW_GRDH_1SDV_20160102T221226_20160102T221251_009321_00D788_F5BA/8750_14226,Container Ship,1,opensar_zip,OpenSARShip_1/S1A_IW_GRDH_1SDV_20160102T221226_20160102T221251_009321_00D788_F5BA.zip,S1A_IW_GRDH_1SDV_20160102T221226_20160102T221251_009321_00D788_F5BA/Patch_Uint8/Visual_Cargo_x8750_y14226_vv.tif,S1A_IW_GRDH_1SDV_20160102T221226_20160102T221251_009321_00D788_F5BA/Patch_Uint8/Visual_Cargo_x8750_y14226_vh.tif,43624,1d2803185778f6dee1fee3641e3a120340f628857830cda0a2394b9db8ade9da
S1A_IW_GRDH_1SDV_20160102T221226_20160102T221251_009321_00D788_F5BA/8752_14550,Container Ship,1,opensar_zip,OpenSARShip_1/S1A_IW_GRDH_1SDV_20160102T221226_20160102T221251_009321_00D788_F5BA.zip,S1A_IW_GRDH_1SDV_20160102T221226_20160102T221251_009321_00D788_F5BA/Patch_Uint8/Visual_Cargo_x8752_y14550_vv.tif,S1A_IW_GRDH_1SDV_20160102T221226_20160102T221251_009321_00D788_F5BA/Patch_Uint8/Visual_Cargo_x8752_y14550_vh.tif,17036,5d3623df2de7560ea1c8ec1042227b03921b80de19f107c66b36ba7d66f8370a
S1A_IW_GRDH_1SDV_20160102T221226_20160102T221251_009321_00D788_F5BA/8802_14381,Bulk Carrier,0,opensar_zip,OpenSARShip_1/S1A_IW_GRDH_1SDV_20160102T221226_20160102T221251_009321_00D788_F5BA.zip,S1A_IW_GRDH_1SDV_20160102T221226_20160102T221251_009321_00D788_F5BA/Patch_Uint8/Visual_Cargo_x8802_y14381_vv.tif,S1A_IW_GRDH_1SDV_20160102T221226_20160102T221251_009321_00D788_F5BA/Patch_Uint8/Visual_Cargo_x8802_y14381_vh.tif,15086,bd8101fa01b4bf8c63c27b6865e6dcdccd2dd02e05f4f6b47e2c5b7e9b8500a4
S1A_IW_GRDH_1SDV_20160102T221226_20160102T221251_009321_00D788_F5BA/8804_14046,Bulk Carrier,0,opensar_zip,OpenSARShip_1/S1A_IW_GRDH_1SDV_20160102T221226_20160102T221251_009321_00D788_F5BA.zip,S1A_IW_GRDH_1SDV_20160102T221226_20160102T221251_009321_00D788_F5BA/Patch_Uint8/Visual_Cargo_x8804_y14046_vv.tif,S1A_IW_GRDH_1SDV_20160102T221226_20160102T221251_009321_00D788_F5BA/Patch_Uint8/Visual_Cargo_x8804_y14046_vh.tif,14522,11580e16ef2fb9fbd126b63d240f21e6f7083e0e56735ebea6d143a68413169f
S1A_IW_GRDH_1SDV_20160102T221226_20160102T221251_009321_00D788_F5BA/880_13904,Bulk Carrier,0,opensar_zip,OpenSARShip_1/S1A_IW_GRDH_1SDV_20160102T221226_20160102T221251_009321_00D788_F5BA.zip,S1A_IW_GRDH_1SDV_20160102T221226_20160102T221251_009321_00D788_F5BA/Patch_Uint8/Visual_Cargo_x880_y13904_vv.tif,S1A_IW_GRDH_1SDV_20160102T221226_20160102T221251_009321_00D788_F5BA/Patch_Uint8/Visual_Cargo_x880_y13904_vh.tif,33918,c740a50e842cf7432411af5270228bb75e37854bebab5b4e5d26cd84fcdfbd53
S1A_IW_GRDH_1SDV_20160102T221226_20160102T221251_009321_00D788_F5BA/887_11262,Bulk Carrier,0,opensar_zip,OpenSARShip_1/S1A_IW_GRDH_1SDV_20160102T221226_20160102T221251_009321_00D788_F5BA.zip,S1A_IW_GRDH_1SDV_20160102T221226_20160102T221251_009321_00D788_F5BA/Patch_Uint8/Visual_Cargo_x887_y11262_vv.tif,S1A_IW_GRDH_1SDV_20160102T221226_20160102T221251_009321_00D788_F5BA/Patch_Uint8/Visual_Cargo_x887_y11262_vh.tif,13736,56c36a4c2aa21ab3e8289e042a79ef93b4f3671380f6bc53f8932a6e9189f83a
S1A_IW_GRDH_1SDV_20160102T221226_20160102T221251_009321_00D788_F5BA/8916_13939,Bulk Carrier,0,opensar_zip,OpenSARShip_1/S1A_IW_GRDH_1SDV_20160102T221226_20160102T221251_009321_00D788_F5BA.zip,S1A_IW_GRDH_1SDV_20160102T221226_20160102T221251_009321_00D788_F5BA/Patch_Uint8/Visual_Cargo_x8916_y13939_vv.tif,S1A_IW_GRDH_1SDV_20160102T221226_20160102T221251_009321_00D788_F5BA/Patch_Uint8/Visual_Cargo_x8916_y13939_vh.tif,13752,59ab3d1c2646fe1c62bb20628affe48fb1407d37302f5ad38b9dc5294107f802
S1A_IW_GRDH_1SDV_20160102T221226_20160102T221251_009321_00D788_F5BA/8921_14540,Bulk Carrier,0,opensar_zip,OpenSARShip_1/S1A_IW_GRDH_1SDV_20160102T221226_20160102T221251_009321_00D788_F5BA.zip,S1A_IW_GRDH_1SDV_20160102T221226_20160102T221251_009321_00D788_F5BA/Patch_Uint8/Visual_Cargo_x8921_y14540_vv.tif,S1A_IW_GRDH_1SDV_20160102T221226_20160102T221251_009321_00D788_F5BA/Patch_Uint8/Visual_Cargo_x8921_y14540_vh.tif,12294,6fa8f3db5aea156ed4555198a517832bd1094cd9ce561f91ed40045b4f30d88e
S1A_IW_GRDH_1SDV_20160102T221226_20160102T221251_009321_00D788_F5BA/9060_14231,Container Ship,1,opensar_zip,OpenSARShip_1/S1A_IW_GRDH_1SDV_20160102T221226_20160102T221251_009321_00D788_F5BA.zip,S1A_IW_GRDH_1SDV_20160102T221226_20160102T221251_009321_00D788_F5BA/Patch_Uint8/Visual_Cargo_x9060_y14231_vv.tif,S1A_IW_GRDH_1SDV_20160102T221226_20160102T221251_009321_00D788_F5BA/Patch_Uint8/Visual_Cargo_x9060_y14231_vh.tif,23682,a276d84d5540729af015898ef4339ffdb7c05304f98605570149f0258f0ef3e0
S1A_IW_GRDH_1SDV_20160102T221226_20160102T221251_009321_00D788_F5BA/9064_13998,Bulk Carrier,0,opensar_zip,OpenSARShip_1/S1A_IW_GRDH_1SDV_20160102T221226_20160102T221251_009321_00D788_F5BA.zip,S1A_IW_GRDH_1SDV_20160102T221226_20160102T221251_009321_00D788_F5BA/Patch_Uint8/Visual_Cargo_x9064_y13998_vv.tif,S1A_IW_GRDH_1SDV_20160102T221226_20160102T221251_009321_00D788_F5BA/Patch_Uint8/Visual_Cargo_x9064_y13998_vh.tif,7986,f3e54f47cc88cd12435e7c9e23eb0503d322d48416ae5676c6ded0d0309ee498
S1A_IW_GRDH_1SDV_20160102T221226_20160102T221251_009321_00D788_F5BA/9102_14465,Container Ship,1,opensar_zip,OpenSARShip_1/S1A_IW_GRDH_1SDV_20160102T221226_20160102T221251_009321_00D788_F5BA.zip,S1A_IW_GRDH_1SDV_20160102T221226_20160102T221251_009321_00D788_F5BA/Patch_Uint8/Visual_Cargo_x9102_y14465_vv.tif,S1A_IW_GRDH_1SDV_20160102T221226_20160102T221251_009321_00D788_F5BA/Patch_Uint8/Visual_Cargo_x9102_y14465_vh.tif,24438,88d7229ffb21395bcf0a12b297c100cb3e1b0b8a13027b81121190dfcf89c535
S1A_IW_GRDH_1SDV_20160102T221226_20160102T221251_009321_00D788_F5BA/9135_14066,Container Ship,1,opensar_zip,OpenSARShip_1/S1A_IW_GRDH_1SDV_20160102T221226_20160102T221251_009321_00D788_F5BA.zip,S1A_IW_GRDH_1SDV_20160102T221226_20160102T221251_009321_00D788_F5BA/Patch_Uint8/Visual_Cargo_x9135_y14066_vv.tif,S1A_IW_GRDH_1SDV_20160102T221226_20160102T221251_009321_00D788_F5BA/Patch_Uint8/Visual_Cargo_x9135_y14066_vh.tif,10426,10bcebee56ad127893df5e51452d11ea9b3a37c4d3cef7b5ca80121510e66289
S1A_IW_GRDH_1SDV_20160102T221226_20160102T221251_009321_00D788_F5BA/9154_13948,Bulk Carrier,0,opensar_zip,OpenSARShip_1/S1A_IW_GRDH_1SDV_20160102T221226_20160102T221251_009321_00D788_F5BA.zip,S1A_IW_GRDH_1SDV_20160102T221226_20160102T221251_009321_00D788_F5BA/Patch_Uint8/Visual_Cargo_x9154_y13948_vv.tif,S1A_IW_GRDH_1SDV_20160102T221226_20160102T221251_009321_00D788_F5BA/Patch_Uint8/Visual_Cargo_x9154_y13948_vh.tif,13730,9a73a373f76e83471665fcc47476861463e9d7fd0a38261e6798d5572527d818
S1A_IW_GRDH_1SDV_20160102T221226_20160102T221251_009321_00D788_F5BA/9190_14258,Container Ship,1,opensar_zip,OpenSARShip_1/S1A_IW_GRDH_1SDV_20160102T221226_20160102T221251_009321_00D788_F5BA.zip,S1A_IW_GRDH_1SDV_20160102T221226_20160102T221251_009321_00D788_F5BA/Patch_Uint8/Visual_Cargo_x9190_y14258_vv.tif,S1A_IW_GRDH_1SDV_20160102T221226_20160102T221251_009321_00D788_F5BA/Patch_Uint8/Visual_Cargo_x9190_y14258_vh.tif,10080,704a8da8fe549ae5ceecd941976c22b321cc575ecebbaec6a0aae70191a221c5
S1A_IW_GRDH_1SDV_20160102T221226_20160102T221251_009321_00D788_F5BA/9363_13840,Bulk Carrier,0,opensar_zip,OpenSARShip_1/S1A_IW_GRDH_1SDV_20160102T221226_20160102T221251_009321_00D788_F5BA.zip,S1A_IW_GRDH_1SDV_20160102T221226_20160102T221251_009321_00D788_F5BA/Patch_Uint8/Visual_Cargo_x9363_y13840_vv.tif,S1A_IW_GRDH_1SDV_20160102T221226_20160102T221251_009321_00D788_F5BA/Patch_Uint8/Visual_Cargo_x9363_y13840_vh.tif,13116,f213e5f0a2381d3e5eba5e7222348b65cb78cc7eeab64f039ae144b8aca6c863
S1A_IW_GRDH_1SDV_20160102T221226_20160102T221251_009321_00D788_F5BA/9387_13688,Bulk Carrier,0,opensar_zip,OpenSARShip_1/S1A_IW_GRDH_1SDV_20160102T221226_20160102T221251_009321_00D788_F5BA.zip,S1A_IW_GRDH_1SDV_20160102T221226_20160102T221251_009321_00D788_F5BA/Patch_Uint8/Visual_Cargo_x9387_y13688_vv.tif,S1A_IW_GRDH_1SDV_20160102T221226_20160102T221251_009321_00D788_F5BA/Patch_Uint8/Visual_Cargo_x9387_y13688_vh.tif,20060,80e4ede3830cee6a0646cedd3eb115657c980e771f5bbf12e9f375212d83e259
S1A_IW_GRDH_1SDV_20160102T221226_20160102T221251_009321_00D788_F5BA/9414_14185,Bulk Carrier,0,opensar_zip,OpenSARShip_1/S1A_IW_GRDH_1SDV_20160102T221226_20160102T221251_009321_00D788_F5BA.zip,S1A_IW_GRDH_1SDV_20160102T221226_20160102T221251_009321_00D788_F5BA/Patch_Uint8/Visual_Cargo_x9414_y14185_vv.tif,S1A_IW_GRDH_1SDV_20160102T221226_20160102T221251_009321_00D788_F5BA/Patch_Uint8/Visual_Cargo_x9414_y14185_vh.tif,12462,8de641bb3eb39dfb037571b660b13d4b7004682a82e5145d25a93626802ba867
S1A_IW_GRDH_1SDV_20160102T221226_20160102T221251_009321_00D788_F5BA/9618_14105,Bulk Carrier,0,opensar_zip,OpenSARShip_1/S1A_IW_GRDH_1SDV_20160102T221226_20160102T221251_009321_00D788_F5BA.zip,S1A_IW_GRDH_1SDV_20160102T221226_20160102T221251_009321_00D788_F5BA/Patch_Uint8/Visual_Cargo_x9618_y14105_vv.tif,S1A_IW_GRDH_1SDV_20160102T221226_20160102T221251_009321_00D788_F5BA/Patch_Uint8/Visual_Cargo_x9618_y14105_vh.tif,15050,ad26d3fbe895521f495cf185005a698d1d8ce49c8b2cdcfdaf429790407cd493
S1A_IW_GRDH_1SDV_20160102T221226_20160102T221251_009321_00D788_F5BA/9620_13837,Bulk Carrier,0,opensar_zip,OpenSARShip_1/S1A_IW_GRDH_1SDV_20160102T221226_20160102T221251_009321_00D788_F5BA.zip,S1A_IW_GRDH_1SDV_20160102T221226_20160102T221251_009321_00D788_F5BA/Patch_Uint8/Visual_Cargo_x9620_y13837_vv.tif,S1A_IW_GRDH_1SDV_20160102T221226_20160102T221251_009321_00D788_F5BA/Patch_Uint8/Visual_Cargo_x9620_y13837_vh.tif,12978,4d3e77b4bad3b011f43a7a98dc90aa10b7d3c4fa757e26d5fc08af8177b54e27
S1A_IW_GRDH_1SDV_20160102T221226_20160102T221251_009321_00D788_F5BA/9677_14175,Bulk Carrier,0,opensar_zip,OpenSARShip_1/S1A_IW_GRDH_1SDV_20160102T221226_20160102T221251_009321_00D788_F5BA.zip,S1A_IW_GRDH_1SDV_20160102T221226_20160102T221251_009321_00D788_F5BA/Patch_Uint8/Visual_Cargo_x9677_y14175_vv.tif,S1A_IW_GRDH_1SDV_20160102T221226_20160102T221251_009321_00D788_F5BA/Patch_Uint8/Visual_Cargo_x9677_y14175_vh.tif,15080,70f26043eb90656fa552c304be5e24fec75867865d12a57dec23e2edec0747ed
S1A_IW_GRDH_1SDV_20160102T221226_20160102T221251_009321_00D788_F5BA/9712_14047,Bulk Carrier,0,opensar_zip,OpenSARShip_1/S1A_IW_GRDH_1SDV_20160102T221226_20160102T221251_009321_00D788_F5BA.zip,S1A_IW_GRDH_1SDV_20160102T221226_20160102T221251_009321_00D788_F5BA/Patch_Uint8/Visual_Cargo_x9712_y14047_vv.tif,S1A_IW_GRDH_1SDV_20160102T221226_20160102T221251_009321_00D788_F5BA/Patch_Uint8/Visual_Cargo_x9712_y14047_vh.tif,12984,a11b8b8bd43219baa662143d82143c76f830b22de8c8275078ef01c0f6ee5c29
S1A_IW_GRDH_1SDV_20160102T221226_20160102T221251_009321_00D788_F5BA/9888_14029,Bulk Carrier,0,opensar_zip,OpenSARShip_1/S1A_IW_GRDH_1SDV_20160102T221226_20160102T221251_009321_00D788_F5BA.zip,S1A_IW_GRDH_1SDV_20160102T221226_20160102T221251_009321_00D788_F5BA/Patch_Uint8/Visual_Cargo_x9888_y14029_vv.tif,S1A_IW_GRDH_1SDV_20160102T221226_20160102T221251_009321_00D788_F5BA/Patch_Uint8/Visual_Cargo_x9888_y14029_vh.tif,13642,864d5211ccc7909bb612f89567e95b20594b71e1b04525e69862ee11d22c1815
S1A_IW_GRDH_1SDV_20160102T221226_20160102T221251_009321_00D788_F5BA/991_12225,Bulk Carrier,0,opensar_zip,OpenSARShip_1/S1A_IW_GRDH_1SDV_20160102T221226_20160102T221251_009321_00D788_F5BA.zip,S1A_IW_GRDH_1SDV_20160102T221226_20160102T221251_009321_00D788_F5BA/Patch_Uint8/Visual_Cargo_x991_y12225_vv.tif,S1A_IW_GRDH_1SDV_20160102T221226_20160102T221251_009321_00D788_F5BA/Patch_Uint8/Visual_Cargo_x991_y12225_vh.tif,19550,8aaa70e0aff1d24bf2d73eeba78049e3816a359893a31c5f25355bb7a29cd2b3
S1A_IW_GRDH_1SDV_20160114T221226_20160114T221251_009496_00DC88_46B2/10022_13963,Bulk Carrier,0,opensar_zip,OpenSARShip_1/S1A_IW_GRDH_1SDV_20160114T221226_20160114T221251_009496_00DC88_46B2.zip,S1A_IW_GRDH_1SDV_20160114T221226_20160114T221251_009496_00DC88_46B2/Patch_Uint8/Visual_Cargo_x10022_y13963_vv.tif,S1A_IW_GRDH_1SDV_20160114T221226_20160114T221251_009496_00DC88_46B2/Patch_Uint8/Visual_Cargo_x10022_y13963_vh.tif,5926,f2c7ea06f526e2db9d81513c961de68734f7255799cff353aa8329c12d6d2a1b
S1A_IW_GRDH_1SDV_20160114T221226_20160114T221251_009496_00DC88_46B2/10102_13832,Bulk Carrier,0,opensar_zip,OpenSARShip_1/S1A_IW_GRDH_1SDV_20160114T221226_20160114T221251_009496_00DC88_46B2.zip,S1A_IW_GRDH_1SDV_20160114T221226_20160114T221251_009496_00DC88_46B2/Patch_Uint8/Visual_Cargo_x10102_y13832_vv.tif,S1A_IW_GRDH_1SDV_20160114T221226_20160114T221251_009496_00DC88_46B2/Patch_Uint8/Visual_Cargo_x10102_y13832_vh.tif,6044,bbf846f1ad35f49be6176837bd78d9477116270aabfc4bd2894fa2c9cccb4295
S1A_IW_GRDH_1SDV_20160114T221226_20160114T221251_009496_00DC88_46B2/10113_13600,Bulk Carrier,0,opensar_zip,OpenSARShip_1/S1A_IW_GRDH_1SDV_20160114T221226_20160114T221251_009496_00DC88_46B2.zip,S1A_IW_GRDH_1SDV_20160114T221226_20160114T221251_009496_00DC88_46B2/Patch_Uint8/Visual_Cargo_x10113_y13600_vv.tif,S1A_IW_GRDH_1SDV_20160114T221226_20160114T221251_009496_00DC88_46B2/Patch_Uint8/Visual_Cargo_x10113_y13600_vh.tif,12074,4a52f54cdd17607a9e40b82647979eec47a328a72a8e764ecb2975bb520ea110
S1A_IW_GRDH_1SDV_20160114T221226_20160114T221251_009496_00DC88_46B2/10119_13721,Bulk Carrier,0,opensar_zip,OpenSARShip_1/S1A_IW_GRDH_1SDV_20160114T221226_20160114T221251_009496_00DC88_46B2.zip,S1A_IW_GRDH_1SDV_20160114T221226_20160114T221251_009496_00DC88_46B2/Patch_Uint8/Visual_Cargo_x10119_y13721_vv.tif,S1A_IW_GRDH_1SDV_20160114T221226_20160114T221251_009496_00DC88_46B2/Patch_Uint8/Visual_Cargo_x10119_y13721_vh.tif,12756,78703fa9ebf8e4c006d12d8b51bb6faf1f411988d0371b0281bb59c6030a230b
S1A_IW_GRDH_1SDV_20160114T221226_20160114T221251_009496_00DC88_46B2/10144_13973,Bulk Carrier,0,opensar_zip,OpenSARShip_1/S1A_IW_GRDH_1SDV_20160114T221226_20160114T221251_009496_00DC88_46B2.zip,S1A_IW_GRDH_1SDV_20160114T221226_20160114T221251_009496_00DC88_46B2/Patch_Uint8/Visual_Cargo_x10144_y13973_vv.tif,S1A_IW_GRDH_1SDV_20160114T221226_20160114T221251_009496_00DC88_46B2/Patch_Uint8/Visual_Cargo_x10144_y13973_vh.tif,8242,db34eaaefce08f834de604fb8595edd86fd3121079275ffe5a5b16020b70f767
S1A_IW_GRDH_1SDV_20160114T221226_20160114T221251_009496_00DC88_46B2/10189_13639,Bulk Carrier,0,opensar_zip,OpenSARShip_1/S1A_IW_GRDH_1SDV_20160114T221226_20160114T221251_009496_00DC88_46B2.zip,S1A_IW_GRDH_1SDV_20160114T221226_20160114T221251_009496_00DC88_46B2/Patch_Uint8/Visual_Cargo_x10189_y13639_vv.tif,S1A_IW_GRDH_1SDV_20160114T221226_20160114T221251_009496_00DC88_46B2/Patch_Uint8/Visual_Cargo_x10189_y13639_vh.tif,12012,a4279e61da708ef9662217211d7d0f31878087ea6a0c85a1158250a7b0259b64
S1A_IW_GRDH_1SDV_20160114T221226_20160114T221251_009496_00DC88_46B2/10207_14484,Bulk Carrier,0,opensar_zip,OpenSARShip_1/S1A_IW_GRDH_1SDV_20160114T221226_20160114T221251_009496_00DC88_46B2.zip,S1A_IW_GRDH_1SDV_20160114T221226_20160114T221251_009496_00DC88_46B2/Patch_Uint8/Visual_Cargo_x10207_y14484_vv.tif,S1A_IW_GRDH_1SDV_20160114T221226_20160114T221251_009496_00DC88_46B2/Patch_Uint8/Visual_Cargo_x10207_y14484_vh.tif,6522,7f6898d5c0442d02c24a18b087e21c37983cd075890d4efb81e98556759bb80e
S1A_IW_GRDH_1SDV_20160114T221226_20160114T221251_009496_00DC88_46B2/10275_14359,Bulk Carrier,0,opensar_zip,OpenSARShip_1/S1A_IW_GRDH_1SDV_20160114T221226_20160114T221251_009496_00DC88_46B2.zip,S1A_IW_GRDH_1SDV_20160114T221226_20160114T221251_009496_00DC88_46B2/Patch_Uint8/Visual_Cargo_x10275_y14359_vv.tif,S1A_IW_GRDH_1SDV_20160114T221226_20160114T221251_009496_00DC88_46B2/Patch_Uint8/Visual_Cargo_x10275_y14359_vh.tif,8522,765b978bbfe3237f687ed914508cf6ad0b07111b9f14eac9d4cd0c37400cfbbd
S1A_IW_GRDH_1SDV_20160114T221226_20160114T221251_009496_00DC88_46B2/10279_14733,Bulk Carrier,0,opensar_zip,OpenSARShip_1/S1A_IW_GRDH_1SDV_20160114T221226_20160114T221251_009496_00DC88_46B2.zip,S1A_IW_GRDH_1SDV_20160114T221226_20160114T221251_009496_00DC88_46B2/Patch_Uint8/Visual_Cargo_x10279_y14733_vv.tif,S1A_IW_GRDH_1SDV_20160114T221226_20160114T221251_009496_00DC88_46B2/Patch_Uint8/Visual_Cargo_x10279_y14733_vh.tif,10498,5b085ccf65cc7df3770c976a6d6895f298bb85aef12c9cb0bbab933bc30e5655
S1A_IW_GRDH_1SDV_20160114T221226_20160114T221251_009496_00DC88_46B2/10412_13754,Bulk Carrier,0,opensar_zip,OpenSARShip_1/S1A_IW_GRDH_1SDV_20160114T221226_20160114T221251_009496_00DC88_46B2.zip,S1A_IW_GRDH_1SDV_20160114T221226_20160114T221251_009496_00DC88_46B2/Patch_Uint8/Visual_Cargo_x10412_y13754_vv.tif,S1A_IW_GRDH_1SDV_20160114T221226_20160114T221251_009496_00DC88_46B2/Patch_Uint8/Visual_Cargo_x10412_y13754_vh.tif,9218,0ad2574453874ae9ebb5047c7eb6b4e073e929dce72fd9e47c950b60ec1bc098
S1A_IW_GRDH_1SDV_20160114T221226_20160114T221251_009496_00DC88_46B2/10424_14347,Bulk Carrier,0,opensar_zip,OpenSARShip_1/S1A_IW_GRDH_1SDV_20160114T221226_20160114T221251_009496_00DC88_46B2.zip,S1A_IW_GRDH_1SDV_20160114T221226_20160114T221251_009496_00DC88_46B2/Patch_Uint8/Visual_Cargo_x10424_y14347_vv.tif,S1A_IW_GRDH_1SDV_20160114T221226_20160114T221251_009496_00DC88_46B2/Patch_Uint8/Visual_Cargo_x10424_y14347_vh.tif,10808,b1e9f176e32164011bc10926344b03de50b04b9078a20d7cf8b4fbf9ec68c445
S1A_IW_GRDH_1SDV_20160114T221226_20160114T221251_009496_00DC88_46B2/10480_13996,Bulk Carrier,0,opensar_zip,OpenSARShip_1/S1A_IW_GRDH_1SDV_20160114T221226_20160114T221251_009496_00DC88_46B2.zip,S1A_IW_GRDH_1SDV_20160114T221226_20160114T221251_009496_00DC88_46B2/Patch_Uint8/Visual_Cargo_x10480_y13996_vv.tif,S1A_IW_GRDH_1SDV_20160114T221226_20160114T221251_009496_00DC88_46B2/Patch_Uint8/Visual_Cargo_x10480_y13996_vh.tif,3674,bae90fecf3933a44e7560cf26bf43a1496b03ffe627d3cc91eddb2b54db0e000
S1A_IW_GRDH_1SDV_20160114T221226_20160114T221251_009496_00DC88_46B2/10677_15062,Tug,5,opensar_zip,OpenSARShip_1/S1A_IW_GRDH_1SDV_20160114T221226_20160114T221251_009496_00DC88_46B2.zip,S1A_IW_GRDH_1SDV_20160114T221226_20160114T221251_009496_00DC88_46B2/Patch_Uint8/Visual_Other Type_x10677_y15062_vv.tif,S1A_IW_GRDH_1SDV_20160114T221226_20160114T221251_009496_00DC88_46B2/Patch_Uint8/Visual_Other Type_x10677_y15062_vh.tif,1324,3e2e829f83e0a94f700f32701c7b7dff02613e1ee5c81c1f53b717efbf6b6b14
S1A_IW_GRDH_1SDV_20160114T221226_20160114T221251_009496_00DC88_46B2/10733_13861,Bulk Carrier,0,opensar_zip,OpenSARShip_1/S1A_IW_GRDH_1SDV_20160114T221226_20160114T221251_009496_00DC88_46B2.zip,S1A_IW_GRDH_1SDV_20160114T221226_20160114T221251_009496_00DC88_46B2/Patch_Uint8/Visual_Cargo_x10733_y13861_vv.tif,S1A_IW_GRDH_1SDV_20160114T221226_20160114T221251_009496_00DC88_46B2/Patch_Uint8/Visual_Cargo_x10733_y13861_vh.tif,8324,33c60572ee5ca35bda16ef052450f76832f1bbb37ca59c698cc5f498f0165ac0
S1A_IW_GRDH_1SDV_20160114T221226_20160114T221251_009496_00DC88_46B2/11022_14600,Bulk Carrier,0,opensar_zip,OpenSARShip_1/S1A_IW_GRDH_1SDV_20160114T221226_20160114T221251_009496_00DC88_46B2.zip,S1A_IW_GRDH_1SDV_20160114T221226_20160114T221251_009496_00DC88_46B2/Patch_Uint8/Visual_Cargo_x11022_y14600_vv.tif,S1A_IW_GRDH_1SDV_20160114T221226_20160114T221251_009496_00DC88_46B2/Patch_Uint8/Visual_Cargo_x11022_y14600_vh.tif,6242,a6c1609de00139219f7ed9bb5866ba2c4a14395aa6b67fe089d76c5027d91721
S1A_IW_GRDH_1SDV_20160114T221226_20160114T221251_009496_00DC88_46B2/11151_14199,Container Ship,1,opensar_zip,OpenSARShip_1/S1A_IW_GRDH_1SDV_20160114T221226_20160114T221251_009496_00DC88_46B2.zip,S1A_IW_GRDH_1SDV_20160114T221226_20160114T221251_009496_00DC88_46B2/Patch_Uint8/Visual_Cargo_x11151_y14199_vv.tif,S1A_IW_GRDH_1SDV_20160114T221226_20160114T221251_009496_00DC88_46B2/Patch_Uint8/Visual_Cargo_x11151_y14199_vh.tif,5484,b3dc7302a3c48829856a3a83f487a649bd37cbfba90446d39dbe5fc7e79020d4
S1A_IW_GRDH_1SDV_20160114T221226_20160114T221251_009496_00DC88_46B2/11261_14685,Tanker,4,opensar_zip,OpenSARShip_1/S1A_IW_GRDH_1SDV_20160114T221226_20160114T221251_009496_00DC88_46B2.zip,S1A_IW_GRDH_1SDV_20160114T221226_20160114T221251_009496_00DC88_46B2/Patch_Uint8/Visual_Tanker_x11261_y14685_vv.tif,S1A_IW_GRDH_1SDV_20160114T221226_20160114T221251_009496_00DC88_46B2/Patch_Uint8/Visual_Tanker_x11261_y14685_vh.tif,3198,83a14e4be2583af9c84aa4174be647a76ac7405d45a12528736c7b0412eb1c9f
S1A_IW_GRDH_1SDV_20160114T221226_20160114T221251_009496_00DC88_46B2/11299_14526,Tanker,4,opensar_zip,OpenSARShip_1/S1A_IW_GRDH_1SDV_20160114T221226_20160114T221251_009496_00DC88_46B2.zip,S1A_IW_GRDH_1SDV_20160114T221226_20160114T221251_009496_00DC88_46B2/Patch_Uint8/Visual_Tanker_x11299_y14526_vv.tif,S1A_IW_GRDH_1SDV_20160114T221226_20160114T221251_009496_00DC88_46B2/Patch_Uint8/Visual_Tanker_x11299_y14526_vh.tif,3770,99e2024cbe2fb05c28115f1bd87a942f37ec7c4fec8be30c0bcb1bb8d885a9e9
S1A_IW_GRDH_1SDV_20160114T221226_20160114T221251_009496_00DC88_46B2/11326_14459,Tanker,4,opensar_zip,OpenSARShip_1/S1A_IW_GRDH_1SDV_20160114T221226_20160114T221251_009496_00DC88_46B2.zip,S1A_IW_GRDH_1SDV_20160114T221226_20160114T221251_009496_00DC88_46B2/Patch_Uint8/Visual_Tanker_x11326_y14459_vv.tif,S1A_IW_GRDH_1SDV_20160114T221226_20160114T221251_009496_00DC88_46B2/Patch_Uint8/Visual_Tanker_x11326_y14459_vh.tif,1702,99c3732e93539b2a7f499f502fbf0fcad4b1df78d56ef8383a9bc519a2ac6c67
S1A_IW_GRDH_1SDV_20160114T221226_20160114T221251_009496_00DC88_46B2/1134_12305,Bulk Carrier,0,opensar_zip,OpenSARShip_1/S1A_IW_GRDH_1SDV_20160114T221226_20160114T221251_009496_00DC88_46B2.zip,S1A_IW_GRDH_1SDV_20160114T221226_20160114T221251_009496_00DC88_46B2/Patch_Uint8/Visual_Cargo_x1134_y12305_vv.tif,S1A_IW_GRDH_1SDV_20160114T221226_20160114T221251_009496_00DC88_46B2/Patch_Uint8/Visual_Cargo_x1134_y12305_vh.tif,22744,c7ed1a70d688644ee013d224b86f8330c94519312c06f0e77d8b338825806202
S1A_IW_GRDH_1SDV_20160114T221226_20160114T221251_009496_00DC88_46B2/11444_14060,Bulk Carrier,0,opensar_zip,OpenSARShip_1/S1A_IW_GRDH_1SDV_20160114T221226_20160114T221251_009496_00DC88_46B2.zip,S1A_IW_GRDH_1SDV_20160114T221226_20160114T221251_009496_00DC88_46B2/Patch_Uint8/Visual_Cargo_x11444_y14060_vv.tif,S1A_IW_GRDH_1SDV_20160114T221226_20160114T221251_009496_00DC88_46B2/Patch_Uint8/Visual_Cargo_x11444_y14060_vh.tif,6774,bcbb875bb641514d90928a2caf2db75654431452fa47ece5917ddcb43cdd9fb3
S1A_IW_GRDH_1SDV_20160114T221226_20160114T221251_009496_00DC88_46B2/1171_10115,Bulk Carrier,0,opensar_zip,OpenSARShip_1/S1A_IW_GRDH_1SDV_20160114T221226_20160114T221251_009496_00DC88_46B2.zip,S1A_IW_GRDH_1SDV_20160114T221226_20160114T221251_009496_00DC88_46B2/Patch_Uint8/Visual_Cargo_x1171_y10115_vv.tif,S1A_IW_GRDH_1SDV_20160114T221226_20160114T221251_009496_00DC88_46B2/Patch_Uint8/Visual_Cargo_x1171_y10115_vh.tif,7984,3d27feec2ea5c75a322c18861b4b0339d064ae021075245d8cab022df3940fc2
S1A_IW_GRDH_1SDV_20160114T221226_20160114T221251_009496_00DC88_46B2/1245_12712,Bulk Carrier,0,opensar_zip,OpenSARShip_1/S1A_IW_GRDH_1SDV_20160114T221226_20160114T221251_009496_00DC88_46B2.zip,S1A_IW_GRDH_1SDV_20160114T221226_20160114T221251_009496_00DC88_46B2/Patch_Uint8/Visual_Cargo_x1245_y12712_vv.tif,S1A_IW_GRDH_1SDV_20160114T221226_20160114T221251_009496_00DC88_46B2/Patch_Uint8/Visual_Cargo_x1245_y12712_vh.tif,22816,5c8bada791f0b26db588f67838d25595920bddc28234327f26baec2941765367
S1A_IW_GRDH_1SDV_20160114T221226_20160114T221251_009496_00DC88_46B2/12862_11818,Dredger,2,opensar_zip,OpenSARShip_1/S1A_IW_GRDH_1SDV_20160114T221226_20160114T221251_009496_00DC88_46B2.zip,S1A_IW_GRDH_1SDV_20160114T221226_20160114T221251_009496_00DC88_46B2/Patch_Uint8/Visual_Other Type_x12862_y11818_vv.tif,S1A_IW_GRDH_1SDV_20160114T221226_20160114T221251_009496_00DC88_46B2/Patch_Uint8/Visual_Other Type_x12862_y11818_vh.tif,2592,d078f91e505b2b61442eaf209a197a6b134d93d4683c47d12db7ad0a6a1ff6d4
S1A_IW_GRDH_1SDV_20160114T221226_20160114T221251_009496_00DC88_46B2/1420_13821,Container Ship,1,opensar_zip,OpenSARShip_1/S1A_IW_GRDH_1SDV_20160114T221226_20160114T221251_009496_00DC88_46B2.zip,S1A_IW_GRDH_1SDV_20160114T221226_20160114T221251_009496_00DC88_46B2/Patch_Uint8/Visual_Cargo_x1420_y13821_vv.tif,S1A_IW_GRDH_1SDV_20160114T221226_20160114T221251_009496_00DC88_46B2/Patch_Uint8/Visual_Cargo_x1420_y13821_vh.tif,36420,58074ec526d767af37f91fadf4392586be6c0b5a13872270bbbb51c353133435
S1A_IW_GRDH_1SDV_20160114T221226_20160114T221251_009496_00DC88_46B2/1638_11562,Bulk Carrier,0,opensar_zip,OpenSARShip_1/S1A_IW_GRDH_1SDV_20160114T221226_20160114T221251_009496_00DC88_46B2.zip,S1A_IW_GRDH_1SDV_20160114T221226_20160114T221251_009496_00DC88_46B2/Patch_Uint8/Visual_Cargo_x1638_y11562_vv.tif,S1A_IW_GRDH_1SDV_20160114T221226_20160114T221251_009496_00DC88_46B2/Patch_Uint8/Visual_Cargo_x1638_y11562_vh.tif,23082,a5d935da1f100be165587517a4305018ce407e734a8f8702e52ed18067c4b2ed
S1A_IW_GRDH_1SDV_20160114T221226_20160114T221251_009496_00DC88_46B2/1921_11804,Bulk Carrier,0,opensar_zip,OpenSARShip_1/S1A_IW_GRDH_1SDV_20160114T221226_20160114T221251_009496_00DC88_46B2.zip,S1A_IW_GRDH_1SDV_20160114T221226_20160114T221251_009496_00DC88_46B2/Patch_Uint8/Visual_Cargo_x1921_y11804_vv.tif,S1A_IW_GRDH_1SDV_20160114T221226_20160114T221251_009496_00DC88_46B2/Patch_Uint8/Visual_Cargo_x1921_y11804_vh.tif,22220,a3befd5255b5d6896ec9bd2432a577ea3e73bb70596e731ac75984e48c5c5dda
S1A_IW_GRDH_1SDV_20160114T221226_20160114T221251_009496_00DC88_46B2/1922_10755,Bulk Carrier,0,opensar_zip,OpenSARShip_1/S1A_IW_GRDH_1SDV_20160114T221226_20160114T221251_009496_00DC88_46B2.zip,S1A_IW_GRDH_1SDV_20160114T221226_20160114T221251_009496_00DC88_46B2/Patch_Uint8/Visual_Cargo_x1922_y10755_vv.tif,S1A_IW_GRDH_1SDV_20160114T221226_20160114T221251_009496_00DC88_46B2/Patch_Uint8/Visual_Cargo_x1922_y10755_vh.tif,10124,b23af5cbf780a04e40ccfe2fdc118727c19f57910cd7bb017cdeae47536564bc
S1A_IW_GRDH_1SDV_20160114T221226_20160114T221251_009496_00DC88_46B2/2077_11305,Bulk Carrier,0,opensar_zip,OpenSARShip_1/S1A_IW_GRDH_1SDV_20160114T221226_20160114T221251_009496_00DC88_46B2.zip,S1A_IW_GRDH_1SDV_20160114T221226_20160114T221251_009496_00DC88_46B2/Patch_Uint8/Visual_Cargo_x2077_y11305_vv.tif,S1A_IW_GRDH_1SDV_20160114T221226_20160114T221251_009496_00DC88_46B2/Patch_Uint8/Visual_Cargo_x2077_y11305_vh.tif,16374,ea5ce807cd58875e0f5333bd6e0f34a5a2d2cd46ee312e71aeb1c062cc3fc16a
S1A_IW_GRDH_1SDV_20160114T221226_20160114T221251_009496_00DC88_46B2/2466_11713,Bulk Carrier,0,opensar_zip,OpenSARShip_1/S1A_IW_GRDH_1SDV_20160114T221226_20160114T221251_009496_00DC88_46B2.zip,S1A_IW_GRDH_1SDV_20160114T221226_20160114T221251_009496_00DC88_46B2/Patch_Uint8/Visual_Cargo_x2466_y11713_vv.tif,S1A_IW_GRDH_1SDV_20160114T221226_20160114T221251_009496_00DC88_46B2/Patch_Uint8/Visual_Cargo_x2466_y11713_vh.tif,32854,d52fd4d1feb5bec9e9df5e7ffa123dcb8d433522021ed0db27a2bfa824b50848
S1A_IW_GRDH_1SDV_20160114T221226_20160114T221251_009496_00DC88_46B2/2503_11378,Bulk Carrier,0,opensar_zip,OpenSARShip_1/S1A_IW_GRDH_1SDV_20160114T221226_20160114T221251_009496_00DC88_46B2.zip,S1A_IW_GRDH_1SDV_20160114T221226_20160114T221251_009496_00DC88_46B2/Patch_Uint8/Visual_Cargo_x2503_y11378_vv.tif,S1A_IW_GRDH_1SDV_20160114T221226_20160114T221251_009496_00DC88_46B2/Patch_Uint8/Visual_Cargo_x2503_y11378_vh.tif,24874,c204578bf58832e5f6e511832195971bfe14064d6e88a9fc8bdcb37ee88cdf24
S1A_IW_GRDH_1SDV_20160114T221226_20160114T221251_009496_00DC88_46B2/420_12708,Bulk Carrier,0,opensar_zip,OpenSARShip_1/S1A_IW_GRDH_1SDV_20160114T221226_20160114T221251_009496_00DC88_46B2.zip,S1A_IW_GRDH_1SDV_20160114T221226_20160114T221251_009496_00DC88_46B2/Patch_Uint8/Visual_Cargo_x420_y12708_vv.tif,S1A_IW_GRDH_1SDV_20160114T221226_20160114T221251_009496_00DC88_46B2/Patch_Uint8/Visual_Cargo_x420_y12708_vh.tif,18000,add35e3b880a05a9688eecb3ca43f40ff023032ccf2883d365fa79327230b86f
S1A_IW_GRDH_1SDV_20160114T221226_20160114T221251_009496_00DC88_46B2/5109_14012,Bulk Carrier,0,opensar_zip,OpenSARShip_1/S1A_IW_GRDH_1SDV_20160114T221226_20160114T221251_009496_00DC88_46B2.zip,S1A_IW_GRDH_1SDV_20160114T221226_20160114T221251_009496_00DC88_46B2/Patch_Uint8/Visual_Cargo_x5109_y14012_vv.tif,S1A_IW_GRDH_1SDV_20160114T221226_20160114T221251_009496_00DC88_46B2/Patch_Uint8/Visual_Cargo_x5109_y14012_vh.tif,18138,3b92bf28073c6916f46b12f6c53b759835cd7c114f4f19055259bdc0d649d9e3
S1A_IW_GRDH_1SDV_20160114T221226_20160114T221251_009496_00DC88_46B2/5187_13801,Bulk Carrier,0,opensar_zip,OpenSARShip_1/S1A_IW_GRDH_1SDV_20160114T221226_20160114T221251_009496_00DC88_46B2.zip,S1A_IW_GRDH_1SDV_20160114T221226_20160114T221251_009496_00DC88_46B2/Patch_Uint8/Visual_Cargo_x5187_y13801_vv.tif,S1A_IW_GRDH_1SDV_20160114T221226_20160114T221251_009496_00DC88_46B2/Patch_Uint8/Visual_Cargo_x5187_y13801_vh.tif,26080,e104761c4979951467f9c3994ad27b83425747d0c442c88ed4b5d4d787aa5ab5
S1A_IW_GRDH_1SDV_20160114T221226_20160114T221251_009496_00DC88_46B2/5403_14137,Bulk Carrier,0,opensar_zip,OpenSARShip_1/S1A_IW_GRDH_1SDV_20160114T221226_20160114T221251_009496_00DC88_46B2.zip,S1A_IW_GRDH_1SDV_20160114T221226_20160114T221251_009496_00DC88_46B2/Patch_Uint8/Visual_Cargo_x5403_y14137_vv.tif,S1A_IW_GRDH_1SDV_20160114T221226_20160114T221251_009496_00DC88_46B2/Patch_Uint8/Visual_Cargo_x5403_y14137_vh.tif,22816,edebcc3c97cb30a0b978cf3111eb693e0812c1f3d6b8b5fa78e869a9b36130fe
S1A_IW_GRDH_1SDV_20160114T221226_20160114T221251_009496_00DC88_46B2/5474_15922,Bulk Carrier,0,opensar_zip,OpenSARShip_1/S1A_IW_GRDH_1SDV_20160114T221226_20160114T221251_009496_00DC88_46B2.zip,S1A_IW_GRDH_1SDV_20160114T221226_20160114T221251_009496_00DC88_46B2/Patch_Uint8/Visual_Cargo_x5474_y15922_vv.tif,S1A_IW_GRDH_1SDV_20160114T221226_20160114T221251_009496_00DC88_46B2/Patch_Uint8/Visual_Cargo_x5474_y15922_vh.tif,19144,b55179945f1574ae4ef3a4cc2ff6d97289a21b24018b776a994c0b6be3a863ad
S1A_IW_GRDH_1SDV_20160114T221226_20160114T221251_009496_00DC88_46B2/5494_14323,Container Ship,1,opensar_zip,OpenSARShip_1/S1A_IW_GRDH_1SDV_20160114T221226_20160114T221251_009496_00DC88_46B2.zip,S1A_IW_GRDH_1SDV_20160114T221226_20160114T221251_009496_00DC88_46B2/Patch_Uint8/Visual_Cargo_x5494_y14323_vv.tif,S1A_IW_GRDH_1SDV_20160114T221226_20160114T221251_009496_00DC88_46B2/Patch_Uint8/Visual_Cargo_x5494_y14323_vh.tif,9546,8024e9837e14b419fa5af73765c77e2b24fa081218c3d3e17cbbbdbe2bb46a02
S1A_IW_GRDH_1SDV_20160114T221226_20160114T221251_009496_00DC88_46B2/5521_14000,Bulk Carrier,0,opensar_zip,OpenSARShip_1/S1A_IW_GRDH_1SDV_20160114T221226_20160114T221251_009496_00DC88_46B2.zip,S1A_IW_GRDH_1SDV_20160114T221226_20160114T221251_009496_00DC88_46B2/Patch_Uint8/Visual_Cargo_x5521_y14000_vv.tif,S1A_IW_GRDH_1SDV_20160114T221226_20160114T221251_009496_00DC88_46B2/Patch_Uint8/Visual_Cargo_x5521_y14000_vh.tif,15496,cc33f9768b608249cd8c6735ab81a108ed96f7cf4fb00d2d5af1cdaeb0bca4c6
S1A_IW_GRDH_1SDV_20160114T221226_20160114T221251_009496_00DC88_46B2/5723_13545,Bulk Carrier,0,opensar_zip,OpenSARShip_1/S1A_IW_GRDH_1SDV_20160114T221226_20160114T221251_009496_00DC88_46B2.zip,S1A_IW_GRDH_1SDV_20160114T221226_20160114T221251_009496_00DC88_46B2/Patch_Uint8/Visual_Cargo_x5723_y13545_vv.tif,S1A_IW_GRDH_1SDV_20160114T221226_20160114T221251_009496_00DC88_46B2/Patch_Uint8/Visual_Cargo_x5723_y13545_vh.tif,31982,1123749149df833451f7e1c1655bbe3a591664f8900ac1b52c0fd2df861a01fa
S1A_IW_GRDH_1SDV_20160114T221226_20160114T221251_009496_00DC88_46B2/5784_13989,Bulk Carrier,0,opensar_zip,OpenSARShip_1/S1A_IW_GRDH_1SDV_20160114T221226_20160114T221251_009496_00DC88_46B2.zip,S1A_IW_GRDH_1SDV_20160114T221226_20160114T221251_009496_00DC88_46B2/Patch_Uint8/Visual_Cargo_x5784_y13989_vv.tif,S1A_IW_GRDH_1SDV_20160114T221226_20160114T221251_009496_00DC88_46B2/Patch_Uint8/Visual_Cargo_x5784_y13989_vh.tif,17596,ef75fa5cde2d6929acc6b01072d13cd3520410fe0b9df9b9557a95fe5c17cc1b
S1A_IW_GRDH_1SDV_20160114T221226_20160114T221251_009496_00DC88_46B2/5933_13770,Bulk Carrier,0,opensar_zip,OpenSARShip_1/S1A_IW_GRDH_1SDV_20160114T221226_20160114T221251_009496_00DC88_46B2.zip,S1A_IW_GRDH_1SDV_20160114T221226_20160114T221251_009496_00DC88_46B2/Patch_Uint8/Visual_Cargo_x5933_y13770_vv.tif,S1A_IW_GRDH_1SDV_20160114T221226_20160114T221251_009496_00DC88_46B2/Patch_Uint8/Visual_Cargo_x5933_y13770_vh.tif,31748,5d996d16a11c0aa27ddfc0364541a4b7d4193357d439ff76f6fae1d0b3aabfad
S1A_IW_GRDH_1SDV_20160114T221226_20160114T221251_009496_00DC88_46B2/6005_13629,Bulk Carrier,0,opensar_zip,OpenSARShip_1/S1A_IW_GRDH_1SDV_20160114T221226_20160114T221251_009496_00DC88_46B2.zip,S1A_IW_GRDH_1SDV_20160114T221226_20160114T221251_009496_00DC88_46B2/Patch_Uint8/Visual_Cargo_x6005_y13629_vv.tif,S1A_IW_GRDH_1SDV_20160114T221226_20160114T221251_009496_00DC88_46B2/Patch_Uint8/Visual_Cargo_x6005_y13629_vh.tif,9862,7dd8ba071cd6ef9b746d0db28847a21c26f037714153a30e7dcc9d29c3d184ad
S1A_IW_GRDH_1SDV_20160114T221226_20160114T221251_009496_00DC88_46B2/6049_13487,Bulk Carrier,0,opensar_zip,OpenSARShip_1/S1A_IW_GRDH_1SDV_20160114T221226_20160114T221251_009496_00DC88_46B2.zip,S1A_IW_GRDH_1SDV_20160114T221226_20160114T221251_009496_00DC88_46B2/Patch_Uint8/Visual_Cargo_x6049_y13487_vv.tif,S1A_IW_GRDH_1SDV_20160114T221226_20160114T221251_009496_00DC88_46B2/Patch_Uint8/Visual_Cargo_x6049_y13487_vh.tif,12690,e3cb4d38b9d43376126c04f57500194d610a2499224e8579b593fcb82f5b66e8
S1A_IW_GRDH_1SDV_20160114T221226_20160114T221251_009496_00DC88_46B2/612_12625,Bulk Carrier,0,opensar_zip,OpenSARShip_1/S1A_IW_GRDH_1SDV_20160114T221226_20160114T221251_009496_00DC88_46B2.zip,S1A_IW_GRDH_1SDV_20160114T221226_20160114T221251_009496_00DC88_46B2/Patch_Uint8/Visual_Cargo_x612_y12625_vv.tif,S1A_IW_GRDH_1SDV_20160114T221226_20160114T221251_009496_00DC88_46B2/Patch_Uint8/Visual_Cargo_x612_y12625_vh.tif,17760,76384db7c45cc9a4d33c8bbab87d0318a91d6dbdaf9c33cc43fe99cf1d357c8c
S1A_IW_GRDH_1SDV_20160114T221226_20160114T221251_009496_00DC88_46B2/616_12432,Bulk Carrier,0,opensar_zip,OpenSARShip_1/S1A_IW_GRDH_1SDV_20160114T221226_20160114T221251_009496_00DC88_46B2.zip,S1A_IW_GRDH_1SDV_20160114T221226_20160114T221251_009496_00DC88_46B2/Patch_Uint8/Visual_Cargo_x616_y12432_vv.tif,S1A_IW_GRDH_1SDV_20160114T221226_20160114T221251_009496_00DC88_46B2/Patch_Uint8/Visual_Cargo_x616_y12432_vh.tif,20848,b79f2a2ae66f28b4480dbe219cebac5017dca96b8d65e7d40812c74bd9860280
S1A_IW_GRDH_1SDV_20160114T221226_20160114T221251_009496_00DC88_46B2/6175_13665,Bulk Carrier,0,opensar_zip,OpenSARShip_1/S1A_IW_GRDH_1SDV_20160114T221226_20160114T221251_009496_00DC88_46B2.zip,S1A_IW_GRDH_1SDV_20160114T221226_20160114T221251_009496_00DC88_46B2/Patch_Uint8/Visual_Cargo_x6175_y13665_vv.tif,S1A_IW_GRDH_1SDV_20160114T221226_20160114T221251_009496_00DC88_46B2/Patch_Uint8/Visual_Cargo_x6175_y13665_vh.tif,25926,ea3ffa6c57fb6e5978b15e140866ceb3741bb3b2ad39353870988305953aebb4
S1A_IW_GRDH_1SDV_20160114T221226_20160114T221251_009496_00DC88_46B2/6248_15907,Bulk Carrier,0,opensar_zip,OpenSARShip_1/S1A_IW_GRDH_1SDV_20160114T221226_20160114T221251_009496_00DC88_46B2.zip,S1A_IW_GRDH_1SDV_20160114T221226_20160114T221251_009496_00DC88_46B2/Patch_Uint8/Visual_Cargo_x6248_y15907_vv.tif,S1A_IW_GRDH_1SDV_20160114T221226_20160114T221251_009496_00DC88_46B2/Patch_Uint8/Visual_Cargo_x6248_y15907_vh.tif,24268,d73eec43c7aaf123e1b80f1053603a3a87b2d6b349d85101117045e88d5a33a0
S1A_IW_GRDH_1SDV_20160114T221226_20160114T221251_009496_00DC88_46B2/6354_13780,Bulk Carrier,0,opensar_zip,OpenSARShip_1/S1A_IW_GRDH_1SDV_20160114T221226_20160114T221251_009496_00DC88_46B2.zip,S1A_IW_GRDH_1SDV_20160114T221226_20160114T221251_009496_00DC88_46B2/Patch_Uint8/Visual_Cargo_x6354_y13780_vv.tif,S1A_IW_GRDH_1SDV_20160114T221226_20160114T221251_009496_00DC88_46B2/Patch_Uint8/Visual_Cargo_x6354_y13780_vh.tif,18398,1d6955d08a617d9c1ef2b8a8b909358b946d15fb921179d7d82ca595fbb2917e
S1A_IW_GRDH_1SDV_20160114T221226_20160114T221251_009496_00DC88_46B2/6549_15786,Container Ship,1,opensar_zip,OpenSARShip_1/S1A_IW_GRDH_1SDV_20160114T221226_20160114T221251_009496_00DC88_46B2.zip,S1A_IW_GRDH_1SDV_20160114T221226_20160114T221251_009496_00DC88_46B2/Patch_Uint8/Visual_Cargo_x6549_y15786_vv.tif,S1A_IW_GRDH_1SDV_20160114T221226_20160114T221251_009496_00DC88_46B2/Patch_Uint8/Visual_Cargo_x6549_y15786_vh.tif,17714,d4d1c9076a422e868db854fdc19db9b7935c7ca0b1f827d8b55b1c398f4d5588
S1A_IW_GRDH_1SDV_20160114T221226_20160114T221251_009496_00DC88_46B2/690_13202,Bulk Carrier,0,opensar_zip,OpenSARShip_1/S1A_IW_GRDH_1SDV_20160114T221226_20160114T221251_009496_00DC88_46B2.zip,S1A_IW_GRDH_1SDV_20160114T221226_20160114T221251_009496_00DC88_46B2/Patch_Uint8/Visual_Cargo_x690_y13202_vv.tif,S1A_IW_GRDH_1SDV_20160114T221226_20160114T221251_009496_00DC88_46B2/Patch_Uint8/Visual_Cargo_x690_y13202_vh.tif,20872,7bbdfe51a60367e1d277bd2549553bf47b36f752eac79e70819207f45d56d081
S1A_IW_GRDH_1SDV_20160114T221226_20160114T221251_009496_00DC88_46B2/732_12958,Bulk Carrier,0,opensar_zip,OpenSARShip_1/S1A_IW_GRDH_1SDV_20160114T221226_20160114T221251_009496_00DC88_46B2.zip,S1A_IW_GRDH_1SDV_20160114T221226_20160114T221251_009496_00DC88_46B2/Patch_Uint8/Visual_Cargo_x732_y12958_vv.tif,S1A_IW_GRDH_1SDV_20160114T221226_20160114T221251_009496_00DC88_46B2/Patch_Uint8/Visual_Cargo_x732_y12958_vh.tif,20644,9aa6053e032e91ac0ae3d1917eac2af1db02119c27be122114ce940cc3b3e029
S1A_IW_GRDH_1SDV_20160114T221226_20160114T221251_009496_00DC88_46B2/7356_13488,Dredger,2,opensar_zip,OpenSARShip_1/S1A_IW_GRDH_1SDV_20160114T221226_20160114T221251_009496_00DC88_46B2.zip,S1A_IW_GRDH_1SDV_20160114T221226_20160114T221251_009496_00DC88_46B2/Patch_Uint8/Visual_Other Type_x7356_y13488_vv.tif,S1A_IW_GRDH_1SDV_20160114T221226_20160114T221251_009496_00DC88_46B2/Patch_Uint8/Visual_Other Type_x7356_y13488_vh.tif,3178,abd8db5d40cf289bad5994e5eeb96a01e378f28dcf0dee47c9b55682a1134ee0
S1A_IW_GRDH_1SDV_20160114T221226_20160114T221251_009496_00DC88_46B2/7813_15290,Bulk Carrier,0,opensar_zip,OpenSARShip_1/S1A_IW_GRDH_1SDV_20160114T221226_20160114T221251_009496_00DC88_46B2.zip,S1A_IW_GRDH_1SDV_20160114T221226_20160114T221251_009496_00DC88_46B2/Patch_Uint8/Visual_Cargo_x7813_y15290_vv.tif,S1A_IW_GRDH_1SDV_20160114T221226_20160114T221251_009496_00DC88_46B2/Patch_Uint8/Visual_Cargo_x7813_y15290_vh.tif,24818,a628148e79a5ddd7217a15bd0d88e4e79ec70fe48c1c74306173713a73a8fa6d
S1A_IW_GRDH_1SDV_20160114T221226_20160114T221251_009496_00DC88_46B2/7881_16111,Container Ship,1,opensar_zip,OpenSARShip_1/S1A_IW_GRDH_1SDV_20160114T221226_20160114T221251_009496_00DC88_46B2.zip,S1A_IW_GRDH_1SDV_20160114T221226_20160114T221251_009496_00DC88_46B2/Patch_Uint8/Visual_Cargo_x7881_y16111_vv.tif,S1A_IW_GRDH_1SDV_20160114T221226_20160114T221251_009496_00DC88_46B2/Patch_Uint8/Visual_Cargo_x7881_y16111_vh.tif,31300,ffad0cc498d3050b32a59bc9ab805812931fdecffddba40115857bdd82efefec
S1A_IW_GRDH_1SDV_20160114T221226_20160114T221251_009496_00DC88_46B2/8165_15170,Bulk Carrier,0,opensar_zip,OpenSARShip_1/S1A_IW_GRDH_1SDV_20160114T221226_20160114T221251_009496_00DC88_46B2.zip,S1A_IW_GRDH_1SDV_20160114T221226_20160114T221251_009496_00DC88_46B2/Patch_Uint8/Visual_Cargo_x8165_y15170_vv.tif,S1A_IW_GRDH_1SDV_20160114T221226_20160114T221251_009496_00DC88_46B2/Patch_Uint8/Visual_Cargo_x8165_y15170_vh.tif,15728,c3715ef3ff4d9eb7b0e4226e9c7ff77eff04a04dce234f05cfad1dcf03198f8b
S1A_IW_GRDH_1SDV_20160114T221226_20160114T221251_009496_00DC88_46B2/8321_15756,Bulk Carrier,0,opensar_zip,OpenSARShip_1/S1A_IW_GRDH_1SDV_20160114T221226_20160114T221251_009496_00DC88_46B2.zip,S1A_IW_GRDH_1SDV_20160114T221226_20160114T221251_009496_00DC88_46B2/Patch_Uint8/Visual_Cargo_x8321_y15756_vv.tif,S1A_IW_GRDH_1SDV_20160114T221226_20160114T221251_009496_00DC88_46B2/Patch_Uint8/Visual_Cargo_x8321_y15756_vh.tif,8916,af0cbd1751dbb386f6bf8970112d40475adea0ec2069e224609a48585f2da27c
S1A_IW_GRDH_1SDV_20160114T221226_20160114T221251_009496_00DC88_46B2/8657_15126,Bulk Carrier,0,opensar_zip,OpenSARShip_1/S1A_IW_GRDH_1SDV_20160114T221226_20160114T221251_009496_00DC88_46B2.zip,S1A_IW_GRDH_1SDV_20160114T221226_20160114T221251_009496_00DC88_46B2/Patch_Uint8/Visual_Cargo_x8657_y15126_vv.tif,S1A_IW_GRDH_1SDV_20160114T221226_20160114T221251_009496_00DC88_46B2/Patch_Uint8/Visual_Cargo_x8657_y15126_vh.tif,24668,fc269adf3f3d4dcf122a98b453a5ce8e9ecf901990dc0b1c78535a375996ce34
S1A_IW_GRDH_1SDV_20160114T221226_20160114T221251_009496_00DC88_46B2/8665_14136,Container Ship,1,opensar_zip,OpenSARShip_1/S1A_IW_GRDH_1SDV_20160114T221226_20160114T221251_009496_00DC88_46B2.zip,S1A_IW_GRDH_1SDV_20160114T221226_20160114T221251_009496_00DC88_46B2/Patch_Uint8/Visual_Cargo_x8665_y14136_vv.tif,S1A_IW_GRDH_1SDV_20160114T221226_20160114T221251_009496_00DC88_46B2/Patch_Uint8/Visual_Cargo_x8665_y14136_vh.tif,24316,dc122a82631d036ed07162b410609437aee83e05a8adf677a7916500ee2e3065
S1A_IW_GRDH_1SDV_20160114T221226_20160114T221251_009496_00DC88_46B2/8855_14222,Bulk Carrier,0,opensar_zip,OpenSARShip_1/S1A_IW_GRDH_1SDV_20160114T221226_20160114T221251_009496_00DC88_46B2.zip,S1A_IW_GRDH_1SDV_20160114T221226_20160114T221251_009496_00DC88_46B2/Patch_Uint8/Visual_Cargo_x8855_y14222_vv.tif,S1A_IW_GRDH_1SDV_20160114T221226_20160114T221251_009496_00DC88_46B2/Patch_Uint8/Visual_Cargo_x8855_y14222_vh.tif,8128,45a1ac4370ad7764c98ccacdd04877c51a09170ee3b38375c023f4ae9c61bf0c
S1A_IW_GRDH_1SDV_20160114T221226_20160114T221251_009496_00DC88_46B2/8921_14424,Bulk Carrier,0,opensar_zip,OpenSARShip_1/S1A_IW_GRDH_1SDV_20160114T221226_20160114T221251_009496_00DC88_46B2.zip,S1A_IW_GRDH_1SDV_20160114T221226_20160114T221251_009496_00DC88_46B2/Patch_Uint8/Visual_Cargo_x8921_y14424_vv.tif,S1A_IW_GRDH_1SDV_20160114T221226_20160114T221251_009496_00DC88_46B2/Patch_Uint8/Visual_Cargo_x8921_y14424_vh.tif,11884,d270e95e947d7860bf6dc79bccaab87240bedc0cff2819322c59949a1a3bdf29
S1A_IW_GRDH_1SDV_20160114T221226_20160114T221251_009496_00DC88_46B2/9006_14157,Bulk Carrier,0,opensar_zip,OpenSARShip_1/S1A_IW_GRDH_1SDV_20160114T221226_20160114T221251_009496_00DC88_46B2.zip,S1A_IW_GRDH_1SDV_20160114T221226_20160114T221251_009496_00DC88_46B2/Patch_Uint8/Visual_Cargo_x9006_y14157_vv.tif,S1A_IW_GRDH_1SDV_20160114T221226_20160114T221251_009496_00DC88_46B2/Patch_Uint8/Visual_Cargo_x9006_y14157_vh.tif,8420,4beb5ceffa178a6092f0cd2949c1ca09acd45fd2150254dfd2b01b23b98e139f
S1A_IW_GRDH_1SDV_20160114T221226_20160114T221251_009496_00DC88_46B2/9008_14361,Bulk Carrier,0,opensar_zip,OpenSARShip_1/S1A_IW_GRDH_1SDV_20160114T221226_20160114T221251_009496_00DC88_46B2.zip,S1A_IW_GRDH_1SDV_20160114T221226_20160114T221251_009496_00DC88_46B2/Patch_Uint8/Visual_Cargo_x9008_y14361_vv.tif,S1A_IW_GRDH_1SDV_20160114T221226_20160114T221251_009496_00DC88_46B2/Patch_Uint8/Visual_Cargo_x9008_y14361_vh.tif,9746,b8288cff45856eb2be8046acd8a99154b6edc8defcb4bfa52c5ed4e1af9a4098
S1A_IW_GRDH_1SDV_20160114T221226_20160114T221251_009496_00DC88_46B2/9150_13657,Bulk Carrier,0,opensar_zip,OpenSARShip_1/S1A_IW_GRDH_1SDV_20160114T221226_20160114T221251_009496_00DC88_46B2.zip,S1A_IW_GRDH_1SDV_20160114T221226_20160114T221251_009496_00DC88_46B2/Patch_Uint8/Visual_Cargo_x9150_y13657_vv.tif,S1A_IW_GRDH_1SDV_20160114T221226_20160114T221251_009496_00DC88_46B2/Patch_Uint8/Visual_Cargo_x9150_y13657_vh.tif,4528,951f6f7474648e0a2f8c78f47a28f2a76969435dcb653af143dfb7d1ddbcea4a
S1A_IW_GRDH_1SDV_20160114T221226_20160114T221251_009496_00DC88_46B2/9169_13551,Bulk Carrier,0,opensar_zip,OpenSARShip_1/S1A_IW_GRDH_1SDV_20160114T221226_20160114T221251_009496_00DC88_46B2.zip,S1A_IW_GRDH_1SDV_20160114T221226_20160114T221251_009496_00DC88_46B2/Patch_Uint8/Visual_Cargo_x9169_y13551_vv.tif,S1A_IW_GRDH_1SDV_20160114T221226_20160114T221251_009496_00DC88_46B2/Patch_Uint8/Visual_Cargo_x9169_y13551_vh.tif,8728,c899673a79eab0dd71aea17fe126b755fcc72bb07a54b372b6d795775f0b3e95
S1A_IW_GRDH_1SDV_20160114T221226_20160114T221251_009496_00DC88_46B2/9174_14260,Bulk Carrier,0,opensar_zip,OpenSARShip_1/S1A_IW_GRDH_1SDV_20160114T221226_20160114T221251_009496_00DC88_46B2.zip,S1A_IW_GRDH_1SDV_20160114T221226_20160114T221251_009496_00DC88_46B2/Patch_Uint8/Visual_Cargo_x9174_y14260_vv.tif,S1A_IW_GRDH_1SDV_20160114T221226_20160114T221251_009496_00DC88_46B2/Patch_Uint8/Visual_Cargo_x9174_y14260_vh.tif,8200,de08a76757599c7deab41471aadac659a0712d47bb644db8247cf40a4e124299
S1A_IW_GRDH_1SDV_20160114T221226_20160114T221251_009496_00DC88_46B2/9220_13962,Bulk Carrier,0,opensar_zip,OpenSARShip_1/S1A_IW_GRDH_1SDV_20160114T221226_20160114T221251_009496_00DC88_46B2.zip,S1A_IW_GRDH_1SDV_20160114T221226_20160114T221251_009496_00DC88_46B2/Patch_Uint8/Visual_Cargo_x9220_y13962_vv.tif,S1A_IW_GRDH_1SDV_20160114T221226_20160114T221251_009496_00DC88_46B2/Patch_Uint8/Visual_Cargo_x9220_y13962_vh.tif,6114,c6200bed77e9e84549ebabe82bf909ee7278b2f8b092c4ef3b5cc97adbcf8968
S1A_IW_GRDH_1SDV_20160114T221226_20160114T221251_009496_00DC88_46B2/9265_15107,Bulk Carrier,0,opensar_zip,OpenSARShip_1/S1A_IW_GRDH_1SDV_20160114T221226_20160114T221251_009496_00DC88_46B2.zip,S1A_IW_GRDH_1SDV_20160114T221226_20160114T221251_009496_00DC88_46B2/Patch_Uint8/Visual_Cargo_x9265_y15107_vv.tif,S1A_IW_GRDH_1SDV_20160114T221226_20160114T221251_009496_00DC88_46B2/Patch_Uint8/Visual_Cargo_x9265_y15107_vh.tif,20658,8f9b8c05e58da898b5b42dfd0d06fb2567b4071f8ddff2151a099c163fe38a14
S1A_IW_GRDH_1SDV_20160114T221226_20160114T221251_009496_00DC88_46B2/9291_13815,Bulk Carrier,0,opensar_zip,OpenSARShip_1/S1A_IW_GRDH_1SDV_20160114T221226_20160114T221251_009496_00DC88_46B2.zip,S1A_IW_GRDH_1SDV_20160114T221226_20160114T221251_009496_00DC88_46B2/Patch_Uint8/Visual_Cargo_x9291_y13815_vv.tif,S1A_IW_GRDH_1SDV_20160114T221226_20160114T221251_009496_00DC88_46B2/Patch_Uint8/Visual_Cargo_x9291_y13815_vh.tif,6714,12d26df29f793bcb8ffc20ee50fbb883d5a47d2eb4eebef0967fa896336a761f
S1A_IW_GRDH_1SDV_20160114T221226_20160114T221251_009496_00DC88_46B2/9309_14235,Bulk Carrier,0,opensar_zip,OpenSARShip_1/S1A_IW_GRDH_1SDV_20160114T221226_20160114T221251_009496_00DC88_46B2.zip,S1A_IW_GRDH_1SDV_20160114T221226_20160114T221251_009496_00DC88_46B2/Patch_Uint8/Visual_Cargo_x9309_y14235_vv.tif,S1A_IW_GRDH_1SDV_20160114T221226_20160114T221251_009496_00DC88_46B2/Patch_Uint8/Visual_Cargo_x9309_y14235_vh.tif,8710,35a438b27823f5fa1aefd788c5ae3996666fb98d448beb1a2d2fbd7492db5954
S1A_IW_GRDH_1SDV_20160114T221226_20160114T221251_009496_00DC88_46B2/9327_13926,Container Ship,1,opensar_zip,OpenSARShip_1/S1A_IW_GRDH_1SDV_20160114T221226_20160114T221251_009496_00DC88_46B2.zip,S1A_IW_GRDH_1SDV_20160114T221226_20160114T221251_009496_00DC88_46B2/Patch_Uint8/Visual_Cargo_x9327_y13926_vv.tif,S1A_IW_GRDH_1SDV_20160114T221226_20160114T221251_009496_00DC88_46B2/Patch_Uint8/Visual_Cargo_x9327_y13926_vh.tif,9164,3cf0d3d65af0e6f33dcbaf540cf7ff92008c6ff8239ec788742d5552c2b014b5
S1A_IW_GRDH_1SDV_20160114T221226_20160114T221251_009496_00DC88_46B2/9382_14991,Bulk Carrier,0,opensar_zip,OpenSARShip_1/S1A_IW_GRDH_1SDV_20160114T221226_20160114T221251_009496_00DC88_46B2.zip,S1A_IW_GRDH_1SDV_20160114T221226_20160114T221251_009496_00DC88_46B2/Patch_Uint8/Visual_Cargo_x9382_y14991_vv.tif,S1A_IW_GRDH_1SDV_20160114T221226_20160114T221251_009496_00DC88_46B2/Patch_Uint8/Visual_Cargo_x9382_y14991_vh.tif,22092,81dd8d06adc3a34ff0cdeee5c9911a6c4ebf8eba9ff05248284753e70c08b919
S1A_IW_GRDH_1SDV_20160114T221226_20160114T221251_009496_00DC88_46B2/9454_14236,Bulk Carrier,0,opensar_zip,OpenSARShip_1/S1A_IW_GRDH_1SDV_20160114T221226_20160114T221251_009496_00DC88_46B2.zip,S1A_IW_GRDH_1SDV_20160114T221226_20160114T221251_009496_00DC88_46B2/Patch_Uint8/Visual_Cargo_x9454_y14236_vv.tif,S1A_IW_GRDH_1SDV_20160114T221226_20160114T221251_009496_00DC88_46B2/Patch_Uint8/Visual_Cargo_x9454_y14236_vh.tif,5218,eb6b68f8887f12f1c97e24c90bdc8dcaf148bc9f2564dcb1777e87e044286393
S1A_IW_GRDH_1SDV_20160114T221226_20160114T221251_009496_00DC88_46B2/9521_14762,Bulk Carrier,0,opensar_zip,OpenSARShip_1/S1A_IW_GRDH_1SDV_20160114T221226_20160114T221251_009496_00DC88_46B2.zip,S1A_IW_GRDH_1SDV_20160114T221226_20160114T221251_009496_00DC88_46B2/Patch_Uint8/Visual_Cargo_x9521_y14762_vv.tif,S1A_IW_GRDH_1SDV_20160114T221226_20160114T221251_009496_00DC88_46B2/Patch_Uint8/Visual_Cargo_x9521_y14762_vh.tif,23918,11dcb339063742a58c50fd493e70cd1f7fcbc1abe36b83b5c897032910c73895
S1A_IW_GRDH_1SDV_20160114T221226_20160114T221251_009496_00DC88_46B2/9708_13731,Bulk Carrier,0,opensar_zip,OpenSARShip_1/S1A_IW_GRDH_1SDV_20160114T221226_20160114T221251_009496_00DC88_46B2.zip,S1A_IW_GRDH_1SDV_20160114T221226_20160114T221251_009496_00DC88_46B2/Patch_Uint8/Visual_Cargo_x9708_y13731_vv.tif,S1A_IW_GRDH_1SDV_20160114T221226_20160114T221251_009496_00DC88_46B2/Patch_Uint8/Visual_Cargo_x9708_y13731_vh.tif,11892,5a283a5d403a42ced1a91bae829830f3e99ab5b58e94a2b21deb467339a0ef5a
S1A_IW_GRDH_1SDV_20160114T221226_20160114T221251_009496_00DC88_46B2/9709_14953,Bulk Carrier,0,opensar_zip,OpenSARShip_1/S1A_IW_GRDH_1SDV_20160114T221226_20160114T221251_009496_00DC88_46B2.zip,S1A_IW_GRDH_1SDV_20160114T221226_20160114T221251_009496_00DC88_46B2/Patch_Uint8/Visual_Cargo_x9709_y14953_vv.tif,S1A_IW_GRDH_1SDV_20160114T221226_20160114T221251_009496_00DC88_46B2/Patch_Uint8/Visual_Cargo_x9709_y14953_vh.tif,26840,52fa30cf64a3c2558f17060ef08a3acf92160a04ca04261c991a0a5d5e250880
S1A_IW_GRDH_1SDV_20160114T221226_20160114T221251_009496_00DC88_46B2/9713_13935,Bulk Carrier,0,opensar_zip,OpenSARShip_1/S1A_IW_GRDH_1SDV_20160114T221226_20160114T221251_009496_00DC88_46B2.zip,S1A_IW_GRDH_1SDV_20160114T221226_20160114T221251_009496_00DC88_46B2/Patch_Uint8/Visual_Cargo_x9713_y13935_vv.tif,S1A_IW_GRDH_1SDV_20160114T221226_20160114T221251_009496_00DC88_46B2/Patch_Uint8/Visual_Cargo_x9713_y13935_vh.tif,13260,66a72381c99ecceb56fd5a851a2ed751a952d8e469ef50a5ad3f4a3d1711665a
S1A_IW_GRDH_1SDV_20160114T221226_20160114T221251_009496_00DC88_46B2/9826_13837,Bulk Carrier,0,opensar_zip,OpenSARShip_1/S1A_IW_GRDH_1SDV_20160114T221226_20160114T221251_009496_00DC88_46B2.zip,S1A_IW_GRDH_1SDV_20160114T221226_20160114T221251_009496_00DC88_46B2/Patch_Uint8/Visual_Cargo_x9826_y13837_vv.tif,S1A_IW_GRDH_1SDV_20160114T221226_20160114T221251_009496_00DC88_46B2/Patch_Uint8/Visual_Cargo_x9826_y13837_vh.tif,10904,6bbd0cf75567891fc58d59c2d0e3fecc1940d5eb2ec3aca8cad996243a35268c
S1A_IW_GRDH_1SDV_20160114T221226_20160114T221251_009496_00DC88_46B2/9853_13747,Bulk Carrier,0,opensar_zip,OpenSARShip_1/S1A_IW_GRDH_1SDV_20160114T221226_20160114T221251_009496_00DC88_46B2.zip,S1A_IW_GRDH_1SDV_20160114T221226_20160114T221251_009496_00DC88_46B2/Patch_Uint8/Visual_Cargo_x9853_y13747_vv.tif,S1A_IW_GRDH_1SDV_20160114T221226_20160114T221251_009496_00DC88_46B2/Patch_Uint8/Visual_Cargo_x9853_y13747_vh.tif,9410,c69a4be5940ed9ac8922de82d179e7a2f8da08db68920f997f4383afdbd4be7a
S1A_IW_GRDH_1SDV_20160114T221226_20160114T221251_009496_00DC88_46B2/9992_13692,Bulk Carrier,0,opensar_zip,OpenSARShip_1/S1A_IW_GRDH_1SDV_20160114T221226_20160114T221251_009496_00DC88_46B2.zip,S1A_IW_GRDH_1SDV_20160114T221226_20160114T221251_009496_00DC88_46B2/Patch_Uint8/Visual_Cargo_x9992_y13692_vv.tif,S1A_IW_GRDH_1SDV_20160114T221226_20160114T221251_009496_00DC88_46B2/Patch_Uint8/Visual_Cargo_x9992_y13692_vh.tif,11810,b6cfa779006750efd26ad462a0f6788e8fcaf49e746faec076d3b2d338433ecf
S1A_IW_GRDH_1SDV_20160126T221225_20160126T221250_009671_00E1AF_228F/10069_14804,Bulk Carrier,0,opensar_zip,OpenSARShip_1/S1A_IW_GRDH_1SDV_20160126T221225_20160126T221250_009671_00E1AF_228F.zip,S1A_IW_GRDH_1SDV_20160126T221225_20160126T221250_009671_00E1AF_228F/Patch_Uint8/Visual_Cargo_x10069_y14804_vv.tif,S1A_IW_GRDH_1SDV_20160126T221225_20160126T221250_009671_00E1AF_228F/Patch_Uint8/Visual_Cargo_x10069_y14804_vh.tif,9940,59db69cbc7d1f6bd5e637433ff8469abdab94a889498f98b38dd73f33626b3e0
S1A_IW_GRDH_1SDV_20160126T221225_20160126T221250_009671_00E1AF_228F/1006_13027,Bulk Carrier,0,opensar_zip,OpenSARShip_1/S1A_IW_GRDH_1SDV_20160126T221225_20160126T221250_009671_00E1AF_228F.zip,S1A_IW_GRDH_1SDV_20160126T221225_20160126T221250_009671_00E1AF_228F/Patch_Uint8/Visual_Cargo_x1006_y13027_vv.tif,S1A_IW_GRDH_1SDV_20160126T221225_20160126T221250_009671_00E1AF_228F/Patch_Uint8/Visual_Cargo_x1006_y13027_vh.tif,22580,317140015e3e41fa164b855bae3e450a373b268f721b13cd8d309780674f93f8
S1A_IW_GRDH_1SDV_20160126T221225_20160126T221250_009671_00E1AF_228F/10088_14450,Bulk Carrier,0,opensar_zip,OpenSARShip_1/S1A_IW_GRDH_1SDV_20160126T221225_20160126T221250_009671_00E1AF_228F.zip,S1A_IW_GRDH_1SDV_20160126T221225_20160126T221250_009671_00E1AF_228F/Patch_Uint8/Visual_Cargo_x10088_y14450_vv.tif,S1A_IW_GRDH_1SDV_20160126T221225_20160126T221250_009671_00E1AF_228F/Patch_Uint8/Visual_Cargo_x10088_y14450_vh.tif,9236,98250fffc9c163d620e88eab2b5c06d7b82536a120d5f40769717d42bc134a19
S1A_IW_GRDH_1SDV_20160126T221225_20160126T221250_009671_00E1AF_228F/10249_15010,Bulk Carrier,0,opensar_zip,OpenSARShip_1/S1A_IW_GRDH_1SDV_20160126T221225_20160126T221250_009671_00E1AF_228F.zip,S1A_IW_GRDH_1SDV_20160126T221225_20160126T221250_009671_00E1AF_228F/Patch_Uint8/Visual_Cargo_x10249_y15010_vv.tif,S1A_IW_GRDH_1SDV_20160126T221225_20160126T221250_009671_00E1AF_228F/Patch_Uint8/Visual_Cargo_x10249_y15010_vh.tif,10982,e95dfa950c5ef883f809bba4cd728726acac84400c81535a334e76e3da316370
S1A_IW_GRDH_1SDV_20160126T221225_20160126T221250_009671_00E1AF_228F/10488_14686,Bulk Carrier,0,opensar_zip,OpenSARShip_1/S1A_IW_GRDH_1SDV_20160126T221225_20160126T221250_009671_00E1AF_228F.zip,S1A_IW_GRDH_1SDV_20160126T221225_20160126T221250_009671_00E1AF_228F/Patch_Uint8/Visual_Cargo_x10488_y14686_vv.tif,S1A_IW_GRDH_1SDV_20160126T221225_20160126T221250_009671_00E1AF_228F/Patch_Uint8/Visual_Cargo_x10488_y14686_vh.tif,7874,4a184cd1a31f14b861a8457fc4a6627de29dd9c8e20192c206784f34d2bc0fab
S1A_IW_GRDH_1SDV_20160126T221225_20160126T221250_009671_00E1AF_228F/10540_14837,Bulk Carrier,0,opensar_zip,OpenSARShip_1/S1A_IW_GRDH_1SDV_20160126T221225_20160126T221250_009671_00E1AF_228F.zip,S1A_IW_GRDH_1SDV_20160126T221225_20160126T221250_009671_00E1AF_228F/Patch_Uint8/Visual_Cargo_x10540_y14837_vv.tif,S1A_IW_GRDH_1SDV_20160126T221225_20160126T221250_009671_00E1AF_228F/Patch_Uint8/Visual_Cargo_x10540_y14837_vh.tif,8970,cfde21ea5048e0d1c7aeb3cc1ebdceccb03e67dd19885e73e0f4fe21070b1cc5
S1A_IW_GRDH_1SDV_20160126T221225_20160126T221250_009671_00E1AF_228F/10640_14965,Bulk Carrier,0,opensar_zip,OpenSARShip_1/S1A_IW_GRDH_1SDV_20160126T221225_20160126T221250_009671_00E1AF_228F.zip,S1A_IW_GRDH_1SDV_20160126T221225_20160126T221250_009671_00E1AF_228F/Patch_Uint8/Visual_Cargo_x10640_y14965_vv.tif,S1A_IW_GRDH_1SDV_20160126T221225_20160126T221250_009671_00E1AF_228F/Patch_Uint8/Visual_Cargo_x10640_y14965_vh.tif,8556,e097ba465ad4fe40760a63ec056ffd8504fa05f5c8e97130f96b42cd557bd0ca
S1A_IW_GRDH_1SDV_20160126T221225_20160126T221250_009671_00E1AF_228F/10683_14480,Bulk Carrier,0,opensar_zip,OpenSARShip_1/S1A_IW_GRDH_1SDV_20160126T221225_20160126T221250_009671_00E1AF_228F.zip,S1A_IW_GRDH_1SDV_20160126T221225_20160126T221250_009671_00E1AF_228F/Patch_Uint8/Visual_Cargo_x10683_y14480_vv.tif,S1A_IW_GRDH_1SDV_20160126T221225_20160126T221250_009671_00E1AF_228F/Patch_Uint8/Visual_Cargo_x10683_y14480_vh.tif,8942,d63c449f44b270aab619a27c5cfd54910433a89d4603421f886d87c9629c09ee
S1A_IW_GRDH_1SDV_20160126T221225_20160126T221250_009671_00E1AF_228F/10749_14618,Bulk Carrier,0,opensar_zip,OpenSARShip_1/S1A_IW_GRDH_1SDV_20160126T221225_20160126T221250_009671_00E1AF_228F.zip,S1A_IW_GRDH_1SDV_20160126T221225_20160126T221250_009671_00E1AF_228F/Patch_Uint8/Visual_Cargo_x10749_y14618_vv.tif,S1A_IW_GRDH_1SDV_20160126T221225_20160126T221250_009671_00E1AF_228F/Patch_Uint8/Visual_Cargo_x10749_y14618_vh.tif,8368,b9dbdf368a4e33c82f1c1875ab18d88be632a29d5ae1df477311611ec7e43f50
S1A_IW_GRDH_1SDV_20160126T221225_20160126T221250_009671_00E1AF_228F/10996_14603,Bulk Carrier,0,opensar_zip,OpenSARShip_1/S1A_IW_GRDH_1SDV_20160126T221225_20160126T221250_009671_00E1AF_228F.zip,S1A_IW_GRDH_1SDV_20160126T221225_20160126T221250_009671_00E1AF_228F/Patch_Uint8/Visual_Cargo_x10996_y14603_vv.tif,S1A_IW_GRDH_1SDV_20160126T221225_20160126T221250_009671_00E1AF_228F/Patch_Uint8/Visual_Cargo_x10996_y14603_vh.tif,10370,11df9fc01aab3db3aa84742da9f3e7e3c7b2e3bb6c7797e07825296a8c8c66c7
S1A_IW_GRDH_1SDV_20160126T221225_20160126T221250_009671_00E1AF_228F/11089_14506,Tanker,4,opensar_zip,OpenSARShip_1/S1A_IW_GRDH_1SDV_20160126T221225_20160126T221250_009671_00E1AF_228F.zip,S1A_IW_GRDH_1SDV_20160126T221225_20160126T221250_009671_00E1AF_228F/Patch_Uint8/Visual_Tanker_x11089_y14506_vv.tif,S1A_IW_GRDH_1SDV_20160126T221225_20160126T221250_009671_00E1AF_228F/Patch_Uint8/Visual_Tanker_x11089_y14506_vh.tif,6380,8682fdbdef1478d4ae2ea6ff639a1ffe5e5e61b8db773ac5daa981c15f9b81f4
S1A_IW_GRDH_1SDV_20160126T221225_20160126T221250_009671_00E1AF_228F/11134_14326,Tanker,4,opensar_zip,OpenSARShip_1/S1A_IW_GRDH_1SDV_20160126T221225_20160126T221250_009671_00E1AF_228F.zip,S1A_IW_GRDH_1SDV_20160126T221225_20160126T221250_009671_00E1AF_228F/Patch_Uint8/Visual_Tanker_x11134_y14326_vv.tif,S1A_IW_GRDH_1SDV_20160126T221225_20160126T221250_009671_00E1AF_228F/Patch_Uint8/Visual_Tanker_x11134_y14326_vh.tif,8796,8416794ea7f5ebde97483428e3cd79349a97fcf0a6bd71c9485be7c6ba609893
S1A_IW_GRDH_1SDV_20160126T221225_20160126T221250_009671_00E1AF_228F/11330_14591,Tanker,4,opensar_zip,OpenSARShip_1/S1A_IW_GRDH_1SDV_20160126T221225_20160126T221250_009671_00E1AF_228F.zip,S1A_IW_GRDH_1SDV_20160126T221225_20160126T221250_009671_00E1AF_228F/Patch_Uint8/Visual_Tanker_x11330_y14591_vv.tif,S1A_IW_GRDH_1SDV_20160126T221225_20160126T221250_009671_00E1AF_228F/Patch_Uint8/Visual_Tanker_x11330_y14591_vh.tif,3818,6671b7ffff3d5da60ed47a77353ce3750635008ef20774c111264fcce469060d
S1A_IW_GRDH_1SDV_20160126T221225_20160126T221250_009671_00E1AF_228F/11375_14481,Tanker,4,opensar_zip,OpenSARShip_1/S1A_IW_GRDH_1SDV_20160126T221225_20160126T221250_009671_00E1AF_228F.zip,S1A_IW_GRDH_1SDV_20160126T221225_20160126T221250_009671_00E1AF_228F/Patch_Uint8/Visual_Tanker_x11375_y14481_vv.tif,S1A_IW_GRDH_1SDV_20160126T221225_20160126T221250_009671_00E1AF_228F/Patch_Uint8/Visual_Tanker_x11375_y14481_vh.tif,2614,f573fef6f5087f54217e183387249a9d7430e5c125073e259547529388447f4e
S1A_IW_GRDH_1SDV_20160126T221225_20160126T221250_009671_00E1AF_228F/11527_14615,Tanker,4,opensar_zip,OpenSARShip_1/S1A_IW_GRDH_1SDV_20160126T221225_20160126T221250_009671_00E1AF_228F.zip,S1A_IW_GRDH_1SDV_20160126T221225_20160126T221250_009671_00E1AF_228F/Patch_Uint8/Visual_Tanker_x11527_y14615_vv.tif,S1A_IW_GRDH_1SDV_20160126T221225_20160126T221250_009671_00E1AF_228F/Patch_Uint8/Visual_Tanker_x11527_y14615_vh.tif,3206,a75e543c794364c1a57ce641be06fdd9d99121c178c167e7a1d10eb428a84c73
S1A_IW_GRDH_1SDV_20160126T221225_20160126T221250_009671_00E1AF_228F/11530_14505,Tanker,4,opensar_zip,OpenSARShip_1/S1A_IW_GRDH_1SDV_20160126T221225_20160126T221250_009671_00E1AF_228F.zip,S1A_IW_GRDH_1SDV_20160126T221225_20160126T221250_009671_00E1AF_228F/Patch_Uint8/Visual_Tanker_x11530_y14505_vv.tif,S1A_IW_GRDH_1SDV_20160126T221225_20160126T221250_009671_00E1AF_228F/Patch_Uint8/Visual_Tanker_x11530_y14505_vh.tif,1324,f0a1ca649fd26c115fd6284cb718453e49721ac2e4056b8e71a2650dba299581
S1A_IW_GRDH_1SDV_20160126T221225_20160126T221250_009671_00E1AF_228F/11538_14353,Tanker,4,opensar_zip,OpenSARShip_1/S1A_IW_GRDH_1SDV_20160126T221225_20160126T221250_009671_00E1AF_228F.zip,S1A_IW_GRDH_1SDV_20160126T221225_20160126T221250_009671_00E1AF_228F/Patch_Uint8/Visual_Tanker_x11538_y14353_vv.tif,S1A_IW_GRDH_1SDV_20160126T221225_20160126T221250_009671_00E1AF_228F/Patch_Uint8/Visual_Tanker_x11538_y14353_vh.tif,2122,8083977099013be079b30cba60dfc3991789407be2560eda08ba81145a297f7d
S1A_IW_GRDH_1SDV_20160126T221225_20160126T221250_009671_00E1AF_228F/11547_14975,Tanker,4,opensar_zip,OpenSARShip_1/S1A_IW_GRDH_1SDV_20160126T221225_20160126T221250_009671_00E1AF_228F.zip,S1A_IW_GRDH_1SDV_20160126T221225_20160126T221250_009671_00E1AF_228F/Patch_Uint8/Visual_Tanker_x11547_y14975_vv.tif,S1A_IW_GRDH_1SDV_20160126T221225_20160126T221250_009671_00E1AF_228F/Patch_Uint8/Visual_Tanker_x11547_y14975_vh.tif,1320,b8edc6cd9f614419f097e18412387956956f5b4f04aa6a5795e723ce49a06d3e
S1A_IW_GRDH_1SDV_20160126T221225_20160126T221250_009671_00E1AF_228F/1171_10117,Bulk Carrier,0,opensar_zip,OpenSARShip_1/S1A_IW_GRDH_1SDV_20160126T221225_20160126T221250_009671_00E1AF_228F.zip,S1A_IW_GRDH_1SDV_20160126T221225_20160126T221250_009671_00E1AF_228F/Patch_Uint8/Visual_Cargo_x1171_y10117_vv.tif,S1A_IW_GRDH_1SDV_20160126T221225_20160126T221250_009671_00E1AF_228F/Patch_Uint8/Visual_Cargo_x1171_y10117_vh.tif,7974,739626060f095407aa8ab4cd389d077c8b5ee4af49c27273f750a438b70856d7
S1A_IW_GRDH_1SDV_20160126T221225_20160126T221250_009671_00E1AF_228F/1215_12780,Bulk Carrier,0,opensar_zip,OpenSARShip_1/S1A_IW_GRDH_1SDV_20160126T221225_20160126T221250_009671_00E1AF_228F.zip,S1A_IW_GRDH_1SDV_20160126T221225_20160126T221250_009671_00E1AF_228F/Patch_Uint8/Visual_Cargo_x1215_y12780_vv.tif,S1A_IW_GRDH_1SDV_20160126T221225_20160126T221250_009671_00E1AF_228F/Patch_Uint8/Visual_Cargo_x1215_y12780_vh.tif,11702,ce36e52ea13f03742e2014f321d1047e41a228e50cd0ff73bee8452c1c2e16f1
S1A_IW_GRDH_1SDV_20160126T221225_20160126T221250_009671_00E1AF_228F/1453_13967,Bulk Carrier,0,opensar_zip,OpenSARShip_1/S1A_IW_GRDH_1SDV_20160126T221225_20160126T221250_009671_00E1AF_228F.zip,S1A_IW_GRDH_1SDV_20160126T221225_20160126T221250_009671_00E1AF_228F/Patch_Uint8/Visual_Cargo_x1453_y13967_vv.tif,S1A_IW_GRDH_1SDV_20160126T221225_20160126T221250_009671_00E1AF_228F/Patch_Uint8/Visual_Cargo_x1453_y13967_vh.tif,11240,8af4f0ef9d6d7345bb7afccfcba079d7bc0b1c2748457450117cf6b87044345b
S1A_IW_GRDH_1SDV_20160126T221225_20160126T221250_009671_00E1AF_228F/1671_14581,Container Ship,1,opensar_zip,OpenSARShip_1/S1A_IW_GRDH_1SDV_20160126T221225_20160126T221250_009671_00E1AF_228F.zip,S1A_IW_GRDH_1SDV_20160126T221225_20160126T221250_009671_00E1AF_228F/Patch_Uint8/Visual_Cargo_x1671_y14581_vv.tif,S1A_IW_GRDH_1SDV_20160126T221225_20160126T221250_009671_00E1AF_228F/Patch_Uint8/Visual_Cargo_x1671_y14581_vh.tif,29450,b8b4d42e02950041650ce07bcd20c68c598fbeae9f49a6c90a95a42b91e95eef
S1A_IW_GRDH_1SDV_20160126T221225_20160126T221250_009671_00E1AF_228F/1865_11553,Bulk Carrier,0,opensar_zip,OpenSARShip_1/S1A_IW_GRDH_1SDV_20160126T221225_20160126T221250_009671_00E1AF_228F.zip,S1A_IW_GRDH_1SDV_20160126T221225_20160126T221250_009671_00E1AF_228F/Patch_Uint8/Visual_Cargo_x1865_y11553_vv.tif,S1A_IW_GRDH_1SDV_20160126T221225_20160126T221250_009671_00E1AF_228F/Patch_Uint8/Visual_Cargo_x1865_y11553_vh.tif,11128,1248041439d63b2d9a2afcfdef19a069a59ccd030c5f47e487d40750780f5b69
S1A_IW_GRDH_1SDV_20160126T221225_20160126T221250_009671_00E1AF_228F/1954_14906,Bulk Carrier,0,opensar_zip,OpenSARShip_1/S1A_IW_GRDH_1SDV_20160126T221225_20160126T221250_009671_00E1AF_228F.zip,S1A_IW_GRDH_1SDV_20160126T221225_20160126T221250_009671_00E1AF_228F/Patch_Uint8/Visual_Cargo_x1954_y14906_vv.tif,S1A_IW_GRDH_1SDV_20160126T221225_20160126T221250_009671_00E1AF_228F/Patch_Uint8/Visual_Cargo_x1954_y14906_vh.tif,16320,9fc07db81dc67ed7efe7a6fe32bca9da30612871f6210b1d9aec43433d6b6e74
S1A_IW_GRDH_1SDV_20160126T221225_20160126T221250_009671_00E1AF_228F/2013_12064,Bulk Carrier,0,opensar_zip,OpenSARShip_1/S1A_IW_GRDH_1SDV_20160126T221225_20160126T221250_009671_00E1AF_228F.zip,S1A_IW_GRDH_1SDV_20160126T221225_20160126T221250_009671_00E1AF_228F/Patch_Uint8/Visual_Cargo_x2013_y12064_vv.tif,S1A_IW_GRDH_1SDV_20160126T221225_20160126T221250_009671_00E1AF_228F/Patch_Uint8/Visual_Cargo_x2013_y12064_vh.tif,11256,e3b8e224e19b057f461ff6f60c6a278b35b79071b1f5f5107f510535c4f4337f
S1A_IW_GRDH_1SDV_20160126T221225_20160126T221250_009671_00E1AF_228F/2020_11777,Bulk Carrier,0,opensar_zip,OpenSARShip_1/S1A_IW_GRDH_1SDV_20160126T221225_20160126T221250_009671_00E1AF_228F.zip,S1A_IW_GRDH_1SDV_20160126T221225_20160126T221250_009671_00E1AF_228F/Patch_Uint8/Visual_Cargo_x2020_y11777_vv.tif,S1A_IW_GRDH_1SDV_20160126T221225_20160126T221250_009671_00E1AF_228F/Patch_Uint8/Visual_Cargo_x2020_y11777_vh.tif,8676,88fa0ef892966b076b1b7cf3332286f4ede06eb74b8c6dbaacf530690978c917
S1A_IW_GRDH_1SDV_20160126T221225_20160126T221250_009671_00E1AF_228F/2062_13786,Bulk Carrier,0,opensar_zip,OpenSARShip_1/S1A_IW_GRDH_1SDV_20160126T221225_20160126T221250_009671_00E1AF_228F.zip,S1A_IW_GRDH_1SDV_20160126T221225_20160126T221250_009671_00E1AF_228F/Patch_Uint8/Visual_Cargo_x2062_y13786_vv.tif,S1A_IW_GRDH_1SDV_20160126T221225_20160126T221250_009671_00E1AF_228F/Patch_Uint8/Visual_Cargo_x2062_y13786_vh.tif,21150,c274c6ce68e54606a9f5f39a11ea2b5ae6f9a96d4d8808c2d2b00d0025a0d92a
S1A_IW_GRDH_1SDV_20160126T221225_20160126T221250_009671_00E1AF_228F/2237_11594,Tanker,4,opensar_zip,OpenSARShip_1/S1A_IW_GRDH_1SDV_20160126T221225_20160126T221250_009671_00E1AF_228F.zip,S1A_IW_GRDH_1SDV_20160126T221225_20160126T221250_009671_00E1AF_228F/Patch_Uint8/Visual_Other Type_x2237_y11594_vv.tif,S1A_IW_GRDH_1SDV_20160126T221225_20160126T221250_009671_00E1AF_228F/Patch_Uint8/Visual_Other Type_x2237_y11594_vh.tif,762,b183c24cc13bab78b53491bd8a1929c4982058f0552047be34e5afd2b86df975
S1A_IW_GRDH_1SDV_20160126T221225_20160126T221250_009671_00E1AF_228F/2350_11493,Bulk Carrier,0,opensar_zip,OpenSARShip_1/S1A_IW_GRDH_1SDV_20160126T221225_20160126T221250_009671_00E1AF_228F.zip,S1A_IW_GRDH_1SDV_20160126T221225_20160126T221250_009671_00E1AF_228F/Patch_Uint8/Visual_Cargo_x2350_y11493_vv.tif,S1A_IW_GRDH_1SDV_20160126T221225_20160126T221250_009671_00E1AF_228F/Patch_Uint8/Visual_Cargo_x2350_y11493_vh.tif,7962,86467f82ac80ed2b906b43e8fd8a810ad3b447faf9edc820ad4b917051c74486
S1A_IW_GRDH_1SDV_20160126T221225_20160126T221250_009671_00E1AF_228F/2358_12107,Bulk Carrier,0,opensar_zip,OpenSARShip_1/S1A_IW_GRDH_1SDV_20160126T221225_20160126T221250_009671_00E1AF_228F.zip,S1A_IW_GRDH_1SDV_20160126T221225_20160126T221250_009671_00E1AF_228F/Patch_Uint8/Visual_Cargo_x2358_y12107_vv.tif,S1A_IW_GRDH_1SDV_20160126T221225_20160126T221250_009671_00E1AF_228F/Patch_Uint8/Visual_Cargo_x2358_y12107_vh.tif,3864,7f809957b4748524e2cf3461f19c71bcba6104bbcdeb2077fdd0ea8f7d4283f9
S1A_IW_GRDH_1SDV_20160126T221225_20160126T221250_009671_00E1AF_228F/2464_11734,Bulk Carrier,0,opensar_zip,OpenSARShip_1/S1A_IW_GRDH_1SDV_20160126T221225_20160126T221250_009671_00E1AF_228F.zip,S1A_IW_GRDH_1SDV_20160126T221225_20160126T221250_009671_00E1AF_228F/Patch_Uint8/Visual_Cargo_x2464_y11734_vv.tif,S1A_IW_GRDH_1SDV_20160126T221225_20160126T221250_009671_00E1AF_228F/Patch_Uint8/Visual_Cargo_x2464_y11734_vh.tif,9926,f711d47386fbb19695cab2b39461af4f16634ddef73906fe3b3737b6398af267
S1A_IW_GRDH_1SDV_20160126T221225_20160126T221250_009671_00E1AF_228F/2733_14487,Bulk Carrier,0,opensar_zip,OpenSARShip_1/S1A_IW_GRDH_1SDV_20160126T221225_20160126T221250_009671_00E1AF_228F.zip,S1A_IW_GRDH_1SDV_20160126T221225_20160126T221250_009671_00E1AF_228F/Patch_Uint8/Visual_Cargo_x2733_y14487_vv.tif,S1A_IW_GRDH_1SDV_20160126T221225_20160126T221250_009671_00E1AF_228F/Patch_Uint8/Visual_Cargo_x2733_y14487_vh.tif,14150,457926660477eba96c34eaf08597b59043d057042b0b1d50a04b249d456b101d
S1A_IW_GRDH_1SDV_20160126T221225_20160126T221250_009671_00E1AF_228F/3250_13595,Bulk Carrier,0,opensar_zip,OpenSARShip_1/S1A_IW_GRDH_1SDV_20160126T221225_20160126T221250_009671_00E1AF_228F.zip,S1A_IW_GRDH_1SDV_20160126T221225_20160126T221250_009671_00E1AF_228F/Patch_Uint8/Visual_Cargo_x3250_y13595_vv.tif,S1A_IW_GRDH_1SDV_20160126T221225_20160126T221250_009671_00E1AF_228F/Patch_Uint8/Visual_Cargo_x3250_y13595_vh.tif,12444,f07723ad316c72858ef6b0ef70b74e42a1f39ce22827ec6a4171716a913016ec
S1A_IW_GRDH_1SDV_20160126T221225_20160126T221250_009671_00E1AF_228F/4635_13723,Bulk Carrier,0,opensar_zip,OpenSARShip_1/S1A_IW_GRDH_1SDV_20160126T221225_20160126T221250_009671_00E1AF_228F.zip,S1A_IW_GRDH_1SDV_20160126T221225_20160126T221250_009671_00E1AF_228F/Patch_Uint8/Visual_Cargo_x4635_y13723_vv.tif,S1A_IW_GRDH_1SDV_20160126T221225_20160126T221250_009671_00E1AF_228F/Patch_Uint8/Visual_Cargo_x4635_y13723_vh.tif,13738,45a79a2154c1d655f9ef0be94a3e9d229510fcb5d5e8acb550aeacbdf5e98cae
S1A_IW_GRDH_1SDV_20160126T221225_20160126T221250_009671_00E1AF_228F/4638_16275,Tug,5,opensar_zip,OpenSARShip_1/S1A_IW_GRDH_1SDV_20160126T221225_20160126T221250_009671_00E1AF_228F.zip,S1A_IW_GRDH_1SDV_20160126T221225_20160126T221250_009671_00E1AF_228F/Patch_Uint8/Visual_Tug_x4638_y16275_vv.tif,S1A_IW_GRDH_1SDV_20160126T221225_20160126T221250_009671_00E1AF_228F/Patch_Uint8/Visual_Tug_x4638_y16275_vh.tif,2140,7c309a49b8b1d3e4c88b4067da829009b0583b59553f3adb12c255404d8f3be4
S1A_IW_GRDH_1SDV_20160126T221225_20160126T221250_009671_00E1AF_228F/4819_13893,Bulk Carrier,0,opensar_zip,OpenSARShip_1/S1A_IW_GRDH_1SDV_20160126T221225_20160126T221250_009671_00E1AF_228F.zip,S1A_IW_GRDH_1SDV_20160126T221225_20160126T221250_009671_00E1AF_228F/Patch_Uint8/Visual_Cargo_x4819_y13893_vv.tif,S1A_IW_GRDH_1SDV_20160126T221225_20160126T221250_009671_00E1AF_228F/Patch_Uint8/Visual_Cargo_x4819_y13893_vh.tif,17556,79daa119c5e9e793253f18698fe750dd3d8bf10707f5db5f7967d2d9446dadd1
S1A_IW_GRDH_1SDV_20160126T221225_20160126T221250_009671_00E1AF_228F/4938_14090,Bulk Carrier,0,opensar_zip,OpenSARShip_1/S1A_IW_GRDH_1SDV_20160126T221225_20160126T221250_009671_00E1AF_228F.zip,S1A_IW_GRDH_1SDV_20160126T221225_20160126T221250_009671_00E1AF_228F/Patch_Uint8/Visual_Cargo_x4938_y14090_vv.tif,S1A_IW_GRDH_1SDV_20160126T221225_20160126T221250_009671_00E1AF_228F/Patch_Uint8/Visual_Cargo_x4938_y14090_vh.tif,15038,ac10e8effd125019b8a0a88a28af49b0034d0bb85096888ba56281ef96707cae
S1A_IW_GRDH_1SDV_20160126T221225_20160126T221250_009671_00E1AF_228F/517_13046,Bulk Carrier,0,opensar_zip,OpenSARShip_1/S1A_IW_GRDH_1SDV_20160126T221225_20160126T221250_009671_00E1AF_228F.zip,S1A_IW_GRDH_1SDV_20160126T221225_20160126T221250_009671_00E1AF_228F/Patch_Uint8/Visual_Cargo_x517_y13046_vv.tif,S1A_IW_GRDH_1SDV_20160126T221225_20160126T221250_009671_00E1AF_228F/Patch_Uint8/Visual_Cargo_x517_y13046_vh.tif,16304,b95e5c394301e53d4904500f82a52675c5fd78fc29be8d148f82ca4e83e0bd50
S1A_IW_GRDH_1SDV_20160126T221225_20160126T221250_009671_00E1AF_228F/5195_13830,Bulk Carrier,0,opensar_zip,OpenSARShip_1/S1A_IW_GRDH_1SDV_20160126T221225_20160126T221250_009671_00E1AF_228F.zip,S1A_IW_GRDH_1SDV_20160126T221225_20160126T221250_009671_00E1AF_228F/Patch_Uint8/Visual_Cargo_x5195_y13830_vv.tif,S1A_IW_GRDH_1SDV_20160126T221225_20160126T221250_009671_00E1AF_228F/Patch_Uint8/Visual_Cargo_x5195_y13830_vh.tif,12794,780e6b454c2ee9e12b4689bb68579ae8dc59a10f35c2c963b0bc3f4ad7d2c102
S1A_IW_GRDH_1SDV_20160126T221225_20160126T221250_009671_00E1AF_228F/525_12844,Bulk Carrier,0,opensar_zip,OpenSARShip_1/S1A_IW_GRDH_1SDV_20160126T221225_20160126T221250_009671_00E1AF_228F.zip,S1A_IW_GRDH_1SDV_20160126T221225_20160126T221250_009671_00E1AF_228F/Patch_Uint8/Visual_Cargo_x525_y12844_vv.tif,S1A_IW_GRDH_1SDV_20160126T221225_20160126T221250_009671_00E1AF_228F/Patch_Uint8/Visual_Cargo_x525_y12844_vh.tif,19498,e4576f4b7f3e667842ba37f579be352d3731060a80c9e7b0e9ec35dbfc9d2182
S1A_IW_GRDH_1SDV_20160126T221225_20160126T221250_009671_00E1AF_228F/5431_14052,Bulk Carrier,0,opensar_zip,OpenSARShip_1/S1A_IW_GRDH_1SDV_20160126T221225_20160126T221250_009671_00E1AF_228F.zip,S1A_IW_GRDH_1SDV_20160126T221225_20160126T221250_009671_00E1AF_228F/Patch_Uint8/Visual_Cargo_x5431_y14052_vv.tif,S1A_IW_GRDH_1SDV_20160126T221225_20160126T221250_009671_00E1AF_228F/Patch_Uint8/Visual_Cargo_x5431_y14052_vh.tif,16272,909dd0682ac78bb05287363a5850a975e049461b90f972f64c22479d1c86056c
S1A_IW_GRDH_1SDV_20160126T221225_20160126T221250_009671_00E1AF_228F/5501_13797,Bulk Carrier,0,opensar_zip,OpenSARShip_1/S1A_IW_GRDH_1SDV_20160126T221225_20160126T221250_009671_00E1AF_228F.zip,S1A_IW_GRDH_1SDV_20160126T221225_20160126T221250_009671_00E1AF_228F/Patch_Uint8/Visual_Cargo_x5501_y13797_vv.tif,S1A_IW_GRDH_1SDV_20160126T221225_20160126T221250_009671_00E1AF_228F/Patch_Uint8/Visual_Cargo_x5501_y13797_vh.tif,13522,2adc7da51a523687f905db0ca544493384dcc081cdb639653c54eeadaace890d
S1A_IW_GRDH_1SDV_20160126T221225_20160126T221250_009671_00E1AF_228F/5654_14102,Bulk Carrier,0,opensar_zip,OpenSARShip_1/S1A_IW_GRDH_1SDV_20160126T221225_20160126T221250_009671_00E1AF_228F.zip,S1A_IW_GRDH_1SDV_20160126T221225_20160126T221250_009671_00E1AF_228F/Patch_Uint8/Visual_Cargo_x5654_y14102_vv.tif,S1A_IW_GRDH_1SDV_20160126T221225_20160126T221250_009671_00E1AF_228F/Patch_Uint8/Visual_Cargo_x5654_y14102_vh.tif,14708,0bbb1351e33e5deb8506fe2bad4f71090d250eddc00e4fcf34763567d66f078f
S1A_IW_GRDH_1SDV_20160126T221225_20160126T221250_009671_00E1AF_228F/5751_13676,Bulk Carrier,0,opensar_zip,OpenSARShip_1/S1A_IW_GRDH_1SDV_20160126T221225_20160126T221250_009671_00E1AF_228F.zip,S1A_IW_GRDH_1SDV_20160126T221225_20160126T221250_009671_00E1AF_228F/Patch_Uint8/Visual_Cargo_x5751_y13676_vv.tif,S1A_IW_GRDH_1SDV_20160126T221225_20160126T221250_009671_00E1AF_228F/Patch_Uint8/Visual_Cargo_x5751_y13676_vh.tif,19474,10b86c8beaef2292293c47bc15fb49fcbec81f22e6445051b713184750761d12
S1A_IW_GRDH_1SDV_20160126T221225_20160126T221250_009671_00E1AF_228F/5780_13917,Bulk Carrier,0,opensar_zip,OpenSARShip_1/S1A_IW_GRDH_1SDV_20160126T221225_20160126T221250_009671_00E1AF_228F.zip,S1A_IW_GRDH_1SDV_20160126T221225_20160126T221250_009671_00E1AF_228F/Patch_Uint8/Visual_Cargo_x5780_y13917_vv.tif,S1A_IW_GRDH_1SDV_20160126T221225_20160126T221250_009671_00E1AF_228F/Patch_Uint8/Visual_Cargo_x5780_y13917_vh.tif,34096,fa99bf1741567e2a2917e07e19bbada8dd47c7b20266b854aca009170b7d5701
S1A_IW_GRDH_1SDV_20160126T221225_20160126T221250_009671_00E1AF_228F/5914_14125,Bulk Carrier,0,opensar_zip,OpenSARShip_1/S1A_IW_GRDH_1SDV_20160126T221225_20160126T221250_009671_00E1AF_228F.zip,S1A_IW_GRDH_1SDV_20160126T221225_20160126T221250_009671_00E1AF_228F/Patch_Uint8/Visual_Cargo_x5914_y14125_vv.tif,S1A_IW_GRDH_1SDV_20160126T221225_20160126T221250_009671_00E1AF_228F/Patch_Uint8/Visual_Cargo_x5914_y14125_vh.tif,14946,028015c47c97f188e7025a4afd668d44c1edfc72ee2a2f7713f96aa0b1b895b1
S1A_IW_GRDH_1SDV_20160126T221225_20160126T221250_009671_00E1AF_228F/6029_13706,Bulk Carrier,0,opensar_zip,OpenSARShip_1/S1A_IW_GRDH_1SDV_20160126T221225_20160126T221250_009671_00E1AF_228F.zip,S1A_IW_GRDH_1SDV_20160126T221225_20160126T221250_009671_00E1AF_228F/Patch_Uint8/Visual_Cargo_x6029_y13706_vv.tif,S1A_IW_GRDH_1SDV_20160126T221225_20160126T221250_009671_00E1AF_228F/Patch_Uint8/Visual_Cargo_x6029_y13706_vh.tif,13750,d70f94a841d1b5de454916c9ca9591291b2aedf6c7da45eeacfffb7b265b6858
S1A_IW_GRDH_1SDV_20160126T221225_20160126T221250_009671_00E1AF_228F/6076_16355,Tanker,4,opensar_zip,OpenSARShip_1/S1A_IW_GRDH_1SDV_20160126T221225_20160126T221250_009671_00E1AF_228F.zip,S1A_IW_GRDH_1SDV_20160126T221225_20160126T221250_009671_00E1AF_228F/Patch_Uint8/Visual_Tanker_x6076_y16355_vv.tif,S1A_IW_GRDH_1SDV_20160126T221225_20160126T221250_009671_00E1AF_228F/Patch_Uint8/Visual_Tanker_x6076_y16355_vh.tif,3850,73f4b1d247e210f5770cb6c6e38b0a2b99abb1d8bbb3693211494343b5bb1f3b
S1A_IW_GRDH_1SDV_20160126T221225_20160126T221250_009671_00E1AF_228F/6123_14052,Bulk Carrier,0,opensar_zip,OpenSARShip_1/S1A_IW_GRDH_1SDV_20160126T221225_20160126T221250_009671_00E1AF_228F.zip,S1A_IW_GRDH_1SDV_20160126T221225_20160126T221250_009671_00E1AF_228F/Patch_Uint8/Visual_Cargo_x6123_y14052_vv.tif,S1A_IW_GRDH_1SDV_20160126T221225_20160126T221250_009671_00E1AF_228F/Patch_Uint8/Visual_Cargo_x6123_y14052_vh.tif,13706,8dc0ddd98de22b637953a922a003efb466cc8820cb98285f490bdb80ca9e2dba
S1A_IW_GRDH_1SDV_20160126T221225_20160126T221250_009671_00E1AF_228F/6156_13687,Bulk Carrier,0,opensar_zip,OpenSARShip_1/S1A_IW_GRDH_1SDV_20160126T221225_20160126T221250_009671_00E1AF_228F.zip,S1A_IW_GRDH_1SDV_20160126T221225_20160126T221250_009671_00E1AF_228F/Patch_Uint8/Visual_Cargo_x6156_y13687_vv.tif,S1A_IW_GRDH_1SDV_20160126T221225_20160126T221250_009671_00E1AF_228F/Patch_Uint8/Visual_Cargo_x6156_y13687_vh.tif,6872,47342d42000ed33c2e502f179050511c1f4fc6bbaa13ce714705b5b9dc1b1ab9
S1A_IW_GRDH_1SDV_20160126T221225_20160126T221250_009671_00E1AF_228F/6255_13829,Bulk Carrier,0,opensar_zip,OpenSARShip_1/S1A_IW_GRDH_1SDV_20160126T221225_20160126T221250_009671_00E1AF_228F.zip,S1A_IW_GRDH_1SDV_20160126T221225_20160126T221250_009671_00E1AF_228F/Patch_Uint8/Visual_Cargo_x6255_y13829_vv.tif,S1A_IW_GRDH_1SDV_20160126T221225_20160126T221250_009671_00E1AF_228F/Patch_Uint8/Visual_Cargo_x6255_y13829_vh.tif,13222,baf64a12d87ef85a94d8287762871c3ad7fc1bfa4768bc5db979ece0b24f8f0a
S1A_IW_GRDH_1SDV_20160126T221225_20160126T221250_009671_00E1AF_228F/6327_16347,Bulk Carrier,0,opensar_zip,OpenSARShip_1/S1A_IW_GRDH_1SDV_20160126T221225_20160126T221250_009671_00E1AF_228F.zip,S1A_IW_GRDH_1SDV_20160126T221225_20160126T221250_009671_00E1AF_228F/Patch_Uint8/Visual_Cargo_x6327_y16347_vv.tif,S1A_IW_GRDH_1SDV_20160126T221225_20160126T221250_009671_00E1AF_228F/Patch_Uint8/Visual_Cargo_x6327_y16347_vh.tif,3978,c564b28560583a486df2ded32640237575d6dc78e3884b93e175ef0e5a8a94e0
S1A_IW_GRDH_1SDV_20160126T221225_20160126T221250_009671_00E1AF_228F/6332_14742,Container Ship,1,opensar_zip,OpenSARShip_1/S1A_IW_GRDH_1SDV_20160126T221225_20160126T221250_009671_00E1AF_228F.zip,S1A_IW_GRDH_1SDV_20160126T221225_20160126T221250_009671_00E1AF_228F/Patch_Uint8/Visual_Cargo_x6332_y14742_vv.tif,S1A_IW_GRDH_1SDV_20160126T221225_20160126T221250_009671_00E1AF_228F/Patch_Uint8/Visual_Cargo_x6332_y14742_vh.tif,10198,6169aa69bd01152ec599a9aedf9fb24a80ce1138b475d63564f04f49f24f92e5
S1A_IW_GRDH_1SDV_20160126T221225_20160126T221250_009671_00E1AF_228F/6349_16181,Bulk Carrier,0,opensar_zip,OpenSARShip_1/S1A_IW_GRDH_1SDV_20160126T221225_20160126T221250_009671_00E1AF_228F.zip,S1A_IW_GRDH_1SDV_20160126T221225_20160126T221250_009671_00E1AF_228F/Patch_Uint8/Visual_Cargo_x6349_y16181_vv.tif,S1A_IW_GRDH_1SDV_20160126T221225_20160126T221250_009671_00E1AF_228F/Patch_Uint8/Visual_Cargo_x6349_y16181_vh.tif,23436,1c32c79a42a9f9d54b54cd576852990c54f6fbda76a54d706698d6af1297d511
S1A_IW_GRDH_1SDV_20160126T221225_20160126T221250_009671_00E1AF_228F/6464_16603,Bulk Carrier,0,opensar_zip,OpenSARShip_1/S1A_IW_GRDH_1SDV_20160126T221225_20160126T221250_009671_00E1AF_228F.zip,S1A_IW_GRDH_1SDV_20160126T221225_20160126T221250_009671_00E1AF_228F/Patch_Uint8/Visual_Cargo_x6464_y16603_vv.tif,S1A_IW_GRDH_1SDV_20160126T221225_20160126T221250_009671_00E1AF_228F/Patch_Uint8/Visual_Cargo_x6464_y16603_vh.tif,12308,8b2c31f52c850e76a8f1102acc60a08903265cb990de1a1a8cc4690a2ab7d279
S1A_IW_GRDH_1SDV_20160126T221225_20160126T221250_009671_00E1AF_228F/6584_16392,Bulk Carrier,0,opensar_zip,OpenSARShip_1/S1A_IW_GRDH_1SDV_20160126T221225_20160126T221250_009671_00E1AF_228F.zip,S1A_IW_GRDH_1SDV_20160126T221225_20160126T221250_009671_00E1AF_228F/Patch_Uint8/Visual_Cargo_x6584_y16392_vv.tif,S1A_IW_GRDH_1SDV_20160126T221225_20160126T221250_009671_00E1AF_228F/Patch_Uint8/Visual_Cargo_x6584_y16392_vh.tif,28878,55b2cef6f191f8c5367cb186b64d76f3d486d836080aa2765cbd28f525b008d8
S1A_IW_GRDH_1SDV_20160126T221225_20160126T221250_009671_00E1AF_228F/6608_16655,Bulk Carrier,0,opensar_zip,OpenSARShip_1/S1A_IW_GRDH_1SDV_20160126T221225_20160126T221250_009671_00E1AF_228F.zip,S1A_IW_GRDH_1SDV_20160126T221225_20160126T221250_009671_00E1AF_228F/Patch_Uint8/Visual_Cargo_x6608_y16655_vv.tif,S1A_IW_GRDH_1SDV_20160126T221225_20160126T221250_009671_00E1AF_228F/Patch_Uint8/Visual_Cargo_x6608_y16655_vh.tif,13340,e54d5186e5679d7cfd901dbeca2238ae8e364095dac7026554dbd28c68206ac8
S1A_IW_GRDH_1SDV_20160126T221225_20160126T221250_009671_00E1AF_228F/698_12437,Bulk Carrier,0,opensar_zip,OpenSARShip_1/S1A_IW_GRDH_1SDV_20160126T221225_20160126T221250_009671_00E1AF_228F.zip,S1A_IW_GRDH_1SDV_20160126T221225_20160126T221250_009671_00E1AF_228F/Patch_Uint8/Visual_Cargo_x698_y12437_vv.tif,S1A_IW_GRDH_1SDV_20160126T221225_20160126T221250_009671_00E1AF_228F/Patch_Uint8/Visual_Cargo_x698_y12437_vh.tif,14004,6f61892cc19b8677d9732b94c253db0eaea445c37b9569f054a1910fcd870acd
S1A_IW_GRDH_1SDV_20160126T221225_20160126T221250_009671_00E1AF_228F/7201_16589,Bulk Carrier,0,opensar_zip,OpenSARShip_1/S1A_IW_GRDH_1SDV_20160126T221225_20160126T221250_009671_00E1AF_228F.zip,S1A_IW_GRDH_1SDV_20160126T221225_20160126T221250_009671_00E1AF_228F/Patch_Uint8/Visual_Cargo_x7201_y16589_vv.tif,S1A_IW_GRDH_1SDV_20160126T221225_20160126T221250_009671_00E1AF_228F/Patch_Uint8/Visual_Cargo_x7201_y16589_vh.tif,19482,8229aa459cca835d3f1464889948d7720c106624d89566e195dedf534d64e153
S1A_IW_GRDH_1SDV_20160126T221225_20160126T221250_009671_00E1AF_228F/7574_16097,Tanker,4,opensar_zip,OpenSARShip_1/S1A_IW_GRDH_1SDV_20160126T221225_20160126T221250_009671_00E1AF_228F.zip,S1A_IW_GRDH_1SDV_20160126T221225_20160126T221250_009671_00E1AF_228F/Patch_Uint8/Visual_Tanker_x7574_y16097_vv.tif,S1A_IW_GRDH_1SDV_20160126T221225_20160126T221250_009671_00E1AF_228F/Patch_Uint8/Visual_Tanker_x7574_y16097_vh.tif,6142,e2c256dd083ca2aadfd233f62d9b171168d304bf0ec6abdfc540278ef58d5695
S1A_IW_GRDH_1SDV_20160126T221225_20160126T221250_009671_00E1AF_228F/7700_15330,Bulk Carrier,0,opensar_zip,OpenSARShip_1/S1A_IW_GRDH_1SDV_20160126T221225_20160126T221250_009671_00E1AF_228F.zip,S1A_IW_GRDH_1SDV_20160126T221225_20160126T221250_009671_00E1AF_228F/Patch_Uint8/Visual_Cargo_x7700_y15330_vv.tif,S1A_IW_GRDH_1SDV_20160126T221225_20160126T221250_009671_00E1AF_228F/Patch_Uint8/Visual_Cargo_x7700_y15330_vh.tif,15100,aca57415247b1bef8bc46842d25a9fa59557544ebe56c8c7dcda6ca20a2f1733
S1A_IW_GRDH_1SDV_20160126T221225_20160126T221250_009671_00E1AF_228F/7853_14977,Container Ship,1,opensar_zip,OpenSARShip_1/S1A_IW_GRDH_1SDV_20160126T221225_20160126T221250_009671_00E1AF_228F.zip,S1A_IW_GRDH_1SDV_20160126T221225_20160126T221250_009671_00E1AF_228F/Patch_Uint8/Visual_Cargo_x7853_y14977_vv.tif,S1A_IW_GRDH_1SDV_20160126T221225_20160126T221250_009671_00E1AF_228F/Patch_Uint8/Visual_Cargo_x7853_y14977_vh.tif,18472,145bece27944910b58df03a4f79d7a260c6a39fdba090da9e3443278c7c300e8
S1A_IW_GRDH_1SDV_20160126T221225_20160126T221250_009671_00E1AF_228F/854_13946,Container Ship,1,opensar_zip,OpenSARShip_1/S1A_IW_GRDH_1SDV_20160126T221225_20160126T221250_009671_00E1AF_228F.zip,S1A_IW_GRDH_1SDV_20160126T221225_20160126T221250_009671_00E1AF_228F/Patch_Uint8/Visual_Cargo_x854_y13946_vv.tif,S1A_IW_GRDH_1SDV_20160126T221225_20160126T221250_009671_00E1AF_228F/Patch_Uint8/Visual_Cargo_x854_y13946_vh.tif,33812,230a0cb2bc4acab035a89a3cafb71426e95a32dbad47b27d24891f0c86272573
S1A_IW_GRDH_1SDV_20160126T221225_20160126T221250_009671_00E1AF_228F/8669_15141,Bulk Carrier,0,opensar_zip,OpenSARShip_1/S1A_IW_GRDH_1SDV_20160126T221225_20160126T221250_009671_00E1AF_228F.zip,S1A_IW_GRDH_1SDV_20160126T221225_20160126T221250_009671_00E1AF_228F/Patch_Uint8/Visual_Cargo_x8669_y15141_vv.tif,S1A_IW_GRDH_1SDV_20160126T221225_20160126T221250_009671_00E1AF_228F/Patch_Uint8/Visual_Cargo_x8669_y15141_vh.tif,16354,21fbf54f590ce6feca4e4b0e3a4d016c10ab8df9e9d771f4bdc84b6a268c8209
S1A_IW_GRDH_1SDV_20160126T221225_20160126T221250_009671_00E1AF_228F/8723_14999,Bulk Carrier,0,opensar_zip,OpenSARShip_1/S1A_IW_GRDH_1SDV_20160126T221225_20160126T221250_009671_00E1AF_228F.zip,S1A_IW_GRDH_1SDV_20160126T221225_20160126T221250_009671_00E1AF_228F/Patch_Uint8/Visual_Cargo_x8723_y14999_vv.tif,S1A_IW_GRDH_1SDV_20160126T221225_20160126T221250_009671_00E1AF_228F/Patch_Uint8/Visual_Cargo_x8723_y14999_vh.tif,11240,40131d8b3d71bfeffddbfc2af683672e09ca84d76d62e6844bf10962795fdfa9
S1A_IW_GRDH_1SDV_20160126T221225_20160126T221250_009671_00E1AF_228F/8914_15173,Container Ship,1,opensar_zip,OpenSARShip_1/S1A_IW_GRDH_1SDV_20160126T221225_20160126T221250_009671_00E1AF_228F.zip,S1A_IW_GRDH_1SDV_20160126T221225_20160126T221250_009671_00E1AF_228F/Patch_Uint8/Visual_Cargo_x8914_y15173_vv.tif,S1A_IW_GRDH_1SDV_20160126T221225_20160126T221250_009671_00E1AF_228F/Patch_Uint8/Visual_Cargo_x8914_y15173_vh.tif,16038,42677aaf7c5b89f8cf6f115f181e5cc11bf3dce2de26c0393aa1507fe2cd4ac8
S1A_IW_GRDH_1SDV_20160126T221225_20160126T221250_009671_00E1AF_228F/893_12763,Bulk Carrier,0,opensar_zip,OpenSARShip_1/S1A_IW_GRDH_1SDV_20160126T221225_20160126T221250_009671_00E1AF_228F.zip,S1A_IW_GRDH_1SDV_20160126T221225_20160126T221250_009671_00E1AF_228F/Patch_Uint8/Visual_Cargo_x893_y12763_vv.tif,S1A_IW_GRDH_1SDV_20160126T221225_20160126T221250_009671_00E1AF_228F/Patch_Uint8/Visual_Cargo_x893_y12763_vh.tif,13236,57fc7b6c68165e9743efb23a968ee65ba207faea802edd56192cdd3447add93f
S1A_IW_GRDH_1SDV_20160126T221225_20160126T221250_009671_00E1AF_228F/9047_14941,Bulk Carrier,0,opensar_zip,OpenSARShip_1/S1A_IW_GRDH_1SDV_20160126T221225_20160126T221250_009671_00E1AF_228F.zip,S1A_IW_GRDH_1SDV_20160126T221225_20160126T221250_009671_00E1AF_228F/Patch_Uint8/Visual_Cargo_x9047_y14941_vv.tif,S1A_IW_GRDH_1SDV_20160126T221225_20160126T221250_009671_00E1AF_228F/Patch_Uint8/Visual_Cargo_x9047_y14941_vh.tif,19470,77fd650b14a773293054700218efba7aaecd84bc74c992ea14d644ecbb0bc1ae
S1A_IW_GRDH_1SDV_20160126T221225_20160126T221250_009671_00E1AF_228F/9435_15171,Bulk Carrier,0,opensar_zip,OpenSARShip_1/S1A_IW_GRDH_1SDV_20160126T221225_20160126T221250_009671_00E1AF_228F.zip,S1A_IW_GRDH_1SDV_20160126T221225_20160126T221250_009671_00E1AF_228F/Patch_Uint8/Visual_Cargo_x9435_y15171_vv.tif,S1A_IW_GRDH_1SDV_20160126T221225_20160126T221250_009671_00E1AF_228F/Patch_Uint8/Visual_Cargo_x9435_y15171_vh.tif,22706,d721814ed68019142b9a6bc68ccc0a6b68cfb577e2d83462ddd366f2398523f9
S1A_IW_GRDH_1SDV_20160126T221225_20160126T221250_009671_00E1AF_228F/9458_14635,Bulk Carrier,0,opensar_zip,OpenSARShip_1/S1A_IW_GRDH_1SDV_20160126T221225_20160126T221250_009671_00E1AF_228F.zip,S1A_IW_GRDH_1SDV_20160126T221225_20160126T221250_009671_00E1AF_228F/Patch_Uint8/Visual_Cargo_x9458_y14635_vv.tif,S1A_IW_GRDH_1SDV_20160126T221225_20160126T221250_009671_00E1AF_228F/Patch_Uint8/Visual_Cargo_x9458_y14635_vh.tif,9606,e949e11b4738f98fe5b2e63cc30fb3d5e0d189088c74f0031372d8bb6dce93a8
S1A_IW_GRDH_1SDV_20160126T221225_20160126T221250_009671_00E1AF_228F/9530_14904,Bulk Carrier,0,opensar_zip,OpenSARShip_1/S1A_IW_GRDH_1SDV_20160126T221225_20160126T221250_009671_00E1AF_228F.zip,S1A_IW_GRDH_1SDV_20160126T221225_20160126T221250_009671_00E1AF_228F/Patch_Uint8/Visual_Cargo_x9530_y14904_vv.tif,S1A_IW_GRDH_1SDV_20160126T221225_20160126T221250_009671_00E1AF_228F/Patch_Uint8/Visual_Cargo_x9530_y14904_vh.tif,24490,fcd9e4cfa7b3318a38a9433a24d1a7a2c6249f8b20097b8878d3f587451c5ba0
S1A_IW_GRDH_1SDV_20160126T221225_20160126T221250_009671_00E1AF_228F/9597_14729,Bulk Carrier,0,opensar_zip,OpenSARShip_1/S1A_IW_GRDH_1SDV_20160126T221225_20160126T221250_009671_00E1AF_228F.zip,S1A_IW_GRDH_1SDV_20160126T221225_20160126T221250_009671_00E1AF_228F/Patch_Uint8/Visual_Cargo_x9597_y14729_vv.tif,S1A_IW_GRDH_1SDV_20160126T221225_20160126T221250_009671_00E1AF_228F/Patch_Uint8/Visual_Cargo_x9597_y14729_vh.tif,16434,72bba916f9812db83b9b2637083d03dbe6860131c76a66d44570082ec7a4054f
S1A_IW_GRDH_1SDV_20160126T221225_20160126T221250_009671_00E1AF_228F/9682_14944,Bulk Carrier,0,opensar_zip,OpenSARShip_1/S1A_IW_GRDH_1SDV_20160126T221225_20160126T221250_009671_00E1AF_228F.zip,S1A_IW_GRDH_1SDV_20160126T221225_20160126T221250_009671_00E1AF_228F/Patch_Uint8/Visual_Cargo_x9682_y14944_vv.tif,S1A_IW_GRDH_1SDV_20160126T221225_20160126T221250_009671_00E1AF_228F/Patch_Uint8/Visual_Cargo_x9682_y14944_vh.tif,15908,2c970ef1455dae7cb3cf6244567773e75d1c0bc6c266a535b778d7d4ec4ed024
S1A_IW_GRDH_1SDV_20160126T221225_20160126T221250_009671_00E1AF_228F/9819_15063,Bulk Carrier,0,opensar_zip,OpenSARShip_1/S1A_IW_GRDH_1SDV_20160126T221225_20160126T221250_009671_00E1AF_228F.zip,S1A_IW_GRDH_1SDV_20160126T221225_20160126T221250_009671_00E1AF_228F/Patch_Uint8/Visual_Cargo_x9819_y15063_vv.tif,S1A_IW_GRDH_1SDV_20160126T221225_20160126T221250_009671_00E1AF_228F/Patch_Uint8/Visual_Cargo_x9819_y15063_vh.tif,7876,2c2c7191fafec31374430cfd2117ba12a688064bfbefb111c2399f8f66fdc702
S1A_IW_GRDH_1SDV_20160126T221225_20160126T221250_009671_00E1AF_228F/9876_14823,Bulk Carrier,0,opensar_zip,OpenSARShip_1/S1A_IW_GRDH_1SDV_20160126T221225_20160126T221250_009671_00E1AF_228F.zip,S1A_IW_GRDH_1SDV_20160126T221225_20160126T221250_009671_00E1AF_228F/Patch_Uint8/Visual_Cargo_x9876_y14823_vv.tif,S1A_IW_GRDH_1SDV_20160126T221225_20160126T221250_009671_00E1AF_228F/Patch_Uint8/Visual_Cargo_x9876_y14823_vh.tif,11004,3f2ac6e90e8cfdb5406bde96af432e00f65acdbc05cd2192d1efd341dcc0fa40
S1A_IW_GRDH_1SDV_20160126T221225_20160126T221250_009671_00E1AF_228F/9993_15023,Bulk Carrier,0,opensar_zip,OpenSARShip_1/S1A_IW_GRDH_1SDV_20160126T221225_20160126T221250_009671_00E1AF_228F.zip,S1A_IW_GRDH_1SDV_20160126T221225_20160126T221250_009671_00E1AF_228F/Patch_Uint8/Visual_Cargo_x9993_y15023_vv.tif,S1A_IW_GRDH_1SDV_20160126T221225_20160126T221250_009671_00E1AF_228F/Patch_Uint8/Visual_Cargo_x9993_y15023_vh.tif,10994,30006ca33f78bf0453fab7725ab38c4c8e5940b656aee39f5cfd031ddaff6660
S1A_IW_GRDH_1SDV_20160219T221225_20160219T221250_010021_00EBE1_C9D5/10044_13958,Bulk Carrier,0,opensar_zip,OpenSARShip_1/S1A_IW_GRDH_1SDV_20160219T221225_20160219T221250_010021_00EBE1_C9D5.zip,S1A_IW_GRDH_1SDV_20160219T221225_20160219T221250_010021_00EBE1_C9D5/Patch_Uint8/Visual_Cargo_x10044_y13958_vv.tif,S1A_IW_GRDH_1SDV_20160219T221225_20160219T221250_010021_00EBE1_C9D5/Patch_Uint8/Visual_Cargo_x10044_y13958_vh.tif,10054,8b842245c570f916d06fa3a52bac05354b8101990212260294c2dbc8f64a3593
S1A_IW_GRDH_1SDV_20160219T221225_20160219T221250_010021_00EBE1_C9D5/10151_13810,Bulk Carrier,0,opensar_zip,OpenSARShip_1/S1A_IW_GRDH_1SDV_20160219T221225_20160219T221250_010021_00EBE1_C9D5.zip,S1A_IW_GRDH_1SDV_20160219T221225_20160219T221250_010021_00EBE1_C9D5/Patch_Uint8/Visual_Cargo_x10151_y13810_vv.tif,S1A_IW_GRDH_1SDV_20160219T221225_20160219T221250_010021_00EBE1_C9D5/Patch_Uint8/Visual_Cargo_x10151_y13810_vh.tif,7638,1b7a57deff38627a05347814b131f2e3a40be4db04031a706d6342a96921d662
S1A_IW_GRDH_1SDV_20160219T221225_20160219T221250_010021_00EBE1_C9D5/10276_13858,Bulk Carrier,0,opensar_zip,OpenSARShip_1/S1A_IW_GRDH_1SDV_20160219T221225_20160219T221250_010021_00EBE1_C9D5.zip,S1A_IW_GRDH_1SDV_20160219T221225_20160219T221250_010021_00EBE1_C9D5/Patch_Uint8/Visual_Cargo_x10276_y13858_vv.tif,S1A_IW_GRDH_1SDV_20160219T221225_20160219T221250_010021_00EBE1_C9D5/Patch_Uint8/Visual_Cargo_x10276_y13858_vh.tif,7014,efa176ac7074d6795284592da960277d4f9266440231cca8e060637cc78a4708
S1A_IW_GRDH_1SDV_20160219T221225_20160219T221250_010021_00EBE1_C9D5/10279_14630,Bulk Carrier,0,opensar_zip,OpenSARShip_1/S1A_IW_GRDH_1SDV_20160219T221225_20160219T221250_010021_00EBE1_C9D5.zip,S1A_IW_GRDH_1SDV_20160219T221225_20160219T221250_010021_00EBE1_C9D5/Patch_Uint8/Visual_Cargo_x10279_y14630_vv.tif,S1A_IW_GRDH_1SDV_20160219T221225_20160219T221250_010021_00EBE1_C9D5/Patch_Uint8/Visual_Cargo_x10279_y14630_vh.tif,8872,5932c00441aa8e96928801075a0d2d36d5473443d1e496e33e1ef40a8bbf5144
S1A_IW_GRDH_1SDV_20160219T221225_20160219T221250_010021_00EBE1_C9D5/10376_14940,Container Ship,1,opensar_zip,OpenSARShip_1/S1A_IW_GRDH_1SDV_20160219T221225_20160219T221250_010021_00EBE1_C9D5.zip,S1A_IW_GRDH_1SDV_20160219T221225_20160219T221250_010021_00EBE1_C9D5/Patch_Uint8/Visual_Cargo_x10376_y14940_vv.tif,S1A_IW_GRDH_1SDV_20160219T221225_20160219T221250_010021_00EBE1_C9D5/Patch_Uint8/Visual_Cargo_x10376_y14940_vh.tif,8728,3fcced2afbe9268ade5d95d8b28cba92941a1ebda4d5ca9f5f6540a050e2641c
S1A_IW_GRDH_1SDV_20160219T221225_20160219T221250_010021_00EBE1_C9D5/10404_14600,Container Ship,1,opensar_zip,OpenSARShip_1/S1A_IW_GRDH_1SDV_20160219T221225_20160219T221250_010021_00EBE1_C9D5.zip,S1A_IW_GRDH_1SDV_20160219T221225_20160219T221250_010021_00EBE1_C9D5/Patch_Uint8/Visual_Cargo_x10404_y14600_vv.tif,S1A_IW_GRDH_1SDV_20160219T221225_20160219T221250_010021_00EBE1_C9D5/Patch_Uint8/Visual_Cargo_x10404_y14600_vh.tif,21702,276370d644282cb862b63be406423a6d2a325fa62323a4541bdd490609c95842
S1A_IW_GRDH_1SDV_20160219T221225_20160219T221250_010021_00EBE1_C9D5/10405_13802,Bulk Carrier,0,opensar_zip,OpenSARShip_1/S1A_IW_GRDH_1SDV_20160219T221225_20160219T221250_010021_00EBE1_C9D5.zip,S1A_IW_GRDH_1SDV_20160219T221225_20160219T221250_010021_00EBE1_C9D5/Patch_Uint8/Visual_Cargo_x10405_y13802_vv.tif,S1A_IW_GRDH_1SDV_20160219T221225_20160219T221250_010021_00EBE1_C9D5/Patch_Uint8/Visual_Cargo_x10405_y13802_vh.tif,10770,4e5126a34505a04aa2d49f0ccf30e43e28e32eb390b27b25701eadcda594e0dc
S1A_IW_GRDH_1SDV_20160219T221225_20160219T221250_010021_00EBE1_C9D5/10442_14394,Bulk Carrier,0,opensar_zip,OpenSARShip_1/S1A_IW_GRDH_1SDV_20160219T221225_20160219T221250_010021_00EBE1_C9D5.zip,S1A_IW_GRDH_1SDV_20160219T221225_20160219T221250_010021_00EBE1_C9D5/Patch_Uint8/Visual_Cargo_x10442_y14394_vv.tif,S1A_IW_GRDH_1SDV_20160219T221225_20160219T221250_010021_00EBE1_C9D5/Patch_Uint8/Visual_Cargo_x10442_y14394_vh.tif,11118,412be5ba4fbf1200cc2fbe4082c09cb45f1fcdd6e48e2ef1b3a0c2346739361c
S1A_IW_GRDH_1SDV_20160219T221225_20160219T221250_010021_00EBE1_C9D5/10575_14521,Bulk Carrier,0,opensar_zip,OpenSARShip_1/S1A_IW_GRDH_1SDV_20160219T221225_20160219T221250_010021_00EBE1_C9D5.zip,S1A_IW_GRDH_1SDV_20160219T221225_20160219T221250_010021_00EBE1_C9D5/Patch_Uint8/Visual_Cargo_x10575_y14521_vv.tif,S1A_IW_GRDH_1SDV_20160219T221225_20160219T221250_010021_00EBE1_C9D5/Patch_Uint8/Visual_Cargo_x10575_y14521_vh.tif,7446,4186c35840ecb858c2147bc9ad09213825fbd743f06b9fceee25570fd4f5b3f8
S1A_IW_GRDH_1SDV_20160219T221225_20160219T221250_010021_00EBE1_C9D5/10580_13903,Container Ship,1,opensar_zip,OpenSARShip_1/S1A_IW_GRDH_1SDV_20160219T221225_20160219T221250_010021_00EBE1_C9D5.zip,S1A_IW_GRDH_1SDV_20160219T221225_20160219T221250_010021_00EBE1_C9D5/Patch_Uint8/Visual_Cargo_x10580_y13903_vv.tif,S1A_IW_GRDH_1SDV_20160219T221225_20160219T221250_010021_00EBE1_C9D5/Patch_Uint8/Visual_Cargo_x10580_y13903_vh.tif,12190,08fc0a5b44fbc080c583c507ec92df9d2452f2ce7dcf9f58833cab59f48ef62b
S1A_IW_GRDH_1SDV_20160219T221225_20160219T221250_010021_00EBE1_C9D5/10638_15519,Bulk Carrier,0,opensar_zip,OpenSARShip_1/S1A_IW_GRDH_1SDV_20160219T221225_20160219T221250_010021_00EBE1_C9D5.zip,S1A_IW_GRDH_1SDV_20160219T221225_20160219T221250_010021_00EBE1_C9D5/Patch_Uint8/Visual_Cargo_x10638_y15519_vv.tif,S1A_IW_GRDH_1SDV_20160219T221225_20160219T221250_010021_00EBE1_C9D5/Patch_Uint8/Visual_Cargo_x10638_y15519_vh.tif,7820,f70e8c4ec74c54e6fb09b0890202b11009f204bd1211a4151d889e61d9742fa3
S1A_IW_GRDH_1SDV_20160219T221225_20160219T221250_010021_00EBE1_C9D5/10766_14461,Bulk Carrier,0,opensar_zip,OpenSARShip_1/S1A_IW_GRDH_1SDV_20160219T221225_20160219T221250_010021_00EBE1_C9D5.zip,S1A_IW_GRDH_1SDV_20160219T221225_20160219T221250_010021_00EBE1_C9D5/Patch_Uint8/Visual_Cargo_x10766_y14461_vv.tif,S1A_IW_GRDH_1SDV_20160219T221225_20160219T221250_010021_00EBE1_C9D5/Patch_Uint8/Visual_Cargo_x10766_y14461_vh.tif,9584,afbf9b9edb58b373adbca4e5067bd4f225d4acaae2979a6611a652bac10620f2
S1A_IW_GRDH_1SDV_20160219T221225_20160219T221250_010021_00EBE1_C9D5/10832_14602,Container Ship,1,opensar_zip,OpenSARShip_1/S1A_IW_GRDH_1SDV_20160219T221225_20160219T221250_010021_00EBE1_C9D5.zip,S1A_IW_GRDH_1SDV_20160219T221225_20160219T221250_010021_00EBE1_C9D5/Patch_Uint8/Visual_Cargo_x10832_y14602_vv.tif,S1A_IW_GRDH_1SDV_20160219T221225_20160219T221250_010021_00EBE1_C9D5/Patch_Uint8/Visual_Cargo_x10832_y14602_vh.tif,18364,bfc8349e11366087afed30d1c1110388a830212847b30f948a0e60b866cd676d
S1A_IW_GRDH_1SDV_20160219T221225_20160219T221250_010021_00EBE1_C9D5/1083_12933,Bulk Carrier,0,opensar_zip,OpenSARShip_1/S1A_IW_GRDH_1SDV_20160219T221225_20160219T221250_010021_00EBE1_C9D5.zip,S1A_IW_GRDH_1SDV_20160219T221225_20160219T221250_010021_00EBE1_C9D5/Patch_Uint8/Visual_Cargo_x1083_y12933_vv.tif,S1A_IW_GRDH_1SDV_20160219T221225_20160219T221250_010021_00EBE1_C9D5/Patch_Uint8/Visual_Cargo_x1083_y12933_vh.tif,27950,b0fb0ae86fbe5fd20826db86236211d733edbd08a769c839287f36074a555810
S1A_IW_GRDH_1SDV_20160219T221225_20160219T221250_010021_00EBE1_C9D5/10840_14386,Bulk Carrier,0,opensar_zip,OpenSARShip_1/S1A_IW_GRDH_1SDV_20160219T221225_20160219T221250_010021_00EBE1_C9D5.zip,S1A_IW_GRDH_1SDV_20160219T221225_20160219T221250_010021_00EBE1_C9D5/Patch_Uint8/Visual_Cargo_x10840_y14386_vv.tif,S1A_IW_GRDH_1SDV_20160219T221225_20160219T221250_010021_00EBE1_C9D5/Patch_Uint8/Visual_Cargo_x10840_y14386_vh.tif,10880,ed2594fdf8d1437fd78ffa9a4f2a6bcad5d51ac0685e304b2cc52cb98e5d92fb
S1A_IW_GRDH_1SDV_20160219T221225_20160219T221250_010021_00EBE1_C9D5/10867_13777,Bulk Carrier,0,opensar_zip,OpenSARShip_1/S1A_IW_GRDH_1SDV_20160219T221225_20160219T221250_010021_00EBE1_C9D5.zip,S1A_IW_GRDH_1SDV_20160219T221225_20160219T221250_010021_00EBE1_C9D5/Patch_Uint8/Visual_Cargo_x10867_y13777_vv.tif,S1A_IW_GRDH_1SDV_20160219T221225_20160219T221250_010021_00EBE1_C9D5/Patch_Uint8/Visual_Cargo_x10867_y13777_vh.tif,8686,df956067762bd51f3311d2475970264182b4afca00e210716e3f3b025983c01c
S1A_IW_GRDH_1SDV_20160219T221225_20160219T221250_010021_00EBE1_C9D5/10980_14620,Bulk Carrier,0,opensar_zip,OpenSARShip_1/S1A_IW_GRDH_1SDV_20160219T221225_20160219T221250_010021_00EBE1_C9D5.zip,S1A_IW_GRDH_1SDV_20160219T221225_20160219T221250_010021_00EBE1_C9D5/Patch_Uint8/Visual_Cargo_x10980_y14620_vv.tif,S1A_IW_GRDH_1SDV_20160219T221225_20160219T221250_010021_00EBE1_C9D5/Patch_Uint8/Visual_Cargo_x10980_y14620_vh.tif,8244,3c8a6f57f7ab1a9ae26ed9b11e90df6c566280bdc75ff8cfddd3b1e4fd11dc9d
S1A_IW_GRDH_1SDV_20160219T221225_20160219T221250_010021_00EBE1_C9D5/11126_14570,Tanker,4,opensar_zip,OpenSARShip_1/S1A_IW_GRDH_1SDV_20160219T221225_20160219T221250_010021_00EBE1_C9D5.zip,S1A_IW_GRDH_1SDV_20160219T221225_20160219T221250_010021_00EBE1_C9D5/Patch_Uint8/Visual_Tanker_x11126_y14570_vv.tif,S1A_IW_GRDH_1SDV_20160219T221225_20160219T221250_010021_00EBE1_C9D5/Patch_Uint8/Visual_Tanker_x11126_y14570_vh.tif,4550,d30dc2972c018dbb6566a004b82dde5d0f5f2355434fca33bb1f78adf250a928
S1A_IW_GRDH_1SDV_20160219T221225_20160219T221250_010021_00EBE1_C9D5/11214_14569,Tanker,4,opensar_zip,OpenSARShip_1/S1A_IW_GRDH_1SDV_20160219T221225_20160219T221250_010021_00EBE1_C9D5.zip,S1A_IW_GRDH_1SDV_20160219T221225_20160219T221250_010021_00EBE1_C9D5/Patch_Uint8/Visual_Tanker_x11214_y14569_vv.tif,S1A_IW_GRDH_1SDV_20160219T221225_20160219T221250_010021_00EBE1_C9D5/Patch_Uint8/Visual_Tanker_x11214_y14569_vh.tif,4546,261301acd4128558f0b888297eb08b39d8fb07d82405269fae67bfc6b98be566
S1A_IW_GRDH_1SDV_20160219T221225_20160219T221250_010021_00EBE1_C9D5/11847_14060,Bulk Carrier,0,opensar_zip,OpenSARShip_1/S1A_IW_GRDH_1SDV_20160219T221225_20160219T221250_010021_00EBE1_C9D5.zip,S1A_IW_GRDH_1SDV_20160219T221225_20160219T221250_010021_00EBE1_C9D5/Patch_Uint8/Visual_Cargo_x11847_y14060_vv.tif,S1A_IW_GRDH_1SDV_20160219T221225_20160219T221250_010021_00EBE1_C9D5/Patch_Uint8/Visual_Cargo_x11847_y14060_vh.tif,18716,b5134193d47d52d5d329959dd597c8a19c4c352fbc58618a10d213858a8fc123
S1A_IW_GRDH_1SDV_20160219T221225_20160219T221250_010021_00EBE1_C9D5/1248_13438,Bulk Carrier,0,opensar_zip,OpenSARShip_1/S1A_IW_GRDH_1SDV_20160219T221225_20160219T221250_010021_00EBE1_C9D5.zip,S1A_IW_GRDH_1SDV_20160219T221225_20160219T221250_010021_00EBE1_C9D5/Patch_Uint8/Visual_Cargo_x1248_y13438_vv.tif,S1A_IW_GRDH_1SDV_20160219T221225_20160219T221250_010021_00EBE1_C9D5/Patch_Uint8/Visual_Cargo_x1248_y13438_vh.tif,18512,fc97f88a49565bfeb4cc67ce83efc32a530724c9b4e6ed6df786ac98119a6f91
S1A_IW_GRDH_1SDV_20160219T221225_20160219T221250_010021_00EBE1_C9D5/2437_13307,Container Ship,1,opensar_zip,OpenSARShip_1/S1A_IW_GRDH_1SDV_20160219T221225_20160219T221250_010021_00EBE1_C9D5.zip,S1A_IW_GRDH_1SDV_20160219T221225_20160219T221250_010021_00EBE1_C9D5/Patch_Uint8/Visual_Cargo_x2437_y13307_vv.tif,S1A_IW_GRDH_1SDV_20160219T221225_20160219T221250_010021_00EBE1_C9D5/Patch_Uint8/Visual_Cargo_x2437_y13307_vh.tif,31822,da9f5e564f5973277c29eb2586b32e7a7c3116372819171727fe270eba38e9f5
S1A_IW_GRDH_1SDV_20160219T221225_20160219T221250_010021_00EBE1_C9D5/2935_13804,Bulk Carrier,0,opensar_zip,OpenSARShip_1/S1A_IW_GRDH_1SDV_20160219T221225_20160219T221250_010021_00EBE1_C9D5.zip,S1A_IW_GRDH_1SDV_20160219T221225_20160219T221250_010021_00EBE1_C9D5/Patch_Uint8/Visual_Cargo_x2935_y13804_vv.tif,S1A_IW_GRDH_1SDV_20160219T221225_20160219T221250_010021_00EBE1_C9D5/Patch_Uint8/Visual_Cargo_x2935_y13804_vh.tif,18588,29f55ce9fe4079f2c4cd28f611f917ae066a939cd951e4aba01f818b369c3c8e
S1A_IW_GRDH_1SDV_20160219T221225_20160219T221250_010021_00EBE1_C9D5/4112_13980,Bulk Carrier,0,opensar_zip,OpenSARShip_1/S1A_IW_GRDH_1SDV_20160219T221225_20160219T221250_010021_00EBE1_C9D5.zip,S1A_IW_GRDH_1SDV_20160219T221225_20160219T221250_010021_00EBE1_C9D5/Patch_Uint8/Visual_Cargo_x4112_y13980_vv.tif,S1A_IW_GRDH_1SDV_20160219T221225_20160219T221250_010021_00EBE1_C9D5/Patch_Uint8/Visual_Cargo_x4112_y13980_vh.tif,16074,fd5e7f38bbff55d14b90ed8520b9b2cf0f060a276db10e648fa00baefd2cb143
S1A_IW_GRDH_1SDV_20160219T221225_20160219T221250_010021_00EBE1_C9D5/4524_13336,Bulk Carrier,0,opensar_zip,OpenSARShip_1/S1A_IW_GRDH_1SDV_20160219T221225_20160219T221250_010021_00EBE1_C9D5.zip,S1A_IW_GRDH_1SDV_20160219T221225_20160219T221250_010021_00EBE1_C9D5/Patch_Uint8/Visual_Cargo_x4524_y13336_vv.tif,S1A_IW_GRDH_1SDV_20160219T221225_20160219T221250_010021_00EBE1_C9D5/Patch_Uint8/Visual_Cargo_x4524_y13336_vh.tif,23476,c786e0d9b60db36a78790e7c33ce26653e4240d187ca06ccf6a245b17249fc2b
S1A_IW_GRDH_1SDV_20160219T221225_20160219T221250_010021_00EBE1_C9D5/4620_14060,Bulk Carrier,0,opensar_zip,OpenSARShip_1/S1A_IW_GRDH_1SDV_20160219T221225_20160219T221250_010021_00EBE1_C9D5.zip,S1A_IW_GRDH_1SDV_20160219T221225_20160219T221250_010021_00EBE1_C9D5/Patch_Uint8/Visual_Cargo_x4620_y14060_vv.tif,S1A_IW_GRDH_1SDV_20160219T221225_20160219T221250_010021_00EBE1_C9D5/Patch_Uint8/Visual_Cargo_x4620_y14060_vh.tif,24466,ad0ef32c7aa9b85c7d2bdec1782e3eabc240f1725c33c2c59391bbcd96bd61dd
S1A_IW_GRDH_1SDV_20160219T221225_20160219T221250_010021_00EBE1_C9D5/510_12605,Bulk Carrier,0,opensar_zip,OpenSARShip_1/S1A_IW_GRDH_1SDV_20160219T221225_20160219T221250_010021_00EBE1_C9D5.zip,S1A_IW_GRDH_1SDV_20160219T221225_20160219T221250_010021_00EBE1_C9D5/Patch_Uint8/Visual_Cargo_x510_y12605_vv.tif,S1A_IW_GRDH_1SDV_20160219T221225_20160219T221250_010021_00EBE1_C9D5/Patch_Uint8/Visual_Cargo_x510_y12605_vh.tif,37040,f113f7361ff8d5d508e0939429bc0d4622e5aedb2268fbb2e49d3e5efaece45d
S1A_IW_GRDH_1SDV_20160219T221225_20160219T221250_010021_00EBE1_C9D5/5306_13997,Bulk Carrier,0,opensar_zip,OpenSARShip_1/S1A_IW_GRDH_1SDV_20160219T221225_20160219T221250_010021_00EBE1_C9D5.zip,S1A_IW_GRDH_1SDV_20160219T221225_20160219T221250_010021_00EBE1_C9D5/Patch_Uint8/Visual_Cargo_x5306_y13997_vv.tif,S1A_IW_GRDH_1SDV_20160219T221225_20160219T221250_010021_00EBE1_C9D5/Patch_Uint8/Visual_Cargo_x5306_y13997_vh.tif,27246,e7f76542f332646bbff7cf9f59e536d1471baefac4acd813f7d60020cd0da783
S1A_IW_GRDH_1SDV_20160219T221225_20160219T221250_010021_00EBE1_C9D5/5364_13522,Bulk Carrier,0,opensar_zip,OpenSARShip_1/S1A_IW_GRDH_1SDV_20160219T221225_20160219T221250_010021_00EBE1_C9D5.zip,S1A_IW_GRDH_1SDV_20160219T221225_20160219T221250_010021_00EBE1_C9D5/Patch_Uint8/Visual_Cargo_x5364_y13522_vv.tif,S1A_IW_GRDH_1SDV_20160219T221225_20160219T221250_010021_00EBE1_C9D5/Patch_Uint8/Visual_Cargo_x5364_y13522_vh.tif,9962,c7e5d43f6334b745e23f98d00de5420333c884d7dd327a1fc306857ec4a39fd9
S1A_IW_GRDH_1SDV_20160219T221225_20160219T221250_010021_00EBE1_C9D5/5549_13912,Bulk Carrier,0,opensar_zip,OpenSARShip_1/S1A_IW_GRDH_1SDV_20160219T221225_20160219T221250_010021_00EBE1_C9D5.zip,S1A_IW_GRDH_1SDV_20160219T221225_20160219T221250_010021_00EBE1_C9D5/Patch_Uint8/Visual_Cargo_x5549_y13912_vv.tif,S1A_IW_GRDH_1SDV_20160219T221225_20160219T221250_010021_00EBE1_C9D5/Patch_Uint8/Visual_Cargo_x5549_y13912_vh.tif,7570,b2cf4fb783e9cd6447e7216985e598e44e7987ba4014fbc2cb6b0c6cc419201c
S1A_IW_GRDH_1SDV_20160219T221225_20160219T221250_010021_00EBE1_C9D5/5794_13846,Bulk Carrier,0,opensar_zip,OpenSARShip_1/S1A_IW_GRDH_1SDV_20160219T221225_20160219T221250_010021_00EBE1_C9D5.zip,S1A_IW_GRDH_1SDV_20160219T221225_20160219T221250_010021_00EBE1_C9D5/Patch_Uint8/Visual_Cargo_x5794_y13846_vv.tif,S1A_IW_GRDH_1SDV_20160219T221225_20160219T221250_010021_00EBE1_C9D5/Patch_Uint8/Visual_Cargo_x5794_y13846_vh.tif,29682,6ff13198e4d79ef6c0d950be1433b18b0ee74894223fb7f6d816e44e88435903
S1A_IW_GRDH_1SDV_20160219T221225_20160219T221250_010021_00EBE1_C9D5/5894_14344,Bulk Carrier,0,opensar_zip,OpenSARShip_1/S1A_IW_GRDH_1SDV_20160219T221225_20160219T221250_010021_00EBE1_C9D5.zip,S1A_IW_GRDH_1SDV_20160219T221225_20160219T221250_010021_00EBE1_C9D5/Patch_Uint8/Visual_Cargo_x5894_y14344_vv.tif,S1A_IW_GRDH_1SDV_20160219T221225_20160219T221250_010021_00EBE1_C9D5/Patch_Uint8/Visual_Cargo_x5894_y14344_vh.tif,14852,0b9b20fde32fbd272f14c100bcf7f9d87161d761ec52a51df769efe839d595a6
S1A_IW_GRDH_1SDV_20160219T221225_20160219T221250_010021_00EBE1_C9D5/5919_13634,Bulk Carrier,0,opensar_zip,OpenSARShip_1/S1A_IW_GRDH_1SDV_20160219T221225_20160219T221250_010021_00EBE1_C9D5.zip,S1A_IW_GRDH_1SDV_20160219T221225_20160219T221250_010021_00EBE1_C9D5/Patch_Uint8/Visual_Cargo_x5919_y13634_vv.tif,S1A_IW_GRDH_1SDV_20160219T221225_20160219T221250_010021_00EBE1_C9D5/Patch_Uint8/Visual_Cargo_x5919_y13634_vh.tif,10080,ca283fd7d93226b74e8c43f896d55951e4971c29d438efa3d57223b0e3ce179d
S1A_IW_GRDH_1SDV_20160219T221225_20160219T221250_010021_00EBE1_C9D5/6111_13660,Bulk Carrier,0,opensar_zip,OpenSARShip_1/S1A_IW_GRDH_1SDV_20160219T221225_20160219T221250_010021_00EBE1_C9D5.zip,S1A_IW_GRDH_1SDV_20160219T221225_20160219T221250_010021_00EBE1_C9D5/Patch_Uint8/Visual_Cargo_x6111_y13660_vv.tif,S1A_IW_GRDH_1SDV_20160219T221225_20160219T221250_010021_00EBE1_C9D5/Patch_Uint8/Visual_Cargo_x6111_y13660_vh.tif,11252,7f3f254f724338bc6f5a73c1349406bd95bd5679c806f617fcdaa22a859ac252
S1A_IW_GRDH_1SDV_20160219T221225_20160219T221250_010021_00EBE1_C9D5/6313_13975,Bulk Carrier,0,opensar_zip,OpenSARShip_1/S1A_IW_GRDH_1SDV_20160219T221225_20160219T221250_010021_00EBE1_C9D5.zip,S1A_IW_GRDH_1SDV_20160219T221225_20160219T221250_010021_00EBE1_C9D5/Patch_Uint8/Visual_Cargo_x6313_y13975_vv.tif,S1A_IW_GRDH_1SDV_20160219T221225_20160219T221250_010021_00EBE1_C9D5/Patch_Uint8/Visual_Cargo_x6313_y13975_vh.tif,7822,b27605e2d4c239e0e300120d1a178cf9fd7edc992c38f5e38a7d0545ab89d114
S1A_IW_GRDH_1SDV_20160219T221225_20160219T221250_010021_00EBE1_C9D5/6835_16068,Bulk Carrier,0,opensar_zip,OpenSARShip_1/S1A_IW_GRDH_1SDV_20160219T221225_20160219T221250_010021_00EBE1_C9D5.zip,S1A_IW_GRDH_1SDV_20160219T221225_20160219T221250_010021_00EBE1_C9D5/Patch_Uint8/Visual_Cargo_x6835_y16068_vv.tif,S1A_IW_GRDH_1SDV_20160219T221225_20160219T221250_010021_00EBE1_C9D5/Patch_Uint8/Visual_Cargo_x6835_y16068_vh.tif,15018,022dd33ff2b4a3a70016992405b6783530908f224ce607097c9089ea50693ed4
S1A_IW_GRDH_1SDV_20160219T221225_20160219T221250_010021_00EBE1_C9D5/6947_16268,Bulk Carrier,0,opensar_zip,OpenSARShip_1/S1A_IW_GRDH_1SDV_20160219T221225_20160219T221250_010021_00EBE1_C9D5.zip,S1A_IW_GRDH_1SDV_20160219T221225_20160219T221250_010021_00EBE1_C9D5/Patch_Uint8/Visual_Cargo_x6947_y16268_vv.tif,S1A_IW_GRDH_1SDV_20160219T221225_20160219T221250_010021_00EBE1_C9D5/Patch_Uint8/Visual_Cargo_x6947_y16268_vh.tif,23986,045ccd2e445f211fa05a005cc1250adaa851dc3ad60c9d6dd37dd9cf4f7feaff
S1A_IW_GRDH_1SDV_20160219T221225_20160219T221250_010021_00EBE1_C9D5/6986_15979,Bulk Carrier,0,opensar_zip,OpenSARShip_1/S1A_IW_GRDH_1SDV_20160219T221225_20160219T221250_010021_00EBE1_C9D5.zip,S1A_IW_GRDH_1SDV_20160219T221225_20160219T221250_010021_00EBE1_C9D5/Patch_Uint8/Visual_Cargo_x6986_y15979_vv.tif,S1A_IW_GRDH_1SDV_20160219T221225_20160219T221250_010021_00EBE1_C9D5/Patch_Uint8/Visual_Cargo_x6986_y15979_vh.tif,21776,eb90528e75b280a91a706c54b9580462c1c31b1adefa29b4d783924f00e42a87
S1A_IW_GRDH_1SDV_20160219T221225_20160219T221250_010021_00EBE1_C9D5/7039_16571,Bulk Carrier,0,opensar_zip,OpenSARShip_1/S1A_IW_GRDH_1SDV_20160219T221225_20160219T221250_010021_00EBE1_C9D5.zip,S1A_IW_GRDH_1SDV_20160219T221225_20160219T221250_010021_00EBE1_C9D5/Patch_Uint8/Visual_Cargo_x7039_y16571_vv.tif,S1A_IW_GRDH_1SDV_20160219T221225_20160219T221250_010021_00EBE1_C9D5/Patch_Uint8/Visual_Cargo_x7039_y16571_vh.tif,12450,9c74d11fb5e640c8c8e88869ad55b64c24af7636a2331fd865ddc68cd240387f
S1A_IW_GRDH_1SDV_20160219T221225_20160219T221250_010021_00EBE1_C9D5/7133_16452,Bulk Carrier,0,opensar_zip,OpenSARShip_1/S1A_IW_GRDH_1SDV_20160219T221225_20160219T221250_010021_00EBE1_C9D5.zip,S1A_IW_GRDH_1SDV_20160219T221225_20160219T221250_010021_00EBE1_C9D5/Patch_Uint8/Visual_Cargo_x7133_y16452_vv.tif,S1A_IW_GRDH_1SDV_20160219T221225_20160219T221250_010021_00EBE1_C9D5/Patch_Uint8/Visual_Cargo_x7133_y16452_vh.tif,25856,024b257e6d0920de1600057fed6dcea36caba4371f2c74b9bac1f2dd085aac33
S1A_IW_GRDH_1SDV_20160219T221225_20160219T221250_010021_00EBE1_C9D5/7169_14826,Container Ship,1,opensar_zip,OpenSARShip_1/S1A_IW_GRDH_1SDV_20160219T221225_20160219T221250_010021_00EBE1_C9D5.zip,S1A_IW_GRDH_1SDV_20160219T221225_20160219T221250_010021_00EBE1_C9D5/Patch_Uint8/Visual_Cargo_x7169_y14826_vv.tif,S1A_IW_GRDH_1SDV_20160219T221225_20160219T221250_010021_00EBE1_C9D5/Patch_Uint8/Visual_Cargo_x7169_y14826_vh.tif,17646,b55fbcc45dff405af11c816b647869ef043504fbee479988113687cd162e6032
S1A_IW_GRDH_1SDV_20160219T221225_20160219T221250_010021_00EBE1_C9D5/7242_15028,Tanker,4,opensar_zip,OpenSARShip_1/S1A_IW_GRDH_1SDV_20160219T221225_20160219T221250_010021_00EBE1_C9D5.zip,S1A_IW_GRDH_1SDV_20160219T221225_20160219T221250_010021_00EBE1_C9D5/Patch_Uint8/Visual_Tanker_x7242_y15028_vv.tif,S1A_IW_GRDH_1SDV_20160219T221225_20160219T221250_010021_00EBE1_C9D5/Patch_Uint8/Visual_Tanker_x7242_y15028_vh.tif,38256,165184a8e3270f144304117966608b94fa9264759f339317601abe7108d2c77b
S1A_IW_GRDH_1SDV_20160219T221225_20160219T221250_010021_00EBE1_C9D5/7609_15815,Container Ship,1,opensar_zip,OpenSARShip_1/S1A_IW_GRDH_1SDV_20160219T221225_20160219T221250_010021_00EBE1_C9D5.zip,S1A_IW_GRDH_1SDV_20160219T221225_20160219T221250_010021_00EBE1_C9D5/Patch_Uint8/Visual_Cargo_x7609_y15815_vv.tif,S1A_IW_GRDH_1SDV_20160219T221225_20160219T221250_010021_00EBE1_C9D5/Patch_Uint8/Visual_Cargo_x7609_y15815_vh.tif,13676,3b1b2e175fd6ba986ef62c02fcd07f0d4f7728fe1fbc921647e2ff500ad4a489
S1A_IW_GRDH_1SDV_20160219T221225_20160219T221250_010021_00EBE1_C9D5/7873_14171,Bulk Carrier,0,opensar_zip,OpenSARShip_1/S1A_IW_GRDH_1SDV_20160219T221225_20160219T221250_010021_00EBE1_C9D5.zip,S1A_IW_GRDH_1SDV_20160219T221225_20160219T221250_010021_00EBE1_C9D5/Patch_Uint8/Visual_Cargo_x7873_y14171_vv.tif,S1A_IW_GRDH_1SDV_20160219T221225_20160219T221250_010021_00EBE1_C9D5/Patch_Uint8/Visual_Cargo_x7873_y14171_vh.tif,8924,b2d1ea33e996451dea5b2d2f86464ae982073524c54da8c5bacc73f2e46046fc
S1A_IW_GRDH_1SDV_20160219T221225_20160219T221250_010021_00EBE1_C9D5/7957_14018,Bulk Carrier,0,opensar_zip,OpenSARShip_1/S1A_IW_GRDH_1SDV_20160219T221225_20160219T221250_010021_00EBE1_C9D5.zip,S1A_IW_GRDH_1SDV_20160219T221225_20160219T221250_010021_00EBE1_C9D5/Patch_Uint8/Visual_Cargo_x7957_y14018_vv.tif,S1A_IW_GRDH_1SDV_20160219T221225_20160219T221250_010021_00EBE1_C9D5/Patch_Uint8/Visual_Cargo_x7957_y14018_vh.tif,11380,81730fcf48fad367f81225a68661ceabe6dd04e8d6710395bb92e36d55037c91
S1A_IW_GRDH_1SDV_20160219T221225_20160219T221250_010021_00EBE1_C9D5/8045_15316,Bulk Carrier,0,opensar_zip,OpenSARShip_1/S1A_IW_GRDH_1SDV_20160219T221225_20160219T221250_010021_00EBE1_C9D5.zip,S1A_IW_GRDH_1SDV_20160219T221225_20160219T221250_010021_00EBE1_C9D5/Patch_Uint8/Visual_Cargo_x8045_y15316_vv.tif,S1A_IW_GRDH_1SDV_20160219T221225_20160219T221250_010021_00EBE1_C9D5/Patch_Uint8/Visual_Cargo_x8045_y15316_vh.tif,36290,cec7e3086c7f1c0281ed3b21582cde700da089ec994eea98e457f9071b069e45
S1A_IW_GRDH_1SDV_20160219T221225_20160219T221250_010021_00EBE1_C9D5/813_15315,Container Ship,1,opensar_zip,OpenSARShip_1/S1A_IW_GRDH_1SDV_20160219T221225_20160219T221250_010021_00EBE1_C9D5.zip,S1A_IW_GRDH_1SDV_20160219T221225_20160219T221250_010021_00EBE1_C9D5/Patch_Uint8/Visual_Cargo_x813_y15315_vv.tif,S1A_IW_GRDH_1SDV_20160219T221225_20160219T221250_010021_00EBE1_C9D5/Patch_Uint8/Visual_Cargo_x813_y15315_vh.tif,18992,d1925700449ef395d63f355e3510056e156f37ae088ce73c5232176e52e90f6b
S1A_IW_GRDH_1SDV_20160219T221225_20160219T221250_010021_00EBE1_C9D5/8156_14949,Bulk Carrier,0,opensar_zip,OpenSARShip_1/S1A_IW_GRDH_1SDV_20160219T221225_20160219T221250_010021_00EBE1_C9D5.zip,S1A_IW_GRDH_1SDV_20160219T221225_20160219T221250_010021_00EBE1_C9D5/Patch_Uint8/Visual_Cargo_x8156_y14949_vv.tif,S1A_IW_GRDH_1SDV_20160219T221225_20160219T221250_010021_00EBE1_C9D5/Patch_Uint8/Visual_Cargo_x8156_y14949_vh.tif,30086,317f2b77964448468ec45a9f2a70b8824bd2bf4693c99877dda34db97d367bfb
S1A_IW_GRDH_1SDV_20160219T221225_20160219T221250_010021_00EBE1_C9D5/8247_13820,Tanker,4,opensar_zip,OpenSARShip_1/S1A_IW_GRDH_1SDV_20160219T221225_20160219T221250_010021_00EBE1_C9D5.zip,S1A_IW_GRDH_1SDV_20160219T221225_20160219T221250_010021_00EBE1_C9D5/Patch_Uint8/Visual_Tanker_x8247_y13820_vv.tif,S1A_IW_GRDH_1SDV_20160219T221225_20160219T221250_010021_00EBE1_C9D5/Patch_Uint8/Visual_Tanker_x8247_y13820_vh.tif,3214,385754d3127993573e1337b2c58632f8dee21bfce8be7147c6fb2db34aa51924
S1A_IW_GRDH_1SDV_20160219T221225_20160219T221250_010021_00EBE1_C9D5/8343_15015,Bulk Carrier,0,opensar_zip,OpenSARShip_1/S1A_IW_GRDH_1SDV_20160219T221225_20160219T221250_010021_00EBE1_C9D5.zip,S1A_IW_GRDH_1SDV_20160219T221225_20160219T221250_010021_00EBE1_C9D5/Patch_Uint8/Visual_Cargo_x8343_y15015_vv.tif,S1A_IW_GRDH_1SDV_20160219T221225_20160219T221250_010021_00EBE1_C9D5/Patch_Uint8/Visual_Cargo_x8343_y15015_vh.tif,22784,4cf7d14853fdba996daa80ae49fe9aa43adb4aac7dd632d0ef69140c550c4351
S1A_IW_GRDH_1SDV_20160219T221225_20160219T221250_010021_00EBE1_C9D5/8388_14180,Bulk Carrier,0,opensar_zip,OpenSARShip_1/S1A_IW_GRDH_1SDV_20160219T221225_20160219T221250_010021_00EBE1_C9D5.zip,S1A_IW_GRDH_1SDV_20160219T221225_20160219T221250_010021_00EBE1_C9D5/Patch_Uint8/Visual_Cargo_x8388_y14180_vv.tif,S1A_IW_GRDH_1SDV_20160219T221225_20160219T221250_010021_00EBE1_C9D5/Patch_Uint8/Visual_Cargo_x8388_y14180_vh.tif,12484,82ab9aeb1160a0fe5e007214760b2a28f4f86f72fc55b61e3a06f95545660091
S1A_IW_GRDH_1SDV_20160219T221225_20160219T221250_010021_00EBE1_C9D5/8389_14008,Bulk Carrier,0,opensar_zip,OpenSARShip_1/S1A_IW_GRDH_1SDV_20160219T221225_20160219T221250_010021_00EBE1_C9D5.zip,S1A_IW_GRDH_1SDV_20160219T221225_20160219T221250_010021_00EBE1_C9D5/Patch_Uint8/Visual_Cargo_x8389_y14008_vv.tif,S1A_IW_GRDH_1SDV_20160219T221225_20160219T221250_010021_00EBE1_C9D5/Patch_Uint8/Visual_Cargo_x8389_y14008_vh.tif,11136,c69bce9ebe2b36811c001bbcbbfe2576cc4dd25e19274afa0ee1f4e3a0362edd
S1A_IW_GRDH_1SDV_20160219T221225_20160219T221250_010021_00EBE1_C9D5/8399_14913,Bulk Carrier,0,opensar_zip,OpenSARShip_1/S1A_IW_GRDH_1SDV_20160219T221225_20160219T221250_010021_00EBE1_C9D5.zip,S1A_IW_GRDH_1SDV_20160219T221225_20160219T221250_010021_00EBE1_C9D5/Patch_Uint8/Visual_Cargo_x8399_y14913_vv.tif,S1A_IW_GRDH_1SDV_20160219T221225_20160219T221250_010021_00EBE1_C9D5/Patch_Uint8/Visual_Cargo_x8399_y14913_vh.tif,27782,6a45944f4b5d0fff455e7764a1ab81c399e0c05df2036a5f05b6278d602d4048
S1A_IW_GRDH_1SDV_20160219T221225_20160219T221250_010021_00EBE1_C9D5/8467_13847,Container Ship,1,opensar_zip,OpenSARShip_1/S1A_IW_GRDH_1SDV_20160219T221225_20160219T221250_010021_00EBE1_C9D5.zip,S1A_IW_GRDH_1SDV_20160219T221225_20160219T221250_010021_00EBE1_C9D5/Patch_Uint8/Visual_Cargo_x8467_y13847_vv.tif,S1A_IW_GRDH_1SDV_20160219T221225_20160219T221250_010021_00EBE1_C9D5/Patch_Uint8/Visual_Cargo_x8467_y13847_vh.tif,10116,295bd5e82a3ca920fdb561382cb068b2775dcc750f2fe9d2e7844cbfb22befa0
S1A_IW_GRDH_1SDV_20160219T221225_20160219T221250_010021_00EBE1_C9D5/8542_14813,Bulk Carrier,0,opensar_zip,OpenSARShip_1/S1A_IW_GRDH_1SDV_20160219T221225_20160219T221250_010021_00EBE1_C9D5.zip,S1A_IW_GRDH_1SDV_20160219T221225_20160219T221250_010021_00EBE1_C9D5/Patch_Uint8/Visual_Cargo_x8542_y14813_vv.tif,S1A_IW_GRDH_1SDV_20160219T221225_20160219T221250_010021_00EBE1_C9D5/Patch_Uint8/Visual_Cargo_x8542_y14813_vh.tif,26840,3adcda105b1b390d22090e2c07c20012762ec4d2733d82a1f690e6f3627dbb15
S1A_IW_GRDH_1SDV_20160219T221225_20160219T221250_010021_00EBE1_C9D5/8666_15025,Bulk Carrier,0,opensar_zip,OpenSARShip_1/S1A_IW_GRDH_1SDV_20160219T221225_20160219T221250_010021_00EBE1_C9D5.zip,S1A_IW_GRDH_1SDV_20160219T221225_20160219T221250_010021_00EBE1_C9D5/Patch_Uint8/Visual_Cargo_x8666_y15025_vv.tif,S1A_IW_GRDH_1SDV_20160219T221225_20160219T221250_010021_00EBE1_C9D5/Patch_Uint8/Visual_Cargo_x8666_y15025_vh.tif,25862,4554da0ff290562450c439c09aacaf496af3e9c3c7833c18df2dbf4d5a550c9d
S1A_IW_GRDH_1SDV_20160219T221225_20160219T221250_010021_00EBE1_C9D5/8938_15057,Bulk Carrier,0,opensar_zip,OpenSARShip_1/S1A_IW_GRDH_1SDV_20160219T221225_20160219T221250_010021_00EBE1_C9D5.zip,S1A_IW_GRDH_1SDV_20160219T221225_20160219T221250_010021_00EBE1_C9D5/Patch_Uint8/Visual_Cargo_x8938_y15057_vv.tif,S1A_IW_GRDH_1SDV_20160219T221225_20160219T221250_010021_00EBE1_C9D5/Patch_Uint8/Visual_Cargo_x8938_y15057_vh.tif,19382,5e1cbc8d1471be4a55df2534a07dd473287acaa1f2292f93e1af2ca74b6f93ad
S1A_IW_GRDH_1SDV_20160219T221225_20160219T221250_010021_00EBE1_C9D5/8958_15214,Bulk Carrier,0,opensar_zip,OpenSARShip_1/S1A_IW_GRDH_1SDV_20160219T221225_20160219T221250_010021_00EBE1_C9D5.zip,S1A_IW_GRDH_1SDV_20160219T221225_20160219T221250_010021_00EBE1_C9D5/Patch_Uint8/Visual_Cargo_x8958_y15214_vv.tif,S1A_IW_GRDH_1SDV_20160219T221225_20160219T221250_010021_00EBE1_C9D5/Patch_Uint8/Visual_Cargo_x8958_y15214_vh.tif,28734,2e6e3c17f6ca23a08c7b7914f25c2e2b95000eb32114c07b1bdcb5f15dd15ecc
S1A_IW_GRDH_1SDV_20160219T221225_20160219T221250_010021_00EBE1_C9D5/9000_14357,Bulk Carrier,0,opensar_zip,OpenSARShip_1/S1A_IW_GRDH_1SDV_20160219T221225_20160219T221250_010021_00EBE1_C9D5.zip,S1A_IW_GRDH_1SDV_20160219T221225_20160219T221250_010021_00EBE1_C9D5/Patch_Uint8/Visual_Cargo_x9000_y14357_vv.tif,S1A_IW_GRDH_1SDV_20160219T221225_20160219T221250_010021_00EBE1_C9D5/Patch_Uint8/Visual_Cargo_x9000_y14357_vh.tif,11254,ea7724c1b9d6b750c07a487a82d1a184600e205b67ef95c26e9a37c3f7a6d8b0
S1A_IW_GRDH_1SDV_20160219T221225_20160219T221250_010021_00EBE1_C9D5/9042_14118,Container Ship,1,opensar_zip,OpenSARShip_1/S1A_IW_GRDH_1SDV_20160219T221225_20160219T221250_010021_00EBE1_C9D5.zip,S1A_IW_GRDH_1SDV_20160219T221225_20160219T221250_010021_00EBE1_C9D5/Patch_Uint8/Visual_Cargo_x9042_y14118_vv.tif,S1A_IW_GRDH_1SDV_20160219T221225_20160219T221250_010021_00EBE1_C9D5/Patch_Uint8/Visual_Cargo_x9042_y14118_vh.tif,8674,9221f1198530b6a3b2c896ec7d098c134648e7a074ed953520aff6d9d37b8435
S1A_IW_GRDH_1SDV_20160219T221225_20160219T221250_010021_00EBE1_C9D5/9044_14234,Bulk Carrier,0,opensar_zip,OpenSARShip_1/S1A_IW_GRDH_1SDV_20160219T221225_20160219T221250_010021_00EBE1_C9D5.zip,S1A_IW_GRDH_1SDV_20160219T221225_20160219T221250_010021_00EBE1_C9D5/Patch_Uint8/Visual_Cargo_x9044_y14234_vv.tif,S1A_IW_GRDH_1SDV_20160219T221225_20160219T221250_010021_00EBE1_C9D5/Patch_Uint8/Visual_Cargo_x9044_y14234_vh.tif,11026,ed078f296e760c93a64d3f4d725853b79920687ecf5689702803b3734637f523
S1A_IW_GRDH_1SDV_20160219T221225_20160219T221250_010021_00EBE1_C9D5/9081_14003,Bulk Carrier,0,opensar_zip,OpenSARShip_1/S1A_IW_GRDH_1SDV_20160219T221225_20160219T221250_010021_00EBE1_C9D5.zip,S1A_IW_GRDH_1SDV_20160219T221225_20160219T221250_010021_00EBE1_C9D5/Patch_Uint8/Visual_Cargo_x9081_y14003_vv.tif,S1A_IW_GRDH_1SDV_20160219T221225_20160219T221250_010021_00EBE1_C9D5/Patch_Uint8/Visual_Cargo_x9081_y14003_vh.tif,11776,6c24c854aa0fb1bf05f545596a2c05c6c5e5078b66c0bfc3b854356889eebc9a
S1A_IW_GRDH_1SDV_20160219T221225_20160219T221250_010021_00EBE1_C9D5/9108_14889,Bulk Carrier,0,opensar_zip,OpenSARShip_1/S1A_IW_GRDH_1SDV_20160219T221225_20160219T221250_010021_00EBE1_C9D5.zip,S1A_IW_GRDH_1SDV_20160219T221225_20160219T221250_010021_00EBE1_C9D5/Patch_Uint8/Visual_Cargo_x9108_y14889_vv.tif,S1A_IW_GRDH_1SDV_20160219T221225_20160219T221250_010021_00EBE1_C9D5/Patch_Uint8/Visual_Cargo_x9108_y14889_vh.tif,17826,cd6c3d48974f9721c8610e5733655e51833fda4558430f175cd26be59877708a
S1A_IW_GRDH_1SDV_20160219T221225_20160219T221250_010021_00EBE1_C9D5/9125_15184,Bulk Carrier,0,opensar_zip,OpenSARShip_1/S1A_IW_GRDH_1SDV_20160219T221225_20160219T221250_010021_00EBE1_C9D5.zip,S1A_IW_GRDH_1SDV_20160219T221225_20160219T221250_010021_00EBE1_C9D5/Patch_Uint8/Visual_Cargo_x9125_y15184_vv.tif,S1A_IW_GRDH_1SDV_20160219T221225_20160219T221250_010021_00EBE1_C9D5/Patch_Uint8/Visual_Cargo_x9125_y15184_vh.tif,27984,75d03996fe9fbf501e574ba1ab4e378f7f2b1078f2b17b9564aece0f0013f3c3
S1A_IW_GRDH_1SDV_20160219T221225_20160219T221250_010021_00EBE1_C9D5/9186_14304,Bulk Carrier,0,opensar_zip,OpenSARShip_1/S1A_IW_GRDH_1SDV_20160219T221225_20160219T221250_010021_00EBE1_C9D5.zip,S1A_IW_GRDH_1SDV_20160219T221225_20160219T221250_010021_00EBE1_C9D5/Patch_Uint8/Visual_Cargo_x9186_y14304_vv.tif,S1A_IW_GRDH_1SDV_20160219T221225_20160219T221250_010021_00EBE1_C9D5/Patch_Uint8/Visual_Cargo_x9186_y14304_vh.tif,7888,b11a66c1a8aa8610103f84b09167c38a40f62a1ddc6bee7b6b02d4da1a89eef1
S1A_IW_GRDH_1SDV_20160219T221225_20160219T221250_010021_00EBE1_C9D5/9252_13774,Bulk Carrier,0,opensar_zip,OpenSARShip_1/S1A_IW_GRDH_1SDV_20160219T221225_20160219T221250_010021_00EBE1_C9D5.zip,S1A_IW_GRDH_1SDV_20160219T221225_20160219T221250_010021_00EBE1_C9D5/Patch_Uint8/Visual_Cargo_x9252_y13774_vv.tif,S1A_IW_GRDH_1SDV_20160219T221225_20160219T221250_010021_00EBE1_C9D5/Patch_Uint8/Visual_Cargo_x9252_y13774_vh.tif,12424,376419d05fa81bf2b5e7fb6a1a73f0a62529da3265f1df3af55457b1e6312653
S1A_IW_GRDH_1SDV_20160219T221225_20160219T221250_010021_00EBE1_C9D5/9256_14852,Bulk Carrier,0,opensar_zip,OpenSARShip_1/S1A_IW_GRDH_1SDV_20160219T221225_20160219T221250_010021_00EBE1_C9D5.zip,S1A_IW_GRDH_1SDV_20160219T221225_20160219T221250_010021_00EBE1_C9D5/Patch_Uint8/Visual_Cargo_x9256_y14852_vv.tif,S1A_IW_GRDH_1SDV_20160219T221225_20160219T221250_010021_00EBE1_C9D5/Patch_Uint8/Visual_Cargo_x9256_y14852_vh.tif,22120,40c6023e1a73c816b30d81e06a2cc22c6e401453378ebdd3fd762af59b7f1637
S1A_IW_GRDH_1SDV_20160219T221225_20160219T221250_010021_00EBE1_C9D5/9297_14313,Container Ship,1,opensar_zip,OpenSARShip_1/S1A_IW_GRDH_1SDV_20160219T221225_20160219T221250_010021_00EBE1_C9D5.zip,S1A_IW_GRDH_1SDV_20160219T221225_20160219T221250_010021_00EBE1_C9D5/Patch_Uint8/Visual_Cargo_x9297_y14313_vv.tif,S1A_IW_GRDH_1SDV_20160219T221225_20160219T221250_010021_00EBE1_C9D5/Patch_Uint8/Visual_Cargo_x9297_y14313_vh.tif,7982,4d2e360a600d4fc067a86e431b42fb741e812a977ed8093de29154685c150067
S1A_IW_GRDH_1SDV_20160219T221225_20160219T221250_010021_00EBE1_C9D5/9358_14992,Bulk Carrier,0,opensar_zip,OpenSARShip_1/S1A_IW_GRDH_1SDV_20160219T221225_20160219T221250_010021_00EBE1_C9D5.zip,S1A_IW_GRDH_1SDV_20160219T221225_20160219T221250_010021_00EBE1_C9D5/Patch_Uint8/Visual_Cargo_x9358_y14992_vv.tif,S1A_IW_GRDH_1SDV_20160219T221225_20160219T221250_010021_00EBE1_C9D5/Patch_Uint8/Visual_Cargo_x9358_y14992_vh.tif,25598,94f1b9774c258d2c0630833cc2e1f20b5d34bd52250c1140455627da72554b63
S1A_IW_GRDH_1SDV_20160219T221225_20160219T221250_010021_00EBE1_C9D5/9413_14793,Bulk Carrier,0,opensar_zip,OpenSARShip_1/S1A_IW_GRDH_1SDV_20160219T221225_20160219T221250_010021_00EBE1_C9D5.zip,S1A_IW_GRDH_1SDV_20160219T221225_20160219T221250_010021_00EBE1_C9D5/Patch_Uint8/Visual_Cargo_x9413_y14793_vv.tif,S1A_IW_GRDH_1SDV_20160219T221225_20160219T221250_010021_00EBE1_C9D5/Patch_Uint8/Visual_Cargo_x9413_y14793_vh.tif,23950,b1117f2d6b256be45d45a1d7533e41a047d078c8d4120a4e89151df970c1b41d
S1A_IW_GRDH_1SDV_20160219T221225_20160219T221250_010021_00EBE1_C9D5/9441_14709,Container Ship,1,opensar_zip,OpenSARShip_1/S1A_IW_GRDH_1SDV_20160219T221225_20160219T221250_010021_00EBE1_C9D5.zip,S1A_IW_GRDH_1SDV_20160219T221225_20160219T221250_010021_00EBE1_C9D5/Patch_Uint8/Visual_Cargo_x9441_y14709_vv.tif,S1A_IW_GRDH_1SDV_20160219T221225_20160219T221250_010021_00EBE1_C9D5/Patch_Uint8/Visual_Cargo_x9441_y14709_vh.tif,6986,321e923f2728f2115385e2d2d335ddd87bdfd727a2532b203ded54d32421982f
S1A_IW_GRDH_1SDV_20160219T221225_20160219T221250_010021_00EBE1_C9D5/9469_13862,Bulk Carrier,0,opensar_zip,OpenSARShip_1/S1A_IW_GRDH_1SDV_20160219T221225_20160219T221250_010021_00EBE1_C9D5.zip,S1A_IW_GRDH_1SDV_20160219T221225_20160219T221250_010021_00EBE1_C9D5/Patch_Uint8/Visual_Cargo_x9469_y13862_vv.tif,S1A_IW_GRDH_1SDV_20160219T221225_20160219T221250_010021_00EBE1_C9D5/Patch_Uint8/Visual_Cargo_x9469_y13862_vh.tif,7716,0f7bd5b5ff7a7d0972d5ef488d16c6b1ebbe01956052dbb8fe43a9bf57259790
S1A_IW_GRDH_1SDV_20160219T221225_20160219T221250_010021_00EBE1_C9D5/9584_15041,Bulk Carrier,0,opensar_zip,OpenSARShip_1/S1A_IW_GRDH_1SDV_20160219T221225_20160219T221250_010021_00EBE1_C9D5.zip,S1A_IW_GRDH_1SDV_20160219T221225_20160219T221250_010021_00EBE1_C9D5/Patch_Uint8/Visual_Cargo_x9584_y15041_vv.tif,S1A_IW_GRDH_1SDV_20160219T221225_20160219T221250_010021_00EBE1_C9D5/Patch_Uint8/Visual_Cargo_x9584_y15041_vh.tif,10976,d563be1d5695df47eab34b1251ecccb19dc3eb705dddad5cdd1d929c9dde656a
S1A_IW_GRDH_1SDV_20160219T221225_20160219T221250_010021_00EBE1_C9D5/9653_13881,Container Ship,1,opensar_zip,OpenSARShip_1/S1A_IW_GRDH_1SDV_20160219T221225_20160219T221250_010021_00EBE1_C9D5.zip,S1A_IW_GRDH_1SDV_20160219T221225_20160219T221250_010021_00EBE1_C9D5/Patch_Uint8/Visual_Cargo_x9653_y13881_vv.tif,S1A_IW_GRDH_1SDV_20160219T221225_20160219T221250_010021_00EBE1_C9D5/Patch_Uint8/Visual_Cargo_x9653_y13881_vh.tif,16096,96e7944cfcd299807c10f97c1cbc4222531b06f980399c051fe6bf419d9a81aa
S1A_IW_GRDH_1SDV_20160219T221225_20160219T221250_010021_00EBE1_C9D5/9678_13733,Bulk Carrier,0,opensar_zip,OpenSARShip_1/S1A_IW_GRDH_1SDV_20160219T221225_20160219T221250_010021_00EBE1_C9D5.zip,S1A_IW_GRDH_1SDV_20160219T221225_20160219T221250_010021_00EBE1_C9D5/Patch_Uint8/Visual_Cargo_x9678_y13733_vv.tif,S1A_IW_GRDH_1SDV_20160219T221225_20160219T221250_010021_00EBE1_C9D5/Patch_Uint8/Visual_Cargo_x9678_y13733_vh.tif,10034,1bc7ff96ced583e46bad9a82f12973f138c1fc08f3141c148a30ec642bff2898
S1A_IW_GRDH_1SDV_20160219T221225_20160219T221250_010021_00EBE1_C9D5/982_13333,Bulk Carrier,0,opensar_zip,OpenSARShip_1/S1A_IW_GRDH_1SDV_20160219T221225_20160219T221250_010021_00EBE1_C9D5.zip,S1A_IW_GRDH_1SDV_20160219T221225_20160219T221250_010021_00EBE1_C9D5/Patch_Uint8/Visual_Cargo_x982_y13333_vv.tif,S1A_IW_GRDH_1SDV_20160219T221225_20160219T221250_010021_00EBE1_C9D5/Patch_Uint8/Visual_Cargo_x982_y13333_vh.tif,16360,e6da54e52f05bb9e918301045d24ee73202ff5e6fcb07eb94f4f9e9ccd5bdf2f
S1A_IW_GRDH_1SDV_20160219T221225_20160219T221250_010021_00EBE1_C9D5/9939_13512,Bulk Carrier,0,opensar_zip,OpenSARShip_1/S1A_IW_GRDH_1SDV_20160219T221225_20160219T221250_010021_00EBE1_C9D5.zip,S1A_IW_GRDH_1SDV_20160219T221225_20160219T221250_010021_00EBE1_C9D5/Patch_Uint8/Visual_Cargo_x9939_y13512_vv.tif,S1A_IW_GRDH_1SDV_20160219T221225_20160219T221250_010021_00EBE1_C9D5/Patch_Uint8/Visual_Cargo_x9939_y13512_vh.tif,8726,d1d82febcba90d9c2d68b7c5737830896f1e5b6c605c5448e7e2af2c3ddf6766
S1A_IW_GRDH_1SDV_20160219T221225_20160219T221250_010021_00EBE1_C9D5/9959_14882,Bulk Carrier,0,opensar_zip,OpenSARShip_1/S1A_IW_GRDH_1SDV_20160219T221225_20160219T221250_010021_00EBE1_C9D5.zip,S1A_IW_GRDH_1SDV_20160219T221225_20160219T221250_010021_00EBE1_C9D5/Patch_Uint8/Visual_Cargo_x9959_y14882_vv.tif,S1A_IW_GRDH_1SDV_20160219T221225_20160219T221250_010021_00EBE1_C9D5/Patch_Uint8/Visual_Cargo_x9959_y14882_vh.tif,9914,f5a231ad93dfe90a9a536e6a37dddf393d9580651478ede32c051027017fa7df
S1A_IW_GRDH_1SDV_20160219T221225_20160219T221250_010021_00EBE1_C9D5/9989_13686,Bulk Carrier,0,opensar_zip,OpenSARShip_1/S1A_IW_GRDH_1SDV_20160219T221225_20160219T221250_010021_00EBE1_C9D5.zip,S1A_IW_GRDH_1SDV_20160219T221225_20160219T221250_010021_00EBE1_C9D5/Patch_Uint8/Visual_Cargo_x9989_y13686_vv.tif,S1A_IW_GRDH_1SDV_20160219T221225_20160219T221250_010021_00EBE1_C9D5/Patch_Uint8/Visual_Cargo_x9989_y13686_vh.tif,7012,803aff1e939ff68a2398fb8bc5d5d0604297660105eb19303ad0ed3866b2e39a
S1A_IW_GRDH_1SDV_20160219T221225_20160219T221250_010021_00EBE1_C9D5/9997_13838,Bulk Carrier,0,opensar_zip,OpenSARShip_1/S1A_IW_GRDH_1SDV_20160219T221225_20160219T221250_010021_00EBE1_C9D5.zip,S1A_IW_GRDH_1SDV_20160219T221225_20160219T221250_010021_00EBE1_C9D5/Patch_Uint8/Visual_Cargo_x9997_y13838_vv.tif,S1A_IW_GRDH_1SDV_20160219T221225_20160219T221250_010021_00EBE1_C9D5/Patch_Uint8/Visual_Cargo_x9997_y13838_vh.tif,5988,6f837c23f8809e90050f3103866090c6984f5d4864c93829f52fc4ba4ed949a9
S1A_IW_GRDH_1SDV_20160302T221225_20160302T221250_010196_00F0D2_D0C8/10101_13555,Bulk Carrier,0,opensar_zip,OpenSARShip_1/S1A_IW_GRDH_1SDV_20160302T221225_20160302T221250_010196_00F0D2_D0C8.zip,S1A_IW_GRDH_1SDV_20160302T221225_20160302T221250_010196_00F0D2_D0C8/Patch_Uint8/Visual_Cargo_x10101_y13555_vv.tif,S1A_IW_GRDH_1SDV_20160302T221225_20160302T221250_010196_00F0D2_D0C8/Patch_Uint8/Visual_Cargo_x10101_y13555_vh.tif,12420,2af5cfb56bb986aaf5d5194a022211a8f6c96647c4838a87cf8d08b2e96f7488
S1A_IW_GRDH_1SDV_20160302T221225_20160302T221250_010196_00F0D2_D0C8/10154_14806,Bulk Carrier,0,opensar_zip,OpenSARShip_1/S1A_IW_GRDH_1SDV_20160302T221225_20160302T221250_010196_00F0D2_D0C8.zip,S1A_IW_GRDH_1SDV_20160302T221225_20160302T221250_010196_00F0D2_D0C8/Patch_Uint8/Visual_Cargo_x10154_y14806_vv.tif,S1A_IW_GRDH_1SDV_20160302T221225_20160302T221250_010196_00F0D2_D0C8/Patch_Uint8/Visual_Cargo_x10154_y14806_vh.tif,11256,1b86a0934934e49f35e22ef4d639dd077d3a3ec467a7fab1ada60e1aa1b8f6a3
S1A_IW_GRDH_1SDV_20160302T221225_20160302T221250_010196_00F0D2_D0C8/10195_13966,Bulk Carrier,0,opensar_zip,OpenSARShip_1/S1A_IW_GRDH_1SDV_20160302T221225_20160302T221250_010196_00F0D2_D0C8.zip,S1A_IW_GRDH_1SDV_20160302T221225_20160302T221250_010196_00F0D2_D0C8/Patch_Uint8/Visual_Cargo_x10195_y13966_vv.tif,S1A_IW_GRDH_1SDV_20160302T221225_20160302T221250_010196_00F0D2_D0C8/Patch_Uint8/Visual_Cargo_x10195_y13966_vh.tif,13762,725b78126cc00b45336fd5691e124faee8e3253b6307e519d8d224a402681ad2
S1A_IW_GRDH_1SDV_20160302T221225_20160302T221250_010196_00F0D2_D0C8/10197_14598,Bulk Carrier,0,opensar_zip,OpenSARShip_1/S1A_IW_GRDH_1SDV_20160302T221225_20160302T221250_010196_00F0D2_D0C8.zip,S1A_IW_GRDH_1SDV_20160302T221225_20160302T221250_010196_00F0D2_D0C8/Patch_Uint8/Visual_Cargo_x10197_y14598_vv.tif,S1A_IW_GRDH_1SDV_20160302T221225_20160302T221250_010196_00F0D2_D0C8/Patch_Uint8/Visual_Cargo_x10197_y14598_vh.tif,13640,b0a62017056005372737970e74eb193338a1a387ca44bf2aeb138b662933f983
S1A_IW_GRDH_1SDV_20160302T221225_20160302T221250_010196_00F0D2_D0C8/10335_14333,Bulk Carrier,0,opensar_zip,OpenSARShip_1/S1A_IW_GRDH_1SDV_20160302T221225_20160302T221250_010196_00F0D2_D0C8.zip,S1A_IW_GRDH_1SDV_20160302T221225_20160302T221250_010196_00F0D2_D0C8/Patch_Uint8/Visual_Cargo_x10335_y14333_vv.tif,S1A_IW_GRDH_1SDV_20160302T221225_20160302T221250_010196_00F0D2_D0C8/Patch_Uint8/Visual_Cargo_x10335_y14333_vh.tif,7186,ea1928f5f288b9c28cf5150746aeb7cffdd70d7288d71b785564ce3db3335e92
S1A_IW_GRDH_1SDV_20160302T221225_20160302T221250_010196_00F0D2_D0C8/10438_14322,Bulk Carrier,0,opensar_zip,OpenSARShip_1/S1A_IW_GRDH_1SDV_20160302T221225_20160302T221250_010196_00F0D2_D0C8.zip,S1A_IW_GRDH_1SDV_20160302T221225_20160302T221250_010196_00F0D2_D0C8/Patch_Uint8/Visual_Cargo_x10438_y14322_vv.tif,S1A_IW_GRDH_1SDV_20160302T221225_20160302T221250_010196_00F0D2_D0C8/Patch_Uint8/Visual_Cargo_x10438_y14322_vh.tif,13608,1396508ee122b621db4c8ac566b9930624f2a55e8c021534d4ad8506a8040e51
S1A_IW_GRDH_1SDV_20160302T221225_20160302T221250_010196_00F0D2_D0C8/10513_14605,Container Ship,1,opensar_zip,OpenSARShip_1/S1A_IW_GRDH_1SDV_20160302T221225_20160302T221250_010196_00F0D2_D0C8.zip,S1A_IW_GRDH_1SDV_20160302T221225_20160302T221250_010196_00F0D2_D0C8/Patch_Uint8/Visual_Cargo_x10513_y14605_vv.tif,S1A_IW_GRDH_1SDV_20160302T221225_20160302T221250_010196_00F0D2_D0C8/Patch_Uint8/Visual_Cargo_x10513_y14605_vh.tif,22486,19f33dce5d09b5d13329300a90b74879d56f37dd73b7b0ebf6a7c2002a60f0a4
S1A_IW_GRDH_1SDV_20160302T221225_20160302T221250_010196_00F0D2_D0C8/10554_14750,Bulk Carrier,0,opensar_zip,OpenSARShip_1/S1A_IW_GRDH_1SDV_20160302T221225_20160302T221250_010196_00F0D2_D0C8.zip,S1A_IW_GRDH_1SDV_20160302T221225_20160302T221250_010196_00F0D2_D0C8/Patch_Uint8/Visual_Cargo_x10554_y14750_vv.tif,S1A_IW_GRDH_1SDV_20160302T221225_20160302T221250_010196_00F0D2_D0C8/Patch_Uint8/Visual_Cargo_x10554_y14750_vh.tif,7964,25706c6aeefab975e76d123bf4ca937646ac6190930fa20c0184b07b3757a98b
S1A_IW_GRDH_1SDV_20160302T221225_20160302T221250_010196_00F0D2_D0C8/10652_14494,Bulk Carrier,0,opensar_zip,OpenSARShip_1/S1A_IW_GRDH_1SDV_20160302T221225_20160302T221250_010196_00F0D2_D0C8.zip,S1A_IW_GRDH_1SDV_20160302T221225_20160302T221250_010196_00F0D2_D0C8/Patch_Uint8/Visual_Cargo_x10652_y14494_vv.tif,S1A_IW_GRDH_1SDV_20160302T221225_20160302T221250_010196_00F0D2_D0C8/Patch_Uint8/Visual_Cargo_x10652_y14494_vh.tif,13280,f9848e40fa42fa1f6c596aba71d6ee04cfffb990d51f92c80a5a5412c71c7a6e
S1A_IW_GRDH_1SDV_20160302T221225_20160302T221250_010196_00F0D2_D0C8/10795_14568,Bulk Carrier,0,opensar_zip,OpenSARShip_1/S1A_IW_GRDH_1SDV_20160302T221225_20160302T221250_010196_00F0D2_D0C8.zip,S1A_IW_GRDH_1SDV_20160302T221225_20160302T221250_010196_00F0D2_D0C8/Patch_Uint8/Visual_Cargo_x10795_y14568_vv.tif,S1A_IW_GRDH_1SDV_20160302T221225_20160302T221250_010196_00F0D2_D0C8/Patch_Uint8/Visual_Cargo_x10795_y14568_vh.tif,8452,59e19970192c0d41d77469aa8843bb510fb6a6c713293bff352d45bac844e174
S1A_IW_GRDH_1SDV_20160302T221225_20160302T221250_010196_00F0D2_D0C8/10836_14421,Bulk Carrier,0,opensar_zip,OpenSARShip_1/S1A_IW_GRDH_1SDV_20160302T221225_20160302T221250_010196_00F0D2_D0C8.zip,S1A_IW_GRDH_1SDV_20160302T221225_20160302T221250_010196_00F0D2_D0C8/Patch_Uint8/Visual_Cargo_x10836_y14421_vv.tif,S1A_IW_GRDH_1SDV_20160302T221225_20160302T221250_010196_00F0D2_D0C8/Patch_Uint8/Visual_Cargo_x10836_y14421_vh.tif,11072,3be38633f1996365da5bb9099b7f1c4f82c2705763959c4f25cc9447ec378baf
S1A_IW_GRDH_1SDV_20160302T221225_20160302T221250_010196_00F0D2_D0C8/10913_14681,Bulk Carrier,0,opensar_zip,OpenSARShip_1/S1A_IW_GRDH_1SDV_20160302T221225_20160302T221250_010196_00F0D2_D0C8.zip,S1A_IW_GRDH_1SDV_20160302T221225_20160302T221250_010196_00F0D2_D0C8/Patch_Uint8/Visual_Cargo_x10913_y14681_vv.tif,S1A_IW_GRDH_1SDV_20160302T221225_20160302T221250_010196_00F0D2_D0C8/Patch_Uint8/Visual_Cargo_x10913_y14681_vh.tif,11178,03763c4f07c608bf69e3eaee3fbe007eab22a12c6c7f7b317e30a8a7cd32b113
S1A_IW_GRDH_1SDV_20160302T221225_20160302T221250_010196_00F0D2_D0C8/10952_14503,Bulk Carrier,0,opensar_zip,OpenSARShip_1/S1A_IW_GRDH_1SDV_20160302T221225_20160302T221250_010196_00F0D2_D0C8.zip,S1A_IW_GRDH_1SDV_20160302T221225_20160302T221250_010196_00F0D2_D0C8/Patch_Uint8/Visual_Cargo_x10952_y14503_vv.tif,S1A_IW_GRDH_1SDV_20160302T221225_20160302T221250_010196_00F0D2_D0C8/Patch_Uint8/Visual_Cargo_x10952_y14503_vh.tif,8926,a0558347e43452677e5d63472dcc8e0e9799717347c31ce697f50719196f0414
S1A_IW_GRDH_1SDV_20160302T221225_20160302T221250_010196_00F0D2_D0C8/10958_13873,Bulk Carrier,0,opensar_zip,OpenSARShip_1/S1A_IW_GRDH_1SDV_20160302T221225_20160302T221250_010196_00F0D2_D0C8.zip,S1A_IW_GRDH_1SDV_20160302T221225_20160302T221250_010196_00F0D2_D0C8/Patch_Uint8/Visual_Cargo_x10958_y13873_vv.tif,S1A_IW_GRDH_1SDV_20160302T221225_20160302T221250_010196_00F0D2_D0C8/Patch_Uint8/Visual_Cargo_x10958_y13873_vh.tif,22484,fd1d9bdc8ec36c076124f4bba7b824455022c20c806eec64c42061708bc64a4d
S1A_IW_GRDH_1SDV_20160302T221225_20160302T221250_010196_00F0D2_D0C8/11011_14339,Bulk Carrier,0,opensar_zip,OpenSARShip_1/S1A_IW_GRDH_1SDV_20160302T221225_20160302T221250_010196_00F0D2_D0C8.zip,S1A_IW_GRDH_1SDV_20160302T221225_20160302T221250_010196_00F0D2_D0C8/Patch_Uint8/Visual_Cargo_x11011_y14339_vv.tif,S1A_IW_GRDH_1SDV_20160302T221225_20160302T221250_010196_00F0D2_D0C8/Patch_Uint8/Visual_Cargo_x11011_y14339_vh.tif,8702,5d073001b97b1cb7a49fc70686020a30c150f8044a698d1354b8f25eaf16e384
S1A_IW_GRDH_1SDV_20160302T221225_20160302T221250_010196_00F0D2_D0C8/11284_14386,Tanker,4,opensar_zip,OpenSARShip_1/S1A_IW_GRDH_1SDV_20160302T221225_20160302T221250_010196_00F0D2_D0C8.zip,S1A_IW_GRDH_1SDV_20160302T221225_20160302T221250_010196_00F0D2_D0C8/Patch_Uint8/Visual_Tanker_x11284_y14386_vv.tif,S1A_IW_GRDH_1SDV_20160302T221225_20160302T221250_010196_00F0D2_D0C8/Patch_Uint8/Visual_Tanker_x11284_y14386_vh.tif,3850,0b1d281e9ae481b4dc6ced8aa73a63bd4739ac0132b46ddb5aa7b9788413d0e7
S1A_IW_GRDH_1SDV_20160302T221225_20160302T221250_010196_00F0D2_D0C8/11398_14437,Fishing,3,opensar_zip,OpenSARShip_1/S1A_IW_GRDH_1SDV_20160302T221225_20160302T221250_010196_00F0D2_D0C8.zip,S1A_IW_GRDH_1SDV_20160302T221225_20160302T221250_010196_00F0D2_D0C8/Patch_Uint8/Visual_Fishing_x11398_y14437_vv.tif,S1A_IW_GRDH_1SDV_20160302T221225_20160302T221250_010196_00F0D2_D0C8/Patch_Uint8/Visual_Fishing_x11398_y14437_vh.tif,2150,4bca053c1379b06e8266656383c2824ff2fc794064a5ce72dda9bdfe31f7b555
S1A_IW_GRDH_1SDV_20160302T221225_20160302T221250_010196_00F0D2_D0C8/11494_14448,Tanker,4,opensar_zip,OpenSARShip_1/S1A_IW_GRDH_1SDV_20160302T221225_20160302T221250_010196_00F0D2_D0C8.zip,S1A_IW_GRDH_1SDV_20160302T221225_20160302T221250_010196_00F0D2_D0C8/Patch_Uint8/Visual_Tanker_x11494_y14448_vv.tif,S1A_IW_GRDH_1SDV_20160302T221225_20160302T221250_010196_00F0D2_D0C8/Patch_Uint8/Visual_Tanker_x11494_y14448_vh.tif,2150,9b4f6a0cc5e39171223801655130f02ff1e3b6fb2bc7e4c8c3099a6cb9402298
S1A_IW_GRDH_1SDV_20160302T221225_20160302T221250_010196_00F0D2_D0C8/11555_14506,Tanker,4,opensar_zip,OpenSARShip_1/S1A_IW_GRDH_1SDV_20160302T221225_20160302T221250_010196_00F0D2_D0C8.zip,S1A_IW_GRDH_1SDV_20160302T221225_20160302T221250_010196_00F0D2_D0C8/Patch_Uint8/Visual_Tanker_x11555_y14506_vv.tif,S1A_IW_GRDH_1SDV_20160302T221225_20160302T221250_010196_00F0D2_D0C8/Patch_Uint8/Visual_Tanker_x11555_y14506_vh.tif,1704,235cf0f486de1475e3c68b7eaa78246761b9f4f45d5135c347ac2a85f4ede006
S1A_IW_GRDH_1SDV_20160302T221225_20160302T221250_010196_00F0D2_D0C8/11944_14377,Tanker,4,opensar_zip,OpenSARShip_1/S1A_IW_GRDH_1SDV_20160302T221225_20160302T221250_010196_00F0D2_D0C8.zip,S1A_IW_GRDH_1SDV_20160302T221225_20160302T221250_010196_00F0D2_D0C8/Patch_Uint8/Visual_Other Type_x11944_y14377_vv.tif,S1A_IW_GRDH_1SDV_20160302T221225_20160302T221250_010196_00F0D2_D0C8/Patch_Uint8/Visual_Other Type_x11944_y14377_vh.tif,1318,01001310c2d55b452a6b4d046d70352f41794c6f2a50fbdf605fd5b1c4ec7325
S1A_IW_GRDH_1SDV_20160302T221225_20160302T221250_010196_00F0D2_D0C8/13394_16627,Dredger,2,opensar_zip,OpenSARShip_1/S1A_IW_GRDH_1SDV_20160302T221225_20160302T221250_010196_00F0D2_D0C8.zip,S1A_IW_GRDH_1SDV_20160302T221225_20160302T221250_010196_00F0D2_D0C8/Patch_Uint8/Visual_Dredging_x13394_y16627_vv.tif,S1A_IW_GRDH_1SDV_20160302T221225_20160302T221250_010196_00F0D2_D0C8/Patch_Uint8/Visual_Dredging_x13394_y16627_vh.tif,2622,6ff4cf23a19ee321fc4cfd4d299e368c79c835721091de2f8d5b10e8d95e361a
S1A_IW_GRDH_1SDV_20160302T221225_20160302T221250_010196_00F0D2_D0C8/1505_15264,Bulk Carrier,0,opensar_zip,OpenSARShip_1/S1A_IW_GRDH_1SDV_20160302T221225_20160302T221250_010196_00F0D2_D0C8.zip,S1A_IW_GRDH_1SDV_20160302T221225_20160302T221250_010196_00F0D2_D0C8/Patch_Uint8/Visual_Cargo_x1505_y15264_vv.tif,S1A_IW_GRDH_1SDV_20160302T221225_20160302T221250_010196_00F0D2_D0C8/Patch_Uint8/Visual_Cargo_x1505_y15264_vh.tif,9004,7e4fc68074e88aba6ef88b87748c0b1dbddc9ff4384614ddcd3e2f6a4031512b
S1A_IW_GRDH_1SDV_20160302T221225_20160302T221250_010196_00F0D2_D0C8/1580_10319,Bulk Carrier,0,opensar_zip,OpenSARShip_1/S1A_IW_GRDH_1SDV_20160302T221225_20160302T221250_010196_00F0D2_D0C8.zip,S1A_IW_GRDH_1SDV_20160302T221225_20160302T221250_010196_00F0D2_D0C8/Patch_Uint8/Visual_Cargo_x1580_y10319_vv.tif,S1A_IW_GRDH_1SDV_20160302T221225_20160302T221250_010196_00F0D2_D0C8/Patch_Uint8/Visual_Cargo_x1580_y10319_vh.tif,12030,968f8f2d5b90b1b3913928ee705a1636af813f9e096d444635dd65274c3336d9
S1A_IW_GRDH_1SDV_20160302T221225_20160302T221250_010196_00F0D2_D0C8/1652_9818,Bulk Carrier,0,opensar_zip,OpenSARShip_1/S1A_IW_GRDH_1SDV_20160302T221225_20160302T221250_010196_00F0D2_D0C8.zip,S1A_IW_GRDH_1SDV_20160302T221225_20160302T221250_010196_00F0D2_D0C8/Patch_Uint8/Visual_Cargo_x1652_y9818_vv.tif,S1A_IW_GRDH_1SDV_20160302T221225_20160302T221250_010196_00F0D2_D0C8/Patch_Uint8/Visual_Cargo_x1652_y9818_vh.tif,12200,5ad23875ae3666d6f910f2b32ea7a300b61a2031e871994ec3560016bbdbbf8a
S1A_IW_GRDH_1SDV_20160302T221225_20160302T221250_010196_00F0D2_D0C8/1677_11618,Bulk Carrier,0,opensar_zip,OpenSARShip_1/S1A_IW_GRDH_1SDV_20160302T221225_20160302T221250_010196_00F0D2_D0C8.zip,S1A_IW_GRDH_1SDV_20160302T221225_20160302T221250_010196_00F0D2_D0C8/Patch_Uint8/Visual_Cargo_x1677_y11618_vv.tif,S1A_IW_GRDH_1SDV_20160302T221225_20160302T221250_010196_00F0D2_D0C8/Patch_Uint8/Visual_Cargo_x1677_y11618_vh.tif,13756,8a03d7437a21cc82c9edf34fbabdafe62fe7bf8a247a080051ceb63f7c7989c3
S1A_IW_GRDH_1SDV_20160302T221225_20160302T221250_010196_00F0D2_D0C8/1736_10383,Bulk Carrier,0,opensar_zip,OpenSARShip_1/S1A_IW_GRDH_1SDV_20160302T221225_20160302T221250_010196_00F0D2_D0C8.zip,S1A_IW_GRDH_1SDV_20160302T221225_20160302T221250_010196_00F0D2_D0C8/Patch_Uint8/Visual_Cargo_x1736_y10383_vv.tif,S1A_IW_GRDH_1SDV_20160302T221225_20160302T221250_010196_00F0D2_D0C8/Patch_Uint8/Visual_Cargo_x1736_y10383_vh.tif,7000,f9a241e20e947a3525570314b9c24ece945da3c98d19595da8c02731fa256e8b
S1A_IW_GRDH_1SDV_20160302T221225_20160302T221250_010196_00F0D2_D0C8/1785_11402,Bulk Carrier,0,opensar_zip,OpenSARShip_1/S1A_IW_GRDH_1SDV_20160302T221225_20160302T221250_010196_00F0D2_D0C8.zip,S1A_IW_GRDH_1SDV_20160302T221225_20160302T221250_010196_00F0D2_D0C8/Patch_Uint8/Visual_Cargo_x1785_y11402_vv.tif,S1A_IW_GRDH_1SDV_20160302T221225_20160302T221250_010196_00F0D2_D0C8/Patch_Uint8/Visual_Cargo_x1785_y11402_vh.tif,22474,a310d44545854c06b2a5289125ee124f70580b578bccfc8197a8adc04884da60
S1A_IW_GRDH_1SDV_20160302T221225_20160302T221250_010196_00F0D2_D0C8/1936_14444,Bulk Carrier,0,opensar_zip,OpenSARShip_1/S1A_IW_GRDH_1SDV_20160302T221225_20160302T221250_010196_00F0D2_D0C8.zip,S1A_IW_GRDH_1SDV_20160302T221225_20160302T221250_010196_00F0D2_D0C8/Patch_Uint8/Visual_Cargo_x1936_y14444_vv.tif,S1A_IW_GRDH_1SDV_20160302T221225_20160302T221250_010196_00F0D2_D0C8/Patch_Uint8/Visual_Cargo_x1936_y14444_vh.tif,28054,d64210525afb2314e2090f84c260c8a0e21535c8877f9874184106c3e18c7735
S1A_IW_GRDH_1SDV_20160302T221225_20160302T221250_010196_00F0D2_D0C8/2001_10029,Bulk Carrier,0,opensar_zip,OpenSARShip_1/S1A_IW_GRDH_1SDV_20160302T221225_20160302T221250_010196_00F0D2_D0C8.zip,S1A_IW_GRDH_1SDV_20160302T221225_20160302T221250_010196_00F0D2_D0C8/Patch_Uint8/Visual_Cargo_x2001_y10029_vv.tif,S1A_IW_GRDH_1SDV_20160302T221225_20160302T221250_010196_00F0D2_D0C8/Patch_Uint8/Visual_Cargo_x2001_y10029_vh.tif,6914,d77e7da1c9f46b6fc1bd8a5386325492dcf9b1ebcc2c52b1907417a10dfa2506
S1A_IW_GRDH_1SDV_20160302T221225_20160302T221250_010196_00F0D2_D0C8/2004_11914,Bulk Carrier,0,opensar_zip,OpenSARShip_1/S1A_IW_GRDH_1SDV_20160302T221225_20160302T221250_010196_00F0D2_D0C8.zip,S1A_IW_GRDH_1SDV_20160302T221225_20160302T221250_010196_00F0D2_D0C8/Patch_Uint8/Visual_Cargo_x2004_y11914_vv.tif,S1A_IW_GRDH_1SDV_20160302T221225_20160302T221250_010196_00F0D2_D0C8/Patch_Uint8/Visual_Cargo_x2004_y11914_vh.tif,8274,e72ae80d86d01044f46e6efef176a2b1cd580d5e61eb6873f99fbdbd19725e30
S1A_IW_GRDH_1SDV_20160302T221225_20160302T221250_010196_00F0D2_D0C8/2135_11470,Bulk Carrier,0,opensar_zip,OpenSARShip_1/S1A_IW_GRDH_1SDV_20160302T221225_20160302T221250_010196_00F0D2_D0C8.zip,S1A_IW_GRDH_1SDV_20160302T221225_20160302T221250_010196_00F0D2_D0C8/Patch_Uint8/Visual_Cargo_x2135_y11470_vv.tif,S1A_IW_GRDH_1SDV_20160302T221225_20160302T221250_010196_00F0D2_D0C8/Patch_Uint8/Visual_Cargo_x2135_y11470_vh.tif,17710,4d414bccdf98a93efe1f752e3150224b6a6529afb07cbdf6d0f5e45680d86bf4
S1A_IW_GRDH_1SDV_20160302T221225_20160302T221250_010196_00F0D2_D0C8/2410_13980,Bulk Carrier,0,opensar_zip,OpenSARShip_1/S1A_IW_GRDH_1SDV_20160302T221225_20160302T221250_010196_00F0D2_D0C8.zip,S1A_IW_GRDH_1SDV_20160302T221225_20160302T221250_010196_00F0D2_D0C8/Patch_Uint8/Visual_Cargo_x2410_y13980_vv.tif,S1A_IW_GRDH_1SDV_20160302T221225_20160302T221250_010196_00F0D2_D0C8/Patch_Uint8/Visual_Cargo_x2410_y13980_vh.tif,13642,319c48a28d554ce69236a94de049779c5a3dd18bd3ffdf1e8098b5649e46ea8f
S1A_IW_GRDH_1SDV_20160302T221225_20160302T221250_010196_00F0D2_D0C8/2450_13040,Container Ship,1,opensar_zip,OpenSARShip_1/S1A_IW_GRDH_1SDV_20160302T221225_20160302T221250_010196_00F0D2_D0C8.zip,S1A_IW_GRDH_1SDV_20160302T221225_20160302T221250_010196_00F0D2_D0C8/Patch_Uint8/Visual_Cargo_x2450_y13040_vv.tif,S1A_IW_GRDH_1SDV_20160302T221225_20160302T221250_010196_00F0D2_D0C8/Patch_Uint8/Visual_Cargo_x2450_y13040_vh.tif,28900,19bb88231d1faddfd7c6e78f6314387af9c9f3818620a280bb713ccd80e84368
S1A_IW_GRDH_1SDV_20160302T221225_20160302T221250_010196_00F0D2_D0C8/2481_10399,Tanker,4,opensar_zip,OpenSARShip_1/S1A_IW_GRDH_1SDV_20160302T221225_20160302T221250_010196_00F0D2_D0C8.zip,S1A_IW_GRDH_1SDV_20160302T221225_20160302T221250_010196_00F0D2_D0C8/Patch_Uint8/Visual_Tanker_x2481_y10399_vv.tif,S1A_IW_GRDH_1SDV_20160302T221225_20160302T221250_010196_00F0D2_D0C8/Patch_Uint8/Visual_Tanker_x2481_y10399_vh.tif,1698,b0ff994532902f9d75dc5e8b40c0231409abb0a6fcf3dd67bb78af1a8a2bdbfa
S1A_IW_GRDH_1SDV_20160302T221225_20160302T221250_010196_00F0D2_D0C8/2555_11765,Bulk Carrier,0,opensar_zip,OpenSARShip_1/S1A_IW_GRDH_1SDV_20160302T221225_20160302T221250_010196_00F0D2_D0C8.zip,S1A_IW_GRDH_1SDV_20160302T221225_20160302T221250_010196_00F0D2_D0C8/Patch_Uint8/Visual_Cargo_x2555_y11765_vv.tif,S1A_IW_GRDH_1SDV_20160302T221225_20160302T221250_010196_00F0D2_D0C8/Patch_Uint8/Visual_Cargo_x2555_y11765_vh.tif,16300,b6c94040fbbba80589b34a18360972875f7cf2af20bf76904542bf214f2c31d9
S1A_IW_GRDH_1SDV_20160302T221225_20160302T221250_010196_00F0D2_D0C8/2985_13777,Bulk Carrier,0,opensar_zip,OpenSARShip_1/S1A_IW_GRDH_1SDV_20160302T221225_20160302T221250_010196_00F0D2_D0C8.zip,S1A_IW_GRDH_1SDV_20160302T221225_20160302T221250_010196_00F0D2_D0C8/Patch_Uint8/Visual_Cargo_x2985_y13777_vv.tif,S1A_IW_GRDH_1SDV_20160302T221225_20160302T221250_010196_00F0D2_D0C8/Patch_Uint8/Visual_Cargo_x2985_y13777_vh.tif,27568,dcde6c6e05f235d07f6cd24121d23fa48c8d5ba330908bfff435bc3397ed2f3f
S1A_IW_GRDH_1SDV_20160302T221225_20160302T221250_010196_00F0D2_D0C8/4992_13569,Bulk Carrier,0,opensar_zip,OpenSARShip_1/S1A_IW_GRDH_1SDV_20160302T221225_20160302T221250_010196_00F0D2_D0C8.zip,S1A_IW_GRDH_1SDV_20160302T221225_20160302T221250_010196_00F0D2_D0C8/Patch_Uint8/Visual_Cargo_x4992_y13569_vv.tif,S1A_IW_GRDH_1SDV_20160302T221225_20160302T221250_010196_00F0D2_D0C8/Patch_Uint8/Visual_Cargo_x4992_y13569_vh.tif,26110,39d3f98762c9b4abbadee911224b1dc27f230c83c571bffb6d84352c2395fcf3
S1A_IW_GRDH_1SDV_20160302T221225_20160302T221250_010196_00F0D2_D0C8/5169_13625,Bulk Carrier,0,opensar_zip,OpenSARShip_1/S1A_IW_GRDH_1SDV_20160302T221225_20160302T221250_010196_00F0D2_D0C8.zip,S1A_IW_GRDH_1SDV_20160302T221225_20160302T221250_010196_00F0D2_D0C8/Patch_Uint8/Visual_Cargo_x5169_y13625_vv.tif,S1A_IW_GRDH_1SDV_20160302T221225_20160302T221250_010196_00F0D2_D0C8/Patch_Uint8/Visual_Cargo_x5169_y13625_vh.tif,12168,517dbc3463b6a8a3abd7465f7d3e0e6a209e0a5691a628db27f1d13727a1cb17
S1A_IW_GRDH_1SDV_20160302T221225_20160302T221250_010196_00F0D2_D0C8/5367_13764,Bulk Carrier,0,opensar_zip,OpenSARShip_1/S1A_IW_GRDH_1SDV_20160302T221225_20160302T221250_010196_00F0D2_D0C8.zip,S1A_IW_GRDH_1SDV_20160302T221225_20160302T221250_010196_00F0D2_D0C8/Patch_Uint8/Visual_Cargo_x5367_y13764_vv.tif,S1A_IW_GRDH_1SDV_20160302T221225_20160302T221250_010196_00F0D2_D0C8/Patch_Uint8/Visual_Cargo_x5367_y13764_vh.tif,27852,f71b4ebb08dbe3f08f8482fd2937f74474637601dbbdadfb5785c3e3e48e9f29
S1A_IW_GRDH_1SDV_20160302T221225_20160302T221250_010196_00F0D2_D0C8/5450_13544,Bulk Carrier,0,opensar_zip,OpenSARShip_1/S1A_IW_GRDH_1SDV_20160302T221225_20160302T221250_010196_00F0D2_D0C8.zip,S1A_IW_GRDH_1SDV_20160302T221225_20160302T221250_010196_00F0D2_D0C8/Patch_Uint8/Visual_Cargo_x5450_y13544_vv.tif,S1A_IW_GRDH_1SDV_20160302T221225_20160302T221250_010196_00F0D2_D0C8/Patch_Uint8/Visual_Cargo_x5450_y13544_vh.tif,22216,0a1492980755be86e52e3a2cbad5ad4e219fbeb90b367600a6b990e04340ff60
S1A_IW_GRDH_1SDV_20160302T221225_20160302T221250_010196_00F0D2_D0C8/5641_14141,Bulk Carrier,0,opensar_zip,OpenSARShip_1/S1A_IW_GRDH_1SDV_20160302T221225_20160302T221250_010196_00F0D2_D0C8.zip,S1A_IW_GRDH_1SDV_20160302T221225_20160302T221250_010196_00F0D2_D0C8/Patch_Uint8/Visual_Cargo_x5641_y14141_vv.tif,S1A_IW_GRDH_1SDV_20160302T221225_20160302T221250_010196_00F0D2_D0C8/Patch_Uint8/Visual_Cargo_x5641_y14141_vh.tif,26146,471efaa27f2d0ba49165fd15b7c98483d190e91eb760f6d099c47f4457da4203
S1A_IW_GRDH_1SDV_20160302T221225_20160302T221250_010196_00F0D2_D0C8/5745_13608,Bulk Carrier,0,opensar_zip,OpenSARShip_1/S1A_IW_GRDH_1SDV_20160302T221225_20160302T221250_010196_00F0D2_D0C8.zip,S1A_IW_GRDH_1SDV_20160302T221225_20160302T221250_010196_00F0D2_D0C8/Patch_Uint8/Visual_Cargo_x5745_y13608_vv.tif,S1A_IW_GRDH_1SDV_20160302T221225_20160302T221250_010196_00F0D2_D0C8/Patch_Uint8/Visual_Cargo_x5745_y13608_vh.tif,15910,60f1cabbf807299cf4b411c38a2a226e136416ffdbb6ee12b3bd45dff067ca66
S1A_IW_GRDH_1SDV_20160302T221225_20160302T221250_010196_00F0D2_D0C8/5866_13951,Bulk Carrier,0,opensar_zip,OpenSARShip_1/S1A_IW_GRDH_1SDV_20160302T221225_20160302T221250_010196_00F0D2_D0C8.zip,S1A_IW_GRDH_1SDV_20160302T221225_20160302T221250_010196_00F0D2_D0C8/Patch_Uint8/Visual_Cargo_x5866_y13951_vv.tif,S1A_IW_GRDH_1SDV_20160302T221225_20160302T221250_010196_00F0D2_D0C8/Patch_Uint8/Visual_Cargo_x5866_y13951_vh.tif,29448,487c18f52498d38764e193d0bd477a3d893a32b66510fee4eb92abc844079745
S1A_IW_GRDH_1SDV_20160302T221225_20160302T221250_010196_00F0D2_D0C8/5910_13589,Bulk Carrier,0,opensar_zip,OpenSARShip_1/S1A_IW_GRDH_1SDV_20160302T221225_20160302T221250_010196_00F0D2_D0C8.zip,S1A_IW_GRDH_1SDV_20160302T221225_20160302T221250_010196_00F0D2_D0C8/Patch_Uint8/Visual_Cargo_x5910_y13589_vv.tif,S1A_IW_GRDH_1SDV_20160302T221225_20160302T221250_010196_00F0D2_D0C8/Patch_Uint8/Visual_Cargo_x5910_y13589_vh.tif,20778,0db39267ac5ed50e2770fdffd0efaaa3554cd9cf77681168bed5d0acefe647d5
S1A_IW_GRDH_1SDV_20160302T221225_20160302T221250_010196_00F0D2_D0C8/6109_14096,Bulk Carrier,0,opensar_zip,OpenSARShip_1/S1A_IW_GRDH_1SDV_20160302T221225_20160302T221250_010196_00F0D2_D0C8.zip,S1A_IW_GRDH_1SDV_20160302T221225_20160302T221250_010196_00F0D2_D0C8/Patch_Uint8/Visual_Cargo_x6109_y14096_vv.tif,S1A_IW_GRDH_1SDV_20160302T221225_20160302T221250_010196_00F0D2_D0C8/Patch_Uint8/Visual_Cargo_x6109_y14096_vh.tif,12466,e27afc0d6b3f3cb7f0684b41b54d8893774be7fb48626d6edcb223647d6c65b6
S1A_IW_GRDH_1SDV_20160302T221225_20160302T221250_010196_00F0D2_D0C8/6965_16257,Bulk Carrier,0,opensar_zip,OpenSARShip_1/S1A_IW_GRDH_1SDV_20160302T221225_20160302T221250_010196_00F0D2_D0C8.zip,S1A_IW_GRDH_1SDV_20160302T221225_20160302T221250_010196_00F0D2_D0C8/Patch_Uint8/Visual_Cargo_x6965_y16257_vv.tif,S1A_IW_GRDH_1SDV_20160302T221225_20160302T221250_010196_00F0D2_D0C8/Patch_Uint8/Visual_Cargo_x6965_y16257_vh.tif,27324,36c3cd79874879bee4052503c5d0ba40090e38c84b71d09769071105e25858d4
S1A_IW_GRDH_1SDV_20160302T221225_20160302T221250_010196_00F0D2_D0C8/7134_16395,Bulk Carrier,0,opensar_zip,OpenSARShip_1/S1A_IW_GRDH_1SDV_20160302T221225_20160302T221250_010196_00F0D2_D0C8.zip,S1A_IW_GRDH_1SDV_20160302T221225_20160302T221250_010196_00F0D2_D0C8/Patch_Uint8/Visual_Cargo_x7134_y16395_vv.tif,S1A_IW_GRDH_1SDV_20160302T221225_20160302T221250_010196_00F0D2_D0C8/Patch_Uint8/Visual_Cargo_x7134_y16395_vh.tif,28050,3c0480f29eb653ccd941e0026b49ac22da24f881b65b1c11f5408abc160fee93
S1A_IW_GRDH_1SDV_20160302T221225_20160302T221250_010196_00F0D2_D0C8/7353_16450,Bulk Carrier,0,opensar_zip,OpenSARShip_1/S1A_IW_GRDH_1SDV_20160302T221225_20160302T221250_010196_00F0D2_D0C8.zip,S1A_IW_GRDH_1SDV_20160302T221225_20160302T221250_010196_00F0D2_D0C8/Patch_Uint8/Visual_Cargo_x7353_y16450_vv.tif,S1A_IW_GRDH_1SDV_20160302T221225_20160302T221250_010196_00F0D2_D0C8/Patch_Uint8/Visual_Cargo_x7353_y16450_vh.tif,31524,23b55f44b6159c3f57d2fc5b057d236f50f6959ad4f46d4053a536185d6f505d
S1A_IW_GRDH_1SDV_20160302T221225_20160302T221250_010196_00F0D2_D0C8/7531_13418,Dredger,2,opensar_zip,OpenSARShip_1/S1A_IW_GRDH_1SDV_20160302T221225_20160302T221250_010196_00F0D2_D0C8.zip,S1A_IW_GRDH_1SDV_20160302T221225_20160302T221250_010196_00F0D2_D0C8/Patch_Uint8/Visual_Other Type_x7531_y13418_vv.tif,S1A_IW_GRDH_1SDV_20160302T221225_20160302T221250_010196_00F0D2_D0C8/Patch_Uint8/Visual_Other Type_x7531_y13418_vh.tif,3856,e18300a45527d17086835b83b27102a41b86e071d89ebbfe6f8b8eeb5885167f
S1A_IW_GRDH_1SDV_20160302T221225_20160302T221250_010196_00F0D2_D0C8/7643_15793,Container Ship,1,opensar_zip,OpenSARShip_1/S1A_IW_GRDH_1SDV_20160302T221225_20160302T221250_010196_00F0D2_D0C8.zip,S1A_IW_GRDH_1SDV_20160302T221225_20160302T221250_010196_00F0D2_D0C8/Patch_Uint8/Visual_Cargo_x7643_y15793_vv.tif,S1A_IW_GRDH_1SDV_20160302T221225_20160302T221250_010196_00F0D2_D0C8/Patch_Uint8/Visual_Cargo_x7643_y15793_vh.tif,19496,1b02ce2403de9f8c1c2efd4bc7ca4961498cec60ef5ab6ab1dc53aedcc4c02f5
S1A_IW_GRDH_1SDV_20160302T221225_20160302T221250_010196_00F0D2_D0C8/8013_14875,Container Ship,1,opensar_zip,OpenSARShip_1/S1A_IW_GRDH_1SDV_20160302T221225_20160302T221250_010196_00F0D2_D0C8.zip,S1A_IW_GRDH_1SDV_20160302T221225_20160302T221250_010196_00F0D2_D0C8/Patch_Uint8/Visual_Cargo_x8013_y14875_vv.tif,S1A_IW_GRDH_1SDV_20160302T221225_20160302T221250_010196_00F0D2_D0C8/Patch_Uint8/Visual_Cargo_x8013_y14875_vh.tif,8484,031ff522d8db6496d5b9170fc329e0777568f6e65fba11c7f05e9645d9cd942b
S1A_IW_GRDH_1SDV_20160302T221225_20160302T221250_010196_00F0D2_D0C8/8214_15006,Bulk Carrier,0,opensar_zip,OpenSARShip_1/S1A_IW_GRDH_1SDV_20160302T221225_20160302T221250_010196_00F0D2_D0C8.zip,S1A_IW_GRDH_1SDV_20160302T221225_20160302T221250_010196_00F0D2_D0C8/Patch_Uint8/Visual_Cargo_x8214_y15006_vv.tif,S1A_IW_GRDH_1SDV_20160302T221225_20160302T221250_010196_00F0D2_D0C8/Patch_Uint8/Visual_Cargo_x8214_y15006_vh.tif,31992,8db4348436cc9ae04596d5e645f9ecd8da8877a38d74d788453e0bb25a23373d
S1A_IW_GRDH_1SDV_20160302T221225_20160302T221250_010196_00F0D2_D0C8/8313_14065,Bulk Carrier,0,opensar_zip,OpenSARShip_1/S1A_IW_GRDH_1SDV_20160302T221225_20160302T221250_010196_00F0D2_D0C8.zip,S1A_IW_GRDH_1SDV_20160302T221225_20160302T221250_010196_00F0D2_D0C8/Patch_Uint8/Visual_Cargo_x8313_y14065_vv.tif,S1A_IW_GRDH_1SDV_20160302T221225_20160302T221250_010196_00F0D2_D0C8/Patch_Uint8/Visual_Cargo_x8313_y14065_vh.tif,12472,6c8df6c359f375945a957dfa75c2d38d9efa8310463a8a090792b085901f3133
S1A_IW_GRDH_1SDV_20160302T221225_20160302T221250_010196_00F0D2_D0C8/8399_14454,Bulk Carrier,0,opensar_zip,OpenSARShip_1/S1A_IW_GRDH_1SDV_20160302T221225_20160302T221250_010196_00F0D2_D0C8.zip,S1A_IW_GRDH_1SDV_20160302T221225_20160302T221250_010196_00F0D2_D0C8/Patch_Uint8/Visual_Cargo_x8399_y14454_vv.tif,S1A_IW_GRDH_1SDV_20160302T221225_20160302T221250_010196_00F0D2_D0C8/Patch_Uint8/Visual_Cargo_x8399_y14454_vh.tif,18468,2e9d3040fcd3a2c2fdca4c3bb3ab1e617358b2cda8a2056b974061c92271466a
S1A_IW_GRDH_1SDV_20160302T221225_20160302T221250_010196_00F0D2_D0C8/8575_15047,Bulk Carrier,0,opensar_zip,OpenSARShip_1/S1A_IW_GRDH_1SDV_20160302T221225_20160302T221250_010196_00F0D2_D0C8.zip,S1A_IW_GRDH_1SDV_20160302T221225_20160302T221250_010196_00F0D2_D0C8/Patch_Uint8/Visual_Cargo_x8575_y15047_vv.tif,S1A_IW_GRDH_1SDV_20160302T221225_20160302T221250_010196_00F0D2_D0C8/Patch_Uint8/Visual_Cargo_x8575_y15047_vh.tif,27868,3c9cfde122f56b18baed359e59e46dfbceb5ea814c698955b2a0cde7da78f5db
S1A_IW_GRDH_1SDV_20160302T221225_20160302T221250_010196_00F0D2_D0C8/8911_15048,Bulk Carrier,0,opensar_zip,OpenSARShip_1/S1A_IW_GRDH_1SDV_20160302T221225_20160302T221250_010196_00F0D2_D0C8.zip,S1A_IW_GRDH_1SDV_20160302T221225_20160302T221250_010196_00F0D2_D0C8/Patch_Uint8/Visual_Cargo_x8911_y15048_vv.tif,S1A_IW_GRDH_1SDV_20160302T221225_20160302T221250_010196_00F0D2_D0C8/Patch_Uint8/Visual_Cargo_x8911_y15048_vh.tif,32052,158c7c944535b591e701391aee26efe879971da7af420cf423f1923c78f2e5d7
S1A_IW_GRDH_1SDV_20160302T221225_20160302T221250_010196_00F0D2_D0C8/9042_14915,Bulk Carrier,0,opensar_zip,OpenSARShip_1/S1A_IW_GRDH_1SDV_20160302T221225_20160302T221250_010196_00F0D2_D0C8.zip,S1A_IW_GRDH_1SDV_20160302T221225_20160302T221250_010196_00F0D2_D0C8/Patch_Uint8/Visual_Cargo_x9042_y14915_vv.tif,S1A_IW_GRDH_1SDV_20160302T221225_20160302T221250_010196_00F0D2_D0C8/Patch_Uint8/Visual_Cargo_x9042_y14915_vh.tif,27976,39158a30da830cfadd8365d61858c733cb98df27910d3a4a243c028518e9c7fb
S1A_IW_GRDH_1SDV_20160302T221225_20160302T221250_010196_00F0D2_D0C8/9050_14065,Bulk Carrier,0,opensar_zip,OpenSARShip_1/S1A_IW_GRDH_1SDV_20160302T221225_20160302T221250_010196_00F0D2_D0C8.zip,S1A_IW_GRDH_1SDV_20160302T221225_20160302T221250_010196_00F0D2_D0C8/Patch_Uint8/Visual_Cargo_x9050_y14065_vv.tif,S1A_IW_GRDH_1SDV_20160302T221225_20160302T221250_010196_00F0D2_D0C8/Patch_Uint8/Visual_Cargo_x9050_y14065_vh.tif,11790,e95014cde966b92f60cfad45526ff1b38d41b17e0de6eccedc9312bd2639c166
S1A_IW_GRDH_1SDV_20160302T221225_20160302T221250_010196_00F0D2_D0C8/9099_14237,Bulk Carrier,0,opensar_zip,OpenSARShip_1/S1A_IW_GRDH_1SDV_20160302T221225_20160302T221250_010196_00F0D2_D0C8.zip,S1A_IW_GRDH_1SDV_20160302T221225_20160302T221250_010196_00F0D2_D0C8/Patch_Uint8/Visual_Cargo_x9099_y14237_vv.tif,S1A_IW_GRDH_1SDV_20160302T221225_20160302T221250_010196_00F0D2_D0C8/Patch_Uint8/Visual_Cargo_x9099_y14237_vh.tif,12448,af753fb1f31da11c7786971e3fffa574f7c74f9ce6a0236bef23273cbadb33c4
S1A_IW_GRDH_1SDV_20160302T221225_20160302T221250_010196_00F0D2_D0C8/9221_13793,Bulk Carrier,0,opensar_zip,OpenSARShip_1/S1A_IW_GRDH_1SDV_20160302T221225_20160302T221250_010196_00F0D2_D0C8.zip,S1A_IW_GRDH_1SDV_20160302T221225_20160302T221250_010196_00F0D2_D0C8/Patch_Uint8/Visual_Cargo_x9221_y13793_vv.tif,S1A_IW_GRDH_1SDV_20160302T221225_20160302T221250_010196_00F0D2_D0C8/Patch_Uint8/Visual_Cargo_x9221_y13793_vh.tif,10010,c77ebe694ad2e49a935f13dc1dff1cc2e5fe41a8f66756a59f92cf7ab40ca5b8
S1A_IW_GRDH_1SDV_20160302T221225_20160302T221250_010196_00F0D2_D0C8/9368_13792,Bulk Carrier,0,opensar_zip,OpenSARShip_1/S1A_IW_GRDH_1SDV_20160302T221225_20160302T221250_010196_00F0D2_D0C8.zip,S1A_IW_GRDH_1SDV_20160302T221225_20160302T221250_010196_00F0D2_D0C8/Patch_Uint8/Visual_Cargo_x9368_y13792_vv.tif,S1A_IW_GRDH_1SDV_20160302T221225_20160302T221250_010196_00F0D2_D0C8/Patch_Uint8/Visual_Cargo_x9368_y13792_vh.tif,13592,b8aebb3d2e848653a74788eafbd19a545d1487d8029935bee36ac7c24e79f630
S1A_IW_GRDH_1SDV_20160302T221225_20160302T221250_010196_00F0D2_D0C8/9386_14154,Bulk Carrier,0,opensar_zip,OpenSARShip_1/S1A_IW_GRDH_1SDV_20160302T221225_20160302T221250_010196_00F0D2_D0C8.zip,S1A_IW_GRDH_1SDV_20160302T221225_20160302T221250_010196_00F0D2_D0C8/Patch_Uint8/Visual_Cargo_x9386_y14154_vv.tif,S1A_IW_GRDH_1SDV_20160302T221225_20160302T221250_010196_00F0D2_D0C8/Patch_Uint8/Visual_Cargo_x9386_y14154_vh.tif,14648,348021eae9e7e7c56386d264e7c96e854e7ce3ceac82bfb0854513b0efea5e4c
S1A_IW_GRDH_1SDV_20160302T221225_20160302T221250_010196_00F0D2_D0C8/9444_15124,Bulk Carrier,0,opensar_zip,OpenSARShip_1/S1A_IW_GRDH_1SDV_20160302T221225_20160302T221250_010196_00F0D2_D0C8.zip,S1A_IW_GRDH_1SDV_20160302T221225_20160302T221250_010196_00F0D2_D0C8/Patch_Uint8/Visual_Cargo_x9444_y15124_vv.tif,S1A_IW_GRDH_1SDV_20160302T221225_20160302T221250_010196_00F0D2_D0C8/Patch_Uint8/Visual_Cargo_x9444_y15124_vh.tif,19386,84dcb5dede133afda710ab9c88184bba5c45b37ce060672ea1b827560d9737c9
S1A_IW_GRDH_1SDV_20160302T221225_20160302T221250_010196_00F0D2_D0C8/9484_13924,Bulk Carrier,0,opensar_zip,OpenSARShip_1/S1A_IW_GRDH_1SDV_20160302T221225_20160302T221250_010196_00F0D2_D0C8.zip,S1A_IW_GRDH_1SDV_20160302T221225_20160302T221250_010196_00F0D2_D0C8/Patch_Uint8/Visual_Cargo_x9484_y13924_vv.tif,S1A_IW_GRDH_1SDV_20160302T221225_20160302T221250_010196_00F0D2_D0C8/Patch_Uint8/Visual_Cargo_x9484_y13924_vh.tif,10414,451b66571b9066dad4197f3249122dc4cda4a58c6f940109b8a84e066ec53fd9
S1A_IW_GRDH_1SDV_20160302T221225_20160302T221250_010196_00F0D2_D0C8/9494_14074,Bulk Carrier,0,opensar_zip,OpenSARShip_1/S1A_IW_GRDH_1SDV_20160302T221225_20160302T221250_010196_00F0D2_D0C8.zip,S1A_IW_GRDH_1SDV_20160302T221225_20160302T221250_010196_00F0D2_D0C8/Patch_Uint8/Visual_Cargo_x9494_y14074_vv.tif,S1A_IW_GRDH_1SDV_20160302T221225_20160302T221250_010196_00F0D2_D0C8/Patch_Uint8/Visual_Cargo_x9494_y14074_vh.tif,13746,5ff036fc249fea5271819d8fb859a3c8a8f80008bd91f3f8aae4836914c68c2e
S1A_IW_GRDH_1SDV_20160302T221225_20160302T221250_010196_00F0D2_D0C8/9515_14897,Bulk Carrier,0,opensar_zip,OpenSARShip_1/S1A_IW_GRDH_1SDV_20160302T221225_20160302T221250_010196_00F0D2_D0C8.zip,S1A_IW_GRDH_1SDV_20160302T221225_20160302T221250_010196_00F0D2_D0C8/Patch_Uint8/Visual_Cargo_x9515_y14897_vv.tif,S1A_IW_GRDH_1SDV_20160302T221225_20160302T221250_010196_00F0D2_D0C8/Patch_Uint8/Visual_Cargo_x9515_y14897_vh.tif,8984,07f0c4d6c372554e946b655c87bc71747509262fd0e6bba9a7d92775577f61bb
S1A_IW_GRDH_1SDV_20160302T221225_20160302T221250_010196_00F0D2_D0C8/9571_14151,Container Ship,1,opensar_zip,OpenSARShip_1/S1A_IW_GRDH_1SDV_20160302T221225_20160302T221250_010196_00F0D2_D0C8.zip,S1A_IW_GRDH_1SDV_20160302T221225_20160302T221250_010196_00F0D2_D0C8/Patch_Uint8/Visual_Cargo_x9571_y14151_vv.tif,S1A_IW_GRDH_1SDV_20160302T221225_20160302T221250_010196_00F0D2_D0C8/Patch_Uint8/Visual_Cargo_x9571_y14151_vh.tif,26666,1662af483b8221fb1a895983273b75344224e0add343b6b6faef65b1318cf0ff
S1A_IW_GRDH_1SDV_20160302T221225_20160302T221250_010196_00F0D2_D0C8/9658_13677,Bulk Carrier,0,opensar_zip,OpenSARShip_1/S1A_IW_GRDH_1SDV_20160302T221225_20160302T221250_010196_00F0D2_D0C8.zip,S1A_IW_GRDH_1SDV_20160302T221225_20160302T221250_010196_00F0D2_D0C8/Patch_Uint8/Visual_Cargo_x9658_y13677_vv.tif,S1A_IW_GRDH_1SDV_20160302T221225_20160302T221250_010196_00F0D2_D0C8/Patch_Uint8/Visual_Cargo_x9658_y13677_vh.tif,9716,869055fbb740800b02fb0ffc7ad0560fbb022c22dde020011230ce1573a5cb96
S1A_IW_GRDH_1SDV_20160302T221225_20160302T221250_010196_00F0D2_D0C8/9681_13809,Bulk Carrier,0,opensar_zip,OpenSARShip_1/S1A_IW_GRDH_1SDV_20160302T221225_20160302T221250_010196_00F0D2_D0C8.zip,S1A_IW_GRDH_1SDV_20160302T221225_20160302T221250_010196_00F0D2_D0C8/Patch_Uint8/Visual_Cargo_x9681_y13809_vv.tif,S1A_IW_GRDH_1SDV_20160302T221225_20160302T221250_010196_00F0D2_D0C8/Patch_Uint8/Visual_Cargo_x9681_y13809_vh.tif,17428,bc0576116175bb441aced82cff3172ef46b5ba0ad31309a7c890ca0c510d17e3
S1A_IW_GRDH_1SDV_20160302T221225_20160302T221250_010196_00F0D2_D0C8/9776_13871,Bulk Carrier,0,opensar_zip,OpenSARShip_1/S1A_IW_GRDH_1SDV_20160302T221225_20160302T221250_010196_00F0D2_D0C8.zip,S1A_IW_GRDH_1SDV_20160302T221225_20160302T221250_010196_00F0D2_D0C8/Patch_Uint8/Visual_Cargo_x9776_y13871_vv.tif,S1A_IW_GRDH_1SDV_20160302T221225_20160302T221250_010196_00F0D2_D0C8/Patch_Uint8/Visual_Cargo_x9776_y13871_vh.tif,11048,bfe904e1db6855649c4fd93bd36dcb5b17e3205c4cd4f13cf0607a39538681e4
S1A_IW_GRDH_1SDV_20160302T221225_20160302T221250_010196_00F0D2_D0C8/9790_14097,Bulk Carrier,0,opensar_zip,OpenSARShip_1/S1A_IW_GRDH_1SDV_20160302T221225_20160302T221250_010196_00F0D2_D0C8.zip,S1A_IW_GRDH_1SDV_20160302T221225_20160302T221250_010196_00F0D2_D0C8/Patch_Uint8/Visual_Cargo_x9790_y14097_vv.tif,S1A_IW_GRDH_1SDV_20160302T221225_20160302T221250_010196_00F0D2_D0C8/Patch_Uint8/Visual_Cargo_x9790_y14097_vh.tif,12426,a83ef825df354cf6fad5a93379c8c79c54462d2162ec693fcd831c745c5ef217
S1A_IW_GRDH_1SDV_20160302T221225_20160302T221250_010196_00F0D2_D0C8/9806_13979,Bulk Carrier,0,opensar_zip,OpenSARShip_1/S1A_IW_GRDH_1SDV_20160302T221225_20160302T221250_010196_00F0D2_D0C8.zip,S1A_IW_GRDH_1SDV_20160302T221225_20160302T221250_010196_00F0D2_D0C8/Patch_Uint8/Visual_Cargo_x9806_y13979_vv.tif,S1A_IW_GRDH_1SDV_20160302T221225_20160302T221250_010196_00F0D2_D0C8/Patch_Uint8/Visual_Cargo_x9806_y13979_vh.tif,6886,98b596d150f8fa7b64a5286a3367ef9475fdbe3b80c0bb4c0a2b0226b3ac3125
S1A_IW_GRDH_1SDV_20160302T221225_20160302T221250_010196_00F0D2_D0C8/9882_13781,Bulk Carrier,0,opensar_zip,OpenSARShip_1/S1A_IW_GRDH_1SDV_20160302T221225_20160302T221250_010196_00F0D2_D0C8.zip,S1A_IW_GRDH_1SDV_20160302T221225_20160302T221250_010196_00F0D2_D0C8/Patch_Uint8/Visual_Cargo_x9882_y13781_vv.tif,S1A_IW_GRDH_1SDV_20160302T221225_20160302T221250_010196_00F0D2_D0C8/Patch_Uint8/Visual_Cargo_x9882_y13781_vh.tif,15110,41b0c2a9fbcb33629860df85f0b0543f41ac61441ce0f8c7d1ef265f3d2c6e40
S1A_IW_GRDH_1SDV_20160302T221225_20160302T221250_010196_00F0D2_D0C8/9933_13899,Bulk Carrier,0,opensar_zip,OpenSARShip_1/S1A_IW_GRDH_1SDV_20160302T221225_20160302T221250_010196_00F0D2_D0C8.zip,S1A_IW_GRDH_1SDV_20160302T221225_20160302T221250_010196_00F0D2_D0C8/Patch_Uint8/Visual_Cargo_x9933_y13899_vv.tif,S1A_IW_GRDH_1SDV_20160302T221225_20160302T221250_010196_00F0D2_D0C8/Patch_Uint8/Visual_Cargo_x9933_y13899_vh.tif,7994,d41220db3198d0cdd19633c38e74815194f65e8b4cd9ed0035fbd9de9e75b899
S1A_IW_GRDH_1SDV_20160302T221225_20160302T221250_010196_00F0D2_D0C8/9952_14834,Bulk Carrier,0,opensar_zip,OpenSARShip_1/S1A_IW_GRDH_1SDV_20160302T221225_20160302T221250_010196_00F0D2_D0C8.zip,S1A_IW_GRDH_1SDV_20160302T221225_20160302T221250_010196_00F0D2_D0C8/Patch_Uint8/Visual_Cargo_x9952_y14834_vv.tif,S1A_IW_GRDH_1SDV_20160302T221225_20160302T221250_010196_00F0D2_D0C8/Patch_Uint8/Visual_Cargo_x9952_y14834_vh.tif,10352,96d385d5d399508d476387b569e2e924946b5c95e3a4913d6be0dce6180008e6
S1A_IW_GRDH_1SDV_20160302T221225_20160302T221250_010196_00F0D2_D0C8/9997_14695,Bulk Carrier,0,opensar_zip,OpenSARShip_1/S1A_IW_GRDH_1SDV_20160302T221225_20160302T221250_010196_00F0D2_D0C8.zip,S1A_IW_GRDH_1SDV_20160302T221225_20160302T221250_010196_00F0D2_D0C8/Patch_Uint8/Visual_Cargo_x9997_y14695_vv.tif,S1A_IW_GRDH_1SDV_20160302T221225_20160302T221250_010196_00F0D2_D0C8/Patch_Uint8/Visual_Cargo_x9997_y14695_vh.tif,15966,6ce8ecd1920a933f1df2cc49cf7d021dde5f32a4676fc687492df054b44ca0b2
S1A_IW_GRDH_1SDV_20160326T221226_20160326T221251_010546_00FAC9_4D44/10100_13941,Bulk Carrier,0,opensar_zip,OpenSARShip_1/S1A_IW_GRDH_1SDV_20160326T221226_20160326T221251_010546_00FAC9_4D44.zip,S1A_IW_GRDH_1SDV_20160326T221226_20160326T221251_010546_00FAC9_4D44/Patch_Uint8/Visual_Cargo_x10100_y13941_vv.tif,S1A_IW_GRDH_1SDV_20160326T221226_20160326T221251_010546_00FAC9_4D44/Patch_Uint8/Visual_Cargo_x10100_y13941_vh.tif,7668,8b8137711047c71f3cf2bdc646a609646387603ba6b07eb1323c0ea5975085cc
S1A_IW_GRDH_1SDV_20160326T221226_20160326T221251_010546_00FAC9_4D44/10164_14486,Bulk Carrier,0,opensar_zip,OpenSARShip_1/S1A_IW_GRDH_1SDV_20160326T221226_20160326T221251_010546_00FAC9_4D44.zip,S1A_IW_GRDH_1SDV_20160326T221226_20160326T221251_010546_00FAC9_4D44/Patch_Uint8/Visual_Cargo_x10164_y14486_vv.tif,S1A_IW_GRDH_1SDV_20160326T221226_20160326T221251_010546_00FAC9_4D44/Patch_Uint8/Visual_Cargo_x10164_y14486_vh.tif,12382,334c114db659a5a6252b3bfa53dc5ad67a1cd9da013082cd11b87bd0cb5d1869
S1A_IW_GRDH_1SDV_20160326T221226_20160326T221251_010546_00FAC9_4D44/10251_13886,Bulk Carrier,0,opensar_zip,OpenSARShip_1/S1A_IW_GRDH_1SDV_20160326T221226_20160326T221251_010546_00FAC9_4D44.zip,S1A_IW_GRDH_1SDV_20160326T221226_20160326T221251_010546_00FAC9_4D44/Patch_Uint8/Visual_Cargo_x10251_y13886_vv.tif,S1A_IW_GRDH_1SDV_20160326T221226_20160326T221251_010546_00FAC9_4D44/Patch_Uint8/Visual_Cargo_x10251_y13886_vh.tif,6732,a3012c282d406c14f3eb1ab499fc7edda99d10723a1e8fbe2791aaddd9453104
S1A_IW_GRDH_1SDV_20160326T221226_20160326T221251_010546_00FAC9_4D44/10464_14574,Bulk Carrier,0,opensar_zip,OpenSARShip_1/S1A_IW_GRDH_1SDV_20160326T221226_20160326T221251_010546_00FAC9_4D44.zip,S1A_IW_GRDH_1SDV_20160326T221226_20160326T221251_010546_00FAC9_4D44/Patch_Uint8/Visual_Cargo_x10464_y14574_vv.tif,S1A_IW_GRDH_1SDV_20160326T221226_20160326T221251_010546_00FAC9_4D44/Patch_Uint8/Visual_Cargo_x10464_y14574_vh.tif,19268,a2feaf705df18ba6259fa0665838a6c1ced108e081e35e1de20f6716b4e148c5
S1A_IW_GRDH_1SDV_20160326T221226_20160326T221251_010546_00FAC9_4D44/10544_13898,Bulk Carrier,0,opensar_zip,OpenSARShip_1/S1A_IW_GRDH_1SDV_20160326T221226_20160326T221251_010546_00FAC9_4D44.zip,S1A_IW_GRDH_1SDV_20160326T221226_20160326T221251_010546_00FAC9_4D44/Patch_Uint8/Visual_Cargo_x10544_y13898_vv.tif,S1A_IW_GRDH_1SDV_20160326T221226_20160326T221251_010546_00FAC9_4D44/Patch_Uint8/Visual_Cargo_x10544_y13898_vh.tif,7380,6911b47b2d2ce6b75d179744457578523cc74bea461423b31ca80fd337011dbc
S1A_IW_GRDH_1SDV_20160326T221226_20160326T221251_010546_00FAC9_4D44/10632_13802,Bulk Carrier,0,opensar_zip,OpenSARShip_1/S1A_IW_GRDH_1SDV_20160326T221226_20160326T221251_010546_00FAC9_4D44.zip,S1A_IW_GRDH_1SDV_20160326T221226_20160326T221251_010546_00FAC9_4D44/Patch_Uint8/Visual_Cargo_x10632_y13802_vv.tif,S1A_IW_GRDH_1SDV_20160326T221226_20160326T221251_010546_00FAC9_4D44/Patch_Uint8/Visual_Cargo_x10632_y13802_vh.tif,7998,2fccf08943da4710a66f99bc2421efacd8420c360c940b970416ef9e34eae3e3
S1A_IW_GRDH_1SDV_20160326T221226_20160326T221251_010546_00FAC9_4D44/10929_14065,Container Ship,1,opensar_zip,OpenSARShip_1/S1A_IW_GRDH_1SDV_20160326T221226_20160326T221251_010546_00FAC9_4D44.zip,S1A_IW_GRDH_1SDV_20160326T221226_20160326T221251_010546_00FAC9_4D44/Patch_Uint8/Visual_Cargo_x10929_y14065_vv.tif,S1A_IW_GRDH_1SDV_20160326T221226_20160326T221251_010546_00FAC9_4D44/Patch_Uint8/Visual_Cargo_x10929_y14065_vh.tif,7790,fc7a9170ba4a59827f76c94145a5214a3d3b8a580398e05cb3145fbed57da771
S1A_IW_GRDH_1SDV_20160326T221226_20160326T221251_010546_00FAC9_4D44/11075_13848,Bulk Carrier,0,opensar_zip,OpenSARShip_1/S1A_IW_GRDH_1SDV_20160326T221226_20160326T221251_010546_00FAC9_4D44.zip,S1A_IW_GRDH_1SDV_20160326T221226_20160326T221251_010546_00FAC9_4D44/Patch_Uint8/Visual_Cargo_x11075_y13848_vv.tif,S1A_IW_GRDH_1SDV_20160326T221226_20160326T221251_010546_00FAC9_4D44/Patch_Uint8/Visual_Cargo_x11075_y13848_vh.tif,5218,b5fdcfdce203406ef0b6aa4bdfe39cd7269675d15e570afe22ac5172c9320467
S1A_IW_GRDH_1SDV_20160326T221226_20160326T221251_010546_00FAC9_4D44/11076_14458,Tanker,4,opensar_zip,OpenSARShip_1/S1A_IW_GRDH_1SDV_20160326T221226_20160326T221251_010546_00FAC9_4D44.zip,S1A_IW_GRDH_1SDV_20160326T221226_20160326T221251_010546_00FAC9_4D44/Patch_Uint8/Visual_Tanker_x11076_y14458_vv.tif,S1A_IW_GRDH_1SDV_20160326T221226_20160326T221251_010546_00FAC9_4D44/Patch_Uint8/Visual_Tanker_x11076_y14458_vh.tif,6094,f57ce3243e225ecf61eabfc8210196dc3ca53e1a4fb6b01ff865abd5529edc36
S1A_IW_GRDH_1SDV_20160326T221226_20160326T221251_010546_00FAC9_4D44/11416_14057,Container Ship,1,opensar_zip,OpenSARShip_1/S1A_IW_GRDH_1SDV_20160326T221226_20160326T221251_010546_00FAC9_4D44.zip,S1A_IW_GRDH_1SDV_20160326T221226_20160326T221251_010546_00FAC9_4D44/Patch_Uint8/Visual_Cargo_x11416_y14057_vv.tif,S1A_IW_GRDH_1SDV_20160326T221226_20160326T221251_010546_00FAC9_4D44/Patch_Uint8/Visual_Cargo_x11416_y14057_vh.tif,20004,9a0afe29695401c8e66da9519118294250cb02a199cb0177121ca7279c6a7579
S1A_IW_GRDH_1SDV_20160326T221226_20160326T221251_010546_00FAC9_4D44/11479_14542,Tanker,4,opensar_zip,OpenSARShip_1/S1A_IW_GRDH_1SDV_20160326T221226_20160326T221251_010546_00FAC9_4D44.zip,S1A_IW_GRDH_1SDV_20160326T221226_20160326T221251_010546_00FAC9_4D44/Patch_Uint8/Visual_Tanker_x11479_y14542_vv.tif,S1A_IW_GRDH_1SDV_20160326T221226_20160326T221251_010546_00FAC9_4D44/Patch_Uint8/Visual_Tanker_x11479_y14542_vh.tif,1668,158a4a2427372e8f37fe568f727d65de0229595a7aaec71a2bb42fd739b92aac
S1A_IW_GRDH_1SDV_20160326T221226_20160326T221251_010546_00FAC9_4D44/11642_13864,Tanker,4,opensar_zip,OpenSARShip_1/S1A_IW_GRDH_1SDV_20160326T221226_20160326T221251_010546_00FAC9_4D44.zip,S1A_IW_GRDH_1SDV_20160326T221226_20160326T221251_010546_00FAC9_4D44/Patch_Uint8/Visual_Tanker_x11642_y13864_vv.tif,S1A_IW_GRDH_1SDV_20160326T221226_20160326T221251_010546_00FAC9_4D44/Patch_Uint8/Visual_Tanker_x11642_y13864_vh.tif,1008,d8249ff46f5b1b2cbbf66cc44ca5c6e7357147a60e09cab0dfc883918c4a1123
S1A_IW_GRDH_1SDV_20160326T221226_20160326T221251_010546_00FAC9_4D44/1382_13884,Container Ship,1,opensar_zip,OpenSARShip_1/S1A_IW_GRDH_1SDV_20160326T221226_20160326T221251_010546_00FAC9_4D44.zip,S1A_IW_GRDH_1SDV_20160326T221226_20160326T221251_010546_00FAC9_4D44/Patch_Uint8/Visual_Cargo_x1382_y13884_vv.tif,S1A_IW_GRDH_1SDV_20160326T221226_20160326T221251_010546_00FAC9_4D44/Patch_Uint8/Visual_Cargo_x1382_y13884_vh.tif,12422,f2197c9191c255fc448baf1fa1553a890ce9ea917c25fc8aa032280e5141eb95
S1A_IW_GRDH_1SDV_20160326T221226_20160326T221251_010546_00FAC9_4D44/1441_11477,Bulk Carrier,0,opensar_zip,OpenSARShip_1/S1A_IW_GRDH_1SDV_20160326T221226_20160326T221251_010546_00FAC9_4D44.zip,S1A_IW_GRDH_1SDV_20160326T221226_20160326T221251_010546_00FAC9_4D44/Patch_Uint8/Visual_Cargo_x1441_y11477_vv.tif,S1A_IW_GRDH_1SDV_20160326T221226_20160326T221251_010546_00FAC9_4D44/Patch_Uint8/Visual_Cargo_x1441_y11477_vh.tif,11180,8d139d053e184a3b30fcc7a7ab6a64874c4f9760a5cff6a8c477ca6b28a988b1
S1A_IW_GRDH_1SDV_20160326T221226_20160326T221251_010546_00FAC9_4D44/1481_12798,Bulk Carrier,0,opensar_zip,OpenSARShip_1/S1A_IW_GRDH_1SDV_20160326T221226_20160326T221251_010546_00FAC9_4D44.zip,S1A_IW_GRDH_1SDV_20160326T221226_20160326T221251_010546_00FAC9_4D44/Patch_Uint8/Visual_Cargo_x1481_y12798_vv.tif,S1A_IW_GRDH_1SDV_20160326T221226_20160326T221251_010546_00FAC9_4D44/Patch_Uint8/Visual_Cargo_x1481_y12798_vh.tif,22828,b1ab91bd08f768cacb11f091753d9e8fa710d4ebe9cba52cc8e256be86a27680
S1A_IW_GRDH_1SDV_20160326T221226_20160326T221251_010546_00FAC9_4D44/1608_10231,Bulk Carrier,0,opensar_zip,OpenSARShip_1/S1A_IW_GRDH_1SDV_20160326T221226_20160326T221251_010546_00FAC9_4D44.zip,S1A_IW_GRDH_1SDV_20160326T221226_20160326T221251_010546_00FAC9_4D44/Patch_Uint8/Visual_Cargo_x1608_y10231_vv.tif,S1A_IW_GRDH_1SDV_20160326T221226_20160326T221251_010546_00FAC9_4D44/Patch_Uint8/Visual_Cargo_x1608_y10231_vh.tif,8976,347e88e47cc84e13d16e90ab6dbb9a8d83af8f090c281a9e7d2c81bf2dac6774
S1A_IW_GRDH_1SDV_20160326T221226_20160326T221251_010546_00FAC9_4D44/1681_9985,Bulk Carrier,0,opensar_zip,OpenSARShip_1/S1A_IW_GRDH_1SDV_20160326T221226_20160326T221251_010546_00FAC9_4D44.zip,S1A_IW_GRDH_1SDV_20160326T221226_20160326T221251_010546_00FAC9_4D44/Patch_Uint8/Visual_Cargo_x1681_y9985_vv.tif,S1A_IW_GRDH_1SDV_20160326T221226_20160326T221251_010546_00FAC9_4D44/Patch_Uint8/Visual_Cargo_x1681_y9985_vh.tif,9010,2c626ad33721ad822efa432f54e6049feda3431f298d3297f0230d78dc776b27
S1A_IW_GRDH_1SDV_20160326T221226_20160326T221251_010546_00FAC9_4D44/1710_11335,Bulk Carrier,0,opensar_zip,OpenSARShip_1/S1A_IW_GRDH_1SDV_20160326T221226_20160326T221251_010546_00FAC9_4D44.zip,S1A_IW_GRDH_1SDV_20160326T221226_20160326T221251_010546_00FAC9_4D44/Patch_Uint8/Visual_Cargo_x1710_y11335_vv.tif,S1A_IW_GRDH_1SDV_20160326T221226_20160326T221251_010546_00FAC9_4D44/Patch_Uint8/Visual_Cargo_x1710_y11335_vh.tif,12428,9ff309d798ead90558de1007235aa381668e5cc61396efb380692c171ee8883f
S1A_IW_GRDH_1SDV_20160326T221226_20160326T221251_010546_00FAC9_4D44/1742_10182,Bulk Carrier,0,opensar_zip,OpenSARShip_1/S1A_IW_GRDH_1SDV_20160326T221226_20160326T221251_010546_00FAC9_4D44.zip,S1A_IW_GRDH_1SDV_20160326T221226_20160326T221251_010546_00FAC9_4D44/Patch_Uint8/Visual_Cargo_x1742_y10182_vv.tif,S1A_IW_GRDH_1SDV_20160326T221226_20160326T221251_010546_00FAC9_4D44/Patch_Uint8/Visual_Cargo_x1742_y10182_vh.tif,9020,e04a297a2fd15da4883f7ab63ca72e62097aae87b4a7e3b879c815e6e4c480cb
S1A_IW_GRDH_1SDV_20160326T221226_20160326T221251_010546_00FAC9_4D44/1780_13352,Container Ship,1,opensar_zip,OpenSARShip_1/S1A_IW_GRDH_1SDV_20160326T221226_20160326T221251_010546_00FAC9_4D44.zip,S1A_IW_GRDH_1SDV_20160326T221226_20160326T221251_010546_00FAC9_4D44/Patch_Uint8/Visual_Cargo_x1780_y13352_vv.tif,S1A_IW_GRDH_1SDV_20160326T221226_20160326T221251_010546_00FAC9_4D44/Patch_Uint8/Visual_Cargo_x1780_y13352_vh.tif,15076,af756763a75b4ee1b27d8ead6cdb2bb65ff1cd465b93367dd3236ba24f48c0bb
S1A_IW_GRDH_1SDV_20160326T221226_20160326T221251_010546_00FAC9_4D44/1814_11468,Bulk Carrier,0,opensar_zip,OpenSARShip_1/S1A_IW_GRDH_1SDV_20160326T221226_20160326T221251_010546_00FAC9_4D44.zip,S1A_IW_GRDH_1SDV_20160326T221226_20160326T221251_010546_00FAC9_4D44/Patch_Uint8/Visual_Cargo_x1814_y11468_vv.tif,S1A_IW_GRDH_1SDV_20160326T221226_20160326T221251_010546_00FAC9_4D44/Patch_Uint8/Visual_Cargo_x1814_y11468_vh.tif,10104,5cc9465e6ada78496dff97b9f962a3802d5309dd3a6447beb81bbb2272fb6b32
S1A_IW_GRDH_1SDV_20160326T221226_20160326T221251_010546_00FAC9_4D44/1954_11553,Bulk Carrier,0,opensar_zip,OpenSARShip_1/S1A_IW_GRDH_1SDV_20160326T221226_20160326T221251_010546_00FAC9_4D44.zip,S1A_IW_GRDH_1SDV_20160326T221226_20160326T221251_010546_00FAC9_4D44/Patch_Uint8/Visual_Cargo_x1954_y11553_vv.tif,S1A_IW_GRDH_1SDV_20160326T221226_20160326T221251_010546_00FAC9_4D44/Patch_Uint8/Visual_Cargo_x1954_y11553_vh.tif,8020,6d391aa0583b81f2cb7935de059fc59e83ca32462dd3ec5b828c0b646aac8121
S1A_IW_GRDH_1SDV_20160326T221226_20160326T221251_010546_00FAC9_4D44/2118_11313,Bulk Carrier,0,opensar_zip,OpenSARShip_1/S1A_IW_GRDH_1SDV_20160326T221226_20160326T221251_010546_00FAC9_4D44.zip,S1A_IW_GRDH_1SDV_20160326T221226_20160326T221251_010546_00FAC9_4D44/Patch_Uint8/Visual_Cargo_x2118_y11313_vv.tif,S1A_IW_GRDH_1SDV_20160326T221226_20160326T221251_010546_00FAC9_4D44/Patch_Uint8/Visual_Cargo_x2118_y11313_vh.tif,10002,5bd5c711ebc5164cfe9d5617efad224d52a8733daae5a5edafcdb103f1b2b715
S1A_IW_GRDH_1SDV_20160326T221226_20160326T221251_010546_00FAC9_4D44/2178_11546,Bulk Carrier,0,opensar_zip,OpenSARShip_1/S1A_IW_GRDH_1SDV_20160326T221226_20160326T221251_010546_00FAC9_4D44.zip,S1A_IW_GRDH_1SDV_20160326T221226_20160326T221251_010546_00FAC9_4D44/Patch_Uint8/Visual_Cargo_x2178_y11546_vv.tif,S1A_IW_GRDH_1SDV_20160326T221226_20160326T221251_010546_00FAC9_4D44/Patch_Uint8/Visual_Cargo_x2178_y11546_vh.tif,8990,af45825e5c2e62af151d376053d1a523c308bb72036074929132f121396083f8
S1A_IW_GRDH_1SDV_20160326T221226_20160326T221251_010546_00FAC9_4D44/2376_11737,Bulk Carrier,0,opensar_zip,OpenSARShip_1/S1A_IW_GRDH_1SDV_20160326T221226_20160326T221251_010546_00FAC9_4D44.zip,S1A_IW_GRDH_1SDV_20160326T221226_20160326T221251_010546_00FAC9_4D44/Patch_Uint8/Visual_Cargo_x2376_y11737_vv.tif,S1A_IW_GRDH_1SDV_20160326T221226_20160326T221251_010546_00FAC9_4D44/Patch_Uint8/Visual_Cargo_x2376_y11737_vh.tif,15030,15c4ded10c50b162e8bc4f42ab42d6d0d02e0a958da55910e65b1236e630ad1f
S1A_IW_GRDH_1SDV_20160326T221226_20160326T221251_010546_00FAC9_4D44/2424_11513,Bulk Carrier,0,opensar_zip,OpenSARShip_1/S1A_IW_GRDH_1SDV_20160326T221226_20160326T221251_010546_00FAC9_4D44.zip,S1A_IW_GRDH_1SDV_20160326T221226_20160326T221251_010546_00FAC9_4D44/Patch_Uint8/Visual_Cargo_x2424_y11513_vv.tif,S1A_IW_GRDH_1SDV_20160326T221226_20160326T221251_010546_00FAC9_4D44/Patch_Uint8/Visual_Cargo_x2424_y11513_vh.tif,13736,6045263b3478fbbb685f23eb34b0f0c5aba29fd5d125a773c445b1feff75ee54
S1A_IW_GRDH_1SDV_20160326T221226_20160326T221251_010546_00FAC9_4D44/2629_11492,Bulk Carrier,0,opensar_zip,OpenSARShip_1/S1A_IW_GRDH_1SDV_20160326T221226_20160326T221251_010546_00FAC9_4D44.zip,S1A_IW_GRDH_1SDV_20160326T221226_20160326T221251_010546_00FAC9_4D44/Patch_Uint8/Visual_Cargo_x2629_y11492_vv.tif,S1A_IW_GRDH_1SDV_20160326T221226_20160326T221251_010546_00FAC9_4D44/Patch_Uint8/Visual_Cargo_x2629_y11492_vh.tif,8406,512221fcea33d20e44b56416f6b3485f90d658589e3835a9bd9de4c0afeb4a6c
S1A_IW_GRDH_1SDV_20160326T221226_20160326T221251_010546_00FAC9_4D44/3687_16538,Tanker,4,opensar_zip,OpenSARShip_1/S1A_IW_GRDH_1SDV_20160326T221226_20160326T221251_010546_00FAC9_4D44.zip,S1A_IW_GRDH_1SDV_20160326T221226_20160326T221251_010546_00FAC9_4D44/Patch_Uint8/Visual_Tanker_x3687_y16538_vv.tif,S1A_IW_GRDH_1SDV_20160326T221226_20160326T221251_010546_00FAC9_4D44/Patch_Uint8/Visual_Tanker_x3687_y16538_vh.tif,2140,ea6f62a48ece8f890b5cce698d8b194e452a81e0b1452dedd61cda659b838487
S1A_IW_GRDH_1SDV_20160326T221226_20160326T221251_010546_00FAC9_4D44/4976_13939,Bulk Carrier,0,opensar_zip,OpenSARShip_1/S1A_IW_GRDH_1SDV_20160326T221226_20160326T221251_010546_00FAC9_4D44.zip,S1A_IW_GRDH_1SDV_20160326T221226_20160326T221251_010546_00FAC9_4D44/Patch_Uint8/Visual_Cargo_x4976_y13939_vv.tif,S1A_IW_GRDH_1SDV_20160326T221226_20160326T221251_010546_00FAC9_4D44/Patch_Uint8/Visual_Cargo_x4976_y13939_vh.tif,10960,9dae6bde05dd311354a67e60d2efafc28fcded57c96f436bde76ecd110178af5
S1A_IW_GRDH_1SDV_20160326T221226_20160326T221251_010546_00FAC9_4D44/5240_13532,Bulk Carrier,0,opensar_zip,OpenSARShip_1/S1A_IW_GRDH_1SDV_20160326T221226_20160326T221251_010546_00FAC9_4D44.zip,S1A_IW_GRDH_1SDV_20160326T221226_20160326T221251_010546_00FAC9_4D44/Patch_Uint8/Visual_Cargo_x5240_y13532_vv.tif,S1A_IW_GRDH_1SDV_20160326T221226_20160326T221251_010546_00FAC9_4D44/Patch_Uint8/Visual_Cargo_x5240_y13532_vh.tif,11238,740831ab7c9a2215eaec11f7a3fa8f0d700cccf0fdc8c0ffdca918a933aa62b2
S1A_IW_GRDH_1SDV_20160326T221226_20160326T221251_010546_00FAC9_4D44/5401_13785,Bulk Carrier,0,opensar_zip,OpenSARShip_1/S1A_IW_GRDH_1SDV_20160326T221226_20160326T221251_010546_00FAC9_4D44.zip,S1A_IW_GRDH_1SDV_20160326T221226_20160326T221251_010546_00FAC9_4D44/Patch_Uint8/Visual_Cargo_x5401_y13785_vv.tif,S1A_IW_GRDH_1SDV_20160326T221226_20160326T221251_010546_00FAC9_4D44/Patch_Uint8/Visual_Cargo_x5401_y13785_vh.tif,21118,2b6d5e395fad9f709ff7b504f6e6089ffcad4c6f711e7740fd46392f9bad3db1
S1A_IW_GRDH_1SDV_20160326T221226_20160326T221251_010546_00FAC9_4D44/5469_14086,Bulk Carrier,0,opensar_zip,OpenSARShip_1/S1A_IW_GRDH_1SDV_20160326T221226_20160326T221251_010546_00FAC9_4D44.zip,S1A_IW_GRDH_1SDV_20160326T221226_20160326T221251_010546_00FAC9_4D44/Patch_Uint8/Visual_Cargo_x5469_y14086_vv.tif,S1A_IW_GRDH_1SDV_20160326T221226_20160326T221251_010546_00FAC9_4D44/Patch_Uint8/Visual_Cargo_x5469_y14086_vh.tif,20258,652fd33bcb6ce1e1f1fc5c91a21e3ad47c6b9b584cbaa19127fe3abbe59ec3d2
S1A_IW_GRDH_1SDV_20160326T221226_20160326T221251_010546_00FAC9_4D44/5717_13893,Bulk Carrier,0,opensar_zip,OpenSARShip_1/S1A_IW_GRDH_1SDV_20160326T221226_20160326T221251_010546_00FAC9_4D44.zip,S1A_IW_GRDH_1SDV_20160326T221226_20160326T221251_010546_00FAC9_4D44/Patch_Uint8/Visual_Cargo_x5717_y13893_vv.tif,S1A_IW_GRDH_1SDV_20160326T221226_20160326T221251_010546_00FAC9_4D44/Patch_Uint8/Visual_Cargo_x5717_y13893_vh.tif,14746,196be9931e9b0272dfe7e8908e0b100e923b04c7d5b80b98c4c41eaa98bf9539
S1A_IW_GRDH_1SDV_20160326T221226_20160326T221251_010546_00FAC9_4D44/5852_15590,Tanker,4,opensar_zip,OpenSARShip_1/S1A_IW_GRDH_1SDV_20160326T221226_20160326T221251_010546_00FAC9_4D44.zip,S1A_IW_GRDH_1SDV_20160326T221226_20160326T221251_010546_00FAC9_4D44/Patch_Uint8/Visual_Other Type_x5852_y15590_vv.tif,S1A_IW_GRDH_1SDV_20160326T221226_20160326T221251_010546_00FAC9_4D44/Patch_Uint8/Visual_Other Type_x5852_y15590_vh.tif,760,d8de2f06388093389e76097d2413de55b1d0d2af74073bfc8c233580a7a0e447
S1A_IW_GRDH_1SDV_20160326T221226_20160326T221251_010546_00FAC9_4D44/6259_14811,Bulk Carrier,0,opensar_zip,OpenSARShip_1/S1A_IW_GRDH_1SDV_20160326T221226_20160326T221251_010546_00FAC9_4D44.zip,S1A_IW_GRDH_1SDV_20160326T221226_20160326T221251_010546_00FAC9_4D44/Patch_Uint8/Visual_Cargo_x6259_y14811_vv.tif,S1A_IW_GRDH_1SDV_20160326T221226_20160326T221251_010546_00FAC9_4D44/Patch_Uint8/Visual_Cargo_x6259_y14811_vh.tif,5292,efae9709373da536f541d00ad80316c26cb8115c1501519d57ecfde9d3c122c6
S1A_IW_GRDH_1SDV_20160326T221226_20160326T221251_010546_00FAC9_4D44/7093_16583,Bulk Carrier,0,opensar_zip,OpenSARShip_1/S1A_IW_GRDH_1SDV_20160326T221226_20160326T221251_010546_00FAC9_4D44.zip,S1A_IW_GRDH_1SDV_20160326T221226_20160326T221251_010546_00FAC9_4D44/Patch_Uint8/Visual_Cargo_x7093_y16583_vv.tif,S1A_IW_GRDH_1SDV_20160326T221226_20160326T221251_010546_00FAC9_4D44/Patch_Uint8/Visual_Cargo_x7093_y16583_vh.tif,11868,aeb9e80d9fe095db337fc85e3d4fb47bb8e10f0a291679db2e64396508944101
S1A_IW_GRDH_1SDV_20160326T221226_20160326T221251_010546_00FAC9_4D44/7458_13412,Tug,5,opensar_zip,OpenSARShip_1/S1A_IW_GRDH_1SDV_20160326T221226_20160326T221251_010546_00FAC9_4D44.zip,S1A_IW_GRDH_1SDV_20160326T221226_20160326T221251_010546_00FAC9_4D44/Patch_Uint8/Visual_Other Type_x7458_y13412_vv.tif,S1A_IW_GRDH_1SDV_20160326T221226_20160326T221251_010546_00FAC9_4D44/Patch_Uint8/Visual_Other Type_x7458_y13412_vh.tif,2134,95da9d3e57ed4c6973933aa412bafd734abb1d37a07eb8a2eab2e8bedd2ebb32
S1A_IW_GRDH_1SDV_20160326T221226_20160326T221251_010546_00FAC9_4D44/7742_13402,Dredger,2,opensar_zip,OpenSARShip_1/S1A_IW_GRDH_1SDV_20160326T221226_20160326T221251_010546_00FAC9_4D44.zip,S1A_IW_GRDH_1SDV_20160326T221226_20160326T221251_010546_00FAC9_4D44/Patch_Uint8/Visual_Other Type_x7742_y13402_vv.tif,S1A_IW_GRDH_1SDV_20160326T221226_20160326T221251_010546_00FAC9_4D44/Patch_Uint8/Visual_Other Type_x7742_y13402_vh.tif,3212,5835703bf7dc59fa19faf4b05264497d047bd63f5d344fe260676e6118030068
S1A_IW_GRDH_1SDV_20160326T221226_20160326T221251_010546_00FAC9_4D44/790_13461,Container Ship,1,opensar_zip,OpenSARShip_1/S1A_IW_GRDH_1SDV_20160326T221226_20160326T221251_010546_00FAC9_4D44.zip,S1A_IW_GRDH_1SDV_20160326T221226_20160326T221251_010546_00FAC9_4D44/Patch_Uint8/Visual_Cargo_x790_y13461_vv.tif,S1A_IW_GRDH_1SDV_20160326T221226_20160326T221251_010546_00FAC9_4D44/Patch_Uint8/Visual_Cargo_x790_y13461_vh.tif,18622,3f2488ae85377639026163f26091e4d34d7b529cd0f7fd39d0fc306fd8b10c96
S1A_IW_GRDH_1SDV_20160326T221226_20160326T221251_010546_00FAC9_4D44/8485_15321,Container Ship,1,opensar_zip,OpenSARShip_1/S1A_IW_GRDH_1SDV_20160326T221226_20160326T221251_010546_00FAC9_4D44.zip,S1A_IW_GRDH_1SDV_20160326T221226_20160326T221251_010546_00FAC9_4D44/Patch_Uint8/Visual_Cargo_x8485_y15321_vv.tif,S1A_IW_GRDH_1SDV_20160326T221226_20160326T221251_010546_00FAC9_4D44/Patch_Uint8/Visual_Cargo_x8485_y15321_vh.tif,10058,46e48a8218478178735c09bbf9773801f05eb740fe239a3f5a3af7b6aff11a7b
S1A_IW_GRDH_1SDV_20160326T221226_20160326T221251_010546_00FAC9_4D44/8706_14769,Container Ship,1,opensar_zip,OpenSARShip_1/S1A_IW_GRDH_1SDV_20160326T221226_20160326T221251_010546_00FAC9_4D44.zip,S1A_IW_GRDH_1SDV_20160326T221226_20160326T221251_010546_00FAC9_4D44/Patch_Uint8/Visual_Cargo_x8706_y14769_vv.tif,S1A_IW_GRDH_1SDV_20160326T221226_20160326T221251_010546_00FAC9_4D44/Patch_Uint8/Visual_Cargo_x8706_y14769_vh.tif,16984,c1210bc9719977d35891aa82d3b4e2e2da89b6e0a09be247f23abc6e8cd03398
S1A_IW_GRDH_1SDV_20160326T221226_20160326T221251_010546_00FAC9_4D44/8877_14293,Bulk Carrier,0,opensar_zip,OpenSARShip_1/S1A_IW_GRDH_1SDV_20160326T221226_20160326T221251_010546_00FAC9_4D44.zip,S1A_IW_GRDH_1SDV_20160326T221226_20160326T221251_010546_00FAC9_4D44/Patch_Uint8/Visual_Cargo_x8877_y14293_vv.tif,S1A_IW_GRDH_1SDV_20160326T221226_20160326T221251_010546_00FAC9_4D44/Patch_Uint8/Visual_Cargo_x8877_y14293_vh.tif,7914,9bfe34d563b1fb59d13178463d76d907ebfe4f9fe5ff77b822dfce201f6e75fc
S1A_IW_GRDH_1SDV_20160326T221226_20160326T221251_010546_00FAC9_4D44/9272_14159,Bulk Carrier,0,opensar_zip,OpenSARShip_1/S1A_IW_GRDH_1SDV_20160326T221226_20160326T221251_010546_00FAC9_4D44.zip,S1A_IW_GRDH_1SDV_20160326T221226_20160326T221251_010546_00FAC9_4D44/Patch_Uint8/Visual_Cargo_x9272_y14159_vv.tif,S1A_IW_GRDH_1SDV_20160326T221226_20160326T221251_010546_00FAC9_4D44/Patch_Uint8/Visual_Cargo_x9272_y14159_vh.tif,7708,93e2b91060771c346e3e1d297b66d0c1ed4dd4dd95f7ef49d5adb82b13192ad6
S1A_IW_GRDH_1SDV_20160326T221226_20160326T221251_010546_00FAC9_4D44/9385_13820,Bulk Carrier,0,opensar_zip,OpenSARShip_1/S1A_IW_GRDH_1SDV_20160326T221226_20160326T221251_010546_00FAC9_4D44.zip,S1A_IW_GRDH_1SDV_20160326T221226_20160326T221251_010546_00FAC9_4D44/Patch_Uint8/Visual_Cargo_x9385_y13820_vv.tif,S1A_IW_GRDH_1SDV_20160326T221226_20160326T221251_010546_00FAC9_4D44/Patch_Uint8/Visual_Cargo_x9385_y13820_vh.tif,10256,cc2c87b92cbd87909ee8ac7b9f488c9f5ab69fe71b2953d89ea8eab19439c152
S1A_IW_GRDH_1SDV_20160326T221226_20160326T221251_010546_00FAC9_4D44/9400_14089,Bulk Carrier,0,opensar_zip,OpenSARShip_1/S1A_IW_GRDH_1SDV_20160326T221226_20160326T221251_010546_00FAC9_4D44.zip,S1A_IW_GRDH_1SDV_20160326T221226_20160326T221251_010546_00FAC9_4D44/Patch_Uint8/Visual_Cargo_x9400_y14089_vv.tif,S1A_IW_GRDH_1SDV_20160326T221226_20160326T221251_010546_00FAC9_4D44/Patch_Uint8/Visual_Cargo_x9400_y14089_vh.tif,9426,818b73e9bb3e95f331fda39dfd643b5bbdab3588f4cd5e2bd76719236edb8ee0
S1A_IW_GRDH_1SDV_20160326T221226_20160326T221251_010546_00FAC9_4D44/9451_13974,Bulk Carrier,0,opensar_zip,OpenSARShip_1/S1A_IW_GRDH_1SDV_20160326T221226_20160326T221251_010546_00FAC9_4D44.zip,S1A_IW_GRDH_1SDV_20160326T221226_20160326T221251_010546_00FAC9_4D44/Patch_Uint8/Visual_Cargo_x9451_y13974_vv.tif,S1A_IW_GRDH_1SDV_20160326T221226_20160326T221251_010546_00FAC9_4D44/Patch_Uint8/Visual_Cargo_x9451_y13974_vh.tif,6118,250ff0f799b4c2077ec39d9976f8d8b74746d414ec5df36ac47d99e28f389049
S1A_IW_GRDH_1SDV_20160326T221226_20160326T221251_010546_00FAC9_4D44/9486_15069,Bulk Carrier,0,opensar_zip,OpenSARShip_1/S1A_IW_GRDH_1SDV_20160326T221226_20160326T221251_010546_00FAC9_4D44.zip,S1A_IW_GRDH_1SDV_20160326T221226_20160326T221251_010546_00FAC9_4D44/Patch_Uint8/Visual_Cargo_x9486_y15069_vv.tif,S1A_IW_GRDH_1SDV_20160326T221226_20160326T221251_010546_00FAC9_4D44/Patch_Uint8/Visual_Cargo_x9486_y15069_vh.tif,12358,26cb4921f056764cebeaeb18e06707a487a41c150161a482829e06b23a1ffa53
S1A_IW_GRDH_1SDV_20160326T221226_20160326T221251_010546_00FAC9_4D44/9572_13714,Bulk Carrier,0,opensar_zip,OpenSARShip_1/S1A_IW_GRDH_1SDV_20160326T221226_20160326T221251_010546_00FAC9_4D44.zip,S1A_IW_GRDH_1SDV_20160326T221226_20160326T221251_010546_00FAC9_4D44/Patch_Uint8/Visual_Cargo_x9572_y13714_vv.tif,S1A_IW_GRDH_1SDV_20160326T221226_20160326T221251_010546_00FAC9_4D44/Patch_Uint8/Visual_Cargo_x9572_y13714_vh.tif,8044,bc1c80e87ecf0afcc502e808565e238d7903066ebf5fc1ceeb6d4bce3571120f
S1A_IW_GRDH_1SDV_20160326T221226_20160326T221251_010546_00FAC9_4D44/9639_13563,Bulk Carrier,0,opensar_zip,OpenSARShip_1/S1A_IW_GRDH_1SDV_20160326T221226_20160326T221251_010546_00FAC9_4D44.zip,S1A_IW_GRDH_1SDV_20160326T221226_20160326T221251_010546_00FAC9_4D44/Patch_Uint8/Visual_Cargo_x9639_y13563_vv.tif,S1A_IW_GRDH_1SDV_20160326T221226_20160326T221251_010546_00FAC9_4D44/Patch_Uint8/Visual_Cargo_x9639_y13563_vh.tif,11568,2b1245aed70b519a74b98a48b849f43b8fbb55beb398a862b1b115e3145a454c
S1A_IW_GRDH_1SDV_20160326T221226_20160326T221251_010546_00FAC9_4D44/9692_14541,Bulk Carrier,0,opensar_zip,OpenSARShip_1/S1A_IW_GRDH_1SDV_20160326T221226_20160326T221251_010546_00FAC9_4D44.zip,S1A_IW_GRDH_1SDV_20160326T221226_20160326T221251_010546_00FAC9_4D44/Patch_Uint8/Visual_Cargo_x9692_y14541_vv.tif,S1A_IW_GRDH_1SDV_20160326T221226_20160326T221251_010546_00FAC9_4D44/Patch_Uint8/Visual_Cargo_x9692_y14541_vh.tif,7022,81c7efa8e0f1ac02d9c81d9e6baf8f13a532c91041b90d9a2e35ef810750cbd0
S1A_IW_GRDH_1SDV_20160326T221226_20160326T221251_010546_00FAC9_4D44/9697_13858,Bulk Carrier,0,opensar_zip,OpenSARShip_1/S1A_IW_GRDH_1SDV_20160326T221226_20160326T221251_010546_00FAC9_4D44.zip,S1A_IW_GRDH_1SDV_20160326T221226_20160326T221251_010546_00FAC9_4D44/Patch_Uint8/Visual_Cargo_x9697_y13858_vv.tif,S1A_IW_GRDH_1SDV_20160326T221226_20160326T221251_010546_00FAC9_4D44/Patch_Uint8/Visual_Cargo_x9697_y13858_vh.tif,8632,2373dc21617425968bc0a53bedf5ca94deb8423185e053ae76da8d5d57951dd6
S1A_IW_GRDH_1SDV_20160326T221226_20160326T221251_010546_00FAC9_4D44/9754_14047,Bulk Carrier,0,opensar_zip,OpenSARShip_1/S1A_IW_GRDH_1SDV_20160326T221226_20160326T221251_010546_00FAC9_4D44.zip,S1A_IW_GRDH_1SDV_20160326T221226_20160326T221251_010546_00FAC9_4D44/Patch_Uint8/Visual_Cargo_x9754_y14047_vv.tif,S1A_IW_GRDH_1SDV_20160326T221226_20160326T221251_010546_00FAC9_4D44/Patch_Uint8/Visual_Cargo_x9754_y14047_vh.tif,7878,da2b1b85f9a2fa9442c3e9b05381345f0f7e956ce65dbc829010a242e20ce490
S1A_IW_GRDH_1SDV_20160326T221226_20160326T221251_010546_00FAC9_4D44/9865_13819,Bulk Carrier,0,opensar_zip,OpenSARShip_1/S1A_IW_GRDH_1SDV_20160326T221226_20160326T221251_010546_00FAC9_4D44.zip,S1A_IW_GRDH_1SDV_20160326T221226_20160326T221251_010546_00FAC9_4D44/Patch_Uint8/Visual_Cargo_x9865_y13819_vv.tif,S1A_IW_GRDH_1SDV_20160326T221226_20160326T221251_010546_00FAC9_4D44/Patch_Uint8/Visual_Cargo_x9865_y13819_vh.tif,6896,3cd6cfc0db63b85c5e396fc4126ab6045a78bb683dd5eca1ad7258c25394e0bf
S1A_IW_GRDH_1SDV_20160328T095421_20160328T095446_010568_00FB64_215C/10851_335,Tanker,4,opensar_zip,OpenSARShip_1/S1A_IW_GRDH_1SDV_20160328T095421_20160328T095446_010568_00FB64_215C.zip,S1A_IW_GRDH_1SDV_20160328T095421_20160328T095446_010568_00FB64_215C/Patch_Uint8/Visual_Tanker_x10851_y335_vv.tif,S1A_IW_GRDH_1SDV_20160328T095421_20160328T095446_010568_00FB64_215C/Patch_Uint8/Visual_Tanker_x10851_y335_vh.tif,1008,7a179f5c219c19526e8528b7d9ab3bbb51d9099c4edd37dd20c04d517aa106ee
S1A_IW_GRDH_1SDV_20160328T095421_20160328T095446_010568_00FB64_215C/11029_2592,Tanker,4,opensar_zip,OpenSARShip_1/S1A_IW_GRDH_1SDV_20160328T095421_20160328T095446_010568_00FB64_215C.zip,S1A_IW_GRDH_1SDV_20160328T095421_20160328T095446_010568_00FB64_215C/Patch_Uint8/Visual_Tanker_x11029_y2592_vv.tif,S1A_IW_GRDH_1SDV_20160328T095421_20160328T095446_010568_00FB64_215C/Patch_Uint8/Visual_Tanker_x11029_y2592_vh.tif,3850,21a581b294ace9c265e70d356ff4fb12a29cb4dcabf1fd15c675ad6d03338f36
S1A_IW_GRDH_1SDV_20160328T095421_20160328T095446_010568_00FB64_215C/11031_489,Tanker,4,opensar_zip,OpenSARShip_1/S1A_IW_GRDH_1SDV_20160328T095421_20160328T095446_010568_00FB64_215C.zip,S1A_IW_GRDH_1SDV_20160328T095421_20160328T095446_010568_00FB64_215C/Patch_Uint8/Visual_Tanker_x11031_y489_vv.tif,S1A_IW_GRDH_1SDV_20160328T095421_20160328T095446_010568_00FB64_215C/Patch_Uint8/Visual_Tanker_x11031_y489_vh.tif,2648,e24829faa0ecddf8d7917646737c78ce91fda173b0322b1a7a80bbef10c187e9
S1A_IW_GRDH_1SDV_20160328T095421_20160328T095446_010568_00FB64_215C/11186_3038,Tanker,4,opensar_zip,OpenSARShip_1/S1A_IW_GRDH_1SDV_20160328T095421_20160328T095446_010568_00FB64_215C.zip,S1A_IW_GRDH_1SDV_20160328T095421_20160328T095446_010568_00FB64_215C/Patch_Uint8/Visual_Tanker_x11186_y3038_vv.tif,S1A_IW_GRDH_1SDV_20160328T095421_20160328T095446_010568_00FB64_215C/Patch_Uint8/Visual_Tanker_x11186_y3038_vh.tif,3846,b97496b5e82840c1ecf3eda3533a734d33a977e2eae735fa25ca626f58d05a40
S1A_IW_GRDH_1SDV_20160328T095421_20160328T095446_010568_00FB64_215C/11220_2087,Tanker,4,opensar_zip,OpenSARShip_1/S1A_IW_GRDH_1SDV_20160328T095421_20160328T095446_010568_00FB64_215C.zip,S1A_IW_GRDH_1SDV_20160328T095421_20160328T095446_010568_00FB64_215C/Patch_Uint8/Visual_Tanker_x11220_y2087_vv.tif,S1A_IW_GRDH_1SDV_20160328T095421_20160328T095446_010568_00FB64_215C/Patch_Uint8/Visual_Tanker_x11220_y2087_vh.tif,2140,52fc1b396107a9dc6753af31a0e42685f4bb7a90352773eebab9513ee59621be
S1A_IW_GRDH_1SDV_20160328T095421_20160328T095446_010568_00FB64_215C/11227_2334,Container Ship,1,opensar_zip,OpenSARShip_1/S1A_IW_GRDH_1SDV_20160328T095421_20160328T095446_010568_00FB64_215C.zip,S1A_IW_GRDH_1SDV_20160328T095421_20160328T095446_010568_00FB64_215C/Patch_Uint8/Visual_Cargo_x11227_y2334_vv.tif,S1A_IW_GRDH_1SDV_20160328T095421_20160328T095446_010568_00FB64_215C/Patch_Uint8/Visual_Cargo_x11227_y2334_vh.tif,3826,86ae7bf9b2f197beae599be80a9946d05758516bf14f5fa6fce64f725778f2ff
S1A_IW_GRDH_1SDV_20160328T095421_20160328T095446_010568_00FB64_215C/11250_2043,Tanker,4,opensar_zip,OpenSARShip_1/S1A_IW_GRDH_1SDV_20160328T095421_20160328T095446_010568_00FB64_215C.zip,S1A_IW_GRDH_1SDV_20160328T095421_20160328T095446_010568_00FB64_215C/Patch_Uint8/Visual_Tanker_x11250_y2043_vv.tif,S1A_IW_GRDH_1SDV_20160328T095421_20160328T095446_010568_00FB64_215C/Patch_Uint8/Visual_Tanker_x11250_y2043_vh.tif,1322,4bc842c2c94b607c90e91438fe2a32801c812e9c6704633db45041d7333f791e
S1A_IW_GRDH_1SDV_20160328T095421_20160328T095446_010568_00FB64_215C/11265_3094,Tanker,4,opensar_zip,OpenSARShip_1/S1A_IW_GRDH_1SDV_20160328T095421_20160328T095446_010568_00FB64_215C.zip,S1A_IW_GRDH_1SDV_20160328T095421_20160328T095446_010568_00FB64_215C/Patch_Uint8/Visual_Tanker_x11265_y3094_vv.tif,S1A_IW_GRDH_1SDV_20160328T095421_20160328T095446_010568_00FB64_215C/Patch_Uint8/Visual_Tanker_x11265_y3094_vh.tif,3854,60693397ee87c652f901c42e6ef4edbb14d59c23b26185db5c557e1640ca0f4b
S1A_IW_GRDH_1SDV_20160328T095421_20160328T095446_010568_00FB64_215C/11286_2980,Tanker,4,opensar_zip,OpenSARShip_1/S1A_IW_GRDH_1SDV_20160328T095421_20160328T095446_010568_00FB64_215C.zip,S1A_IW_GRDH_1SDV_20160328T095421_20160328T095446_010568_00FB64_215C/Patch_Uint8/Visual_Tanker_x11286_y2980_vv.tif,S1A_IW_GRDH_1SDV_20160328T095421_20160328T095446_010568_00FB64_215C/Patch_Uint8/Visual_Tanker_x11286_y2980_vh.tif,2640,59825588b36a4093de484e4089ab495cec6aaa23c78956f174fb68491f8cb677
S1A_IW_GRDH_1SDV_20160328T095421_20160328T095446_010568_00FB64_215C/11316_2346,Tanker,4,opensar_zip,OpenSARShip_1/S1A_IW_GRDH_1SDV_20160328T095421_20160328T095446_010568_00FB64_215C.zip,S1A_IW_GRDH_1SDV_20160328T095421_20160328T095446_010568_00FB64_215C/Patch_Uint8/Visual_Tanker_x11316_y2346_vv.tif,S1A_IW_GRDH_1SDV_20160328T095421_20160328T095446_010568_00FB64_215C/Patch_Uint8/Visual_Tanker_x11316_y2346_vh.tif,2640,4b6cb0e13bcb9bbe4389c3753abaaa77b16cbf51bd0fa906f92265ccf143c7f4
S1A_IW_GRDH_1SDV_20160328T095421_20160328T095446_010568_00FB64_215C/11439_2396,Tanker,4,opensar_zip,OpenSARShip_1/S1A_IW_GRDH_1SDV_20160328T095421_20160328T095446_010568_00FB64_215C.zip,S1A_IW_GRDH_1SDV_20160328T095421_20160328T095446_010568_00FB64_215C/Patch_Uint8/Visual_Tanker_x11439_y2396_vv.tif,S1A_IW_GRDH_1SDV_20160328T095421_20160328T095446_010568_00FB64_215C/Patch_Uint8/Visual_Tanker_x11439_y2396_vh.tif,3216,6e653f5dea303359adaa96b12fd307e8b454d369ba544d4f836ed7502e430fd9
S1A_IW_GRDH_1SDV_20160328T095421_20160328T095446_010568_00FB64_215C/12098_217,Tanker,4,opensar_zip,OpenSARShip_1/S1A_IW_GRDH_1SDV_20160328T095421_20160328T095446_010568_00FB64_215C.zip,S1A_IW_GRDH_1SDV_20160328T095421_20160328T095446_010568_00FB64_215C/Patch_Uint8/Visual_Tanker_x12098_y217_vv.tif,S1A_IW_GRDH_1SDV_20160328T095421_20160328T095446_010568_00FB64_215C/Patch_Uint8/Visual_Tanker_x12098_y217_vh.tif,1702,d760c65cbe1fe1dcbc2f12f3cd31aa43cd50b18a7028392a6d5ce3a7520d0ca2
S1A_IW_GRDH_1SDV_20160328T095421_20160328T095446_010568_00FB64_215C/12377_293,Tanker,4,opensar_zip,OpenSARShip_1/S1A_IW_GRDH_1SDV_20160328T095421_20160328T095446_010568_00FB64_215C.zip,S1A_IW_GRDH_1SDV_20160328T095421_20160328T095446_010568_00FB64_215C/Patch_Uint8/Visual_Tanker_x12377_y293_vv.tif,S1A_IW_GRDH_1SDV_20160328T095421_20160328T095446_010568_00FB64_215C/Patch_Uint8/Visual_Tanker_x12377_y293_vh.tif,2142,bf9c411b752824403e6dc2867d69ca2964183e595d48a9f6632ae33442fb7df2
S1A_IW_GRDH_1SDV_20160328T095421_20160328T095446_010568_00FB64_215C/12652_3006,Tanker,4,opensar_zip,OpenSARShip_1/S1A_IW_GRDH_1SDV_20160328T095421_20160328T095446_010568_00FB64_215C.zip,S1A_IW_GRDH_1SDV_20160328T095421_20160328T095446_010568_00FB64_215C/Patch_Uint8/Visual_Tanker_x12652_y3006_vv.tif,S1A_IW_GRDH_1SDV_20160328T095421_20160328T095446_010568_00FB64_215C/Patch_Uint8/Visual_Tanker_x12652_y3006_vh.tif,1318,815ac2051aa7e3b01d8d092aa2971fcfa14683a32cbf71258b5ee10e7d9b77f3
S1A_IW_GRDH_1SDV_20160328T095421_20160328T095446_010568_00FB64_215C/12816_14851,Fishing,3,opensar_zip,OpenSARShip_1/S1A_IW_GRDH_1SDV_20160328T095421_20160328T095446_010568_00FB64_215C.zip,S1A_IW_GRDH_1SDV_20160328T095421_20160328T095446_010568_00FB64_215C/Patch_Uint8/Visual_Fishing_x12816_y14851_vv.tif,S1A_IW_GRDH_1SDV_20160328T095421_20160328T095446_010568_00FB64_215C/Patch_Uint8/Visual_Fishing_x12816_y14851_vh.tif,1320,614b462065c084b854744acc83391ad86b964b460fb3a083a3d1c2d89cfb40f0
S1A_IW_GRDH_1SDV_20160328T095421_20160328T095446_010568_00FB64_215C/13109_14973,Dredger,2,opensar_zip,OpenSARShip_1/S1A_IW_GRDH_1SDV_20160328T095421_20160328T095446_010568_00FB64_215C.zip,S1A_IW_GRDH_1SDV_20160328T095421_20160328T095446_010568_00FB64_215C/Patch_Uint8/Visual_Dredging_x13109_y14973_vv.tif,S1A_IW_GRDH_1SDV_20160328T095421_20160328T095446_010568_00FB64_215C/Patch_Uint8/Visual_Dredging_x13109_y14973_vh.tif,5318,321cb1210eef3838aebd4fac3b02aa300ba438e5732856a51673de83f8e3381f
S1A_IW_GRDH_1SDV_20160328T095421_20160328T095446_010568_00FB64_215C/13176_14927,Dredger,2,opensar_zip,OpenSARShip_1/S1A_IW_GRDH_1SDV_20160328T095421_20160328T095446_010568_00FB64_215C.zip,S1A_IW_GRDH_1SDV_20160328T095421_20160328T095446_010568_00FB64_215C/Patch_Uint8/Visual_Dredging_x13176_y14927_vv.tif,S1A_IW_GRDH_1SDV_20160328T095421_20160328T095446_010568_00FB64_215C/Patch_Uint8/Visual_Dredging_x13176_y14927_vh.tif,3844,aeebd72a69ac69f9f1b3dd1ac3a861c3f9bb281f5ecf8b119c8c37ab138ef8c4
S1A_IW_GRDH_1SDV_20160328T095421_20160328T095446_010568_00FB64_215C/13265_2933,Tanker,4,opensar_zip,OpenSARShip_1/S1A_IW_GRDH_1SDV_20160328T095421_20160328T095446_010568_00FB64_215C.zip,S1A_IW_GRDH_1SDV_20160328T095421_20160328T095446_010568_00FB64_215C/Patch_Uint8/Visual_Tanker_x13265_y2933_vv.tif,S1A_IW_GRDH_1SDV_20160328T095421_20160328T095446_010568_00FB64_215C/Patch_Uint8/Visual_Tanker_x13265_y2933_vh.tif,1010,f6a6da4276393942d52cf347ad96a0a3522ffb5dbb05e13ee741529a7e978749
S1A_IW_GRDH_1SDV_20160328T095421_20160328T095446_010568_00FB64_215C/13288_14862,Tanker,4,opensar_zip,OpenSARShip_1/S1A_IW_GRDH_1SDV_20160328T095421_20160328T095446_010568_00FB64_215C.zip,S1A_IW_GRDH_1SDV_20160328T095421_20160328T095446_010568_00FB64_215C/Patch_Uint8/Visual_Tanker_x13288_y14862_vv.tif,S1A_IW_GRDH_1SDV_20160328T095421_20160328T095446_010568_00FB64_215C/Patch_Uint8/Visual_Tanker_x13288_y14862_vh.tif,2648,453d90cf9cc0d44f7713a4919fa75e18f899f187908355ba6d83e020b7a7ef78
S1A_IW_GRDH_1SDV_20160328T095421_20160328T095446_010568_00FB64_215C/13399_14793,Tanker,4,opensar_zip,OpenSARShip_1/S1A_IW_GRDH_1SDV_20160328T095421_20160328T095446_010568_00FB64_215C.zip,S1A_IW_GRDH_1SDV_20160328T095421_20160328T095446_010568_00FB64_215C/Patch_Uint8/Visual_Tanker_x13399_y14793_vv.tif,S1A_IW_GRDH_1SDV_20160328T095421_20160328T095446_010568_00FB64_215C/Patch_Uint8/Visual_Tanker_x13399_y14793_vh.tif,1700,b26d6b9be1ca5e121759e2d5c9fc6157b5720dd75e60a080284607cbab9f8603
S1A_IW_GRDH_1SDV_20160328T095421_20160328T095446_010568_00FB64_215C/14534_14235,Container Ship,1,opensar_zip,OpenSARShip_1/S1A_IW_GRDH_1SDV_20160328T095421_20160328T095446_010568_00FB64_215C.zip,S1A_IW_GRDH_1SDV_20160328T095421_20160328T095446_010568_00FB64_215C/Patch_Uint8/Visual_Cargo_x14534_y14235_vv.tif,S1A_IW_GRDH_1SDV_20160328T095421_20160328T095446_010568_00FB64_215C/Patch_Uint8/Visual_Cargo_x14534_y14235_vh.tif,6140,6d2c839bd46e257864f50015f1e8b34abd95e6f394b2e7f7b8e27b6c3a0cf389
S1A_IW_GRDH_1SDV_20160328T095421_20160328T095446_010568_00FB64_215C/14556_14333,Dredger,2,opensar_zip,OpenSARShip_1/S1A_IW_GRDH_1SDV_20160328T095421_20160328T095446_010568_00FB64_215C.zip,S1A_IW_GRDH_1SDV_20160328T095421_20160328T095446_010568_00FB64_215C/Patch_Uint8/Visual_Dredging_x14556_y14333_vv.tif,S1A_IW_GRDH_1SDV_20160328T095421_20160328T095446_010568_00FB64_215C/Patch_Uint8/Visual_Dredging_x14556_y14333_vh.tif,3216,5fe847c8fbd111fadfcf6a187a531dea7fe9010a75750b5ed4e7e2f205fa2d21
S1A_IW_GRDH_1SDV_20160328T095421_20160328T095446_010568_00FB64_215C/14602_12498,Tanker,4,opensar_zip,OpenSARShip_1/S1A_IW_GRDH_1SDV_20160328T095421_20160328T095446_010568_00FB64_215C.zip,S1A_IW_GRDH_1SDV_20160328T095421_20160328T095446_010568_00FB64_215C/Patch_Uint8/Visual_Tanker_x14602_y12498_vv.tif,S1A_IW_GRDH_1SDV_20160328T095421_20160328T095446_010568_00FB64_215C/Patch_Uint8/Visual_Tanker_x14602_y12498_vh.tif,1010,73ad1f829d38985c485650f20d79aacdb9bb98ba7c9c50513a806619ff6c45a6
S1A_IW_GRDH_1SDV_20160328T095421_20160328T095446_010568_00FB64_215C/14753_14037,Bulk Carrier,0,opensar_zip,OpenSARShip_1/S1A_IW_GRDH_1SDV_20160328T095421_20160328T095446_010568_00FB64_215C.zip,S1A_IW_GRDH_1SDV_20160328T095421_20160328T095446_010568_00FB64_215C/Patch_Uint8/Visual_Cargo_x14753_y14037_vv.tif,S1A_IW_GRDH_1SDV_20160328T095421_20160328T095446_010568_00FB64_215C/Patch_Uint8/Visual_Cargo_x14753_y14037_vh.tif,25238,57dcd532137bc14b4ebe2901626cd39a1a9aae285e297e1f6761d27b79967de5
S1A_IW_GRDH_1SDV_20160328T095421_20160328T095446_010568_00FB64_215C/14813_6729,Tanker,4,opensar_zip,OpenSARShip_1/S1A_IW_GRDH_1SDV_20160328T095421_20160328T095446_010568_00FB64_215C.zip,S1A_IW_GRDH_1SDV_20160328T095421_20160328T095446_010568_00FB64_215C/Patch_Uint8/Visual_Tanker_x14813_y6729_vv.tif,S1A_IW_GRDH_1SDV_20160328T095421_20160328T095446_010568_00FB64_215C/Patch_Uint8/Visual_Tanker_x14813_y6729_vh.tif,1702,347518bee4ca768640a777a35d733215d189de5dcb1a687c063c94ceb7495276
S1A_IW_GRDH_1SDV_20160328T095421_20160328T095446_010568_00FB64_215C/15282_5315,Fishing,3,opensar_zip,OpenSARShip_1/S1A_IW_GRDH_1SDV_20160328T095421_20160328T095446_010568_00FB64_215C.zip,S1A_IW_GRDH_1SDV_20160328T095421_20160328T095446_010568_00FB64_215C/Patch_Uint8/Visual_Cargo_x15282_y5315_vv.tif,S1A_IW_GRDH_1SDV_20160328T095421_20160328T095446_010568_00FB64_215C/Patch_Uint8/Visual_Cargo_x15282_y5315_vh.tif,1320,daba34d942471d566ea372d003ddcbd0398a25620db56120c82dd2b04b47ba0f
S1A_IW_GRDH_1SDV_20160328T095421_20160328T095446_010568_00FB64_215C/15419_6312,Bulk Carrier,0,opensar_zip,OpenSARShip_1/S1A_IW_GRDH_1SDV_20160328T095421_20160328T095446_010568_00FB64_215C.zip,S1A_IW_GRDH_1SDV_20160328T095421_20160328T095446_010568_00FB64_215C/Patch_Uint8/Visual_Cargo_x15419_y6312_vv.tif,S1A_IW_GRDH_1SDV_20160328T095421_20160328T095446_010568_00FB64_215C/Patch_Uint8/Visual_Cargo_x15419_y6312_vh.tif,2142,dc5c18946c969f4f8380131950ae8312e0ccbd669eed25a27a11eecfd8f44827
S1A_IW_GRDH_1SDV_20160328T095421_20160328T095446_010568_00FB64_215C/15465_1726,Bulk Carrier,0,opensar_zip,OpenSARShip_1/S1A_IW_GRDH_1SDV_20160328T095421_20160328T095446_010568_00FB64_215C.zip,S1A_IW_GRDH_1SDV_20160328T095421_20160328T095446_010568_00FB64_215C/Patch_Uint8/Visual_Cargo_x15465_y1726_vv.tif,S1A_IW_GRDH_1SDV_20160328T095421_20160328T095446_010568_00FB64_215C/Patch_Uint8/Visual_Cargo_x15465_y1726_vh.tif,21062,16ae4a369277eb653915f79085fcd95fd2c57f869bd56f654ade99d763c91a24
S1A_IW_GRDH_1SDV_20160328T095421_20160328T095446_010568_00FB64_215C/15543_6180,Bulk Carrier,0,opensar_zip,OpenSARShip_1/S1A_IW_GRDH_1SDV_20160328T095421_20160328T095446_010568_00FB64_215C.zip,S1A_IW_GRDH_1SDV_20160328T095421_20160328T095446_010568_00FB64_215C/Patch_Uint8/Visual_Cargo_x15543_y6180_vv.tif,S1A_IW_GRDH_1SDV_20160328T095421_20160328T095446_010568_00FB64_215C/Patch_Uint8/Visual_Cargo_x15543_y6180_vh.tif,3212,4261a0c7cdf8f1928a731d18476362ea1994da642ee10bdbf2c4478320b7e1a9
S1A_IW_GRDH_1SDV_20160328T095421_20160328T095446_010568_00FB64_215C/15565_1881,Bulk Carrier,0,opensar_zip,OpenSARShip_1/S1A_IW_GRDH_1SDV_20160328T095421_20160328T095446_010568_00FB64_215C.zip,S1A_IW_GRDH_1SDV_20160328T095421_20160328T095446_010568_00FB64_215C/Patch_Uint8/Visual_Cargo_x15565_y1881_vv.tif,S1A_IW_GRDH_1SDV_20160328T095421_20160328T095446_010568_00FB64_215C/Patch_Uint8/Visual_Cargo_x15565_y1881_vh.tif,9730,fae94390d5e18e0e4d7346bcf0a13c4d99975578b71bc9df40465e2fe7499aa8
S1A_IW_GRDH_1SDV_20160328T095421_20160328T095446_010568_00FB64_215C/15611_5674,Tanker,4,opensar_zip,OpenSARShip_1/S1A_IW_GRDH_1SDV_20160328T095421_20160328T095446_010568_00FB64_215C.zip,S1A_IW_GRDH_1SDV_20160328T095421_20160328T095446_010568_00FB64_215C/Patch_Uint8/Visual_Tanker_x15611_y5674_vv.tif,S1A_IW_GRDH_1SDV_20160328T095421_20160328T095446_010568_00FB64_215C/Patch_Uint8/Visual_Tanker_x15611_y5674_vh.tif,2648,2f45a398cbd9e69fff697e0022499d4fbf35806d87a578f53a5a80f33c4af551
S1A_IW_GRDH_1SDV_20160328T095421_20160328T095446_010568_00FB64_215C/15617_810,Dredger,2,opensar_zip,OpenSARShip_1/S1A_IW_GRDH_1SDV_20160328T095421_20160328T095446_010568_00FB64_215C.zip,S1A_IW_GRDH_1SDV_20160328T095421_20160328T095446_010568_00FB64_215C/Patch_Uint8/Visual_Dredging_x15617_y810_vv.tif,S1A_IW_GRDH_1SDV_20160328T095421_20160328T095446_010568_00FB64_215C/Patch_Uint8/Visual_Dredging_x15617_y810_vh.tif,5246,e4f65bd93bf36756fd2f786818ffe3eda2d65e948e5ac28c9de787e7778e8d77
S1A_IW_GRDH_1SDV_20160328T095421_20160328T095446_010568_00FB64_215C/15677_6734,Tanker,4,opensar_zip,OpenSARShip_1/S1A_IW_GRDH_1SDV_20160328T095421_20160328T095446_010568_00FB64_215C.zip,S1A_IW_GRDH_1SDV_20160328T095421_20160328T095446_010568_00FB64_215C/Patch_Uint8/Visual_Tanker_x15677_y6734_vv.tif,S1A_IW_GRDH_1SDV_20160328T095421_20160328T095446_010568_00FB64_215C/Patch_Uint8/Visual_Tanker_x15677_y6734_vh.tif,1322,213f7619770148b2eacc26c3cb5022bd9532958ea720a0fbd210d9170418f461
S1A_IW_GRDH_1SDV_20160328T095421_20160328T095446_010568_00FB64_215C/15776_13379,Fishing,3,opensar_zip,OpenSARShip_1/S1A_IW_GRDH_1SDV_20160328T095421_20160328T095446_010568_00FB64_215C.zip,S1A_IW_GRDH_1SDV_20160328T095421_20160328T095446_010568_00FB64_215C/Patch_Uint8/Visual_Fishing_x15776_y13379_vv.tif,S1A_IW_GRDH_1SDV_20160328T095421_20160328T095446_010568_00FB64_215C/Patch_Uint8/Visual_Fishing_x15776_y13379_vh.tif,1010,fa09eb00dab08b5cb5534c6be83d1cf8f2124b79a7dcbc21e097a77854d0da14
S1A_IW_GRDH_1SDV_20160328T095421_20160328T095446_010568_00FB64_215C/15781_710,Fishing,3,opensar_zip,OpenSARShip_1/S1A_IW_GRDH_1SDV_20160328T095421_20160328T095446_010568_00FB64_215C.zip,S1A_IW_GRDH_1SDV_20160328T095421_20160328T095446_010568_00FB64_215C/Patch_Uint8/Visual_Other Type_x15781_y710_vv.tif,S1A_IW_GRDH_1SDV_20160328T095421_20160328T095446_010568_00FB64_215C/Patch_Uint8/Visual_Other Type_x15781_y710_vh.tif,1320,44be8ab6531b696a0eef1091103a600a0bdfc842553830f781e368ba7624e11f
S1A_IW_GRDH_1SDV_20160328T095421_20160328T095446_010568_00FB64_215C/16006_1259,Tanker,4,opensar_zip,OpenSARShip_1/S1A_IW_GRDH_1SDV_20160328T095421_20160328T095446_010568_00FB64_215C.zip,S1A_IW_GRDH_1SDV_20160328T095421_20160328T095446_010568_00FB64_215C/Patch_Uint8/Visual_Tanker_x16006_y1259_vv.tif,S1A_IW_GRDH_1SDV_20160328T095421_20160328T095446_010568_00FB64_215C/Patch_Uint8/Visual_Tanker_x16006_y1259_vh.tif,1012,0343f1a707be8da1ec7d3092b44ed9923e08515113cb7280609a2dabf623954e
S1A_IW_GRDH_1SDV_20160328T095421_20160328T095446_010568_00FB64_215C/16019_1239,Tanker,4,opensar_zip,OpenSARShip_1/S1A_IW_GRDH_1SDV_20160328T095421_20160328T095446_010568_00FB64_215C.zip,S1A_IW_GRDH_1SDV_20160328T095421_20160328T095446_010568_00FB64_215C/Patch_Uint8/Visual_Tanker_x16019_y1239_vv.tif,S1A_IW_GRDH_1SDV_20160328T095421_20160328T095446_010568_00FB64_215C/Patch_Uint8/Visual_Tanker_x16019_y1239_vh.tif,1320,662bf2fbd9de3869b6d4866de11f71a047ddf82959ae541b648ae27981494311
S1A_IW_GRDH_1SDV_20160328T095421_20160328T095446_010568_00FB64_215C/16059_4949,Fishing,3,opensar_zip,OpenSARShip_1/S1A_IW_GRDH_1SDV_20160328T095421_20160328T095446_010568_00FB64_215C.zip,S1A_IW_GRDH_1SDV_20160328T095421_20160328T095446_010568_00FB64_215C/Patch_Uint8/Visual_Other Type_x16059_y4949_vv.tif,S1A_IW_GRDH_1SDV_20160328T095421_20160328T095446_010568_00FB64_215C/Patch_Uint8/Visual_Other Type_x16059_y4949_vh.tif,3224,e707c5b4d1ec5ed18d0417a2c2fe930714287f364849479c65895e568d9c53ba
S1A_IW_GRDH_1SDV_20160328T095421_20160328T095446_010568_00FB64_215C/16075_4904,Tanker,4,opensar_zip,OpenSARShip_1/S1A_IW_GRDH_1SDV_20160328T095421_20160328T095446_010568_00FB64_215C.zip,S1A_IW_GRDH_1SDV_20160328T095421_20160328T095446_010568_00FB64_215C/Patch_Uint8/Visual_Tanker_x16075_y4904_vv.tif,S1A_IW_GRDH_1SDV_20160328T095421_20160328T095446_010568_00FB64_215C/Patch_Uint8/Visual_Tanker_x16075_y4904_vh.tif,2654,8b8879f2da1f05cea68873e9c6cc8b4c35d7686868caf0a9fc10869506d2663b
S1A_IW_GRDH_1SDV_20160328T095421_20160328T095446_010568_00FB64_215C/16202_13311,Bulk Carrier,0,opensar_zip,OpenSARShip_1/S1A_IW_GRDH_1SDV_20160328T095421_20160328T095446_010568_00FB64_215C.zip,S1A_IW_GRDH_1SDV_20160328T095421_20160328T095446_010568_00FB64_215C/Patch_Uint8/Visual_Cargo_x16202_y13311_vv.tif,S1A_IW_GRDH_1SDV_20160328T095421_20160328T095446_010568_00FB64_215C/Patch_Uint8/Visual_Cargo_x16202_y13311_vh.tif,4554,138f3355c7a92c13218db1d9eb8bff08ef9853680114bd3dc4e4825abfdf7498
S1A_IW_GRDH_1SDV_20160328T095421_20160328T095446_010568_00FB64_215C/16242_7639,Tanker,4,opensar_zip,OpenSARShip_1/S1A_IW_GRDH_1SDV_20160328T095421_20160328T095446_010568_00FB64_215C.zip,S1A_IW_GRDH_1SDV_20160328T095421_20160328T095446_010568_00FB64_215C/Patch_Uint8/Visual_Tanker_x16242_y7639_vv.tif,S1A_IW_GRDH_1SDV_20160328T095421_20160328T095446_010568_00FB64_215C/Patch_Uint8/Visual_Tanker_x16242_y7639_vh.tif,2138,82665a66b0c90efef4d6ce9f81e645fe49cffc04fea32c6c45d10b954638f741
S1A_IW_GRDH_1SDV_20160328T095421_20160328T095446_010568_00FB64_215C/16498_4160,Container Ship,1,opensar_zip,OpenSARShip_1/S1A_IW_GRDH_1SDV_20160328T095421_20160328T095446_010568_00FB64_215C.zip,S1A_IW_GRDH_1SDV_20160328T095421_20160328T095446_010568_00FB64_215C/Patch_Uint8/Visual_Cargo_x16498_y4160_vv.tif,S1A_IW_GRDH_1SDV_20160328T095421_20160328T095446_010568_00FB64_215C/Patch_Uint8/Visual_Cargo_x16498_y4160_vh.tif,30336,1a74d404fbac6d8caea16202fa192d393481e26af79ed5676e611c327c8704d6
S1A_IW_GRDH_1SDV_20160328T095421_20160328T095446_010568_00FB64_215C/16611_12883,Container Ship,1,opensar_zip,OpenSARShip_1/S1A_IW_GRDH_1SDV_20160328T095421_20160328T095446_010568_00FB64_215C.zip,S1A_IW_GRDH_1SDV_20160328T095421_20160328T095446_010568_00FB64_215C/Patch_Uint8/Visual_Cargo_x16611_y12883_vv.tif,S1A_IW_GRDH_1SDV_20160328T095421_20160328T095446_010568_00FB64_215C/Patch_Uint8/Visual_Cargo_x16611_y12883_vh.tif,4398,48d43eaa56de6e12a0a0cc9c0a1b1456ea7c307131aec7a28f40a9c7ad609794
S1A_IW_GRDH_1SDV_20160328T095421_20160328T095446_010568_00FB64_215C/17311_8326,Fishing,3,opensar_zip,OpenSARShip_1/S1A_IW_GRDH_1SDV_20160328T095421_20160328T095446_010568_00FB64_215C.zip,S1A_IW_GRDH_1SDV_20160328T095421_20160328T095446_010568_00FB64_215C/Patch_Uint8/Visual_Cargo_x17311_y8326_vv.tif,S1A_IW_GRDH_1SDV_20160328T095421_20160328T095446_010568_00FB64_215C/Patch_Uint8/Visual_Cargo_x17311_y8326_vh.tif,1324,1de9fedf450662407f83a39eda3fcab351dbd68c1e3b5b8d85794f4ad47348e5
S1A_IW_GRDH_1SDV_20160328T095421_20160328T095446_010568_00FB64_215C/17391_8226,Tanker,4,opensar_zip,OpenSARShip_1/S1A_IW_GRDH_1SDV_20160328T095421_20160328T095446_010568_00FB64_215C.zip,S1A_IW_GRDH_1SDV_20160328T095421_20160328T095446_010568_00FB64_215C/Patch_Uint8/Visual_Tanker_x17391_y8226_vv.tif,S1A_IW_GRDH_1SDV_20160328T095421_20160328T095446_010568_00FB64_215C/Patch_Uint8/Visual_Tanker_x17391_y8226_vh.tif,3830,21050f283f9e68defbb34055602ebb9d09d2787a44acf0c5939697724a1d9608
S1A_IW_GRDH_1SDV_20160328T095421_20160328T095446_010568_00FB64_215C/17489_3631,Fishing,3,opensar_zip,OpenSARShip_1/S1A_IW_GRDH_1SDV_20160328T095421_20160328T095446_010568_00FB64_215C.zip,S1A_IW_GRDH_1SDV_20160328T095421_20160328T095446_010568_00FB64_215C/Patch_Uint8/Visual_Other Type_x17489_y3631_vv.tif,S1A_IW_GRDH_1SDV_20160328T095421_20160328T095446_010568_00FB64_215C/Patch_Uint8/Visual_Other Type_x17489_y3631_vh.tif,2648,78a33f9b8f2d637182504afb8a633486820f0bc32974f72693b96d216d4d1c26
S1A_IW_GRDH_1SDV_20160328T095421_20160328T095446_010568_00FB64_215C/17872_5354,Bulk Carrier,0,opensar_zip,OpenSARShip_1/S1A_IW_GRDH_1SDV_20160328T095421_20160328T095446_010568_00FB64_215C.zip,S1A_IW_GRDH_1SDV_20160328T095421_20160328T095446_010568_00FB64_215C/Patch_Uint8/Visual_Cargo_x17872_y5354_vv.tif,S1A_IW_GRDH_1SDV_20160328T095421_20160328T095446_010568_00FB64_215C/Patch_Uint8/Visual_Cargo_x17872_y5354_vh.tif,7370,806e621c03456b353dfccd1bd786a6d7572cd0d66865e607b99bf63815e10b40
S1A_IW_GRDH_1SDV_20160328T095421_20160328T095446_010568_00FB64_215C/18182_11682,Container Ship,1,opensar_zip,OpenSARShip_1/S1A_IW_GRDH_1SDV_20160328T095421_20160328T095446_010568_00FB64_215C.zip,S1A_IW_GRDH_1SDV_20160328T095421_20160328T095446_010568_00FB64_215C/Patch_Uint8/Visual_Cargo_x18182_y11682_vv.tif,S1A_IW_GRDH_1SDV_20160328T095421_20160328T095446_010568_00FB64_215C/Patch_Uint8/Visual_Cargo_x18182_y11682_vh.tif,9954,27265eba43980297cf9f72bc3e427dd73af5a42698a5d6c007117a040a539f79
S1A_IW_GRDH_1SDV_20160328T095421_20160328T095446_010568_00FB64_215C/18306_11608,Container Ship,1,opensar_zip,OpenSARShip_1/S1A_IW_GRDH_1SDV_20160328T095421_20160328T095446_010568_00FB64_215C.zip,S1A_IW_GRDH_1SDV_20160328T095421_20160328T095446_010568_00FB64_215C/Patch_Uint8/Visual_Cargo_x18306_y11608_vv.tif,S1A_IW_GRDH_1SDV_20160328T095421_20160328T095446_010568_00FB64_215C/Patch_Uint8/Visual_Cargo_x18306_y11608_vh.tif,7896,0d02d564f4093afa8e9b0b866f5c3d1032d0daa15e664dfb687a2d06edecfd05
S1A_IW_GRDH_1SDV_20160328T095421_20160328T095446_010568_00FB64_215C/18379_4965,Container Ship,1,opensar_zip,OpenSARShip_1/S1A_IW_GRDH_1SDV_20160328T095421_20160328T095446_010568_00FB64_215C.zip,S1A_IW_GRDH_1SDV_20160328T095421_20160328T095446_010568_00FB64_215C/Patch_Uint8/Visual_Cargo_x18379_y4965_vv.tif,S1A_IW_GRDH_1SDV_20160328T095421_20160328T095446_010568_00FB64_215C/Patch_Uint8/Visual_Cargo_x18379_y4965_vh.tif,24642,6d482d31bcd03c3992d3730666b81a62eea8951067ad4be2cb4e7f5c0810c7c4
S1A_IW_GRDH_1SDV_20160328T095421_20160328T095446_010568_00FB64_215C/18424_12885,Fishing,3,opensar_zip,OpenSARShip_1/S1A_IW_GRDH_1SDV_20160328T095421_20160328T095446_010568_00FB64_215C.zip,S1A_IW_GRDH_1SDV_20160328T095421_20160328T095446_010568_00FB64_215C/Patch_Uint8/Visual_Fishing_x18424_y12885_vv.tif,S1A_IW_GRDH_1SDV_20160328T095421_20160328T095446_010568_00FB64_215C/Patch_Uint8/Visual_Fishing_x18424_y12885_vh.tif,1010,543875d076a409c667112554c5ecb5706918d7eba67db54687fd007b39971357
S1A_IW_GRDH_1SDV_20160328T095421_20160328T095446_010568_00FB64_215C/18477_4775,Container Ship,1,opensar_zip,OpenSARShip_1/S1A_IW_GRDH_1SDV_20160328T095421_20160328T095446_010568_00FB64_215C.zip,S1A_IW_GRDH_1SDV_20160328T095421_20160328T095446_010568_00FB64_215C/Patch_Uint8/Visual_Cargo_x18477_y4775_vv.tif,S1A_IW_GRDH_1SDV_20160328T095421_20160328T095446_010568_00FB64_215C/Patch_Uint8/Visual_Cargo_x18477_y4775_vh.tif,23774,885112ae7d3d7567583a197f554103215c43beb08e53002d4dcda11aaae43b7c
S1A_IW_GRDH_1SDV_20160328T095421_20160328T095446_010568_00FB64_215C/18490_5962,Bulk Carrier,0,opensar_zip,OpenSARShip_1/S1A_IW_GRDH_1SDV_20160328T095421_20160328T095446_010568_00FB64_215C.zip,S1A_IW_GRDH_1SDV_20160328T095421_20160328T095446_010568_00FB64_215C/Patch_Uint8/Visual_Cargo_x18490_y5962_vv.tif,S1A_IW_GRDH_1SDV_20160328T095421_20160328T095446_010568_00FB64_215C/Patch_Uint8/Visual_Cargo_x18490_y5962_vh.tif,8688,f6010954e0f232d7bcd06f472bf346a91c64bbd49d4c4f365335d9bdf6d6b26b
S1A_IW_GRDH_1SDV_20160328T095421_20160328T095446_010568_00FB64_215C/18594_5009,Container Ship,1,opensar_zip,OpenSARShip_1/S1A_IW_GRDH_1SDV_20160328T095421_20160328T095446_010568_00FB64_215C.zip,S1A_IW_GRDH_1SDV_20160328T095421_20160328T095446_010568_00FB64_215C/Patch_Uint8/Visual_Cargo_x18594_y5009_vv.tif,S1A_IW_GRDH_1SDV_20160328T095421_20160328T095446_010568_00FB64_215C/Patch_Uint8/Visual_Cargo_x18594_y5009_vh.tif,26350,f035379285e57bec0736283a0b66e0143e1709bf6c4b5651bdfe0365b76efddc
S1A_IW_GRDH_1SDV_20160328T095421_20160328T095446_010568_00FB64_215C/18777_4672,Container Ship,1,opensar_zip,OpenSARShip_1/S1A_IW_GRDH_1SDV_20160328T095421_20160328T095446_010568_00FB64_215C.zip,S1A_IW_GRDH_1SDV_20160328T095421_20160328T095446_010568_00FB64_215C/Patch_Uint8/Visual_Cargo_x18777_y4672_vv.tif,S1A_IW_GRDH_1SDV_20160328T095421_20160328T095446_010568_00FB64_215C/Patch_Uint8/Visual_Cargo_x18777_y4672_vh.tif,27414,487a83aeb99bc7edfed53e65857a1ae8454c3ec9c1929077ab50adafa59ffda1
S1A_IW_GRDH_1SDV_20160328T095421_20160328T095446_010568_00FB64_215C/18869_11835,Container Ship,1,opensar_zip,OpenSARShip_1/S1A_IW_GRDH_1SDV_20160328T095421_20160328T095446_010568_00FB64_215C.zip,S1A_IW_GRDH_1SDV_20160328T095421_20160328T095446_010568_00FB64_215C/Patch_Uint8/Visual_Cargo_x18869_y11835_vv.tif,S1A_IW_GRDH_1SDV_20160328T095421_20160328T095446_010568_00FB64_215C/Patch_Uint8/Visual_Cargo_x18869_y11835_vh.tif,4982,5f42849ed199a6c35291e7f516e819e14c6054029ed335458869331cc3fcd7c4
S1A_IW_GRDH_1SDV_20160328T095421_20160328T095446_010568_00FB64_215C/18922_3914,Fishing,3,opensar_zip,OpenSARShip_1/S1A_IW_GRDH_1SDV_20160328T095421_20160328T095446_010568_00FB64_215C.zip,S1A_IW_GRDH_1SDV_20160328T095421_20160328T095446_010568_00FB64_215C/Patch_Uint8/Visual_Fishing_x18922_y3914_vv.tif,S1A_IW_GRDH_1SDV_20160328T095421_20160328T095446_010568_00FB64_215C/Patch_Uint8/Visual_Fishing_x18922_y3914_vh.tif,1322,6656bc7bb5bea2a7426ec735de5445d835bdb659056b5bb3b3d00c75d3a51b0a
S1A_IW_GRDH_1SDV_20160328T095421_20160328T095446_010568_00FB64_215C/18962_4755,Container Ship,1,opensar_zip,OpenSARShip_1/S1A_IW_GRDH_1SDV_20160328T095421_20160328T095446_010568_00FB64_215C.zip,S1A_IW_GRDH_1SDV_20160328T095421_20160328T095446_010568_00FB64_215C/Patch_Uint8/Visual_Cargo_x18962_y4755_vv.tif,S1A_IW_GRDH_1SDV_20160328T095421_20160328T095446_010568_00FB64_215C/Patch_Uint8/Visual_Cargo_x18962_y4755_vh.tif,25384,d980fe305aeae6f8ad6445c25fe7611d730720d0b55c205d1c7710250d6c9423
S1A_IW_GRDH_1SDV_20160328T095421_20160328T095446_010568_00FB64_215C/19001_5543,Bulk Carrier,0,opensar_zip,OpenSARShip_1/S1A_IW_GRDH_1SDV_20160328T095421_20160328T095446_010568_00FB64_215C.zip,S1A_IW_GRDH_1SDV_20160328T095421_20160328T095446_010568_00FB64_215C/Patch_Uint8/Visual_Cargo_x19001_y5543_vv.tif,S1A_IW_GRDH_1SDV_20160328T095421_20160328T095446_010568_00FB64_215C/Patch_Uint8/Visual_Cargo_x19001_y5543_vh.tif,7922,334acde6166f6b00405de51f74bd4bddf153ffe101508124f7f107d13c90ae9c
S1A_IW_GRDH_1SDV_20160328T095421_20160328T095446_010568_00FB64_215C/19181_3020,Tanker,4,opensar_zip,OpenSARShip_1/S1A_IW_GRDH_1SDV_20160328T095421_20160328T095446_010568_00FB64_215C.zip,S1A_IW_GRDH_1SDV_20160328T095421_20160328T095446_010568_00FB64_215C/Patch_Uint8/Visual_Tanker_x19181_y3020_vv.tif,S1A_IW_GRDH_1SDV_20160328T095421_20160328T095446_010568_00FB64_215C/Patch_Uint8/Visual_Tanker_x19181_y3020_vh.tif,4536,3447fa803ff1ccb4fadfe6b15f0273be4a8509d4d919367ce472a54f18cbdbf4
S1A_IW_GRDH_1SDV_20160328T095421_20160328T095446_010568_00FB64_215C/19217_4517,Container Ship,1,opensar_zip,OpenSARShip_1/S1A_IW_GRDH_1SDV_20160328T095421_20160328T095446_010568_00FB64_215C.zip,S1A_IW_GRDH_1SDV_20160328T095421_20160328T095446_010568_00FB64_215C/Patch_Uint8/Visual_Cargo_x19217_y4517_vv.tif,S1A_IW_GRDH_1SDV_20160328T095421_20160328T095446_010568_00FB64_215C/Patch_Uint8/Visual_Cargo_x19217_y4517_vh.tif,25636,0ea5839439cf7620a1b8bf0b49bd726ada5f67be9a48bf80b15ff5dfd5bb7e38
S1A_IW_GRDH_1SDV_20160328T095421_20160328T095446_010568_00FB64_215C/19224_4678,Container Ship,1,opensar_zip,OpenSARShip_1/S1A_IW_GRDH_1SDV_20160328T095421_20160328T095446_010568_00FB64_215C.zip,S1A_IW_GRDH_1SDV_20160328T095421_20160328T095446_010568_00FB64_215C/Patch_Uint8/Visual_Cargo_x19224_y4678_vv.tif,S1A_IW_GRDH_1SDV_20160328T095421_20160328T095446_010568_00FB64_215C/Patch_Uint8/Visual_Cargo_x19224_y4678_vh.tif,25904,7c834062bb00fe08e839fb6036925771dea7bd0468294eebb2ceffb098c4e449
S1A_IW_GRDH_1SDV_20160328T095421_20160328T095446_010568_00FB64_215C/19229_8256,Container Ship,1,opensar_zip,OpenSARShip_1/S1A_IW_GRDH_1SDV_20160328T095421_20160328T095446_010568_00FB64_215C.zip,S1A_IW_GRDH_1SDV_20160328T095421_20160328T095446_010568_00FB64_215C/Patch_Uint8/Visual_Cargo_x19229_y8256_vv.tif,S1A_IW_GRDH_1SDV_20160328T095421_20160328T095446_010568_00FB64_215C/Patch_Uint8/Visual_Cargo_x19229_y8256_vh.tif,5710,02384ccf7e1720a93a475e53abe11758c5d2511a5d9a57a8a6222a3d627e7d98
S1A_IW_GRDH_1SDV_20160328T095421_20160328T095446_010568_00FB64_215C/19259_12944,Container Ship,1,opensar_zip,OpenSARShip_1/S1A_IW_GRDH_1SDV_20160328T095421_20160328T095446_010568_00FB64_215C.zip,S1A_IW_GRDH_1SDV_20160328T095421_20160328T095446_010568_00FB64_215C/Patch_Uint8/Visual_Cargo_x19259_y12944_vv.tif,S1A_IW_GRDH_1SDV_20160328T095421_20160328T095446_010568_00FB64_215C/Patch_Uint8/Visual_Cargo_x19259_y12944_vh.tif,8594,0e0f11c7585d64ac72225cd2e329c5a924fff1ef072d9e24dfa71e1522c75797
S1A_IW_GRDH_1SDV_20160328T095421_20160328T095446_010568_00FB64_215C/19262_3875,Container Ship,1,opensar_zip,OpenSARShip_1/S1A_IW_GRDH_1SDV_20160328T095421_20160328T095446_010568_00FB64_215C.zip,S1A_IW_GRDH_1SDV_20160328T095421_20160328T095446_010568_00FB64_215C/Patch_Uint8/Visual_Cargo_x19262_y3875_vv.tif,S1A_IW_GRDH_1SDV_20160328T095421_20160328T095446_010568_00FB64_215C/Patch_Uint8/Visual_Cargo_x19262_y3875_vh.tif,27146,a578cc23919f0af4fd074c709870c41c991d384acf7c9d453690768aeecfa7c4
S1A_IW_GRDH_1SDV_20160328T095421_20160328T095446_010568_00FB64_215C/19267_12724,Bulk Carrier,0,opensar_zip,OpenSARShip_1/S1A_IW_GRDH_1SDV_20160328T095421_20160328T095446_010568_00FB64_215C.zip,S1A_IW_GRDH_1SDV_20160328T095421_20160328T095446_010568_00FB64_215C/Patch_Uint8/Visual_Cargo_x19267_y12724_vv.tif,S1A_IW_GRDH_1SDV_20160328T095421_20160328T095446_010568_00FB64_215C/Patch_Uint8/Visual_Cargo_x19267_y12724_vh.tif,7974,bb271dd03b275444961be4b5280aa3e3b7d16604262b02fa91460e39f09d9385
S1A_IW_GRDH_1SDV_20160328T095421_20160328T095446_010568_00FB64_215C/19300_11476,Container Ship,1,opensar_zip,OpenSARShip_1/S1A_IW_GRDH_1SDV_20160328T095421_20160328T095446_010568_00FB64_215C.zip,S1A_IW_GRDH_1SDV_20160328T095421_20160328T095446_010568_00FB64_215C/Patch_Uint8/Visual_Cargo_x19300_y11476_vv.tif,S1A_IW_GRDH_1SDV_20160328T095421_20160328T095446_010568_00FB64_215C/Patch_Uint8/Visual_Cargo_x19300_y11476_vh.tif,29482,6566131317bbd212a2ad6fef06e2717289c9441c06f3770ed96228ef92fbbe7b
S1A_IW_GRDH_1SDV_20160328T095421_20160328T095446_010568_00FB64_215C/19326_4363,Container Ship,1,opensar_zip,OpenSARShip_1/S1A_IW_GRDH_1SDV_20160328T095421_20160328T095446_010568_00FB64_215C.zip,S1A_IW_GRDH_1SDV_20160328T095421_20160328T095446_010568_00FB64_215C/Patch_Uint8/Visual_Cargo_x19326_y4363_vv.tif,S1A_IW_GRDH_1SDV_20160328T095421_20160328T095446_010568_00FB64_215C/Patch_Uint8/Visual_Cargo_x19326_y4363_vh.tif,24394,a010d8f4e4010488f7ccc9158f1367340c6dc4a980dbdd9c3e6bb4211a730f02
S1A_IW_GRDH_1SDV_20160328T095421_20160328T095446_010568_00FB64_215C/19422_12992,Container Ship,1,opensar_zip,OpenSARShip_1/S1A_IW_GRDH_1SDV_20160328T095421_20160328T095446_010568_00FB64_215C.zip,S1A_IW_GRDH_1SDV_20160328T095421_20160328T095446_010568_00FB64_215C/Patch_Uint8/Visual_Cargo_x19422_y12992_vv.tif,S1A_IW_GRDH_1SDV_20160328T095421_20160328T095446_010568_00FB64_215C/Patch_Uint8/Visual_Cargo_x19422_y12992_vh.tif,5690,6614bdcc9d28924244bf146f428f19effde9f0a7bc00f38d9e03a385e64701d8
S1A_IW_GRDH_1SDV_20160328T095421_20160328T095446_010568_00FB64_215C/19453_4619,Fishing,3,opensar_zip,OpenSARShip_1/S1A_IW_GRDH_1SDV_20160328T095421_20160328T095446_010568_00FB64_215C.zip,S1A_IW_GRDH_1SDV_20160328T095421_20160328T095446_010568_00FB64_215C/Patch_Uint8/Visual_Fishing_x19453_y4619_vv.tif,S1A_IW_GRDH_1SDV_20160328T095421_20160328T095446_010568_00FB64_215C/Patch_Uint8/Visual_Fishing_x19453_y4619_vh.tif,1320,3ba8cfe42966325bf2e9f229fde0d28316664586775517e1e970a4f04e320494
S1A_IW_GRDH_1SDV_20160328T095421_20160328T095446_010568_00FB64_215C/19461_2854,Bulk Carrier,0,opensar_zip,OpenSARShip_1/S1A_IW_GRDH_1SDV_20160328T095421_20160328T095446_010568_00FB64_215C.zip,S1A_IW_GRDH_1SDV_20160328T095421_20160328T095446_010568_00FB64_215C/Patch_Uint8/Visual_Cargo_x19461_y2854_vv.tif,S1A_IW_GRDH_1SDV_20160328T095421_20160328T095446_010568_00FB64_215C/Patch_Uint8/Visual_Cargo_x19461_y2854_vh.tif,13622,1388fe88ade6435e5ace02e17c92aa25a17ba943ac2470cbc9b562192ac12ced
S1A_IW_GRDH_1SDV_20160328T095421_20160328T095446_010568_00FB64_215C/19465_4437,Tanker,4,opensar_zip,OpenSARShip_1/S1A_IW_GRDH_1SDV_20160328T095421_20160328T095446_010568_00FB64_215C.zip,S1A_IW_GRDH_1SDV_20160328T095421_20160328T095446_010568_00FB64_215C/Patch_Uint8/Visual_Tanker_x19465_y4437_vv.tif,S1A_IW_GRDH_1SDV_20160328T095421_20160328T095446_010568_00FB64_215C/Patch_Uint8/Visual_Tanker_x19465_y4437_vh.tif,2128,b854bdad2cede6a1762303eec8fcf9436740cabbaa59d58b128ccbf6340e51e9
S1A_IW_GRDH_1SDV_20160328T095421_20160328T095446_010568_00FB64_215C/19475_13718,Container Ship,1,opensar_zip,OpenSARShip_1/S1A_IW_GRDH_1SDV_20160328T095421_20160328T095446_010568_00FB64_215C.zip,S1A_IW_GRDH_1SDV_20160328T095421_20160328T095446_010568_00FB64_215C/Patch_Uint8/Visual_Cargo_x19475_y13718_vv.tif,S1A_IW_GRDH_1SDV_20160328T095421_20160328T095446_010568_00FB64_215C/Patch_Uint8/Visual_Cargo_x19475_y13718_vh.tif,9250,87aee38f3e14ee1d216deeec4e2f414adf0cdfbcd67edae78df6976a57cc17fc
S1A_IW_GRDH_1SDV_20160328T095421_20160328T095446_010568_00FB64_215C/19477_4152,Container Ship,1,opensar_zip,OpenSARShip_1/S1A_IW_GRDH_1SDV_20160328T095421_20160328T095446_010568_00FB64_215C.zip,S1A_IW_GRDH_1SDV_20160328T095421_20160328T095446_010568_00FB64_215C/Patch_Uint8/Visual_Cargo_x19477_y4152_vv.tif,S1A_IW_GRDH_1SDV_20160328T095421_20160328T095446_010568_00FB64_215C/Patch_Uint8/Visual_Cargo_x19477_y4152_vh.tif,33520,581b8eb84fae8eb89571d68a955df7e996b67f2d553bc4e6daa894dd09476deb
S1A_IW_GRDH_1SDV_20160328T095421_20160328T095446_010568_00FB64_215C/19561_3951,Bulk Carrier,0,opensar_zip,OpenSARShip_1/S1A_IW_GRDH_1SDV_20160328T095421_20160328T095446_010568_00FB64_215C.zip,S1A_IW_GRDH_1SDV_20160328T095421_20160328T095446_010568_00FB64_215C/Patch_Uint8/Visual_Cargo_x19561_y3951_vv.tif,S1A_IW_GRDH_1SDV_20160328T095421_20160328T095446_010568_00FB64_215C/Patch_Uint8/Visual_Cargo_x19561_y3951_vh.tif,25666,0eaf193dc0c5569470cc932236aaa69f02dcf00e9d0d0d538c7c5a8ee6ccf8ee
S1A_IW_GRDH_1SDV_20160328T095421_20160328T095446_010568_00FB64_215C/19638_13032,Bulk Carrier,0,opensar_zip,OpenSARShip_1/S1A_IW_GRDH_1SDV_20160328T095421_20160328T095446_010568_00FB64_215C.zip,S1A_IW_GRDH_1SDV_20160328T095421_20160328T095446_010568_00FB64_215C/Patch_Uint8/Visual_Cargo_x19638_y13032_vv.tif,S1A_IW_GRDH_1SDV_20160328T095421_20160328T095446_010568_00FB64_215C/Patch_Uint8/Visual_Cargo_x19638_y13032_vh.tif,6980,dff02cabb153ede3087cdb0ed1c4c2527db8198d9b49d940adc3e7207f4b4dcd
S1A_IW_GRDH_1SDV_20160328T095421_20160328T095446_010568_00FB64_215C/19651_8113,Container Ship,1,opensar_zip,OpenSARShip_1/S1A_IW_GRDH_1SDV_20160328T095421_20160328T095446_010568_00FB64_215C.zip,S1A_IW_GRDH_1SDV_20160328T095421_20160328T095446_010568_00FB64_215C/Patch_Uint8/Visual_Cargo_x19651_y8113_vv.tif,S1A_IW_GRDH_1SDV_20160328T095421_20160328T095446_010568_00FB64_215C/Patch_Uint8/Visual_Cargo_x19651_y8113_vh.tif,33322,aa407b76954c87bd85ddaec29daefb119c448679644be40cd3b3170eeec88642
S1A_IW_GRDH_1SDV_20160328T095421_20160328T095446_010568_00FB64_215C/19663_13145,Container Ship,1,opensar_zip,OpenSARShip_1/S1A_IW_GRDH_1SDV_20160328T095421_20160328T095446_010568_00FB64_215C.zip,S1A_IW_GRDH_1SDV_20160328T095421_20160328T095446_010568_00FB64_215C/Patch_Uint8/Visual_Cargo_x19663_y13145_vv.tif,S1A_IW_GRDH_1SDV_20160328T095421_20160328T095446_010568_00FB64_215C/Patch_Uint8/Visual_Cargo_x19663_y13145_vh.tif,7438,0b06d6b176fe1916384a3afb195bbde057194c4c749e3538f4da5c506cfb1d03
S1A_IW_GRDH_1SDV_20160328T095421_20160328T095446_010568_00FB64_215C/19692_4460,Container Ship,1,opensar_zip,OpenSARShip_1/S1A_IW_GRDH_1SDV_20160328T095421_20160328T095446_010568_00FB64_215C.zip,S1A_IW_GRDH_1SDV_20160328T095421_20160328T095446_010568_00FB64_215C/Patch_Uint8/Visual_Cargo_x19692_y4460_vv.tif,S1A_IW_GRDH_1SDV_20160328T095421_20160328T095446_010568_00FB64_215C/Patch_Uint8/Visual_Cargo_x19692_y4460_vh.tif,14412,c4db9491ed0454459c79b01d52fe5eddab985bec334f50b6f5760d8ee0736ee3
S1A_IW_GRDH_1SDV_20160328T095421_20160328T095446_010568_00FB64_215C/19753_8024,Container Ship,1,opensar_zip,OpenSARShip_1/S1A_IW_GRDH_1SDV_20160328T095421_20160328T095446_010568_00FB64_215C.zip,S1A_IW_GRDH_1SDV_20160328T095421_20160328T095446_010568_00FB64_215C/Patch_Uint8/Visual_Cargo_x19753_y8024_vv.tif,S1A_IW_GRDH_1SDV_20160328T095421_20160328T095446_010568_00FB64_215C/Patch_Uint8/Visual_Cargo_x19753_y8024_vh.tif,20170,e274d08b9e50d6122318a07b5a90d080a09c7d717fa43eb46698ad09430605a5
S1A_IW_GRDH_1SDV_20160328T095421_20160328T095446_010568_00FB64_215C/19780_10131,Tanker,4,opensar_zip,OpenSARShip_1/S1A_IW_GRDH_1SDV_20160328T095421_20160328T095446_010568_00FB64_215C.zip,S1A_IW_GRDH_1SDV_20160328T095421_20160328T095446_010568_00FB64_215C/Patch_Uint8/Visual_Tanker_x19780_y10131_vv.tif,S1A_IW_GRDH_1SDV_20160328T095421_20160328T095446_010568_00FB64_215C/Patch_Uint8/Visual_Tanker_x19780_y10131_vh.tif,5294,ce9dec9ecfd8b7887c228aea5f64625c90743a1b0344933f8b49381d0baecd89
S1A_IW_GRDH_1SDV_20160328T095421_20160328T095446_010568_00FB64_215C/19796_13619,Tanker,4,opensar_zip,OpenSARShip_1/S1A_IW_GRDH_1SDV_20160328T095421_20160328T095446_010568_00FB64_215C.zip,S1A_IW_GRDH_1SDV_20160328T095421_20160328T095446_010568_00FB64_215C/Patch_Uint8/Visual_Tanker_x19796_y13619_vv.tif,S1A_IW_GRDH_1SDV_20160328T095421_20160328T095446_010568_00FB64_215C/Patch_Uint8/Visual_Tanker_x19796_y13619_vh.tif,2636,bf7f51ad0c7307775d62618f27957c40d567cf1309a9fea71c9d6138aa7615b9
S1A_IW_GRDH_1SDV_20160328T095421_20160328T095446_010568_00FB64_215C/19855_87,Container Ship,1,opensar_zip,OpenSARShip_1/S1A_IW_GRDH_1SDV_20160328T095421_20160328T095446_010568_00FB64_215C.zip,S1A_IW_GRDH_1SDV_20160328T095421_20160328T095446_010568_00FB64_215C/Patch_Uint8/Visual_Cargo_x19855_y87_vv.tif,S1A_IW_GRDH_1SDV_20160328T095421_20160328T095446_010568_00FB64_215C/Patch_Uint8/Visual_Cargo_x19855_y87_vh.tif,15172,cb6eaa9e0c1932a6bba9e344173162620773ffc60ab8b22af74e74f3b083c6fd
S1A_IW_GRDH_1SDV_20160328T095421_20160328T095446_010568_00FB64_215C/19886_8098,Bulk Carrier,0,opensar_zip,OpenSARShip_1/S1A_IW_GRDH_1SDV_20160328T095421_20160328T095446_010568_00FB64_215C.zip,S1A_IW_GRDH_1SDV_20160328T095421_20160328T095446_010568_00FB64_215C/Patch_Uint8/Visual_Cargo_x19886_y8098_vv.tif,S1A_IW_GRDH_1SDV_20160328T095421_20160328T095446_010568_00FB64_215C/Patch_Uint8/Visual_Cargo_x19886_y8098_vh.tif,17460,40d99ea42250348bb095c8e5004d1a6dd734b321de80a1db26834fc65132f4cd
S1A_IW_GRDH_1SDV_20160328T095421_20160328T095446_010568_00FB64_215C/19904_4240,Container Ship,1,opensar_zip,OpenSARShip_1/S1A_IW_GRDH_1SDV_20160328T095421_20160328T095446_010568_00FB64_215C.zip,S1A_IW_GRDH_1SDV_20160328T095421_20160328T095446_010568_00FB64_215C/Patch_Uint8/Visual_Cargo_x19904_y4240_vv.tif,S1A_IW_GRDH_1SDV_20160328T095421_20160328T095446_010568_00FB64_215C/Patch_Uint8/Visual_Cargo_x19904_y4240_vh.tif,25770,6daee96bc912449ce48e153e8ac6b3b2f7fdf1a0f7b1ff13c2af10c8e89a29aa
S1A_IW_GRDH_1SDV_20160328T095421_20160328T095446_010568_00FB64_215C/19913_11409,Tanker,4,opensar_zip,OpenSARShip_1/S1A_IW_GRDH_1SDV_20160328T095421_20160328T095446_010568_00FB64_215C.zip,S1A_IW_GRDH_1SDV_20160328T095421_20160328T095446_010568_00FB64_215C/Patch_Uint8/Visual_Tanker_x19913_y11409_vv.tif,S1A_IW_GRDH_1SDV_20160328T095421_20160328T095446_010568_00FB64_215C/Patch_Uint8/Visual_Tanker_x19913_y11409_vh.tif,4490,fd3fccb1bb4c3a021b8bb7b5fea958b5845ec8e22f5162d0f5d4ee0070949786
S1A_IW_GRDH_1SDV_20160328T095421_20160328T095446_010568_00FB64_215C/19922_9397,Container Ship,1,opensar_zip,OpenSARShip_1/S1A_IW_GRDH_1SDV_20160328T095421_20160328T095446_010568_00FB64_215C.zip,S1A_IW_GRDH_1SDV_20160328T095421_20160328T095446_010568_00FB64_215C/Patch_Uint8/Visual_Cargo_x19922_y9397_vv.tif,S1A_IW_GRDH_1SDV_20160328T095421_20160328T095446_010568_00FB64_215C/Patch_Uint8/Visual_Cargo_x19922_y9397_vh.tif,7696,0e31d236c100827a75242c01ff5d85b4f5c027073963740b9473e3458678b551
S1A_IW_GRDH_1SDV_20160328T095421_20160328T095446_010568_00FB64_215C/19933_4048,Container Ship,1,opensar_zip,OpenSARShip_1/S1A_IW_GRDH_1SDV_20160328T095421_20160328T095446_010568_00FB64_215C.zip,S1A_IW_GRDH_1SDV_20160328T095421_20160328T095446_010568_00FB64_215C/Patch_Uint8/Visual_Cargo_x19933_y4048_vv.tif,S1A_IW_GRDH_1SDV_20160328T095421_20160328T095446_010568_00FB64_215C/Patch_Uint8/Visual_Cargo_x19933_y4048_vh.tif,14050,6ad6d2a4e9ed2cfdb24e968b77c8331d0cd966d1c29da9a712777bc053b9ccf8
S1A_IW_GRDH_1SDV_20160328T095421_20160328T095446_010568_00FB64_215C/19953_4648,Container Ship,1,opensar_zip,OpenSARShip_1/S1A_IW_GRDH_1SDV_20160328T095421_20160328T095446_010568_00FB64_215C.zip,S1A_IW_GRDH_1SDV_20160328T095421_20160328T095446_010568_00FB64_215C/Patch_Uint8/Visual_Cargo_x19953_y4648_vv.tif,S1A_IW_GRDH_1SDV_20160328T095421_20160328T095446_010568_00FB64_215C/Patch_Uint8/Visual_Cargo_x19953_y4648_vh.tif,33130,90f64d30bedf3c432c620cfe183b5660c13930abe3d3a6992518bab510d81914
S1A_IW_GRDH_1SDV_20160328T095421_20160328T095446_010568_00FB64_215C/19957_7401,Container Ship,1,opensar_zip,OpenSARShip_1/S1A_IW_GRDH_1SDV_20160328T095421_20160328T095446_010568_00FB64_215C.zip,S1A_IW_GRDH_1SDV_20160328T095421_20160328T095446_010568_00FB64_215C/Patch_Uint8/Visual_Cargo_x19957_y7401_vv.tif,S1A_IW_GRDH_1SDV_20160328T095421_20160328T095446_010568_00FB64_215C/Patch_Uint8/Visual_Cargo_x19957_y7401_vh.tif,27066,fe7ea4d193620c7356623aa4c9ab6a9e658237de6b1c788919c10a8ffe862892
S1A_IW_GRDH_1SDV_20160328T095421_20160328T095446_010568_00FB64_215C/19963_7247,Container Ship,1,opensar_zip,OpenSARShip_1/S1A_IW_GRDH_1SDV_20160328T095421_20160328T095446_010568_00FB64_215C.zip,S1A_IW_GRDH_1SDV_20160328T095421_20160328T095446_010568_00FB64_215C/Patch_Uint8/Visual_Cargo_x19963_y7247_vv.tif,S1A_IW_GRDH_1SDV_20160328T095421_20160328T095446_010568_00FB64_215C/Patch_Uint8/Visual_Cargo_x19963_y7247_vh.tif,15368,608f0b349f6cd501f0a003fe6fa06752a00bb56d7a66310451fa0ec3a77480e6
S1A_IW_GRDH_1SDV_20160328T095421_20160328T095446_010568_00FB64_215C/19971_7655,Container Ship,1,opensar_zip,OpenSARShip_1/S1A_IW_GRDH_1SDV_20160328T095421_20160328T095446_010568_00FB64_215C.zip,S1A_IW_GRDH_1SDV_20160328T095421_20160328T095446_010568_00FB64_215C/Patch_Uint8/Visual_Cargo_x19971_y7655_vv.tif,S1A_IW_GRDH_1SDV_20160328T095421_20160328T095446_010568_00FB64_215C/Patch_Uint8/Visual_Cargo_x19971_y7655_vh.tif,31452,919d53b32caa22bd75e3a05be6c69a843554c5dc9e920c6692a6b6aafc02c67c
S1A_IW_GRDH_1SDV_20160328T095421_20160328T095446_010568_00FB64_215C/20001_3936,Container Ship,1,opensar_zip,OpenSARShip_1/S1A_IW_GRDH_1SDV_20160328T095421_20160328T095446_010568_00FB64_215C.zip,S1A_IW_GRDH_1SDV_20160328T095421_20160328T095446_010568_00FB64_215C/Patch_Uint8/Visual_Cargo_x20001_y3936_vv.tif,S1A_IW_GRDH_1SDV_20160328T095421_20160328T095446_010568_00FB64_215C/Patch_Uint8/Visual_Cargo_x20001_y3936_vh.tif,27654,6f7f0268e94b7f1af602d1544cfbf512dcf7ce97bdbe517222c9c557a3223011
S1A_IW_GRDH_1SDV_20160328T095421_20160328T095446_010568_00FB64_215C/20019_7828,Container Ship,1,opensar_zip,OpenSARShip_1/S1A_IW_GRDH_1SDV_20160328T095421_20160328T095446_010568_00FB64_215C.zip,S1A_IW_GRDH_1SDV_20160328T095421_20160328T095446_010568_00FB64_215C/Patch_Uint8/Visual_Cargo_x20019_y7828_vv.tif,S1A_IW_GRDH_1SDV_20160328T095421_20160328T095446_010568_00FB64_215C/Patch_Uint8/Visual_Cargo_x20019_y7828_vh.tif,9288,c18a6772e6d5d3e9c883b7f40eae06b0e14521b2efa80608e8132e660ebbab91
S1A_IW_GRDH_1SDV_20160328T095421_20160328T095446_010568_00FB64_215C/20038_8299,Tug,5,opensar_zip,OpenSARShip_1/S1A_IW_GRDH_1SDV_20160328T095421_20160328T095446_010568_00FB64_215C.zip,S1A_IW_GRDH_1SDV_20160328T095421_20160328T095446_010568_00FB64_215C/Patch_Uint8/Visual_Tug_x20038_y8299_vv.tif,S1A_IW_GRDH_1SDV_20160328T095421_20160328T095446_010568_00FB64_215C/Patch_Uint8/Visual_Tug_x20038_y8299_vh.tif,1008,3e351e9c21ad4883ad7f11415703f99ff39fbdfde069552e9edee8f7041f706e
S1A_IW_GRDH_1SDV_20160328T095421_20160328T095446_010568_00FB64_215C/20059_6677,Bulk Carrier,0,opensar_zip,OpenSARShip_1/S1A_IW_GRDH_1SDV_20160328T095421_20160328T095446_010568_00FB64_215C.zip,S1A_IW_GRDH_1SDV_20160328T095421_20160328T095446_010568_00FB64_215C/Patch_Uint8/Visual_Cargo_x20059_y6677_vv.tif,S1A_IW_GRDH_1SDV_20160328T095421_20160328T095446_010568_00FB64_215C/Patch_Uint8/Visual_Cargo_x20059_y6677_vh.tif,7882,4c5e87dfcc002a89c7e545586aa624f32110072903419a66fd7cc3889f77b619
S1A_IW_GRDH_1SDV_20160328T095421_20160328T095446_010568_00FB64_215C/20070_4149,Container Ship,1,opensar_zip,OpenSARShip_1/S1A_IW_GRDH_1SDV_20160328T095421_20160328T095446_010568_00FB64_215C.zip,S1A_IW_GRDH_1SDV_20160328T095421_20160328T095446_010568_00FB64_215C/Patch_Uint8/Visual_Cargo_x20070_y4149_vv.tif,S1A_IW_GRDH_1SDV_20160328T095421_20160328T095446_010568_00FB64_215C/Patch_Uint8/Visual_Cargo_x20070_y4149_vh.tif,36450,45286d397dfdd819e7596e1d422243435b9464b7e055f1571de3739b3da0497b
S1A_IW_GRDH_1SDV_20160328T095421_20160328T095446_010568_00FB64_215C/20074_8287,Tug,5,opensar_zip,OpenSARShip_1/S1A_IW_GRDH_1SDV_20160328T095421_20160328T095446_010568_00FB64_215C.zip,S1A_IW_GRDH_1SDV_20160328T095421_20160328T095446_010568_00FB64_215C/Patch_Uint8/Visual_Other Type_x20074_y8287_vv.tif,S1A_IW_GRDH_1SDV_20160328T095421_20160328T095446_010568_00FB64_215C/Patch_Uint8/Visual_Other Type_x20074_y8287_vh.tif,760,cfd012f8f82f4df7651f36a7600071e9d4245a822738ba0884cc85e3b6f62ec4
S1A_IW_GRDH_1SDV_20160328T095421_20160328T095446_010568_00FB64_215C/20104_6895,Container Ship,1,opensar_zip,OpenSARShip_1/S1A_IW_GRDH_1SDV_20160328T095421_20160328T095446_010568_00FB64_215C.zip,S1A_IW_GRDH_1SDV_20160328T095421_20160328T095446_010568_00FB64_215C/Patch_Uint8/Visual_Cargo_x20104_y6895_vv.tif,S1A_IW_GRDH_1SDV_20160328T095421_20160328T095446_010568_00FB64_215C/Patch_Uint8/Visual_Cargo_x20104_y6895_vh.tif,19592,02989c1e6ed78fbce64d910fff37bf028da4072f5dca05bb4371b0ec7eca2b8c
S1A_IW_GRDH_1SDV_20160328T095421_20160328T095446_010568_00FB64_215C/20154_7981,Bulk Carrier,0,opensar_zip,OpenSARShip_1/S1A_IW_GRDH_1SDV_20160328T095421_20160328T095446_010568_00FB64_215C.zip,S1A_IW_GRDH_1SDV_20160328T095421_20160328T095446_010568_00FB64_215C/Patch_Uint8/Visual_Cargo_x20154_y7981_vv.tif,S1A_IW_GRDH_1SDV_20160328T095421_20160328T095446_010568_00FB64_215C/Patch_Uint8/Visual_Cargo_x20154_y7981_vh.tif,6744,cec58e34b8757c89d3e46e105b9d276af5eedd19054c75af5f167bd91f174ec8
S1A_IW_GRDH_1SDV_20160328T095421_20160328T095446_010568_00FB64_215C/20200_8441,Tug,5,opensar_zip,OpenSARShip_1/S1A_IW_GRDH_1SDV_20160328T095421_20160328T095446_010568_00FB64_215C.zip,S1A_IW_GRDH_1SDV_20160328T095421_20160328T095446_010568_00FB64_215C/Patch_Uint8/Visual_Other Type_x20200_y8441_vv.tif,S1A_IW_GRDH_1SDV_20160328T095421_20160328T095446_010568_00FB64_215C/Patch_Uint8/Visual_Other Type_x20200_y8441_vh.tif,762,cbf0895e7a3aa03755cec6517e9268e9888349cea7e4df9995a9dc55f3744be4
S1A_IW_GRDH_1SDV_20160328T095421_20160328T095446_010568_00FB64_215C/20206_4335,Container Ship,1,opensar_zip,OpenSARShip_1/S1A_IW_GRDH_1SDV_20160328T095421_20160328T095446_010568_00FB64_215C.zip,S1A_IW_GRDH_1SDV_20160328T095421_20160328T095446_010568_00FB64_215C/Patch_Uint8/Visual_Cargo_x20206_y4335_vv.tif,S1A_IW_GRDH_1SDV_20160328T095421_20160328T095446_010568_00FB64_215C/Patch_Uint8/Visual_Cargo_x20206_y4335_vh.tif,14700,e968ce431c35d8cd87d12ec7e6f4c0e2290ea21e6285b5b6ba89382df322f3b5
S1A_IW_GRDH_1SDV_20160328T095421_20160328T095446_010568_00FB64_215C/20301_11057,Container Ship,1,opensar_zip,OpenSARShip_1/S1A_IW_GRDH_1SDV_20160328T095421_20160328T095446_010568_00FB64_215C.zip,S1A_IW_GRDH_1SDV_20160328T095421_20160328T095446_010568_00FB64_215C/Patch_Uint8/Visual_Cargo_x20301_y11057_vv.tif,S1A_IW_GRDH_1SDV_20160328T095421_20160328T095446_010568_00FB64_215C/Patch_Uint8/Visual_Cargo_x20301_y11057_vh.tif,3614,b338d0ec804f652e24b24bdd5e23c72ebeb668470b503d45a1fb1cd8f631281e
S1A_IW_GRDH_1SDV_20160328T095421_20160328T095446_010568_00FB64_215C/20420_2747,Container Ship,1,opensar_zip,OpenSARShip_1/S1A_IW_GRDH_1SDV_20160328T095421_20160328T095446_010568_00FB64_215C.zip,S1A_IW_GRDH_1SDV_20160328T095421_20160328T095446_010568_00FB64_215C/Patch_Uint8/Visual_Cargo_x20420_y2747_vv.tif,S1A_IW_GRDH_1SDV_20160328T095421_20160328T095446_010568_00FB64_215C/Patch_Uint8/Visual_Cargo_x20420_y2747_vh.tif,27248,a6fac9204b0eea652cc2406e26b748f9701421b9bbcf953ca083e0857001ba63
S1A_IW_GRDH_1SDV_20160328T095421_20160328T095446_010568_00FB64_215C/20420_6605,Container Ship,1,opensar_zip,OpenSARShip_1/S1A_IW_GRDH_1SDV_20160328T095421_20160328T095446_010568_00FB64_215C.zip,S1A_IW_GRDH_1SDV_20160328T095421_20160328T095446_010568_00FB64_215C/Patch_Uint8/Visual_Cargo_x20420_y6605_vv.tif,S1A_IW_GRDH_1SDV_20160328T095421_20160328T095446_010568_00FB64_215C/Patch_Uint8/Visual_Cargo_x20420_y6605_vh.tif,24678,a2b5ec18014e5fadaeba8c8a656fb456b64f290ace28b2c1fffb08530ec8c147
S1A_IW_GRDH_1SDV_20160328T095421_20160328T095446_010568_00FB64_215C/20441_3312,Container Ship,1,opensar_zip,OpenSARShip_1/S1A_IW_GRDH_1SDV_20160328T095421_20160328T095446_010568_00FB64_215C.zip,S1A_IW_GRDH_1SDV_20160328T095421_20160328T095446_010568_00FB64_215C/Patch_Uint8/Visual_Cargo_x20441_y3312_vv.tif,S1A_IW_GRDH_1SDV_20160328T095421_20160328T095446_010568_00FB64_215C/Patch_Uint8/Visual_Cargo_x20441_y3312_vh.tif,32246,f80faab8e9d1fbfac3dcdeb45db95eb523721c75781c9e8ceeac51df876a83fe
S1A_IW_GRDH_1SDV_20160328T095421_20160328T095446_010568_00FB64_215C/20540_435,Tanker,4,opensar_zip,OpenSARShip_1/S1A_IW_GRDH_1SDV_20160328T095421_20160328T095446_010568_00FB64_215C.zip,S1A_IW_GRDH_1SDV_20160328T095421_20160328T095446_010568_00FB64_215C/Patch_Uint8/Visual_Tanker_x20540_y435_vv.tif,S1A_IW_GRDH_1SDV_20160328T095421_20160328T095446_010568_00FB64_215C/Patch_Uint8/Visual_Tanker_x20540_y435_vh.tif,3224,9373254c828f74cd6b479882af53ad339c3d841158e1afa66f2896f4af228975
S1A_IW_GRDH_1SDV_20160328T095421_20160328T095446_010568_00FB64_215C/20600_13107,Container Ship,1,opensar_zip,OpenSARShip_1/S1A_IW_GRDH_1SDV_20160328T095421_20160328T095446_010568_00FB64_215C.zip,S1A_IW_GRDH_1SDV_20160328T095421_20160328T095446_010568_00FB64_215C/Patch_Uint8/Visual_Cargo_x20600_y13107_vv.tif,S1A_IW_GRDH_1SDV_20160328T095421_20160328T095446_010568_00FB64_215C/Patch_Uint8/Visual_Cargo_x20600_y13107_vh.tif,6636,8ac8f3a3842be76dd6b4891ef696ac18c77e7c7759b1b52eeefe21fc490fa459
S1A_IW_GRDH_1SDV_20160328T095421_20160328T095446_010568_00FB64_215C/20624_3516,Container Ship,1,opensar_zip,OpenSARShip_1/S1A_IW_GRDH_1SDV_20160328T095421_20160328T095446_010568_00FB64_215C.zip,S1A_IW_GRDH_1SDV_20160328T095421_20160328T095446_010568_00FB64_215C/Patch_Uint8/Visual_Cargo_x20624_y3516_vv.tif,S1A_IW_GRDH_1SDV_20160328T095421_20160328T095446_010568_00FB64_215C/Patch_Uint8/Visual_Cargo_x20624_y3516_vh.tif,11502,9aaf0b7bdcbebc55d348de2d247c142ad216f3f8c14edc32f3126e0a2dcd8e99
S1A_IW_GRDH_1SDV_20160328T095421_20160328T095446_010568_00FB64_215C/20695_6524,Container Ship,1,opensar_zip,OpenSARShip_1/S1A_IW_GRDH_1SDV_20160328T095421_20160328T095446_010568_00FB64_215C.zip,S1A_IW_GRDH_1SDV_20160328T095421_20160328T095446_010568_00FB64_215C/Patch_Uint8/Visual_Cargo_x20695_y6524_vv.tif,S1A_IW_GRDH_1SDV_20160328T095421_20160328T095446_010568_00FB64_215C/Patch_Uint8/Visual_Cargo_x20695_y6524_vh.tif,27164,0216554cf4d5fa99ca5e929f0e0ace4d4795ebee3861105789b0dd6e603fa2c7
S1A_IW_GRDH_1SDV_20160328T095421_20160328T095446_010568_00FB64_215C/20727_3247,Container Ship,1,opensar_zip,OpenSARShip_1/S1A_IW_GRDH_1SDV_20160328T095421_20160328T095446_010568_00FB64_215C.zip,S1A_IW_GRDH_1SDV_20160328T095421_20160328T095446_010568_00FB64_215C/Patch_Uint8/Visual_Cargo_x20727_y3247_vv.tif,S1A_IW_GRDH_1SDV_20160328T095421_20160328T095446_010568_00FB64_215C/Patch_Uint8/Visual_Cargo_x20727_y3247_vh.tif,26462,2ae01b9ae0403600623cf79821d07ebe5460b3bc136cd6b0de85390ff5832228
S1A_IW_GRDH_1SDV_20160328T095421_20160328T095446_010568_00FB64_215C/20857_11949,Bulk Carrier,0,opensar_zip,OpenSARShip_1/S1A_IW_GRDH_1SDV_20160328T095421_20160328T095446_010568_00FB64_215C.zip,S1A_IW_GRDH_1SDV_20160328T095421_20160328T095446_010568_00FB64_215C/Patch_Uint8/Visual_Cargo_x20857_y11949_vv.tif,S1A_IW_GRDH_1SDV_20160328T095421_20160328T095446_010568_00FB64_215C/Patch_Uint8/Visual_Cargo_x20857_y11949_vh.tif,12288,ec16c115b71449c9c8562cd81ed64f5a74bcfe9344b7139c04a909059e0e1e92
S1A_IW_GRDH_1SDV_20160328T095421_20160328T095446_010568_00FB64_215C/20903_10198,Fishing,3,opensar_zip,OpenSARShip_1/S1A_IW_GRDH_1SDV_20160328T095421_20160328T095446_010568_00FB64_215C.zip,S1A_IW_GRDH_1SDV_20160328T095421_20160328T095446_010568_00FB64_215C/Patch_Uint8/Visual_Other Type_x20903_y10198_vv.tif,S1A_IW_GRDH_1SDV_20160328T095421_20160328T095446_010568_00FB64_215C/Patch_Uint8/Visual_Other Type_x20903_y10198_vh.tif,2648,891afe87030c1fd4fd71e7d281b4b5c5b54c39740b569e71ed66bb096a77d90b
S1A_IW_GRDH_1SDV_20160328T095421_20160328T095446_010568_00FB64_215C/20927_1202,Fishing,3,opensar_zip,OpenSARShip_1/S1A_IW_GRDH_1SDV_20160328T095421_20160328T095446_010568_00FB64_215C.zip,S1A_IW_GRDH_1SDV_20160328T095421_20160328T095446_010568_00FB64_215C/Patch_Uint8/Visual_Other Type_x20927_y1202_vv.tif,S1A_IW_GRDH_1SDV_20160328T095421_20160328T095446_010568_00FB64_215C/Patch_Uint8/Visual_Other Type_x20927_y1202_vh.tif,1012,2ec46a65a33d109bbc759738a3750738212f17d84b6b16a2d102b3004226b51f
S1A_IW_GRDH_1SDV_20160328T095421_20160328T095446_010568_00FB64_215C/20944_5362,Container Ship,1,opensar_zip,OpenSARShip_1/S1A_IW_GRDH_1SDV_20160328T095421_20160328T095446_010568_00FB64_215C.zip,S1A_IW_GRDH_1SDV_20160328T095421_20160328T095446_010568_00FB64_215C/Patch_Uint8/Visual_Cargo_x20944_y5362_vv.tif,S1A_IW_GRDH_1SDV_20160328T095421_20160328T095446_010568_00FB64_215C/Patch_Uint8/Visual_Cargo_x20944_y5362_vh.tif,27662,dbc6a950cc0ec19d9ef901dffee4531334a55701d99e0b9a26aa08b38479f6dc
S1A_IW_GRDH_1SDV_20160328T095421_20160328T095446_010568_00FB64_215C/21024_8424,Fishing,3,opensar_zip,OpenSARShip_1/S1A_IW_GRDH_1SDV_20160328T095421_20160328T095446_010568_00FB64_215C.zip,S1A_IW_GRDH_1SDV_20160328T095421_20160328T095446_010568_00FB64_215C/Patch_Uint8/Visual_Other Type_x21024_y8424_vv.tif,S1A_IW_GRDH_1SDV_20160328T095421_20160328T095446_010568_00FB64_215C/Patch_Uint8/Visual_Other Type_x21024_y8424_vh.tif,1326,4f0dc475be99d8458109b9c081307d9c1d9c5feeec5f174e3848b8625a255082
S1A_IW_GRDH_1SDV_20160328T095421_20160328T095446_010568_00FB64_215C/21065_11899,Bulk Carrier,0,opensar_zip,OpenSARShip_1/S1A_IW_GRDH_1SDV_20160328T095421_20160328T095446_010568_00FB64_215C.zip,S1A_IW_GRDH_1SDV_20160328T095421_20160328T095446_010568_00FB64_215C/Patch_Uint8/Visual_Cargo_x21065_y11899_vv.tif,S1A_IW_GRDH_1SDV_20160328T095421_20160328T095446_010568_00FB64_215C/Patch_Uint8/Visual_Cargo_x21065_y11899_vh.tif,24000,ba3dbc60c46014204fe7212f80a1c145c805902a50e59d171c45c59a430e4d2c
S1A_IW_GRDH_1SDV_20160328T095421_20160328T095446_010568_00FB64_215C/21074_11765,Container Ship,1,opensar_zip,OpenSARShip_1/S1A_IW_GRDH_1SDV_20160328T095421_20160328T095446_010568_00FB64_215C.zip,S1A_IW_GRDH_1SDV_20160328T095421_20160328T095446_010568_00FB64_215C/Patch_Uint8/Visual_Cargo_x21074_y11765_vv.tif,S1A_IW_GRDH_1SDV_20160328T095421_20160328T095446_010568_00FB64_215C/Patch_Uint8/Visual_Cargo_x21074_y11765_vh.tif,17748,49d3806cca4a95ec928d7b10e5c93fea80ce8e7aff3c480e20a8b0c05ed841e8
S1A_IW_GRDH_1SDV_20160328T095421_20160328T095446_010568_00FB64_215C/21077_2340,Tanker,4,opensar_zip,OpenSARShip_1/S1A_IW_GRDH_1SDV_20160328T095421_20160328T095446_010568_00FB64_215C.zip,S1A_IW_GRDH_1SDV_20160328T095421_20160328T095446_010568_00FB64_215C/Patch_Uint8/Visual_Tanker_x21077_y2340_vv.tif,S1A_IW_GRDH_1SDV_20160328T095421_20160328T095446_010568_00FB64_215C/Patch_Uint8/Visual_Tanker_x21077_y2340_vh.tif,4504,5644ff3ac7c224549b14a08fb56deae71c51af63c34fd0c3b4f101eca6f22312
S1A_IW_GRDH_1SDV_20160328T095421_20160328T095446_010568_00FB64_215C/21077_9735,Bulk Carrier,0,opensar_zip,OpenSARShip_1/S1A_IW_GRDH_1SDV_20160328T095421_20160328T095446_010568_00FB64_215C.zip,S1A_IW_GRDH_1SDV_20160328T095421_20160328T095446_010568_00FB64_215C/Patch_Uint8/Visual_Cargo_x21077_y9735_vv.tif,S1A_IW_GRDH_1SDV_20160328T095421_20160328T095446_010568_00FB64_215C/Patch_Uint8/Visual_Cargo_x21077_y9735_vh.tif,7970,e271e9a12a24d0b16570c9e1f68cd46345471d6f0800a1108d4a8513c0508262
S1A_IW_GRDH_1SDV_20160328T095421_20160328T095446_010568_00FB64_215C/21220_10824,Bulk Carrier,0,opensar_zip,OpenSARShip_1/S1A_IW_GRDH_1SDV_20160328T095421_20160328T095446_010568_00FB64_215C.zip,S1A_IW_GRDH_1SDV_20160328T095421_20160328T095446_010568_00FB64_215C/Patch_Uint8/Visual_Cargo_x21220_y10824_vv.tif,S1A_IW_GRDH_1SDV_20160328T095421_20160328T095446_010568_00FB64_215C/Patch_Uint8/Visual_Cargo_x21220_y10824_vh.tif,7874,408b95cc9f8d9febc1a1f07fa23e46d23eba94d03dbb11c0dee942c9a5fc7055
S1A_IW_GRDH_1SDV_20160328T095421_20160328T095446_010568_00FB64_215C/21317_6255,Container Ship,1,opensar_zip,OpenSARShip_1/S1A_IW_GRDH_1SDV_20160328T095421_20160328T095446_010568_00FB64_215C.zip,S1A_IW_GRDH_1SDV_20160328T095421_20160328T095446_010568_00FB64_215C/Patch_Uint8/Visual_Cargo_x21317_y6255_vv.tif,S1A_IW_GRDH_1SDV_20160328T095421_20160328T095446_010568_00FB64_215C/Patch_Uint8/Visual_Cargo_x21317_y6255_vh.tif,20016,12a8ef37cb7abea5abded449b176b64c284fa82c9035bb45e9d7467a9cd11514
S1A_IW_GRDH_1SDV_20160328T095421_20160328T095446_010568_00FB64_215C/21322_12362,Bulk Carrier,0,opensar_zip,OpenSARShip_1/S1A_IW_GRDH_1SDV_20160328T095421_20160328T095446_010568_00FB64_215C.zip,S1A_IW_GRDH_1SDV_20160328T095421_20160328T095446_010568_00FB64_215C/Patch_Uint8/Visual_Cargo_x21322_y12362_vv.tif,S1A_IW_GRDH_1SDV_20160328T095421_20160328T095446_010568_00FB64_215C/Patch_Uint8/Visual_Cargo_x21322_y12362_vh.tif,11060,958042390a2148af452201fc1f8abc04257b5bc1416800228e5f750703181361
S1A_IW_GRDH_1SDV_20160328T095421_20160328T095446_010568_00FB64_215C/21326_11086,Container Ship,1,opensar_zip,OpenSARShip_1/S1A_IW_GRDH_1SDV_20160328T095421_20160328T095446_010568_00FB64_215C.zip,S1A_IW_GRDH_1SDV_20160328T095421_20160328T095446_010568_00FB64_215C/Patch_Uint8/Visual_Cargo_x21326_y11086_vv.tif,S1A_IW_GRDH_1SDV_20160328T095421_20160328T095446_010568_00FB64_215C/Patch_Uint8/Visual_Cargo_x21326_y11086_vh.tif,17476,7560ce2205e05878016794409133828e33163c9ec62cdb5236d45b1f0e4bc02d
S1A_IW_GRDH_1SDV_20160328T095421_20160328T095446_010568_00FB64_215C/21333_9654,Bulk Carrier,0,opensar_zip,OpenSARShip_1/S1A_IW_GRDH_1SDV_20160328T095421_20160328T095446_010568_00FB64_215C.zip,S1A_IW_GRDH_1SDV_20160328T095421_20160328T095446_010568_00FB64_215C/Patch_Uint8/Visual_Cargo_x21333_y9654_vv.tif,S1A_IW_GRDH_1SDV_20160328T095421_20160328T095446_010568_00FB64_215C/Patch_Uint8/Visual_Cargo_x21333_y9654_vh.tif,20728,114cdfa98f88205dd9255c5f7e53f5fd2b48ca930b8b2133a6b342333ee5fc3a
S1A_IW_GRDH_1SDV_20160328T095421_20160328T095446_010568_00FB64_215C/21369_11894,Container Ship,1,opensar_zip,OpenSARShip_1/S1A_IW_GRDH_1SDV_20160328T095421_20160328T095446_010568_00FB64_215C.zip,S1A_IW_GRDH_1SDV_20160328T095421_20160328T095446_010568_00FB64_215C/Patch_Uint8/Visual_Cargo_x21369_y11894_vv.tif,S1A_IW_GRDH_1SDV_20160328T095421_20160328T095446_010568_00FB64_215C/Patch_Uint8/Visual_Cargo_x21369_y11894_vh.tif,12530,f6d60cf8b73ef7c332dbae746a133f3585bff9e23a9663aaf39a9e2ef56f7181
S1A_IW_GRDH_1SDV_20160328T095421_20160328T095446_010568_00FB64_215C/21484_10895,Bulk Carrier,0,opensar_zip,OpenSARShip_1/S1A_IW_GRDH_1SDV_20160328T095421_20160328T095446_010568_00FB64_215C.zip,S1A_IW_GRDH_1SDV_20160328T095421_20160328T095446_010568_00FB64_215C/Patch_Uint8/Visual_Cargo_x21484_y10895_vv.tif,S1A_IW_GRDH_1SDV_20160328T095421_20160328T095446_010568_00FB64_215C/Patch_Uint8/Visual_Cargo_x21484_y10895_vh.tif,9868,f6ab28ec0920a63811672f2bd7c5a53b600f0f273b78f62ce408dd1dfe951a44
S1A_IW_GRDH_1SDV_20160328T095421_20160328T095446_010568_00FB64_215C/21499_11642,Tanker,4,opensar_zip,OpenSARShip_1/S1A_IW_GRDH_1SDV_20160328T095421_20160328T095446_010568_00FB64_215C.zip,S1A_IW_GRDH_1SDV_20160328T095421_20160328T095446_010568_00FB64_215C/Patch_Uint8/Visual_Tanker_x21499_y11642_vv.tif,S1A_IW_GRDH_1SDV_20160328T095421_20160328T095446_010568_00FB64_215C/Patch_Uint8/Visual_Tanker_x21499_y11642_vh.tif,9782,f7eff7ecc312715af4993323b4cc98b320a5ef6263f192944b2083078d1364ef
S1A_IW_GRDH_1SDV_20160328T095421_20160328T095446_010568_00FB64_215C/21543_12808,Container Ship,1,opensar_zip,OpenSARShip_1/S1A_IW_GRDH_1SDV_20160328T095421_20160328T095446_010568_00FB64_215C.zip,S1A_IW_GRDH_1SDV_20160328T095421_20160328T095446_010568_00FB64_215C/Patch_Uint8/Visual_Cargo_x21543_y12808_vv.tif,S1A_IW_GRDH_1SDV_20160328T095421_20160328T095446_010568_00FB64_215C/Patch_Uint8/Visual_Cargo_x21543_y12808_vh.tif,16498,a0909693dc1e672d8bb691d014d5b04e8250c92ee57e2b57def4c1a82c069d83
S1A_IW_GRDH_1SDV_20160328T095421_20160328T095446_010568_00FB64_215C/21544_9840,Container Ship,1,opensar_zip,OpenSARShip_1/S1A_IW_GRDH_1SDV_20160328T095421_20160328T095446_010568_00FB64_215C.zip,S1A_IW_GRDH_1SDV_20160328T095421_20160328T095446_010568_00FB64_215C/Patch_Uint8/Visual_Cargo_x21544_y9840_vv.tif,S1A_IW_GRDH_1SDV_20160328T095421_20160328T095446_010568_00FB64_215C/Patch_Uint8/Visual_Cargo_x21544_y9840_vh.tif,7432,c2bc4ec1ca147b576e4e93baf4d7e9a8695e7910e7954cf84ad402cd06b8a4d5
S1A_IW_GRDH_1SDV_20160328T095421_20160328T095446_010568_00FB64_215C/21568_10640,Container Ship,1,opensar_zip,OpenSARShip_1/S1A_IW_GRDH_1SDV_20160328T095421_20160328T095446_010568_00FB64_215C.zip,S1A_IW_GRDH_1SDV_20160328T095421_20160328T095446_010568_00FB64_215C/Patch_Uint8/Visual_Cargo_x21568_y10640_vv.tif,S1A_IW_GRDH_1SDV_20160328T095421_20160328T095446_010568_00FB64_215C/Patch_Uint8/Visual_Cargo_x21568_y10640_vh.tif,15786,f527aba1fdbbe353a343553ac098ecc3f1eb3be71ba2ababd74f541af85539ed
S1A_IW_GRDH_1SDV_20160328T095421_20160328T095446_010568_00FB64_215C/21608_11757,Bulk Carrier,0,opensar_zip,OpenSARShip_1/S1A_IW_GRDH_1SDV_20160328T095421_20160328T095446_010568_00FB64_215C.zip,S1A_IW_GRDH_1SDV_20160328T095421_20160328T095446_010568_00FB64_215C/Patch_Uint8/Visual_Cargo_x21608_y11757_vv.tif,S1A_IW_GRDH_1SDV_20160328T095421_20160328T095446_010568_00FB64_215C/Patch_Uint8/Visual_Cargo_x21608_y11757_vh.tif,27892,c69866c50838b5bc488f377673f57f9afe78b21751111d1332b659b29b10a332
S1A_IW_GRDH_1SDV_20160328T095421_20160328T095446_010568_00FB64_215C/21628_10399,Container Ship,1,opensar_zip,OpenSARShip_1/S1A_IW_GRDH_1SDV_20160328T095421_20160328T095446_010568_00FB64_215C.zip,S1A_IW_GRDH_1SDV_20160328T095421_20160328T095446_010568_00FB64_215C/Patch_Uint8/Visual_Cargo_x21628_y10399_vv.tif,S1A_IW_GRDH_1SDV_20160328T095421_20160328T095446_010568_00FB64_215C/Patch_Uint8/Visual_Cargo_x21628_y10399_vh.tif,11916,e6a727ad120136497d20524599d1ce73c2168d4e0bde0da9e480e4311cc2f89a
S1A_IW_GRDH_1SDV_20160328T095421_20160328T095446_010568_00FB64_215C/21640_8106,Container Ship,1,opensar_zip,OpenSARShip_1/S1A_IW_GRDH_1SDV_20160328T095421_20160328T095446_010568_00FB64_215C.zip,S1A_IW_GRDH_1SDV_20160328T095421_20160328T095446_010568_00FB64_215C/Patch_Uint8/Visual_Cargo_x21640_y8106_vv.tif,S1A_IW_GRDH_1SDV_20160328T095421_20160328T095446_010568_00FB64_215C/Patch_Uint8/Visual_Cargo_x21640_y8106_vh.tif,21738,5cf4d6a6c0f7984a09ed19638713e79db3eccfe6ac27c12947c17d5d7070cc44
S1A_IW_GRDH_1SDV_20160328T095421_20160328T095446_010568_00FB64_215C/21810_10198,Container Ship,1,opensar_zip,OpenSARShip_1/S1A_IW_GRDH_1SDV_20160328T095421_20160328T095446_010568_00FB64_215C.zip,S1A_IW_GRDH_1SDV_20160328T095421_20160328T095446_010568_00FB64_215C/Patch_Uint8/Visual_Cargo_x21810_y10198_vv.tif,S1A_IW_GRDH_1SDV_20160328T095421_20160328T095446_010568_00FB64_215C/Patch_Uint8/Visual_Cargo_x21810_y10198_vh.tif,28640,2f77b4442f8eb93e4e62950724bfee92032a1e2ef3aa4435d8eaeabc876c0bcd
S1A_IW_GRDH_1SDV_20160328T095421_20160328T095446_010568_00FB64_215C/21876_12407,Fishing,3,opensar_zip,OpenSARShip_1/S1A_IW_GRDH_1SDV_20160328T095421_20160328T095446_010568_00FB64_215C.zip,S1A_IW_GRDH_1SDV_20160328T095421_20160328T095446_010568_00FB64_215C/Patch_Uint8/Visual_Other Type_x21876_y12407_vv.tif,S1A_IW_GRDH_1SDV_20160328T095421_20160328T095446_010568_00FB64_215C/Patch_Uint8/Visual_Other Type_x21876_y12407_vh.tif,1006,1eac5bcff84c2e0db3854ad39b38b190765922331d04e05d580ea55f69f36366
S1A_IW_GRDH_1SDV_20160328T095421_20160328T095446_010568_00FB64_215C/21911_11190,Bulk Carrier,0,opensar_zip,OpenSARShip_1/S1A_IW_GRDH_1SDV_20160328T095421_20160328T095446_010568_00FB64_215C.zip,S1A_IW_GRDH_1SDV_20160328T095421_20160328T095446_010568_00FB64_215C/Patch_Uint8/Visual_Cargo_x21911_y11190_vv.tif,S1A_IW_GRDH_1SDV_20160328T095421_20160328T095446_010568_00FB64_215C/Patch_Uint8/Visual_Cargo_x21911_y11190_vh.tif,3846,10b52ab313e728701951a70f93ee4f81d27e702a9ccc4fb585d1346865553f17
S1A_IW_GRDH_1SDV_20160328T095421_20160328T095446_010568_00FB64_215C/22012_10856,Container Ship,1,opensar_zip,OpenSARShip_1/S1A_IW_GRDH_1SDV_20160328T095421_20160328T095446_010568_00FB64_215C.zip,S1A_IW_GRDH_1SDV_20160328T095421_20160328T095446_010568_00FB64_215C/Patch_Uint8/Visual_Cargo_x22012_y10856_vv.tif,S1A_IW_GRDH_1SDV_20160328T095421_20160328T095446_010568_00FB64_215C/Patch_Uint8/Visual_Cargo_x22012_y10856_vh.tif,17660,bd5547762203e9a6ba5414aa21331722029c72c7f1ae5f5b21d0363bd558c2ca
S1A_IW_GRDH_1SDV_20160328T095421_20160328T095446_010568_00FB64_215C/22070_11267,Container Ship,1,opensar_zip,OpenSARShip_1/S1A_IW_GRDH_1SDV_20160328T095421_20160328T095446_010568_00FB64_215C.zip,S1A_IW_GRDH_1SDV_20160328T095421_20160328T095446_010568_00FB64_215C/Patch_Uint8/Visual_Cargo_x22070_y11267_vv.tif,S1A_IW_GRDH_1SDV_20160328T095421_20160328T095446_010568_00FB64_215C/Patch_Uint8/Visual_Cargo_x22070_y11267_vh.tif,5658,2e1168aff798bb58463868ef0b829d284df64a1b3fa13c5d4974b84a1a94cf54
S1A_IW_GRDH_1SDV_20160328T095421_20160328T095446_010568_00FB64_215C/22220_10685,Container Ship,1,opensar_zip,OpenSARShip_1/S1A_IW_GRDH_1SDV_20160328T095421_20160328T095446_010568_00FB64_215C.zip,S1A_IW_GRDH_1SDV_20160328T095421_20160328T095446_010568_00FB64_215C/Patch_Uint8/Visual_Cargo_x22220_y10685_vv.tif,S1A_IW_GRDH_1SDV_20160328T095421_20160328T095446_010568_00FB64_215C/Patch_Uint8/Visual_Cargo_x22220_y10685_vh.tif,13510,8d7c54be39af3f5d099927da0b747953716cd0f86d0f089ca01c70557f17cb50
S1A_IW_GRDH_1SDV_20160328T095421_20160328T095446_010568_00FB64_215C/22281_11214,Container Ship,1,opensar_zip,OpenSARShip_1/S1A_IW_GRDH_1SDV_20160328T095421_20160328T095446_010568_00FB64_215C.zip,S1A_IW_GRDH_1SDV_20160328T095421_20160328T095446_010568_00FB64_215C/Patch_Uint8/Visual_Cargo_x22281_y11214_vv.tif,S1A_IW_GRDH_1SDV_20160328T095421_20160328T095446_010568_00FB64_215C/Patch_Uint8/Visual_Cargo_x22281_y11214_vh.tif,22110,b89da442c9c224719f0474553ec8fdea630876a48fed8b26fecb5872a6198dc3
S1A_IW_GRDH_1SDV_20160328T095421_20160328T095446_010568_00FB64_215C/22365_10863,Bulk Carrier,0,opensar_zip,OpenSARShip_1/S1A_IW_GRDH_1SDV_20160328T095421_20160328T095446_010568_00FB64_215C.zip,S1A_IW_GRDH_1SDV_20160328T095421_20160328T095446_010568_00FB64_215C/Patch_Uint8/Visual_Cargo_x22365_y10863_vv.tif,S1A_IW_GRDH_1SDV_20160328T095421_20160328T095446_010568_00FB64_215C/Patch_Uint8/Visual_Cargo_x22365_y10863_vh.tif,8174,ee10ea588a1c2c72103ff4314c252fdea95181afba6ddc5af7372518b8db7115
S1A_IW_GRDH_1SDV_20160328T095421_20160328T095446_010568_00FB64_215C/22458_10619,Container Ship,1,opensar_zip,OpenSARShip_1/S1A_IW_GRDH_1SDV_20160328T095421_20160328T095446_010568_00FB64_215C.zip,S1A_IW_GRDH_1SDV_20160328T095421_20160328T095446_010568_00FB64_215C/Patch_Uint8/Visual_Cargo_x22458_y10619_vv.tif,S1A_IW_GRDH_1SDV_20160328T095421_20160328T095446_010568_00FB64_215C/Patch_Uint8/Visual_Cargo_x22458_y10619_vh.tif,9208,f6cf7a815a3a4fe5d2e3e9ce2a9ac1b5ec584f5f024276851fdcc3dcb0d87e54
S1A_IW_GRDH_1SDV_20160328T095421_20160328T095446_010568_00FB64_215C/22675_1602,Fishing,3,opensar_zip,OpenSARShip_1/S1A_IW_GRDH_1SDV_20160328T095421_20160328T095446_010568_00FB64_215C.zip,S1A_IW_GRDH_1SDV_20160328T095421_20160328T095446_010568_00FB64_215C/Patch_Uint8/Visual_Other Type_x22675_y1602_vv.tif,S1A_IW_GRDH_1SDV_20160328T095421_20160328T095446_010568_00FB64_215C/Patch_Uint8/Visual_Other Type_x22675_y1602_vh.tif,3212,186afdd83ece74b726c0bae61450118808887141eeb184423a4c2f457e972f7e
S1A_IW_GRDH_1SDV_20160328T095421_20160328T095446_010568_00FB64_215C/22677_12195,Bulk Carrier,0,opensar_zip,OpenSARShip_1/S1A_IW_GRDH_1SDV_20160328T095421_20160328T095446_010568_00FB64_215C.zip,S1A_IW_GRDH_1SDV_20160328T095421_20160328T095446_010568_00FB64_215C/Patch_Uint8/Visual_Cargo_x22677_y12195_vv.tif,S1A_IW_GRDH_1SDV_20160328T095421_20160328T095446_010568_00FB64_215C/Patch_Uint8/Visual_Cargo_x22677_y12195_vh.tif,9878,01744d2ed11a2b85c15f68c04ec8dba58a4a339c019003490f407f0e10baddec
S1A_IW_GRDH_1SDV_20160328T095421_20160328T095446_010568_00FB64_215C/22840_12877,Container Ship,1,opensar_zip,OpenSARShip_1/S1A_IW_GRDH_1SDV_20160328T095421_20160328T095446_010568_00FB64_215C.zip,S1A_IW_GRDH_1SDV_20160328T095421_20160328T095446_010568_00FB64_215C/Patch_Uint8/Visual_Cargo_x22840_y12877_vv.tif,S1A_IW_GRDH_1SDV_20160328T095421_20160328T095446_010568_00FB64_215C/Patch_Uint8/Visual_Cargo_x22840_y12877_vh.tif,20762,00e210749043048faed61cfd1292967a1ae05946e5c15706ab1861621431b96e
S1A_IW_GRDH_1SDV_20160328T095421_20160328T095446_010568_00FB64_215C/22859_10454,Container Ship,1,opensar_zip,OpenSARShip_1/S1A_IW_GRDH_1SDV_20160328T095421_20160328T095446_010568_00FB64_215C.zip,S1A_IW_GRDH_1SDV_20160328T095421_20160328T095446_010568_00FB64_215C/Patch_Uint8/Visual_Cargo_x22859_y10454_vv.tif,S1A_IW_GRDH_1SDV_20160328T095421_20160328T095446_010568_00FB64_215C/Patch_Uint8/Visual_Cargo_x22859_y10454_vh.tif,19866,bdf8dad3c39250461231b03bbc715ee13086e992ae2819493cb206b2014c6653
S1A_IW_GRDH_1SDV_20160328T095421_20160328T095446_010568_00FB64_215C/22953_9771,Bulk Carrier,0,opensar_zip,OpenSARShip_1/S1A_IW_GRDH_1SDV_20160328T095421_20160328T095446_010568_00FB64_215C.zip,S1A_IW_GRDH_1SDV_20160328T095421_20160328T095446_010568_00FB64_215C/Patch_Uint8/Visual_Cargo_x22953_y9771_vv.tif,S1A_IW_GRDH_1SDV_20160328T095421_20160328T095446_010568_00FB64_215C/Patch_Uint8/Visual_Cargo_x22953_y9771_vh.tif,7804,abe45b9cfdb7e92b2fcb789e9dd904b98faaef1c82b50bd763aa257bab795942
S1A_IW_GRDH_1SDV_20160328T095421_20160328T095446_010568_00FB64_215C/22970_1223,Fishing,3,opensar_zip,OpenSARShip_1/S1A_IW_GRDH_1SDV_20160328T095421_20160328T095446_010568_00FB64_215C.zip,S1A_IW_GRDH_1SDV_20160328T095421_20160328T095446_010568_00FB64_215C/Patch_Uint8/Visual_Other Type_x22970_y1223_vv.tif,S1A_IW_GRDH_1SDV_20160328T095421_20160328T095446_010568_00FB64_215C/Patch_Uint8/Visual_Other Type_x22970_y1223_vh.tif,5318,fd3eaa661ad8913928bd0d97ada7c3a9c780598820d95140e68e67bb3085f9c1
S1A_IW_GRDH_1SDV_20160328T095421_20160328T095446_010568_00FB64_215C/22975_853,Fishing,3,opensar_zip,OpenSARShip_1/S1A_IW_GRDH_1SDV_20160328T095421_20160328T095446_010568_00FB64_215C.zip,S1A_IW_GRDH_1SDV_20160328T095421_20160328T095446_010568_00FB64_215C/Patch_Uint8/Visual_Other Type_x22975_y853_vv.tif,S1A_IW_GRDH_1SDV_20160328T095421_20160328T095446_010568_00FB64_215C/Patch_Uint8/Visual_Other Type_x22975_y853_vh.tif,2140,e2cf6b87e461a696355ca4d4e1f69c7ba4cfe2aa0bff90b05262cb592da471a3
S1A_IW_GRDH_1SDV_20160328T095421_20160328T095446_010568_00FB64_215C/23125_11046,Fishing,3,opensar_zip,OpenSARShip_1/S1A_IW_GRDH_1SDV_20160328T095421_20160328T095446_010568_00FB64_215C.zip,S1A_IW_GRDH_1SDV_20160328T095421_20160328T095446_010568_00FB64_215C/Patch_Uint8/Visual_Other Type_x23125_y11046_vv.tif,S1A_IW_GRDH_1SDV_20160328T095421_20160328T095446_010568_00FB64_215C/Patch_Uint8/Visual_Other Type_x23125_y11046_vh.tif,1322,8fc57995a345dbf30351d7d7885348f5cdb35cba50ca2ffd2d274a1f6dac9330
S1A_IW_GRDH_1SDV_20160328T095421_20160328T095446_010568_00FB64_215C/23166_910,Fishing,3,opensar_zip,OpenSARShip_1/S1A_IW_GRDH_1SDV_20160328T095421_20160328T095446_010568_00FB64_215C.zip,S1A_IW_GRDH_1SDV_20160328T095421_20160328T095446_010568_00FB64_215C/Patch_Uint8/Visual_Other Type_x23166_y910_vv.tif,S1A_IW_GRDH_1SDV_20160328T095421_20160328T095446_010568_00FB64_215C/Patch_Uint8/Visual_Other Type_x23166_y910_vh.tif,7032,0ffebe1aab4c861871bf479d825b3a2599e368ef8c17656ebee1ae269d1ec1f2
S1A_IW_GRDH_1SDV_20160328T095421_20160328T095446_010568_00FB64_215C/23473_5460,Container Ship,1,opensar_zip,OpenSARShip_1/S1A_IW_GRDH_1SDV_20160328T095421_20160328T095446_010568_00FB64_215C.zip,S1A_IW_GRDH_1SDV_20160328T095421_20160328T095446_010568_00FB64_215C/Patch_Uint8/Visual_Cargo_x23473_y5460_vv.tif,S1A_IW_GRDH_1SDV_20160328T095421_20160328T095446_010568_00FB64_215C/Patch_Uint8/Visual_Cargo_x23473_y5460_vh.tif,23050,bdef7fcd00bf70c507cbb43c40359a981e03653b25f09e0804754f3f4da7e2f7
S1A_IW_GRDH_1SDV_20160328T095421_20160328T095446_010568_00FB64_215C/23608_4995,Bulk Carrier,0,opensar_zip,OpenSARShip_1/S1A_IW_GRDH_1SDV_20160328T095421_20160328T095446_010568_00FB64_215C.zip,S1A_IW_GRDH_1SDV_20160328T095421_20160328T095446_010568_00FB64_215C/Patch_Uint8/Visual_Cargo_x23608_y4995_vv.tif,S1A_IW_GRDH_1SDV_20160328T095421_20160328T095446_010568_00FB64_215C/Patch_Uint8/Visual_Cargo_x23608_y4995_vh.tif,21798,8adbe72c6fd0423d5ea00884952cb3ab77c6a37b8cbaba3899332e30179913d3
S1A_IW_GRDH_1SDV_20160328T095421_20160328T095446_010568_00FB64_215C/23669_7518,Bulk Carrier,0,opensar_zip,OpenSARShip_1/S1A_IW_GRDH_1SDV_20160328T095421_20160328T095446_010568_00FB64_215C.zip,S1A_IW_GRDH_1SDV_20160328T095421_20160328T095446_010568_00FB64_215C/Patch_Uint8/Visual_Cargo_x23669_y7518_vv.tif,S1A_IW_GRDH_1SDV_20160328T095421_20160328T095446_010568_00FB64_215C/Patch_Uint8/Visual_Cargo_x23669_y7518_vh.tif,14076,b7e2f244cb03f510a94e341a5b8fe3b6c9e91edcda92611922023c2017056333
S1A_IW_GRDH_1SDV_20160328T095421_20160328T095446_010568_00FB64_215C/23684_4077,Container Ship,1,opensar_zip,OpenSARShip_1/S1A_IW_GRDH_1SDV_20160328T095421_20160328T095446_010568_00FB64_215C.zip,S1A_IW_GRDH_1SDV_20160328T095421_20160328T095446_010568_00FB64_215C/Patch_Uint8/Visual_Cargo_x23684_y4077_vv.tif,S1A_IW_GRDH_1SDV_20160328T095421_20160328T095446_010568_00FB64_215C/Patch_Uint8/Visual_Cargo_x23684_y4077_vh.tif,21128,1370b458bf1a3e8de94cccef4aabe9bbe885d34884deb3db9bb59d6b2302bde2
S1A_IW_GRDH_1SDV_20160328T095421_20160328T095446_010568_00FB64_215C/24017_3462,Container Ship,1,opensar_zip,OpenSARShip_1/S1A_IW_GRDH_1SDV_20160328T095421_20160328T095446_010568_00FB64_215C.zip,S1A_IW_GRDH_1SDV_20160328T095421_20160328T095446_010568_00FB64_215C/Patch_Uint8/Visual_Cargo_x24017_y3462_vv.tif,S1A_IW_GRDH_1SDV_20160328T095421_20160328T095446_010568_00FB64_215C/Patch_Uint8/Visual_Cargo_x24017_y3462_vh.tif,29140,41b1bf262779bdb57be06406db38b019ab1ad7aafc47d4fed5a192e2bfe94f87
S1A_IW_GRDH_1SDV_20160328T095421_20160328T095446_010568_00FB64_215C/24221_1622,Fishing,3,opensar_zip,OpenSARShip_1/S1A_IW_GRDH_1SDV_20160328T095421_20160328T095446_010568_00FB64_215C.zip,S1A_IW_GRDH_1SDV_20160328T095421_20160328T095446_010568_00FB64_215C/Patch_Uint8/Visual_Other Type_x24221_y1622_vv.tif,S1A_IW_GRDH_1SDV_20160328T095421_20160328T095446_010568_00FB64_215C/Patch_Uint8/Visual_Other Type_x24221_y1622_vh.tif,3218,202d643646464f633b022672405f3c4a9a6774233366f2ba4380cf270237a035
S1A_IW_GRDH_1SDV_20160328T095421_20160328T095446_010568_00FB64_215C/24232_13202,Container Ship,1,opensar_zip,OpenSARShip_1/S1A_IW_GRDH_1SDV_20160328T095421_20160328T095446_010568_00FB64_215C.zip,S1A_IW_GRDH_1SDV_20160328T095421_20160328T095446_010568_00FB64_215C/Patch_Uint8/Visual_Cargo_x24232_y13202_vv.tif,S1A_IW_GRDH_1SDV_20160328T095421_20160328T095446_010568_00FB64_215C/Patch_Uint8/Visual_Cargo_x24232_y13202_vh.tif,25028,79091fb130dc8ec34f8af0fce479248a4f9323735567844705ef5208a5c17c04
S1A_IW_GRDH_1SDV_20160328T095421_20160328T095446_010568_00FB64_215C/24500_13111,Fishing,3,opensar_zip,OpenSARShip_1/S1A_IW_GRDH_1SDV_20160328T095421_20160328T095446_010568_00FB64_215C.zip,S1A_IW_GRDH_1SDV_20160328T095421_20160328T095446_010568_00FB64_215C/Patch_Uint8/Visual_Other Type_x24500_y13111_vv.tif,S1A_IW_GRDH_1SDV_20160328T095421_20160328T095446_010568_00FB64_215C/Patch_Uint8/Visual_Other Type_x24500_y13111_vh.tif,6904,45d28d7dae57a640264f7354cb45beaa6214430122cb8313767e60a0da9994fb
S1A_IW_GRDH_1SDV_20160328T095421_20160328T095446_010568_00FB64_215C/24672_3468,Bulk Carrier,0,opensar_zip,OpenSARShip_1/S1A_IW_GRDH_1SDV_20160328T095421_20160328T095446_010568_00FB64_215C.zip,S1A_IW_GRDH_1SDV_20160328T095421_20160328T095446_010568_00FB64_215C/Patch_Uint8/Visual_Cargo_x24672_y3468_vv.tif,S1A_IW_GRDH_1SDV_20160328T095421_20160328T095446_010568_00FB64_215C/Patch_Uint8/Visual_Cargo_x24672_y3468_vh.tif,7818,696acaf0d0a02e35268695e73c15c884a4cd0c21802f9a8f32f972831026036e
S1A_IW_GRDH_1SDV_20160328T095421_20160328T095446_010568_00FB64_215C/5998_8270,Container Ship,1,opensar_zip,OpenSARShip_1/S1A_IW_GRDH_1SDV_20160328T095421_20160328T095446_010568_00FB64_215C.zip,S1A_IW_GRDH_1SDV_20160328T095421_20160328T095446_010568_00FB64_215C/Patch_Uint8/Visual_Cargo_x5998_y8270_vv.tif,S1A_IW_GRDH_1SDV_20160328T095421_20160328T095446_010568_00FB64_215C/Patch_Uint8/Visual_Cargo_x5998_y8270_vh.tif,10038,a0788a295bb347c7dbf5b00fc0de9d2233c4bf8a74ad6b554cc62f293703b887
S1A_IW_GRDH_1SDV_20160328T095421_20160328T095446_010568_00FB64_215C/6223_8088,Tanker,4,opensar_zip,OpenSARShip_1/S1A_IW_GRDH_1SDV_20160328T095421_20160328T095446_010568_00FB64_215C.zip,S1A_IW_GRDH_1SDV_20160328T095421_20160328T095446_010568_00FB64_215C/Patch_Uint8/Visual_Tanker_x6223_y8088_vv.tif,S1A_IW_GRDH_1SDV_20160328T095421_20160328T095446_010568_00FB64_215C/Patch_Uint8/Visual_Tanker_x6223_y8088_vh.tif,6138,573d69810c451c5f87ef992648bd9ef74c87ebe9e8a4319ba16a03a7c956b04f
S1A_IW_GRDH_1SDV_20160328T095421_20160328T095446_010568_00FB64_215C/6379_8030,Tanker,4,opensar_zip,OpenSARShip_1/S1A_IW_GRDH_1SDV_20160328T095421_20160328T095446_010568_00FB64_215C.zip,S1A_IW_GRDH_1SDV_20160328T095421_20160328T095446_010568_00FB64_215C/Patch_Uint8/Visual_Tanker_x6379_y8030_vv.tif,S1A_IW_GRDH_1SDV_20160328T095421_20160328T095446_010568_00FB64_215C/Patch_Uint8/Visual_Tanker_x6379_y8030_vh.tif,5308,3094e6d1709621a84e988b03cab8673debbe6198394c8daec879ba68b7f48bd5
S1A_IW_GRDH_1SDV_20160328T095421_20160328T095446_010568_00FB64_215C/6497_8094,Tanker,4,opensar_zip,OpenSARShip_1/S1A_IW_GRDH_1SDV_20160328T095421_20160328T095446_010568_00FB64_215C.zip,S1A_IW_GRDH_1SDV_20160328T095421_20160328T095446_010568_00FB64_215C/Patch_Uint8/Visual_Tanker_x6497_y8094_vv.tif,S1A_IW_GRDH_1SDV_20160328T095421_20160328T095446_010568_00FB64_215C/Patch_Uint8/Visual_Tanker_x6497_y8094_vh.tif,5312,5f6e48682018c9feef74b35bb15d8577ce1f9c8b92aa0aa50842f08ac122d2bc
S1A_IW_GRDH_1SDV_20160328T095421_20160328T095446_010568_00FB64_215C/6518_7981,Tanker,4,opensar_zip,OpenSARShip_1/S1A_IW_GRDH_1SDV_20160328T095421_20160328T095446_010568_00FB64_215C.zip,S1A_IW_GRDH_1SDV_20160328T095421_20160328T095446_010568_00FB64_215C/Patch_Uint8/Visual_Tanker_x6518_y7981_vv.tif,S1A_IW_GRDH_1SDV_20160328T095421_20160328T095446_010568_00FB64_215C/Patch_Uint8/Visual_Tanker_x6518_y7981_vh.tif,3222,d0770a48078d63f6f0dff5a78d6d8401ec342e3247c89104cc7eca041441157b
S1A_IW_GRDH_1SDV_20160328T095421_20160328T095446_010568_00FB64_215C/6621_8026,Tanker,4,opensar_zip,OpenSARShip_1/S1A_IW_GRDH_1SDV_20160328T095421_20160328T095446_010568_00FB64_215C.zip,S1A_IW_GRDH_1SDV_20160328T095421_20160328T095446_010568_00FB64_215C/Patch_Uint8/Visual_Tanker_x6621_y8026_vv.tif,S1A_IW_GRDH_1SDV_20160328T095421_20160328T095446_010568_00FB64_215C/Patch_Uint8/Visual_Tanker_x6621_y8026_vh.tif,3852,3b9dd05dbaf61cedcf360e4ee333d215ff3a7fdb6efe8c8a956a60d34cff1d89
S1A_IW_GRDH_1SDV_20160328T095421_20160328T095446_010568_00FB64_215C/6670_8124,Tanker,4,opensar_zip,OpenSARShip_1/S1A_IW_GRDH_1SDV_20160328T095421_20160328T095446_010568_00FB64_215C.zip,S1A_IW_GRDH_1SDV_20160328T095421_20160328T095446_010568_00FB64_215C/Patch_Uint8/Visual_Tanker_x6670_y8124_vv.tif,S1A_IW_GRDH_1SDV_20160328T095421_20160328T095446_010568_00FB64_215C/Patch_Uint8/Visual_Tanker_x6670_y8124_vh.tif,5316,580637cc8014587175d7b61aa96b26149ad093ec2b451aead570f5c0bb40d1ad
S1A_IW_GRDH_1SDV_20160328T095421_20160328T095446_010568_00FB64_215C/6895_8109,Tanker,4,opensar_zip,OpenSARShip_1/S1A_IW_GRDH_1SDV_20160328T095421_20160328T095446_010568_00FB64_215C.zip,S1A_IW_GRDH_1SDV_20160328T095421_20160328T095446_010568_00FB64_215C/Patch_Uint8/Visual_Tanker_x6895_y8109_vv.tif,S1A_IW_GRDH_1SDV_20160328T095421_20160328T095446_010568_00FB64_215C/Patch_Uint8/Visual_Tanker_x6895_y8109_vh.tif,5308,4cedfc9fc54f18fd9fc9ba50227953cd49f111b8fb0fcdbed2dca0c964386dda
S1A_IW_GRDH_1SDV_20160328T095421_20160328T095446_010568_00FB64_215C/7738_8927,Bulk Carrier,0,opensar_zip,OpenSARShip_1/S1A_IW_GRDH_1SDV_20160328T095421_20160328T095446_010568_00FB64_215C.zip,S1A_IW_GRDH_1SDV_20160328T095421_20160328T095446_010568_00FB64_215C/Patch_Uint8/Visual_Cargo_x7738_y8927_vv.tif,S1A_IW_GRDH_1SDV_20160328T095421_20160328T095446_010568_00FB64_215C/Patch_Uint8/Visual_Cargo_x7738_y8927_vh.tif,8966,1e9017fe6e5410051b4c9d8600155e02f4e64a19ef43a72edec52cbff88f05b2
S1A_IW_GRDH_1SDV_20160405T102459_20160405T102528_010685_00FED5_97D5/111_7210,Container Ship,1,opensar_zip,OpenSARShip_1/S1A_IW_GRDH_1SDV_20160405T102459_20160405T102528_010685_00FED5_97D5.zip,S1A_IW_GRDH_1SDV_20160405T102459_20160405T102528_010685_00FED5_97D5/Patch_Uint8/Visual_Other Type_x111_y7210_vv.tif,S1A_IW_GRDH_1SDV_20160405T102459_20160405T102528_010685_00FED5_97D5/Patch_Uint8/Visual_Other Type_x111_y7210_vh.tif,27266,f47bd3153968b1e266610498a7545fc97a49520980e9913aed7dbb2d697e4c2e
S1A_IW_GRDH_1SDV_20160405T102459_20160405T102528_010685_00FED5_97D5/1308_6585,Container Ship,1,opensar_zip,OpenSARShip_1/S1A_IW_GRDH_1SDV_20160405T102459_20160405T102528_010685_00FED5_97D5.zip,S1A_IW_GRDH_1SDV_20160405T102459_20160405T102528_010685_00FED5_97D5/Patch_Uint8/Visual_Cargo_x1308_y6585_vv.tif,S1A_IW_GRDH_1SDV_20160405T102459_20160405T102528_010685_00FED5_97D5/Patch_Uint8/Visual_Cargo_x1308_y6585_vh.tif,22214,14a45a27e9de0296fffc2ee674366e0d85d74bef51d0fb7432cc3b8f723da44c
S1A_IW_GRDH_1SDV_20160405T102459_20160405T102528_010685_00FED5_97D5/1316_6779,Container Ship,1,opensar_zip,OpenSARShip_1/S1A_IW_GRDH_1SDV_20160405T102459_20160405T102528_010685_00FED5_97D5.zip,S1A_IW_GRDH_1SDV_20160405T102459_20160405T102528_010685_00FED5_97D5/Patch_Uint8/Visual_Cargo_x1316_y6779_vv.tif,S1A_IW_GRDH_1SDV_20160405T102459_20160405T102528_010685_00FED5_97D5/Patch_Uint8/Visual_Cargo_x1316_y6779_vh.tif,8898,6044de0f23d9949ca9f595fb2e5d091aa9432f58b626ec5b14b968d9eaf3fc52
S1A_IW_GRDH_1SDV_20160405T102459_20160405T102528_010685_00FED5_97D5/13298_8813,Tanker,4,opensar_zip,OpenSARShip_1/S1A_IW_GRDH_1SDV_20160405T102459_20160405T102528_010685_00FED5_97D5.zip,S1A_IW_GRDH_1SDV_20160405T102459_20160405T102528_010685_00FED5_97D5/Patch_Uint8/Visual_Tanker_x13298_y8813_vv.tif,S1A_IW_GRDH_1SDV_20160405T102459_20160405T102528_010685_00FED5_97D5/Patch_Uint8/Visual_Tanker_x13298_y8813_vh.tif,3832,9f14e3d4491ac683362b3875230f14ab90a3865a052692905c8eda35cb22e081
S1A_IW_GRDH_1SDV_20160405T102459_20160405T102528_010685_00FED5_97D5/13916_7529,Bulk Carrier,0,opensar_zip,OpenSARShip_1/S1A_IW_GRDH_1SDV_20160405T102459_20160405T102528_010685_00FED5_97D5.zip,S1A_IW_GRDH_1SDV_20160405T102459_20160405T102528_010685_00FED5_97D5/Patch_Uint8/Visual_Cargo_x13916_y7529_vv.tif,S1A_IW_GRDH_1SDV_20160405T102459_20160405T102528_010685_00FED5_97D5/Patch_Uint8/Visual_Cargo_x13916_y7529_vh.tif,10098,34503d8f00beebd43df701d2e0fe9feace18fae11f77e2c4100568599b9cca36
S1A_IW_GRDH_1SDV_20160405T102459_20160405T102528_010685_00FED5_97D5/13926_9363,Tanker,4,opensar_zip,OpenSARShip_1/S1A_IW_GRDH_1SDV_20160405T102459_20160405T102528_010685_00FED5_97D5.zip,S1A_IW_GRDH_1SDV_20160405T102459_20160405T102528_010685_00FED5_97D5/Patch_Uint8/Visual_Tanker_x13926_y9363_vv.tif,S1A_IW_GRDH_1SDV_20160405T102459_20160405T102528_010685_00FED5_97D5/Patch_Uint8/Visual_Tanker_x13926_y9363_vh.tif,1698,aec623caa6c24bdc4efdc39f9e6fffa3817e4fe225956726914f589c9c2b5b7a
S1A_IW_GRDH_1SDV_20160405T102459_20160405T102528_010685_00FED5_97D5/14945_9830,Tanker,4,opensar_zip,OpenSARShip_1/S1A_IW_GRDH_1SDV_20160405T102459_20160405T102528_010685_00FED5_97D5.zip,S1A_IW_GRDH_1SDV_20160405T102459_20160405T102528_010685_00FED5_97D5/Patch_Uint8/Visual_Tanker_x14945_y9830_vv.tif,S1A_IW_GRDH_1SDV_20160405T102459_20160405T102528_010685_00FED5_97D5/Patch_Uint8/Visual_Tanker_x14945_y9830_vh.tif,1014,450231eccf44034c6f9ab258bc937b0a7d1d0f6b2d7926ad699dbae915be1f55
S1A_IW_GRDH_1SDV_20160405T102459_20160405T102528_010685_00FED5_97D5/15292_5310,Container Ship,1,opensar_zip,OpenSARShip_1/S1A_IW_GRDH_1SDV_20160405T102459_20160405T102528_010685_00FED5_97D5.zip,S1A_IW_GRDH_1SDV_20160405T102459_20160405T102528_010685_00FED5_97D5/Patch_Uint8/Visual_Cargo_x15292_y5310_vv.tif,S1A_IW_GRDH_1SDV_20160405T102459_20160405T102528_010685_00FED5_97D5/Patch_Uint8/Visual_Cargo_x15292_y5310_vh.tif,10738,a50fd4fa9b7d347a9c33ddb11778ec61519d864cf405abb4d2c7dfca3924e19f
S1A_IW_GRDH_1SDV_20160405T102459_20160405T102528_010685_00FED5_97D5/16460_5364,Container Ship,1,opensar_zip,OpenSARShip_1/S1A_IW_GRDH_1SDV_20160405T102459_20160405T102528_010685_00FED5_97D5.zip,S1A_IW_GRDH_1SDV_20160405T102459_20160405T102528_010685_00FED5_97D5/Patch_Uint8/Visual_Cargo_x16460_y5364_vv.tif,S1A_IW_GRDH_1SDV_20160405T102459_20160405T102528_010685_00FED5_97D5/Patch_Uint8/Visual_Cargo_x16460_y5364_vh.tif,6118,beb9c991fbe916d48af44dc2c4689a8ddda99c269cda21d8ce6f9f7ce534ac99
S1A_IW_GRDH_1SDV_20160405T102459_20160405T102528_010685_00FED5_97D5/16576_6171,Container Ship,1,opensar_zip,OpenSARShip_1/S1A_IW_GRDH_1SDV_20160405T102459_20160405T102528_010685_00FED5_97D5.zip,S1A_IW_GRDH_1SDV_20160405T102459_20160405T102528_010685_00FED5_97D5/Patch_Uint8/Visual_Cargo_x16576_y6171_vv.tif,S1A_IW_GRDH_1SDV_20160405T102459_20160405T102528_010685_00FED5_97D5/Patch_Uint8/Visual_Cargo_x16576_y6171_vh.tif,9918,6ee909f1b8901f44468743b6faa68bfebb2a7b25844d0821ee21b03326b31129
S1A_IW_GRDH_1SDV_20160405T102459_20160405T102528_010685_00FED5_97D5/17129_9942,Tanker,4,opensar_zip,OpenSARShip_1/S1A_IW_GRDH_1SDV_20160405T102459_20160405T102528_010685_00FED5_97D5.zip,S1A_IW_GRDH_1SDV_20160405T102459_20160405T102528_010685_00FED5_97D5/Patch_Uint8/Visual_Tanker_x17129_y9942_vv.tif,S1A_IW_GRDH_1SDV_20160405T102459_20160405T102528_010685_00FED5_97D5/Patch_Uint8/Visual_Tanker_x17129_y9942_vh.tif,2640,316e5104badf03e6b417cca991729ff2fa840e2f08b30b4b2086d57fa2ac1c88
S1A_IW_GRDH_1SDV_20160405T102459_20160405T102528_010685_00FED5_97D5/17808_8820,Container Ship,1,opensar_zip,OpenSARShip_1/S1A_IW_GRDH_1SDV_20160405T102459_20160405T102528_010685_00FED5_97D5.zip,S1A_IW_GRDH_1SDV_20160405T102459_20160405T102528_010685_00FED5_97D5/Patch_Uint8/Visual_Cargo_x17808_y8820_vv.tif,S1A_IW_GRDH_1SDV_20160405T102459_20160405T102528_010685_00FED5_97D5/Patch_Uint8/Visual_Cargo_x17808_y8820_vh.tif,4330,47b1175891603e8c987c5cf7e5931f865774316c112cf65bda6b8be66c1c16a2
S1A_IW_GRDH_1SDV_20160405T102459_20160405T102528_010685_00FED5_97D5/17912_11348,Fishing,3,opensar_zip,OpenSARShip_1/S1A_IW_GRDH_1SDV_20160405T102459_20160405T102528_010685_00FED5_97D5.zip,S1A_IW_GRDH_1SDV_20160405T102459_20160405T102528_010685_00FED5_97D5/Patch_Uint8/Visual_Other Type_x17912_y11348_vv.tif,S1A_IW_GRDH_1SDV_20160405T102459_20160405T102528_010685_00FED5_97D5/Patch_Uint8/Visual_Other Type_x17912_y11348_vh.tif,1322,409a1c1b64951ee5d562318f5e099dc8cde4ed03f4d13ca552e9e1a78af25e33
S1A_IW_GRDH_1SDV_20160405T102459_20160405T102528_010685_00FED5_97D5/18551_4749,Bulk Carrier,0,opensar_zip,OpenSARShip_1/S1A_IW_GRDH_1SDV_20160405T102459_20160405T102528_010685_00FED5_97D5.zip,S1A_IW_GRDH_1SDV_20160405T102459_20160405T102528_010685_00FED5_97D5/Patch_Uint8/Visual_Cargo_x18551_y4749_vv.tif,S1A_IW_GRDH_1SDV_20160405T102459_20160405T102528_010685_00FED5_97D5/Patch_Uint8/Visual_Cargo_x18551_y4749_vh.tif,10938,91ec6c7d5744419f490ea4c17dac82b3d6cc0e2d29d3afce7686e27b294256fb
S1A_IW_GRDH_1SDV_20160405T102459_20160405T102528_010685_00FED5_97D5/2016_3216,Bulk Carrier,0,opensar_zip,OpenSARShip_1/S1A_IW_GRDH_1SDV_20160405T102459_20160405T102528_010685_00FED5_97D5.zip,S1A_IW_GRDH_1SDV_20160405T102459_20160405T102528_010685_00FED5_97D5/Patch_Uint8/Visual_Cargo_x2016_y3216_vv.tif,S1A_IW_GRDH_1SDV_20160405T102459_20160405T102528_010685_00FED5_97D5/Patch_Uint8/Visual_Cargo_x2016_y3216_vh.tif,19290,8289bb5450407b8323c85f9c065e670f6e3f5e1ca1ed746af4cb502c49b293f0
S1A_IW_GRDH_1SDV_20160405T102459_20160405T102528_010685_00FED5_97D5/20330_9820,Tanker,4,opensar_zip,OpenSARShip_1/S1A_IW_GRDH_1SDV_20160405T102459_20160405T102528_010685_00FED5_97D5.zip,S1A_IW_GRDH_1SDV_20160405T102459_20160405T102528_010685_00FED5_97D5/Patch_Uint8/Visual_Tanker_x20330_y9820_vv.tif,S1A_IW_GRDH_1SDV_20160405T102459_20160405T102528_010685_00FED5_97D5/Patch_Uint8/Visual_Tanker_x20330_y9820_vh.tif,2638,36d411aabe24a6bb60317b858c29a8cd67618b393a0e7923f44e12395ec8b261
S1A_IW_GRDH_1SDV_20160405T102459_20160405T102528_010685_00FED5_97D5/2043_4612,Container Ship,1,opensar_zip,OpenSARShip_1/S1A_IW_GRDH_1SDV_20160405T102459_20160405T102528_010685_00FED5_97D5.zip,S1A_IW_GRDH_1SDV_20160405T102459_20160405T102528_010685_00FED5_97D5/Patch_Uint8/Visual_Cargo_x2043_y4612_vv.tif,S1A_IW_GRDH_1SDV_20160405T102459_20160405T102528_010685_00FED5_97D5/Patch_Uint8/Visual_Cargo_x2043_y4612_vh.tif,17478,300e9033faa55512f8e6ab590f9d425a7a03cd67661d91c88848d17fe4e5dd0f
S1A_IW_GRDH_1SDV_20160405T102459_20160405T102528_010685_00FED5_97D5/223_7841,Tanker,4,opensar_zip,OpenSARShip_1/S1A_IW_GRDH_1SDV_20160405T102459_20160405T102528_010685_00FED5_97D5.zip,S1A_IW_GRDH_1SDV_20160405T102459_20160405T102528_010685_00FED5_97D5/Patch_Uint8/Visual_Other Type_x223_y7841_vv.tif,S1A_IW_GRDH_1SDV_20160405T102459_20160405T102528_010685_00FED5_97D5/Patch_Uint8/Visual_Other Type_x223_y7841_vh.tif,2650,ec21d9a23232cbadef9a2346693a0d7def790f001608c832cbb8af03a1c789b3
S1A_IW_GRDH_1SDV_20160405T102459_20160405T102528_010685_00FED5_97D5/226_4370,Tanker,4,opensar_zip,OpenSARShip_1/S1A_IW_GRDH_1SDV_20160405T102459_20160405T102528_010685_00FED5_97D5.zip,S1A_IW_GRDH_1SDV_20160405T102459_20160405T102528_010685_00FED5_97D5/Patch_Uint8/Visual_Tanker_x226_y4370_vv.tif,S1A_IW_GRDH_1SDV_20160405T102459_20160405T102528_010685_00FED5_97D5/Patch_Uint8/Visual_Tanker_x226_y4370_vh.tif,6140,f70013574998f3ef889740f5984f670660b1d3ad3f4b25ed6765b2eb54d5be86
S1A_IW_GRDH_1SDV_20160405T102459_20160405T102528_010685_00FED5_97D5/22939_7811,Bulk Carrier,0,opensar_zip,OpenSARShip_1/S1A_IW_GRDH_1SDV_20160405T102459_20160405T102528_010685_00FED5_97D5.zip,S1A_IW_GRDH_1SDV_20160405T102459_20160405T102528_010685_00FED5_97D5/Patch_Uint8/Visual_Cargo_x22939_y7811_vv.tif,S1A_IW_GRDH_1SDV_20160405T102459_20160405T102528_010685_00FED5_97D5/Patch_Uint8/Visual_Cargo_x22939_y7811_vh.tif,12386,7120261ed656adb4ac3aebaee0bef44ee93aeacb55736230e305b93fc5a47dbc
S1A_IW_GRDH_1SDV_20160405T102459_20160405T102528_010685_00FED5_97D5/2630_5956,Container Ship,1,opensar_zip,OpenSARShip_1/S1A_IW_GRDH_1SDV_20160405T102459_20160405T102528_010685_00FED5_97D5.zip,S1A_IW_GRDH_1SDV_20160405T102459_20160405T102528_010685_00FED5_97D5/Patch_Uint8/Visual_Cargo_x2630_y5956_vv.tif,S1A_IW_GRDH_1SDV_20160405T102459_20160405T102528_010685_00FED5_97D5/Patch_Uint8/Visual_Cargo_x2630_y5956_vh.tif,20564,b2b80c0ae4f5a4ffa2f36499b340bef9de370930cda8ec966c80aabe7de521d0
S1A_IW_GRDH_1SDV_20160405T102459_20160405T102528_010685_00FED5_97D5/268_8545,Container Ship,1,opensar_zip,OpenSARShip_1/S1A_IW_GRDH_1SDV_20160405T102459_20160405T102528_010685_00FED5_97D5.zip,S1A_IW_GRDH_1SDV_20160405T102459_20160405T102528_010685_00FED5_97D5/Patch_Uint8/Visual_Cargo_x268_y8545_vv.tif,S1A_IW_GRDH_1SDV_20160405T102459_20160405T102528_010685_00FED5_97D5/Patch_Uint8/Visual_Cargo_x268_y8545_vh.tif,4552,18bb3a5b1af1aeb83dd3e13185965236c1aa6c827b7ec2b62d0811703ca9c1c5
S1A_IW_GRDH_1SDV_20160405T102459_20160405T102528_010685_00FED5_97D5/2707_5543,Container Ship,1,opensar_zip,OpenSARShip_1/S1A_IW_GRDH_1SDV_20160405T102459_20160405T102528_010685_00FED5_97D5.zip,S1A_IW_GRDH_1SDV_20160405T102459_20160405T102528_010685_00FED5_97D5/Patch_Uint8/Visual_Cargo_x2707_y5543_vv.tif,S1A_IW_GRDH_1SDV_20160405T102459_20160405T102528_010685_00FED5_97D5/Patch_Uint8/Visual_Cargo_x2707_y5543_vh.tif,22432,d4ceefd646f62244a881384292a70ff660cd32d0397a3a9f03eaa9ea2700e797
S1A_IW_GRDH_1SDV_20160405T102459_20160405T102528_010685_00FED5_97D5/2762_6036,Container Ship,1,opensar_zip,OpenSARShip_1/S1A_IW_GRDH_1SDV_20160405T102459_20160405T102528_010685_00FED5_97D5.zip,S1A_IW_GRDH_1SDV_20160405T102459_20160405T102528_010685_00FED5_97D5/Patch_Uint8/Visual_Cargo_x2762_y6036_vv.tif,S1A_IW_GRDH_1SDV_20160405T102459_20160405T102528_010685_00FED5_97D5/Patch_Uint8/Visual_Cargo_x2762_y6036_vh.tif,6822,f34c8e79e016f6ea26ddea5a05a00263f42a63b6945e260737e85a3f9bfbc19e
S1A_IW_GRDH_1SDV_20160405T102459_20160405T102528_010685_00FED5_97D5/2867_5881,Bulk Carrier,0,opensar_zip,OpenSARShip_1/S1A_IW_GRDH_1SDV_20160405T102459_20160405T102528_010685_00FED5_97D5.zip,S1A_IW_GRDH_1SDV_20160405T102459_20160405T102528_010685_00FED5_97D5/Patch_Uint8/Visual_Cargo_x2867_y5881_vv.tif,S1A_IW_GRDH_1SDV_20160405T102459_20160405T102528_010685_00FED5_97D5/Patch_Uint8/Visual_Cargo_x2867_y5881_vh.tif,22072,825966e08b1b58d54d6218e780374f803930bfeb72b84bf548ec39afa8c26f50
S1A_IW_GRDH_1SDV_20160405T102459_20160405T102528_010685_00FED5_97D5/293_6834,Container Ship,1,opensar_zip,OpenSARShip_1/S1A_IW_GRDH_1SDV_20160405T102459_20160405T102528_010685_00FED5_97D5.zip,S1A_IW_GRDH_1SDV_20160405T102459_20160405T102528_010685_00FED5_97D5/Patch_Uint8/Visual_Other Type_x293_y6834_vv.tif,S1A_IW_GRDH_1SDV_20160405T102459_20160405T102528_010685_00FED5_97D5/Patch_Uint8/Visual_Other Type_x293_y6834_vh.tif,20744,83a1b09dec24a2cfecef6ed79a895338850889fdedc7f6b24a98ec7da429c934
S1A_IW_GRDH_1SDV_20160405T102459_20160405T102528_010685_00FED5_97D5/304_7039,Bulk Carrier,0,opensar_zip,OpenSARShip_1/S1A_IW_GRDH_1SDV_20160405T102459_20160405T102528_010685_00FED5_97D5.zip,S1A_IW_GRDH_1SDV_20160405T102459_20160405T102528_010685_00FED5_97D5/Patch_Uint8/Visual_Cargo_x304_y7039_vv.tif,S1A_IW_GRDH_1SDV_20160405T102459_20160405T102528_010685_00FED5_97D5/Patch_Uint8/Visual_Cargo_x304_y7039_vh.tif,11238,aedebf033c583c60f3e4fe5862f1995d9de93fccba99e2f7128881c6ecca520c
S1A_IW_GRDH_1SDV_20160405T102459_20160405T102528_010685_00FED5_97D5/3088_11936,Container Ship,1,opensar_zip,OpenSARShip_1/S1A_IW_GRDH_1SDV_20160405T102459_20160405T102528_010685_00FED5_97D5.zip,S1A_IW_GRDH_1SDV_20160405T102459_20160405T102528_010685_00FED5_97D5/Patch_Uint8/Visual_Cargo_x3088_y11936_vv.tif,S1A_IW_GRDH_1SDV_20160405T102459_20160405T102528_010685_00FED5_97D5/Patch_Uint8/Visual_Cargo_x3088_y11936_vh.tif,19378,2daafe567b6d6cd70b5f57dc38ec7d77f89ba820c7c1b963bad31fe953833921
S1A_IW_GRDH_1SDV_20160405T102459_20160405T102528_010685_00FED5_97D5/3133_6885,Bulk Carrier,0,opensar_zip,OpenSARShip_1/S1A_IW_GRDH_1SDV_20160405T102459_20160405T102528_010685_00FED5_97D5.zip,S1A_IW_GRDH_1SDV_20160405T102459_20160405T102528_010685_00FED5_97D5/Patch_Uint8/Visual_Cargo_x3133_y6885_vv.tif,S1A_IW_GRDH_1SDV_20160405T102459_20160405T102528_010685_00FED5_97D5/Patch_Uint8/Visual_Cargo_x3133_y6885_vh.tif,10084,9412e9df35a1d92141fad563b23e959544a03db8974c2522e25a06fffda93dab
S1A_IW_GRDH_1SDV_20160405T102459_20160405T102528_010685_00FED5_97D5/3175_5673,Container Ship,1,opensar_zip,OpenSARShip_1/S1A_IW_GRDH_1SDV_20160405T102459_20160405T102528_010685_00FED5_97D5.zip,S1A_IW_GRDH_1SDV_20160405T102459_20160405T102528_010685_00FED5_97D5/Patch_Uint8/Visual_Cargo_x3175_y5673_vv.tif,S1A_IW_GRDH_1SDV_20160405T102459_20160405T102528_010685_00FED5_97D5/Patch_Uint8/Visual_Cargo_x3175_y5673_vh.tif,25850,37a839462ce6383885a0dbc9deef9f448bcfdb31f6f088894022cf0728aebcc0
S1A_IW_GRDH_1SDV_20160405T102459_20160405T102528_010685_00FED5_97D5/3188_6382,Container Ship,1,opensar_zip,OpenSARShip_1/S1A_IW_GRDH_1SDV_20160405T102459_20160405T102528_010685_00FED5_97D5.zip,S1A_IW_GRDH_1SDV_20160405T102459_20160405T102528_010685_00FED5_97D5/Patch_Uint8/Visual_Cargo_x3188_y6382_vv.tif,S1A_IW_GRDH_1SDV_20160405T102459_20160405T102528_010685_00FED5_97D5/Patch_Uint8/Visual_Cargo_x3188_y6382_vh.tif,9602,3e1aff63bd511edc5cab94d4144ad308ba885ceaae3267763bcb1573a8ee5ace
S1A_IW_GRDH_1SDV_20160405T102459_20160405T102528_010685_00FED5_97D5/320_7830,Container Ship,1,opensar_zip,OpenSARShip_1/S1A_IW_GRDH_1SDV_20160405T102459_20160405T102528_010685_00FED5_97D5.zip,S1A_IW_GRDH_1SDV_20160405T102459_20160405T102528_010685_00FED5_97D5/Patch_Uint8/Visual_Cargo_x320_y7830_vv.tif,S1A_IW_GRDH_1SDV_20160405T102459_20160405T102528_010685_00FED5_97D5/Patch_Uint8/Visual_Cargo_x320_y7830_vh.tif,11248,96189fdab7a9334a427259282bd6f35304fdc5f8a6cf502f63c41d4210625e37
S1A_IW_GRDH_1SDV_20160405T102459_20160405T102528_010685_00FED5_97D5/3228_11834,Container Ship,1,opensar_zip,OpenSARShip_1/S1A_IW_GRDH_1SDV_20160405T102459_20160405T102528_010685_00FED5_97D5.zip,S1A_IW_GRDH_1SDV_20160405T102459_20160405T102528_010685_00FED5_97D5/Patch_Uint8/Visual_Cargo_x3228_y11834_vv.tif,S1A_IW_GRDH_1SDV_20160405T102459_20160405T102528_010685_00FED5_97D5/Patch_Uint8/Visual_Cargo_x3228_y11834_vh.tif,15574,c50399cf22843ee6d9013fe315bf680a3ed9b807b06649d0746d174879bb0b09
S1A_IW_GRDH_1SDV_20160405T102459_20160405T102528_010685_00FED5_97D5/3531_11108,Container Ship,1,opensar_zip,OpenSARShip_1/S1A_IW_GRDH_1SDV_20160405T102459_20160405T102528_010685_00FED5_97D5.zip,S1A_IW_GRDH_1SDV_20160405T102459_20160405T102528_010685_00FED5_97D5/Patch_Uint8/Visual_Cargo_x3531_y11108_vv.tif,S1A_IW_GRDH_1SDV_20160405T102459_20160405T102528_010685_00FED5_97D5/Patch_Uint8/Visual_Cargo_x3531_y11108_vh.tif,26492,1ea14bb3c6fe05b8fb6f07d7a8449804790a9aeef4665dc33b34e9da23465e9e
S1A_IW_GRDH_1SDV_20160405T102459_20160405T102528_010685_00FED5_97D5/3650_8818,Tanker,4,opensar_zip,OpenSARShip_1/S1A_IW_GRDH_1SDV_20160405T102459_20160405T102528_010685_00FED5_97D5.zip,S1A_IW_GRDH_1SDV_20160405T102459_20160405T102528_010685_00FED5_97D5/Patch_Uint8/Visual_Tanker_x3650_y8818_vv.tif,S1A_IW_GRDH_1SDV_20160405T102459_20160405T102528_010685_00FED5_97D5/Patch_Uint8/Visual_Tanker_x3650_y8818_vh.tif,2632,b5af79d2e06a6f7a06523d58fcb89d206db64f5d01442365325769620a6525ac
S1A_IW_GRDH_1SDV_20160405T102459_20160405T102528_010685_00FED5_97D5/3826_5848,Container Ship,1,opensar_zip,OpenSARShip_1/S1A_IW_GRDH_1SDV_20160405T102459_20160405T102528_010685_00FED5_97D5.zip,S1A_IW_GRDH_1SDV_20160405T102459_20160405T102528_010685_00FED5_97D5/Patch_Uint8/Visual_Cargo_x3826_y5848_vv.tif,S1A_IW_GRDH_1SDV_20160405T102459_20160405T102528_010685_00FED5_97D5/Patch_Uint8/Visual_Cargo_x3826_y5848_vh.tif,14778,4b3a870f751c03961608cb9803633bdb0a01c9cf84968d53250eed797a2609af
S1A_IW_GRDH_1SDV_20160405T102459_20160405T102528_010685_00FED5_97D5/3834_6145,Container Ship,1,opensar_zip,OpenSARShip_1/S1A_IW_GRDH_1SDV_20160405T102459_20160405T102528_010685_00FED5_97D5.zip,S1A_IW_GRDH_1SDV_20160405T102459_20160405T102528_010685_00FED5_97D5/Patch_Uint8/Visual_Cargo_x3834_y6145_vv.tif,S1A_IW_GRDH_1SDV_20160405T102459_20160405T102528_010685_00FED5_97D5/Patch_Uint8/Visual_Cargo_x3834_y6145_vh.tif,18936,364822a4405cea0144869f055d458293b8604e311587d477a64e9b72c158abf9
S1A_IW_GRDH_1SDV_20160405T102459_20160405T102528_010685_00FED5_97D5/392_6957,Container Ship,1,opensar_zip,OpenSARShip_1/S1A_IW_GRDH_1SDV_20160405T102459_20160405T102528_010685_00FED5_97D5.zip,S1A_IW_GRDH_1SDV_20160405T102459_20160405T102528_010685_00FED5_97D5/Patch_Uint8/Visual_Cargo_x392_y6957_vv.tif,S1A_IW_GRDH_1SDV_20160405T102459_20160405T102528_010685_00FED5_97D5/Patch_Uint8/Visual_Cargo_x392_y6957_vh.tif,22568,f1c18b87aafe72027ab4da3ac65ce9c8e04239817318d838d967433a0fe26b0f
S1A_IW_GRDH_1SDV_20160405T102459_20160405T102528_010685_00FED5_97D5/394_2746,Container Ship,1,opensar_zip,OpenSARShip_1/S1A_IW_GRDH_1SDV_20160405T102459_20160405T102528_010685_00FED5_97D5.zip,S1A_IW_GRDH_1SDV_20160405T102459_20160405T102528_010685_00FED5_97D5/Patch_Uint8/Visual_Cargo_x394_y2746_vv.tif,S1A_IW_GRDH_1SDV_20160405T102459_20160405T102528_010685_00FED5_97D5/Patch_Uint8/Visual_Cargo_x394_y2746_vh.tif,32006,8cbed675fbed9aabba8874b3fd9ce26325a09e72398b8e3f907d7a2280e8e076
S1A_IW_GRDH_1SDV_20160405T102459_20160405T102528_010685_00FED5_97D5/404_7115,Container Ship,1,opensar_zip,OpenSARShip_1/S1A_IW_GRDH_1SDV_20160405T102459_20160405T102528_010685_00FED5_97D5.zip,S1A_IW_GRDH_1SDV_20160405T102459_20160405T102528_010685_00FED5_97D5/Patch_Uint8/Visual_Cargo_x404_y7115_vv.tif,S1A_IW_GRDH_1SDV_20160405T102459_20160405T102528_010685_00FED5_97D5/Patch_Uint8/Visual_Cargo_x404_y7115_vh.tif,22560,e665f2fa4b2f98168543794ebc20fa724d93f86457c6385da93d884b4857caae
S1A_IW_GRDH_1SDV_20160405T102459_20160405T102528_010685_00FED5_97D5/4096_4818,Bulk Carrier,0,opensar_zip,OpenSARShip_1/S1A_IW_GRDH_1SDV_20160405T102459_20160405T102528_010685_00FED5_97D5.zip,S1A_IW_GRDH_1SDV_20160405T102459_20160405T102528_010685_00FED5_97D5/Patch_Uint8/Visual_Cargo_x4096_y4818_vv.tif,S1A_IW_GRDH_1SDV_20160405T102459_20160405T102528_010685_00FED5_97D5/Patch_Uint8/Visual_Cargo_x4096_y4818_vh.tif,14954,b7571424acdcd731cecbbf85e2de9487a202982292fdfafef6649e9118b797bb
S1A_IW_GRDH_1SDV_20160405T102459_20160405T102528_010685_00FED5_97D5/418_6842,Container Ship,1,opensar_zip,OpenSARShip_1/S1A_IW_GRDH_1SDV_20160405T102459_20160405T102528_010685_00FED5_97D5.zip,S1A_IW_GRDH_1SDV_20160405T102459_20160405T102528_010685_00FED5_97D5/Patch_Uint8/Visual_Cargo_x418_y6842_vv.tif,S1A_IW_GRDH_1SDV_20160405T102459_20160405T102528_010685_00FED5_97D5/Patch_Uint8/Visual_Cargo_x418_y6842_vh.tif,19522,a7102e89f414934f7138d7003d0c5cd8d5ffa1bbcf3dfed4bc62af0f2acc412f
S1A_IW_GRDH_1SDV_20160405T102459_20160405T102528_010685_00FED5_97D5/4524_7295,Container Ship,1,opensar_zip,OpenSARShip_1/S1A_IW_GRDH_1SDV_20160405T102459_20160405T102528_010685_00FED5_97D5.zip,S1A_IW_GRDH_1SDV_20160405T102459_20160405T102528_010685_00FED5_97D5/Patch_Uint8/Visual_Cargo_x4524_y7295_vv.tif,S1A_IW_GRDH_1SDV_20160405T102459_20160405T102528_010685_00FED5_97D5/Patch_Uint8/Visual_Cargo_x4524_y7295_vh.tif,11108,3ffb8a35be0c9a4305b419f1eedbb70ba685e4b7c08269bd6cd4406099c1471d
S1A_IW_GRDH_1SDV_20160405T102459_20160405T102528_010685_00FED5_97D5/4576_8743,Tanker,4,opensar_zip,OpenSARShip_1/S1A_IW_GRDH_1SDV_20160405T102459_20160405T102528_010685_00FED5_97D5.zip,S1A_IW_GRDH_1SDV_20160405T102459_20160405T102528_010685_00FED5_97D5/Patch_Uint8/Visual_Wing in ground_x4576_y8743_vv.tif,S1A_IW_GRDH_1SDV_20160405T102459_20160405T102528_010685_00FED5_97D5/Patch_Uint8/Visual_Wing in ground_x4576_y8743_vh.tif,1704,242fb6903501066a8e6245e57f36fc8c890aa55fa36f0fa18196c8b5666c6982
S1A_IW_GRDH_1SDV_20160405T102459_20160405T102528_010685_00FED5_97D5/4605_6867,Bulk Carrier,0,opensar_zip,OpenSARShip_1/S1A_IW_GRDH_1SDV_20160405T102459_20160405T102528_010685_00FED5_97D5.zip,S1A_IW_GRDH_1SDV_20160405T102459_20160405T102528_010685_00FED5_97D5/Patch_Uint8/Visual_Cargo_x4605_y6867_vv.tif,S1A_IW_GRDH_1SDV_20160405T102459_20160405T102528_010685_00FED5_97D5/Patch_Uint8/Visual_Cargo_x4605_y6867_vh.tif,7266,885f0b15f3154668375ca13dd111bb3f95b5430a79a19a59f9374f62991b33f1
S1A_IW_GRDH_1SDV_20160405T102459_20160405T102528_010685_00FED5_97D5/4678_5946,Container Ship,1,opensar_zip,OpenSARShip_1/S1A_IW_GRDH_1SDV_20160405T102459_20160405T102528_010685_00FED5_97D5.zip,S1A_IW_GRDH_1SDV_20160405T102459_20160405T102528_010685_00FED5_97D5/Patch_Uint8/Visual_Cargo_x4678_y5946_vv.tif,S1A_IW_GRDH_1SDV_20160405T102459_20160405T102528_010685_00FED5_97D5/Patch_Uint8/Visual_Cargo_x4678_y5946_vh.tif,10062,8eaa2b66a25b70d20cb80945e70c5adc701dd88d62dd981882e3bebbfefc0dc6
S1A_IW_GRDH_1SDV_20160405T102459_20160405T102528_010685_00FED5_97D5/4884_9836,Container Ship,1,opensar_zip,OpenSARShip_1/S1A_IW_GRDH_1SDV_20160405T102459_20160405T102528_010685_00FED5_97D5.zip,S1A_IW_GRDH_1SDV_20160405T102459_20160405T102528_010685_00FED5_97D5/Patch_Uint8/Visual_Cargo_x4884_y9836_vv.tif,S1A_IW_GRDH_1SDV_20160405T102459_20160405T102528_010685_00FED5_97D5/Patch_Uint8/Visual_Cargo_x4884_y9836_vh.tif,19252,6d8c779e05040c157c838751c186af3f28a03dda80b50b3f929160ec59d46d24
S1A_IW_GRDH_1SDV_20160405T102459_20160405T102528_010685_00FED5_97D5/48_7700,Bulk Carrier,0,opensar_zip,OpenSARShip_1/S1A_IW_GRDH_1SDV_20160405T102459_20160405T102528_010685_00FED5_97D5.zip,S1A_IW_GRDH_1SDV_20160405T102459_20160405T102528_010685_00FED5_97D5/Patch_Uint8/Visual_Cargo_x48_y7700_vv.tif,S1A_IW_GRDH_1SDV_20160405T102459_20160405T102528_010685_00FED5_97D5/Patch_Uint8/Visual_Cargo_x48_y7700_vh.tif,10106,2c9918ac607186b67f08019fe1bd5c82df3eb7e8820c44deb592619bf219f32d
S1A_IW_GRDH_1SDV_20160405T102459_20160405T102528_010685_00FED5_97D5/490_7031,Container Ship,1,opensar_zip,OpenSARShip_1/S1A_IW_GRDH_1SDV_20160405T102459_20160405T102528_010685_00FED5_97D5.zip,S1A_IW_GRDH_1SDV_20160405T102459_20160405T102528_010685_00FED5_97D5/Patch_Uint8/Visual_Cargo_x490_y7031_vv.tif,S1A_IW_GRDH_1SDV_20160405T102459_20160405T102528_010685_00FED5_97D5/Patch_Uint8/Visual_Cargo_x490_y7031_vh.tif,10098,73e0ffbe82f08e1ac02b8020540596522f5c613b924b6a04270a0ceb91df246f
S1A_IW_GRDH_1SDV_20160405T102459_20160405T102528_010685_00FED5_97D5/5394_8376,Container Ship,1,opensar_zip,OpenSARShip_1/S1A_IW_GRDH_1SDV_20160405T102459_20160405T102528_010685_00FED5_97D5.zip,S1A_IW_GRDH_1SDV_20160405T102459_20160405T102528_010685_00FED5_97D5/Patch_Uint8/Visual_Cargo_x5394_y8376_vv.tif,S1A_IW_GRDH_1SDV_20160405T102459_20160405T102528_010685_00FED5_97D5/Patch_Uint8/Visual_Cargo_x5394_y8376_vh.tif,4444,3d23572289b7c02eccd2530f39bf354d22ffa3e6f53af76ed28519a7a6780439
S1A_IW_GRDH_1SDV_20160405T102459_20160405T102528_010685_00FED5_97D5/5741_10688,Tanker,4,opensar_zip,OpenSARShip_1/S1A_IW_GRDH_1SDV_20160405T102459_20160405T102528_010685_00FED5_97D5.zip,S1A_IW_GRDH_1SDV_20160405T102459_20160405T102528_010685_00FED5_97D5/Patch_Uint8/Visual_Tanker_x5741_y10688_vv.tif,S1A_IW_GRDH_1SDV_20160405T102459_20160405T102528_010685_00FED5_97D5/Patch_Uint8/Visual_Tanker_x5741_y10688_vh.tif,5292,076c857ea8fcee9ac1ac4e161e56c0ae337098e520a374bffbe5386e132995c8
S1A_IW_GRDH_1SDV_20160405T102459_20160405T102528_010685_00FED5_97D5/5741_11626,Tanker,4,opensar_zip,OpenSARShip_1/S1A_IW_GRDH_1SDV_20160405T102459_20160405T102528_010685_00FED5_97D5.zip,S1A_IW_GRDH_1SDV_20160405T102459_20160405T102528_010685_00FED5_97D5/Patch_Uint8/Visual_Tanker_x5741_y11626_vv.tif,S1A_IW_GRDH_1SDV_20160405T102459_20160405T102528_010685_00FED5_97D5/Patch_Uint8/Visual_Tanker_x5741_y11626_vh.tif,3848,7080e6c8a88d4e6ece54c6f3ef697885fabe95a40b09f88a61445babc78425d0
S1A_IW_GRDH_1SDV_20160405T102459_20160405T102528_010685_00FED5_97D5/5750_11572,Tanker,4,opensar_zip,OpenSARShip_1/S1A_IW_GRDH_1SDV_20160405T102459_20160405T102528_010685_00FED5_97D5.zip,S1A_IW_GRDH_1SDV_20160405T102459_20160405T102528_010685_00FED5_97D5/Patch_Uint8/Visual_Tanker_x5750_y11572_vv.tif,S1A_IW_GRDH_1SDV_20160405T102459_20160405T102528_010685_00FED5_97D5/Patch_Uint8/Visual_Tanker_x5750_y11572_vh.tif,3028,50653e12c772531f70a9e68e690fe80eaef57fd51955c09140fa478571184851
S1A_IW_GRDH_1SDV_20160405T102459_20160405T102528_010685_00FED5_97D5/5785_11651,Tanker,4,opensar_zip,OpenSARShip_1/S1A_IW_GRDH_1SDV_20160405T102459_20160405T102528_010685_00FED5_97D5.zip,S1A_IW_GRDH_1SDV_20160405T102459_20160405T102528_010685_00FED5_97D5/Patch_Uint8/Visual_Tanker_x5785_y11651_vv.tif,S1A_IW_GRDH_1SDV_20160405T102459_20160405T102528_010685_00FED5_97D5/Patch_Uint8/Visual_Tanker_x5785_y11651_vh.tif,2654,4d16e2236e96ee85828289945ef0196547488539bbe586bd5d88bcd62ce20530
S1A_IW_GRDH_1SDV_20160405T102459_20160405T102528_010685_00FED5_97D5/5796_11587,Tanker,4,opensar_zip,OpenSARShip_1/S1A_IW_GRDH_1SDV_20160405T102459_20160405T102528_010685_00FED5_97D5.zip,S1A_IW_GRDH_1SDV_20160405T102459_20160405T102528_010685_00FED5_97D5/Patch_Uint8/Visual_Tanker_x5796_y11587_vv.tif,S1A_IW_GRDH_1SDV_20160405T102459_20160405T102528_010685_00FED5_97D5/Patch_Uint8/Visual_Tanker_x5796_y11587_vh.tif,1702,c54e2593eea3c57765e35cd27dcdc9429334b4f3e7444e6b75fb7511d8d6be7e
S1A_IW_GRDH_1SDV_20160405T102459_20160405T102528_010685_00FED5_97D5/5827_11633,Tanker,4,opensar_zip,OpenSARShip_1/S1A_IW_GRDH_1SDV_20160405T102459_20160405T102528_010685_00FED5_97D5.zip,S1A_IW_GRDH_1SDV_20160405T102459_20160405T102528_010685_00FED5_97D5/Patch_Uint8/Visual_Tanker_x5827_y11633_vv.tif,S1A_IW_GRDH_1SDV_20160405T102459_20160405T102528_010685_00FED5_97D5/Patch_Uint8/Visual_Tanker_x5827_y11633_vh.tif,2646,56aa2e597fc8fe4ebac78c0f52d8cd9c475f4eb661b863b0be8737cff83986d6
S1A_IW_GRDH_1SDV_20160405T102459_20160405T102528_010685_00FED5_97D5/5828_11546,Tanker,4,opensar_zip,OpenSARShip_1/S1A_IW_GRDH_1SDV_20160405T102459_20160405T102528_010685_00FED5_97D5.zip,S1A_IW_GRDH_1SDV_20160405T102459_20160405T102528_010685_00FED5_97D5/Patch_Uint8/Visual_Tanker_x5828_y11546_vv.tif,S1A_IW_GRDH_1SDV_20160405T102459_20160405T102528_010685_00FED5_97D5/Patch_Uint8/Visual_Tanker_x5828_y11546_vh.tif,3216,b8b660ca4b11572c2d5579244bb58005ae73e888eebd1fa6f47492f31b3474e3
S1A_IW_GRDH_1SDV_20160405T102459_20160405T102528_010685_00FED5_97D5/5862_11586,Tanker,4,opensar_zip,OpenSARShip_1/S1A_IW_GRDH_1SDV_20160405T102459_20160405T102528_010685_00FED5_97D5.zip,S1A_IW_GRDH_1SDV_20160405T102459_20160405T102528_010685_00FED5_97D5/Patch_Uint8/Visual_Other Type_x5862_y11586_vv.tif,S1A_IW_GRDH_1SDV_20160405T102459_20160405T102528_010685_00FED5_97D5/Patch_Uint8/Visual_Other Type_x5862_y11586_vh.tif,3668,745b201aae4ba5bf7ff8f70063308838773b5a19cbe72159d94deeeb3ff1ea52
S1A_IW_GRDH_1SDV_20160405T102459_20160405T102528_010685_00FED5_97D5/5907_11594,Tanker,4,opensar_zip,OpenSARShip_1/S1A_IW_GRDH_1SDV_20160405T102459_20160405T102528_010685_00FED5_97D5.zip,S1A_IW_GRDH_1SDV_20160405T102459_20160405T102528_010685_00FED5_97D5/Patch_Uint8/Visual_Other Type_x5907_y11594_vv.tif,S1A_IW_GRDH_1SDV_20160405T102459_20160405T102528_010685_00FED5_97D5/Patch_Uint8/Visual_Other Type_x5907_y11594_vh.tif,2648,7f484db577c0189ebbf584339e3512ba61e49901ba8fe96b97f2c329435d6dd8
S1A_IW_GRDH_1SDV_20160405T102459_20160405T102528_010685_00FED5_97D5/6108_7892,Container Ship,1,opensar_zip,OpenSARShip_1/S1A_IW_GRDH_1SDV_20160405T102459_20160405T102528_010685_00FED5_97D5.zip,S1A_IW_GRDH_1SDV_20160405T102459_20160405T102528_010685_00FED5_97D5/Patch_Uint8/Visual_Cargo_x6108_y7892_vv.tif,S1A_IW_GRDH_1SDV_20160405T102459_20160405T102528_010685_00FED5_97D5/Patch_Uint8/Visual_Cargo_x6108_y7892_vh.tif,5322,93a09fae0eb5ad08d0f92450364f7a71046731e0927827c8754aced0d3d7d90f
S1A_IW_GRDH_1SDV_20160405T102459_20160405T102528_010685_00FED5_97D5/618_7092,Container Ship,1,opensar_zip,OpenSARShip_1/S1A_IW_GRDH_1SDV_20160405T102459_20160405T102528_010685_00FED5_97D5.zip,S1A_IW_GRDH_1SDV_20160405T102459_20160405T102528_010685_00FED5_97D5/Patch_Uint8/Visual_Cargo_x618_y7092_vv.tif,S1A_IW_GRDH_1SDV_20160405T102459_20160405T102528_010685_00FED5_97D5/Patch_Uint8/Visual_Cargo_x618_y7092_vh.tif,22716,9e6bcb049e4f97857032266c3014b66ac7cd43a0f9bc2f83339ca6333f833166
S1A_IW_GRDH_1SDV_20160405T102459_20160405T102528_010685_00FED5_97D5/6323_12052,Dredger,2,opensar_zip,OpenSARShip_1/S1A_IW_GRDH_1SDV_20160405T102459_20160405T102528_010685_00FED5_97D5.zip,S1A_IW_GRDH_1SDV_20160405T102459_20160405T102528_010685_00FED5_97D5/Patch_Uint8/Visual_Other Type_x6323_y12052_vv.tif,S1A_IW_GRDH_1SDV_20160405T102459_20160405T102528_010685_00FED5_97D5/Patch_Uint8/Visual_Other Type_x6323_y12052_vh.tif,3796,4a107cc98bb5037eb52f4b42e6db27de4b66628a7395961aaff35390cc7c232f
S1A_IW_GRDH_1SDV_20160405T102459_20160405T102528_010685_00FED5_97D5/6390_10852,Dredger,2,opensar_zip,OpenSARShip_1/S1A_IW_GRDH_1SDV_20160405T102459_20160405T102528_010685_00FED5_97D5.zip,S1A_IW_GRDH_1SDV_20160405T102459_20160405T102528_010685_00FED5_97D5/Patch_Uint8/Visual_Other Type_x6390_y10852_vv.tif,S1A_IW_GRDH_1SDV_20160405T102459_20160405T102528_010685_00FED5_97D5/Patch_Uint8/Visual_Other Type_x6390_y10852_vh.tif,2140,f82b5c52707dfc252f3e6d0db483120500bf35de333b9e5ebfb91a92c590d624
S1A_IW_GRDH_1SDV_20160405T102459_20160405T102528_010685_00FED5_97D5/6478_8443,Container Ship,1,opensar_zip,OpenSARShip_1/S1A_IW_GRDH_1SDV_20160405T102459_20160405T102528_010685_00FED5_97D5.zip,S1A_IW_GRDH_1SDV_20160405T102459_20160405T102528_010685_00FED5_97D5/Patch_Uint8/Visual_Cargo_x6478_y8443_vv.tif,S1A_IW_GRDH_1SDV_20160405T102459_20160405T102528_010685_00FED5_97D5/Patch_Uint8/Visual_Cargo_x6478_y8443_vh.tif,18924,7786124f4def8116fdff4e608b6ccd7c13c93afe020eec85188e4f1cfcb2e400
S1A_IW_GRDH_1SDV_20160405T102459_20160405T102528_010685_00FED5_97D5/6602_11975,Tanker,4,opensar_zip,OpenSARShip_1/S1A_IW_GRDH_1SDV_20160405T102459_20160405T102528_010685_00FED5_97D5.zip,S1A_IW_GRDH_1SDV_20160405T102459_20160405T102528_010685_00FED5_97D5/Patch_Uint8/Visual_Tanker_x6602_y11975_vv.tif,S1A_IW_GRDH_1SDV_20160405T102459_20160405T102528_010685_00FED5_97D5/Patch_Uint8/Visual_Tanker_x6602_y11975_vh.tif,3202,67c7bd86fae6bd26132a6f1d134ecb935758c2bf34d0aec37fc828fae1b7a8ef
S1A_IW_GRDH_1SDV_20160405T102459_20160405T102528_010685_00FED5_97D5/6637_11940,Tanker,4,opensar_zip,OpenSARShip_1/S1A_IW_GRDH_1SDV_20160405T102459_20160405T102528_010685_00FED5_97D5.zip,S1A_IW_GRDH_1SDV_20160405T102459_20160405T102528_010685_00FED5_97D5/Patch_Uint8/Visual_Tanker_x6637_y11940_vv.tif,S1A_IW_GRDH_1SDV_20160405T102459_20160405T102528_010685_00FED5_97D5/Patch_Uint8/Visual_Tanker_x6637_y11940_vh.tif,4554,2546a3f1cc622e2a7b0371a44b70c83ae95b252d368eca9fe76cbb00fe90d42a
S1A_IW_GRDH_1SDV_20160405T102459_20160405T102528_010685_00FED5_97D5/664_6687,Container Ship,1,opensar_zip,OpenSARShip_1/S1A_IW_GRDH_1SDV_20160405T102459_20160405T102528_010685_00FED5_97D5.zip,S1A_IW_GRDH_1SDV_20160405T102459_20160405T102528_010685_00FED5_97D5/Patch_Uint8/Visual_Cargo_x664_y6687_vv.tif,S1A_IW_GRDH_1SDV_20160405T102459_20160405T102528_010685_00FED5_97D5/Patch_Uint8/Visual_Cargo_x664_y6687_vh.tif,33484,602e78de50d258aea6757aa1acb01601e8fc54ae69ce0505d3082f0d5708fd4d
S1A_IW_GRDH_1SDV_20160405T102459_20160405T102528_010685_00FED5_97D5/6658_11902,Tanker,4,opensar_zip,OpenSARShip_1/S1A_IW_GRDH_1SDV_20160405T102459_20160405T102528_010685_00FED5_97D5.zip,S1A_IW_GRDH_1SDV_20160405T102459_20160405T102528_010685_00FED5_97D5/Patch_Uint8/Visual_Tanker_x6658_y11902_vv.tif,S1A_IW_GRDH_1SDV_20160405T102459_20160405T102528_010685_00FED5_97D5/Patch_Uint8/Visual_Tanker_x6658_y11902_vh.tif,3844,a580e36dd53582894c5589e289bc56a87d4b645643cc207db29846c48f0a96c0
S1A_IW_GRDH_1SDV_20160405T102459_20160405T102528_010685_00FED5_97D5/6713_12046,Tanker,4,opensar_zip,OpenSARShip_1/S1A_IW_GRDH_1SDV_20160405T102459_20160405T102528_010685_00FED5_97D5.zip,S1A_IW_GRDH_1SDV_20160405T102459_20160405T102528_010685_00FED5_97D5/Patch_Uint8/Visual_Tanker_x6713_y12046_vv.tif,S1A_IW_GRDH_1SDV_20160405T102459_20160405T102528_010685_00FED5_97D5/Patch_Uint8/Visual_Tanker_x6713_y12046_vh.tif,1320,ee79d0e0e1da9a41e4497b577caf7f827866108e22db2634c94e9a27c534e384
S1A_IW_GRDH_1SDV_20160405T102459_20160405T102528_010685_00FED5_97D5/7032_6319,Container Ship,1,opensar_zip,OpenSARShip_1/S1A_IW_GRDH_1SDV_20160405T102459_20160405T102528_010685_00FED5_97D5.zip,S1A_IW_GRDH_1SDV_20160405T102459_20160405T102528_010685_00FED5_97D5/Patch_Uint8/Visual_Cargo_x7032_y6319_vv.tif,S1A_IW_GRDH_1SDV_20160405T102459_20160405T102528_010685_00FED5_97D5/Patch_Uint8/Visual_Cargo_x7032_y6319_vh.tif,8590,3feef970e9aa75229dba96583e2cb3955e8fc231a256dd571fd04212336d94f5
S1A_IW_GRDH_1SDV_20160405T102459_20160405T102528_010685_00FED5_97D5/706_7172,Bulk Carrier,0,opensar_zip,OpenSARShip_1/S1A_IW_GRDH_1SDV_20160405T102459_20160405T102528_010685_00FED5_97D5.zip,S1A_IW_GRDH_1SDV_20160405T102459_20160405T102528_010685_00FED5_97D5/Patch_Uint8/Visual_Cargo_x706_y7172_vv.tif,S1A_IW_GRDH_1SDV_20160405T102459_20160405T102528_010685_00FED5_97D5/Patch_Uint8/Visual_Cargo_x706_y7172_vh.tif,12488,ab91d5e6aa2b5c4a7b9d76b49d9ebb8f68378cc3812fc4244b5428096bebb74a
S1A_IW_GRDH_1SDV_20160405T102459_20160405T102528_010685_00FED5_97D5/716_7081,Container Ship,1,opensar_zip,OpenSARShip_1/S1A_IW_GRDH_1SDV_20160405T102459_20160405T102528_010685_00FED5_97D5.zip,S1A_IW_GRDH_1SDV_20160405T102459_20160405T102528_010685_00FED5_97D5/Patch_Uint8/Visual_Cargo_x716_y7081_vv.tif,S1A_IW_GRDH_1SDV_20160405T102459_20160405T102528_010685_00FED5_97D5/Patch_Uint8/Visual_Cargo_x716_y7081_vh.tif,19314,c6a1aac702f1e5e3145c4be5e1fe1188b4de2bb782c59b54740319f78e228e33
S1A_IW_GRDH_1SDV_20160405T102459_20160405T102528_010685_00FED5_97D5/7505_7501,Tanker,4,opensar_zip,OpenSARShip_1/S1A_IW_GRDH_1SDV_20160405T102459_20160405T102528_010685_00FED5_97D5.zip,S1A_IW_GRDH_1SDV_20160405T102459_20160405T102528_010685_00FED5_97D5/Patch_Uint8/Visual_Tanker_x7505_y7501_vv.tif,S1A_IW_GRDH_1SDV_20160405T102459_20160405T102528_010685_00FED5_97D5/Patch_Uint8/Visual_Tanker_x7505_y7501_vh.tif,2650,972defd98deb52015dfb3025e90413fd7287f02ff910599f524208418c9530eb
S1A_IW_GRDH_1SDV_20160405T102459_20160405T102528_010685_00FED5_97D5/767_7719,Container Ship,1,opensar_zip,OpenSARShip_1/S1A_IW_GRDH_1SDV_20160405T102459_20160405T102528_010685_00FED5_97D5.zip,S1A_IW_GRDH_1SDV_20160405T102459_20160405T102528_010685_00FED5_97D5/Patch_Uint8/Visual_Cargo_x767_y7719_vv.tif,S1A_IW_GRDH_1SDV_20160405T102459_20160405T102528_010685_00FED5_97D5/Patch_Uint8/Visual_Cargo_x767_y7719_vh.tif,14310,2ff56a7d613e07f97117fffe7ef4d3ab0fa3c42007d57703d1b22d20fd460518
S1A_IW_GRDH_1SDV_20160405T102459_20160405T102528_010685_00FED5_97D5/7801_6719,Container Ship,1,opensar_zip,OpenSARShip_1/S1A_IW_GRDH_1SDV_20160405T102459_20160405T102528_010685_00FED5_97D5.zip,S1A_IW_GRDH_1SDV_20160405T102459_20160405T102528_010685_00FED5_97D5/Patch_Uint8/Visual_Cargo_x7801_y6719_vv.tif,S1A_IW_GRDH_1SDV_20160405T102459_20160405T102528_010685_00FED5_97D5/Patch_Uint8/Visual_Cargo_x7801_y6719_vh.tif,17916,d9276c1bb61093223d1cae724cd46405bd82cf29023a6f3f284912d19e815ec9
S1A_IW_GRDH_1SDV_20160405T102459_20160405T102528_010685_00FED5_97D5/7909_5729,Bulk Carrier,0,opensar_zip,OpenSARShip_1/S1A_IW_GRDH_1SDV_20160405T102459_20160405T102528_010685_00FED5_97D5.zip,S1A_IW_GRDH_1SDV_20160405T102459_20160405T102528_010685_00FED5_97D5/Patch_Uint8/Visual_Cargo_x7909_y5729_vv.tif,S1A_IW_GRDH_1SDV_20160405T102459_20160405T102528_010685_00FED5_97D5/Patch_Uint8/Visual_Cargo_x7909_y5729_vh.tif,10078,59497cbc9e8216b5b49df06acbfad22e219a5c8b1afbbb233557765c0fc0b341
S1A_IW_GRDH_1SDV_20160405T102459_20160405T102528_010685_00FED5_97D5/8042_9369,Tanker,4,opensar_zip,OpenSARShip_1/S1A_IW_GRDH_1SDV_20160405T102459_20160405T102528_010685_00FED5_97D5.zip,S1A_IW_GRDH_1SDV_20160405T102459_20160405T102528_010685_00FED5_97D5/Patch_Uint8/Visual_Tanker_x8042_y9369_vv.tif,S1A_IW_GRDH_1SDV_20160405T102459_20160405T102528_010685_00FED5_97D5/Patch_Uint8/Visual_Tanker_x8042_y9369_vh.tif,1700,d64b4553d8c3c2e2c971a6b51f3f3fa58eccf07be15655ad090fdd4f42c8847f
S1A_IW_GRDH_1SDV_20160405T102459_20160405T102528_010685_00FED5_97D5/811_6731,Container Ship,1,opensar_zip,OpenSARShip_1/S1A_IW_GRDH_1SDV_20160405T102459_20160405T102528_010685_00FED5_97D5.zip,S1A_IW_GRDH_1SDV_20160405T102459_20160405T102528_010685_00FED5_97D5/Patch_Uint8/Visual_Cargo_x811_y6731_vv.tif,S1A_IW_GRDH_1SDV_20160405T102459_20160405T102528_010685_00FED5_97D5/Patch_Uint8/Visual_Cargo_x811_y6731_vh.tif,23686,6ada51f6b8c36e6a641adc373ff5a9dfa414b5e8337c583ee9d3dbd8c920662f
S1A_IW_GRDH_1SDV_20160405T102459_20160405T102528_010685_00FED5_97D5/8170_8212,Tanker,4,opensar_zip,OpenSARShip_1/S1A_IW_GRDH_1SDV_20160405T102459_20160405T102528_010685_00FED5_97D5.zip,S1A_IW_GRDH_1SDV_20160405T102459_20160405T102528_010685_00FED5_97D5/Patch_Uint8/Visual_Tanker_x8170_y8212_vv.tif,S1A_IW_GRDH_1SDV_20160405T102459_20160405T102528_010685_00FED5_97D5/Patch_Uint8/Visual_Tanker_x8170_y8212_vh.tif,1700,22055360f53126e8bc3dcef003666206659f77dc27ed726f83fd782547190430
S1A_IW_GRDH_1SDV_20160405T102459_20160405T102528_010685_00FED5_97D5/8780_10478,Fishing,3,opensar_zip,OpenSARShip_1/S1A_IW_GRDH_1SDV_20160405T102459_20160405T102528_010685_00FED5_97D5.zip,S1A_IW_GRDH_1SDV_20160405T102459_20160405T102528_010685_00FED5_97D5/Patch_Uint8/Visual_Other Type_x8780_y10478_vv.tif,S1A_IW_GRDH_1SDV_20160405T102459_20160405T102528_010685_00FED5_97D5/Patch_Uint8/Visual_Other Type_x8780_y10478_vh.tif,760,a96a49e9265811f1ea0205b478f8a84a6884623b85c9fa8ff8e124d3cf334559
S1A_IW_GRDH_1SDV_20160405T102459_20160405T102528_010685_00FED5_97D5/921_6637,Container Ship,1,opensar_zip,OpenSARShip_1/S1A_IW_GRDH_1SDV_20160405T102459_20160405T102528_010685_00FED5_97D5.zip,S1A_IW_GRDH_1SDV_20160405T102459_20160405T102528_010685_00FED5_97D5/Patch_Uint8/Visual_Cargo_x921_y6637_vv.tif,S1A_IW_GRDH_1SDV_20160405T102459_20160405T102528_010685_00FED5_97D5/Patch_Uint8/Visual_Cargo_x921_y6637_vh.tif,16928,eeb6f374b72ec650967d08acf9107d3cc6feb9d8f4299271b7f1f8e6c1105e2a
S1A_IW_GRDH_1SDV_20160405T102459_20160405T102528_010685_00FED5_97D5/9973_8505,Tanker,4,opensar_zip,OpenSARShip_1/S1A_IW_GRDH_1SDV_20160405T102459_20160405T102528_010685_00FED5_97D5.zip,S1A_IW_GRDH_1SDV_20160405T102459_20160405T102528_010685_00FED5_97D5/Patch_Uint8/Visual_Tanker_x9973_y8505_vv.tif,S1A_IW_GRDH_1SDV_20160405T102459_20160405T102528_010685_00FED5_97D5/Patch_Uint8/Visual_Tanker_x9973_y8505_vh.tif,3220,a81ab6070150369a506eec13b355c2dda305afd895c1ecdeaf5941b2150505e1
S1A_IW_GRDH_1SDV_20160407T221226_20160407T221251_010721_00FFEA_ADBD/10278_13508,Bulk Carrier,0,opensar_zip,OpenSARShip_1/S1A_IW_GRDH_1SDV_20160407T221226_20160407T221251_010721_00FFEA_ADBD.zip,S1A_IW_GRDH_1SDV_20160407T221226_20160407T221251_010721_00FFEA_ADBD/Patch_Uint8/Visual_Cargo_x10278_y13508_vv.tif,S1A_IW_GRDH_1SDV_20160407T221226_20160407T221251_010721_00FFEA_ADBD/Patch_Uint8/Visual_Cargo_x10278_y13508_vh.tif,5906,045c40d750a4a498b778c2a7c550440214023e7fe75730fdca76e15e11abe43c
S1A_IW_GRDH_1SDV_20160407T221226_20160407T221251_010721_00FFEA_ADBD/10517_13938,Bulk Carrier,0,opensar_zip,OpenSARShip_1/S1A_IW_GRDH_1SDV_20160407T221226_20160407T221251_010721_00FFEA_ADBD.zip,S1A_IW_GRDH_1SDV_20160407T221226_20160407T221251_010721_00FFEA_ADBD/Patch_Uint8/Visual_Cargo_x10517_y13938_vv.tif,S1A_IW_GRDH_1SDV_20160407T221226_20160407T221251_010721_00FFEA_ADBD/Patch_Uint8/Visual_Cargo_x10517_y13938_vh.tif,8600,ede64ea7d266778aabcedb41899592e7e70b19e825c805cbfdafabe8904b5bf0
S1A_IW_GRDH_1SDV_20160407T221226_20160407T221251_010721_00FFEA_ADBD/10628_13668,Bulk Carrier,0,opensar_zip,OpenSARShip_1/S1A_IW_GRDH_1SDV_20160407T221226_20160407T221251_010721_00FFEA_ADBD.zip,S1A_IW_GRDH_1SDV_20160407T221226_20160407T221251_010721_00FFEA_ADBD/Patch_Uint8/Visual_Cargo_x10628_y13668_vv.tif,S1A_IW_GRDH_1SDV_20160407T221226_20160407T221251_010721_00FFEA_ADBD/Patch_Uint8/Visual_Cargo_x10628_y13668_vh.tif,3128,3cbafdae17623b4995e664590cdf5f38e414415e07411ad4ac87ab8408ad1eea
S1A_IW_GRDH_1SDV_20160407T221226_20160407T221251_010721_00FFEA_ADBD/10645_13904,Bulk Carrier,0,opensar_zip,OpenSARShip_1/S1A_IW_GRDH_1SDV_20160407T221226_20160407T221251_010721_00FFEA_ADBD.zip,S1A_IW_GRDH_1SDV_20160407T221226_20160407T221251_010721_00FFEA_ADBD/Patch_Uint8/Visual_Cargo_x10645_y13904_vv.tif,S1A_IW_GRDH_1SDV_20160407T221226_20160407T221251_010721_00FFEA_ADBD/Patch_Uint8/Visual_Cargo_x10645_y13904_vh.tif,5494,8532f522aa073a0da25b9ec0f77bfbb92520009d4be62fd832b96cd968e59de3
S1A_IW_GRDH_1SDV_20160407T221226_20160407T221251_010721_00FFEA_ADBD/1518_15028,Bulk Carrier,0,opensar_zip,OpenSARShip_1/S1A_IW_GRDH_1SDV_20160407T221226_20160407T221251_010721_00FFEA_ADBD.zip,S1A_IW_GRDH_1SDV_20160407T221226_20160407T221251_010721_00FFEA_ADBD/Patch_Uint8/Visual_Cargo_x1518_y15028_vv.tif,S1A_IW_GRDH_1SDV_20160407T221226_20160407T221251_010721_00FFEA_ADBD/Patch_Uint8/Visual_Cargo_x1518_y15028_vh.tif,13318,0648010eb63ccd105be42d8db0591d19044c9e9869e3dbd22d81f46540dcb811
S1A_IW_GRDH_1SDV_20160407T221226_20160407T221251_010721_00FFEA_ADBD/1618_11297,Bulk Carrier,0,opensar_zip,OpenSARShip_1/S1A_IW_GRDH_1SDV_20160407T221226_20160407T221251_010721_00FFEA_ADBD.zip,S1A_IW_GRDH_1SDV_20160407T221226_20160407T221251_010721_00FFEA_ADBD/Patch_Uint8/Visual_Cargo_x1618_y11297_vv.tif,S1A_IW_GRDH_1SDV_20160407T221226_20160407T221251_010721_00FFEA_ADBD/Patch_Uint8/Visual_Cargo_x1618_y11297_vh.tif,10230,dcc0e2b92f6ea74907d1e97019cd7384b6055a69ff9a18ff9dcfe6d612e240e8
S1A_IW_GRDH_1SDV_20160407T221226_20160407T221251_010721_00FFEA_ADBD/2258_11463,Bulk Carrier,0,opensar_zip,OpenSARShip_1/S1A_IW_GRDH_1SDV_20160407T221226_20160407T221251_010721_00FFEA_ADBD.zip,S1A_IW_GRDH_1SDV_20160407T221226_20160407T221251_010721_00FFEA_ADBD/Patch_Uint8/Visual_Cargo_x2258_y11463_vv.tif,S1A_IW_GRDH_1SDV_20160407T221226_20160407T221251_010721_00FFEA_ADBD/Patch_Uint8/Visual_Cargo_x2258_y11463_vh.tif,24254,9876b7a82fd56fc6c4338343f0062cd5aa5e2fe9bacd7bd549614462a7cae98d
S1A_IW_GRDH_1SDV_20160407T221226_20160407T221251_010721_00FFEA_ADBD/2564_14182,Bulk Carrier,0,opensar_zip,OpenSARShip_1/S1A_IW_GRDH_1SDV_20160407T221226_20160407T221251_010721_00FFEA_ADBD.zip,S1A_IW_GRDH_1SDV_20160407T221226_20160407T221251_010721_00FFEA_ADBD/Patch_Uint8/Visual_Cargo_x2564_y14182_vv.tif,S1A_IW_GRDH_1SDV_20160407T221226_20160407T221251_010721_00FFEA_ADBD/Patch_Uint8/Visual_Cargo_x2564_y14182_vh.tif,27266,cd4291280085100386ac6e015a366bb966c1a9f91d5c5914f3d570a6087f88de
S1A_IW_GRDH_1SDV_20160407T221226_20160407T221251_010721_00FFEA_ADBD/3199_14851,Tanker,4,opensar_zip,OpenSARShip_1/S1A_IW_GRDH_1SDV_20160407T221226_20160407T221251_010721_00FFEA_ADBD.zip,S1A_IW_GRDH_1SDV_20160407T221226_20160407T221251_010721_00FFEA_ADBD/Patch_Uint8/Visual_Other Type_x3199_y14851_vv.tif,S1A_IW_GRDH_1SDV_20160407T221226_20160407T221251_010721_00FFEA_ADBD/Patch_Uint8/Visual_Other Type_x3199_y14851_vh.tif,2646,8691d757b76f1d5c63c23f5bcae65eb2af44e00e65242d05b629ec7ae2c7612c
S1A_IW_GRDH_1SDV_20160407T221226_20160407T221251_010721_00FFEA_ADBD/5146_14041,Bulk Carrier,0,opensar_zip,OpenSARShip_1/S1A_IW_GRDH_1SDV_20160407T221226_20160407T221251_010721_00FFEA_ADBD.zip,S1A_IW_GRDH_1SDV_20160407T221226_20160407T221251_010721_00FFEA_ADBD/Patch_Uint8/Visual_Cargo_x5146_y14041_vv.tif,S1A_IW_GRDH_1SDV_20160407T221226_20160407T221251_010721_00FFEA_ADBD/Patch_Uint8/Visual_Cargo_x5146_y14041_vh.tif,18120,c6dc2e41d3ee009b2cf830d06fc24def171ee51cc915fdf66d4a3fc6d1fac083
S1A_IW_GRDH_1SDV_20160407T221226_20160407T221251_010721_00FFEA_ADBD/5416_13476,Bulk Carrier,0,opensar_zip,OpenSARShip_1/S1A_IW_GRDH_1SDV_20160407T221226_20160407T221251_010721_00FFEA_ADBD.zip,S1A_IW_GRDH_1SDV_20160407T221226_20160407T221251_010721_00FFEA_ADBD/Patch_Uint8/Visual_Cargo_x5416_y13476_vv.tif,S1A_IW_GRDH_1SDV_20160407T221226_20160407T221251_010721_00FFEA_ADBD/Patch_Uint8/Visual_Cargo_x5416_y13476_vh.tif,12104,c3fc24ae7206f41ad7bffcd44b5aa7eb4c012b56e5d36ed03a69b4a443346178
S1A_IW_GRDH_1SDV_20160407T221226_20160407T221251_010721_00FFEA_ADBD/5528_13585,Bulk Carrier,0,opensar_zip,OpenSARShip_1/S1A_IW_GRDH_1SDV_20160407T221226_20160407T221251_010721_00FFEA_ADBD.zip,S1A_IW_GRDH_1SDV_20160407T221226_20160407T221251_010721_00FFEA_ADBD/Patch_Uint8/Visual_Cargo_x5528_y13585_vv.tif,S1A_IW_GRDH_1SDV_20160407T221226_20160407T221251_010721_00FFEA_ADBD/Patch_Uint8/Visual_Cargo_x5528_y13585_vh.tif,25394,7fdfddd23feb8c7770d2dc66bee4d152ca70ff2528681d80d2ed43de251083ec
S1A_IW_GRDH_1SDV_20160407T221226_20160407T221251_010721_00FFEA_ADBD/5685_13503,Bulk Carrier,0,opensar_zip,OpenSARShip_1/S1A_IW_GRDH_1SDV_20160407T221226_20160407T221251_010721_00FFEA_ADBD.zip,S1A_IW_GRDH_1SDV_20160407T221226_20160407T221251_010721_00FFEA_ADBD/Patch_Uint8/Visual_Cargo_x5685_y13503_vv.tif,S1A_IW_GRDH_1SDV_20160407T221226_20160407T221251_010721_00FFEA_ADBD/Patch_Uint8/Visual_Cargo_x5685_y13503_vh.tif,24420,5eec439cb0d0d8062a9b1e1d471aefc62a546129a7174f2236d278629bb7da3f
S1A_IW_GRDH_1SDV_20160407T221226_20160407T221251_010721_00FFEA_ADBD/5752_13864,Bulk Carrier,0,opensar_zip,OpenSARShip_1/S1A_IW_GRDH_1SDV_20160407T221226_20160407T221251_010721_00FFEA_ADBD.zip,S1A_IW_GRDH_1SDV_20160407T221226_20160407T221251_010721_00FFEA_ADBD/Patch_Uint8/Visual_Cargo_x5752_y13864_vv.tif,S1A_IW_GRDH_1SDV_20160407T221226_20160407T221251_010721_00FFEA_ADBD/Patch_Uint8/Visual_Cargo_x5752_y13864_vh.tif,13310,922486159511331bb82caf8a19aa47715fae1537ee3ccb7200eb47a727a7611a
S1A_IW_GRDH_1SDV_20160407T221226_20160407T221251_010721_00FFEA_ADBD/6265_16233,Fishing,3,opensar_zip,OpenSARShip_1/S1A_IW_GRDH_1SDV_20160407T221226_20160407T221251_010721_00FFEA_ADBD.zip,S1A_IW_GRDH_1SDV_20160407T221226_20160407T221251_010721_00FFEA_ADBD/Patch_Uint8/Visual_Fishing_x6265_y16233_vv.tif,S1A_IW_GRDH_1SDV_20160407T221226_20160407T221251_010721_00FFEA_ADBD/Patch_Uint8/Visual_Fishing_x6265_y16233_vh.tif,3180,d7ecdfaa3241c23604564c00e523cce2be46dc39f367f2bfc06a9a73f055ca28
S1A_IW_GRDH_1SDV_20160407T221226_20160407T221251_010721_00FFEA_ADBD/631_12866,Bulk Carrier,0,opensar_zip,OpenSARShip_1/S1A_IW_GRDH_1SDV_20160407T221226_20160407T221251_010721_00FFEA_ADBD.zip,S1A_IW_GRDH_1SDV_20160407T221226_20160407T221251_010721_00FFEA_ADBD/Patch_Uint8/Visual_Cargo_x631_y12866_vv.tif,S1A_IW_GRDH_1SDV_20160407T221226_20160407T221251_010721_00FFEA_ADBD/Patch_Uint8/Visual_Cargo_x631_y12866_vh.tif,26104,2dd1303b8156087ee91b50d20ed857ef394455f12ba43f9a8b8ca925ec19717c
S1A_IW_GRDH_1SDV_20160407T221226_20160407T221251_010721_00FFEA_ADBD/7092_16074,Tanker,4,opensar_zip,OpenSARShip_1/S1A_IW_GRDH_1SDV_20160407T221226_20160407T221251_010721_00FFEA_ADBD.zip,S1A_IW_GRDH_1SDV_20160407T221226_20160407T221251_010721_00FFEA_ADBD/Patch_Uint8/Visual_Tanker_x7092_y16074_vv.tif,S1A_IW_GRDH_1SDV_20160407T221226_20160407T221251_010721_00FFEA_ADBD/Patch_Uint8/Visual_Tanker_x7092_y16074_vh.tif,1316,94a084bf6fe45b3270b7fc3a7e7c2820d0ccaa9ba8a19dcaad858e2f11edd81e
S1A_IW_GRDH_1SDV_20160407T221226_20160407T221251_010721_00FFEA_ADBD/7773_13805,Dredger,2,opensar_zip,OpenSARShip_1/S1A_IW_GRDH_1SDV_20160407T221226_20160407T221251_010721_00FFEA_ADBD.zip,S1A_IW_GRDH_1SDV_20160407T221226_20160407T221251_010721_00FFEA_ADBD/Patch_Uint8/Visual_Other Type_x7773_y13805_vv.tif,S1A_IW_GRDH_1SDV_20160407T221226_20160407T221251_010721_00FFEA_ADBD/Patch_Uint8/Visual_Other Type_x7773_y13805_vh.tif,3838,5174fa5344a8d1dc900e6c4b82f8b952dc2375d70fafbe1c2186357813f5932d
S1A_IW_GRDH_1SDV_20160407T221226_20160407T221251_010721_00FFEA_ADBD/7817_13982,Bulk Carrier,0,opensar_zip,OpenSARShip_1/S1A_IW_GRDH_1SDV_20160407T221226_20160407T221251_010721_00FFEA_ADBD.zip,S1A_IW_GRDH_1SDV_20160407T221226_20160407T221251_010721_00FFEA_ADBD/Patch_Uint8/Visual_Cargo_x7817_y13982_vv.tif,S1A_IW_GRDH_1SDV_20160407T221226_20160407T221251_010721_00FFEA_ADBD/Patch_Uint8/Visual_Cargo_x7817_y13982_vh.tif,5602,71ae10d190378b84fe6640aaad3a2e59a82ba2bf6514c8afdff9957ffb6b3245
S1A_IW_GRDH_1SDV_20160407T221226_20160407T221251_010721_00FFEA_ADBD/8056_14231,Bulk Carrier,0,opensar_zip,OpenSARShip_1/S1A_IW_GRDH_1SDV_20160407T221226_20160407T221251_010721_00FFEA_ADBD.zip,S1A_IW_GRDH_1SDV_20160407T221226_20160407T221251_010721_00FFEA_ADBD/Patch_Uint8/Visual_Cargo_x8056_y14231_vv.tif,S1A_IW_GRDH_1SDV_20160407T221226_20160407T221251_010721_00FFEA_ADBD/Patch_Uint8/Visual_Cargo_x8056_y14231_vh.tif,11722,e993c40ebd5202b78e50b66a57f7baea366f529b1ebdaebafa5d8460341049a2
S1A_IW_GRDH_1SDV_20160407T221226_20160407T221251_010721_00FFEA_ADBD/8206_14070,Bulk Carrier,0,opensar_zip,OpenSARShip_1/S1A_IW_GRDH_1SDV_20160407T221226_20160407T221251_010721_00FFEA_ADBD.zip,S1A_IW_GRDH_1SDV_20160407T221226_20160407T221251_010721_00FFEA_ADBD/Patch_Uint8/Visual_Cargo_x8206_y14070_vv.tif,S1A_IW_GRDH_1SDV_20160407T221226_20160407T221251_010721_00FFEA_ADBD/Patch_Uint8/Visual_Cargo_x8206_y14070_vh.tif,11978,9ea0ec56d0a484ded978f8353a31f210e2af0699dbac4509014137571ba3aeb7
S1A_IW_GRDH_1SDV_20160407T221226_20160407T221251_010721_00FFEA_ADBD/8711_14047,Container Ship,1,opensar_zip,OpenSARShip_1/S1A_IW_GRDH_1SDV_20160407T221226_20160407T221251_010721_00FFEA_ADBD.zip,S1A_IW_GRDH_1SDV_20160407T221226_20160407T221251_010721_00FFEA_ADBD/Patch_Uint8/Visual_Cargo_x8711_y14047_vv.tif,S1A_IW_GRDH_1SDV_20160407T221226_20160407T221251_010721_00FFEA_ADBD/Patch_Uint8/Visual_Cargo_x8711_y14047_vh.tif,16512,022b50f6ace768a1019ee470ef418bce2ab7f13a1040bdc4a78ea1a8dd67e719
S1A_IW_GRDH_1SDV_20160407T221226_20160407T221251_010721_00FFEA_ADBD/8816_14378,Bulk Carrier,0,opensar_zip,OpenSARShip_1/S1A_IW_GRDH_1SDV_20160407T221226_20160407T221251_010721_00FFEA_ADBD.zip,S1A_IW_GRDH_1SDV_20160407T221226_20160407T221251_010721_00FFEA_ADBD/Patch_Uint8/Visual_Cargo_x8816_y14378_vv.tif,S1A_IW_GRDH_1SDV_20160407T221226_20160407T221251_010721_00FFEA_ADBD/Patch_Uint8/Visual_Cargo_x8816_y14378_vh.tif,17194,ac1b72f042b1af584862b75b27da7ee10b043927c7523d12002ea4c2490107bf
S1A_IW_GRDH_1SDV_20160407T221226_20160407T221251_010721_00FFEA_ADBD/8857_14227,Container Ship,1,opensar_zip,OpenSARShip_1/S1A_IW_GRDH_1SDV_20160407T221226_20160407T221251_010721_00FFEA_ADBD.zip,S1A_IW_GRDH_1SDV_20160407T221226_20160407T221251_010721_00FFEA_ADBD/Patch_Uint8/Visual_Cargo_x8857_y14227_vv.tif,S1A_IW_GRDH_1SDV_20160407T221226_20160407T221251_010721_00FFEA_ADBD/Patch_Uint8/Visual_Cargo_x8857_y14227_vh.tif,19798,684dceb7cffb7cb16eaa26e3b6db05a34249c39c40d207885feea6dfe3625b3a
S1A_IW_GRDH_1SDV_20160407T221226_20160407T221251_010721_00FFEA_ADBD/8993_14393,Bulk Carrier,0,opensar_zip,OpenSARShip_1/S1A_IW_GRDH_1SDV_20160407T221226_20160407T221251_010721_00FFEA_ADBD.zip,S1A_IW_GRDH_1SDV_20160407T221226_20160407T221251_010721_00FFEA_ADBD/Patch_Uint8/Visual_Cargo_x8993_y14393_vv.tif,S1A_IW_GRDH_1SDV_20160407T221226_20160407T221251_010721_00FFEA_ADBD/Patch_Uint8/Visual_Cargo_x8993_y14393_vh.tif,8254,c1d552bc5546c825799953b6e4673085da8f4029fb16d16a81f426bbef5558b8
S1A_IW_GRDH_1SDV_20160407T221226_20160407T221251_010721_00FFEA_ADBD/9050_14118,Bulk Carrier,0,opensar_zip,OpenSARShip_1/S1A_IW_GRDH_1SDV_20160407T221226_20160407T221251_010721_00FFEA_ADBD.zip,S1A_IW_GRDH_1SDV_20160407T221226_20160407T221251_010721_00FFEA_ADBD/Patch_Uint8/Visual_Cargo_x9050_y14118_vv.tif,S1A_IW_GRDH_1SDV_20160407T221226_20160407T221251_010721_00FFEA_ADBD/Patch_Uint8/Visual_Cargo_x9050_y14118_vh.tif,12718,f40421b95729d5b8c250c3476a4033e0611a1e03d80ab294078d209415382cc5
S1A_IW_GRDH_1SDV_20160407T221226_20160407T221251_010721_00FFEA_ADBD/9167_15134,Tanker,4,opensar_zip,OpenSARShip_1/S1A_IW_GRDH_1SDV_20160407T221226_20160407T221251_010721_00FFEA_ADBD.zip,S1A_IW_GRDH_1SDV_20160407T221226_20160407T221251_010721_00FFEA_ADBD/Patch_Uint8/Visual_Tanker_x9167_y15134_vv.tif,S1A_IW_GRDH_1SDV_20160407T221226_20160407T221251_010721_00FFEA_ADBD/Patch_Uint8/Visual_Tanker_x9167_y15134_vh.tif,15802,a11f9e70199ae89e776a49f48684508b99b68f28014b9060ea91ebe46a26a6b5
S1A_IW_GRDH_1SDV_20160407T221226_20160407T221251_010721_00FFEA_ADBD/9168_14053,Bulk Carrier,0,opensar_zip,OpenSARShip_1/S1A_IW_GRDH_1SDV_20160407T221226_20160407T221251_010721_00FFEA_ADBD.zip,S1A_IW_GRDH_1SDV_20160407T221226_20160407T221251_010721_00FFEA_ADBD/Patch_Uint8/Visual_Cargo_x9168_y14053_vv.tif,S1A_IW_GRDH_1SDV_20160407T221226_20160407T221251_010721_00FFEA_ADBD/Patch_Uint8/Visual_Cargo_x9168_y14053_vh.tif,12822,c5095e987cb9dc620545a6f503293904a0b49fe36634f2a9332891c4fd52bdf4
S1A_IW_GRDH_1SDV_20160407T221226_20160407T221251_010721_00FFEA_ADBD/9213_14226,Bulk Carrier,0,opensar_zip,OpenSARShip_1/S1A_IW_GRDH_1SDV_20160407T221226_20160407T221251_010721_00FFEA_ADBD.zip,S1A_IW_GRDH_1SDV_20160407T221226_20160407T221251_010721_00FFEA_ADBD/Patch_Uint8/Visual_Cargo_x9213_y14226_vv.tif,S1A_IW_GRDH_1SDV_20160407T221226_20160407T221251_010721_00FFEA_ADBD/Patch_Uint8/Visual_Cargo_x9213_y14226_vh.tif,12122,2edd1b8ba41b93e1649354e470fa9a94d0456b182aa7a67c2dc802badcb237d6
S1A_IW_GRDH_1SDV_20160407T221226_20160407T221251_010721_00FFEA_ADBD/9324_14027,Bulk Carrier,0,opensar_zip,OpenSARShip_1/S1A_IW_GRDH_1SDV_20160407T221226_20160407T221251_010721_00FFEA_ADBD.zip,S1A_IW_GRDH_1SDV_20160407T221226_20160407T221251_010721_00FFEA_ADBD/Patch_Uint8/Visual_Cargo_x9324_y14027_vv.tif,S1A_IW_GRDH_1SDV_20160407T221226_20160407T221251_010721_00FFEA_ADBD/Patch_Uint8/Visual_Cargo_x9324_y14027_vh.tif,11782,54fbc6592b6f20c71ebe849467e6127bb6dfd4897c174955aa4c90456f25cda7
S1A_IW_GRDH_1SDV_20160407T221226_20160407T221251_010721_00FFEA_ADBD/9482_13691,Bulk Carrier,0,opensar_zip,OpenSARShip_1/S1A_IW_GRDH_1SDV_20160407T221226_20160407T221251_010721_00FFEA_ADBD.zip,S1A_IW_GRDH_1SDV_20160407T221226_20160407T221251_010721_00FFEA_ADBD/Patch_Uint8/Visual_Cargo_x9482_y13691_vv.tif,S1A_IW_GRDH_1SDV_20160407T221226_20160407T221251_010721_00FFEA_ADBD/Patch_Uint8/Visual_Cargo_x9482_y13691_vh.tif,7324,813a500b41cdb3599c0ac5d25264b1dc88cbe50cd63b17da84e7c4d7b4315262
S1A_IW_GRDH_1SDV_20160407T221226_20160407T221251_010721_00FFEA_ADBD/9547_14218,Bulk Carrier,0,opensar_zip,OpenSARShip_1/S1A_IW_GRDH_1SDV_20160407T221226_20160407T221251_010721_00FFEA_ADBD.zip,S1A_IW_GRDH_1SDV_20160407T221226_20160407T221251_010721_00FFEA_ADBD/Patch_Uint8/Visual_Cargo_x9547_y14218_vv.tif,S1A_IW_GRDH_1SDV_20160407T221226_20160407T221251_010721_00FFEA_ADBD/Patch_Uint8/Visual_Cargo_x9547_y14218_vh.tif,6660,f2859921b2b3c60258c9847a77d18b491e5ee2430f50862488a4ae5bcf99bb4f
S1A_IW_GRDH_1SDV_20160407T221226_20160407T221251_010721_00FFEA_ADBD/9610_13962,Bulk Carrier,0,opensar_zip,OpenSARShip_1/S1A_IW_GRDH_1SDV_20160407T221226_20160407T221251_010721_00FFEA_ADBD.zip,S1A_IW_GRDH_1SDV_20160407T221226_20160407T221251_010721_00FFEA_ADBD/Patch_Uint8/Visual_Cargo_x9610_y13962_vv.tif,S1A_IW_GRDH_1SDV_20160407T221226_20160407T221251_010721_00FFEA_ADBD/Patch_Uint8/Visual_Cargo_x9610_y13962_vh.tif,11684,9abc6d1f7e5a82932f115e36faaee899f2bbc131993278ae63ef3a1eff418d1b
S1A_IW_GRDH_1SDV_20160407T221226_20160407T221251_010721_00FFEA_ADBD/9896_14003,Bulk Carrier,0,opensar_zip,OpenSARShip_1/S1A_IW_GRDH_1SDV_20160407T221226_20160407T221251_010721_00FFEA_ADBD.zip,S1A_IW_GRDH_1SDV_20160407T221226_20160407T221251_010721_00FFEA_ADBD/Patch_Uint8/Visual_Cargo_x9896_y14003_vv.tif,S1A_IW_GRDH_1SDV_20160407T221226_20160407T221251_010721_00FFEA_ADBD/Patch_Uint8/Visual_Cargo_x9896_y14003_vh.tif,8490,4c3f49b500084b73d02fa6ca9190a7a7f1dc3032683858c262cd47b7bacf0bf0
S1A_IW_GRDH_1SDV_20160419T221227_20160419T221252_010896_01052F_69E2/10026_13773,Bulk Carrier,0,opensar_zip,OpenSARShip_1/S1A_IW_GRDH_1SDV_20160419T221227_20160419T221252_010896_01052F_69E2.zip,S1A_IW_GRDH_1SDV_20160419T221227_20160419T221252_010896_01052F_69E2/Patch_Uint8/Visual_Cargo_x10026_y13773_vv.tif,S1A_IW_GRDH_1SDV_20160419T221227_20160419T221252_010896_01052F_69E2/Patch_Uint8/Visual_Cargo_x10026_y13773_vh.tif,8434,98c59b743d171106fb993a85b7bf57543ddabacb28b59733f4fd15bf45a4103c
S1A_IW_GRDH_1SDV_20160419T221227_20160419T221252_010896_01052F_69E2/10078_13935,Bulk Carrier,0,opensar_zip,OpenSARShip_1/S1A_IW_GRDH_1SDV_20160419T221227_20160419T221252_010896_01052F_69E2.zip,S1A_IW_GRDH_1SDV_20160419T221227_20160419T221252_010896_01052F_69E2/Patch_Uint8/Visual_Cargo_x10078_y13935_vv.tif,S1A_IW_GRDH_1SDV_20160419T221227_20160419T221252_010896_01052F_69E2/Patch_Uint8/Visual_Cargo_x10078_y13935_vh.tif,8868,168ec26dad518e11f6fe82df565d9f6128b10fad955011fc6f2dbef955f433c2
S1A_IW_GRDH_1SDV_20160419T221227_20160419T221252_010896_01052F_69E2/10190_13764,Bulk Carrier,0,opensar_zip,OpenSARShip_1/S1A_IW_GRDH_1SDV_20160419T221227_20160419T221252_010896_01052F_69E2.zip,S1A_IW_GRDH_1SDV_20160419T221227_20160419T221252_010896_01052F_69E2/Patch_Uint8/Visual_Cargo_x10190_y13764_vv.tif,S1A_IW_GRDH_1SDV_20160419T221227_20160419T221252_010896_01052F_69E2/Patch_Uint8/Visual_Cargo_x10190_y13764_vh.tif,13426,af90b812f3d661c2e338798b330144a085b5582cb2073813a8a05d2fae14193a
S1A_IW_GRDH_1SDV_20160419T221227_20160419T221252_010896_01052F_69E2/10347_14427,Bulk Carrier,0,opensar_zip,OpenSARShip_1/S1A_IW_GRDH_1SDV_20160419T221227_20160419T221252_010896_01052F_69E2.zip,S1A_IW_GRDH_1SDV_20160419T221227_20160419T221252_010896_01052F_69E2/Patch_Uint8/Visual_Cargo_x10347_y14427_vv.tif,S1A_IW_GRDH_1SDV_20160419T221227_20160419T221252_010896_01052F_69E2/Patch_Uint8/Visual_Cargo_x10347_y14427_vh.tif,13542,ee0249363699f9b53b8329bdda592126533784244508dca311ebe922f8d70964
S1A_IW_GRDH_1SDV_20160419T221227_20160419T221252_010896_01052F_69E2/10371_14321,Bulk Carrier,0,opensar_zip,OpenSARShip_1/S1A_IW_GRDH_1SDV_20160419T221227_20160419T221252_010896_01052F_69E2.zip,S1A_IW_GRDH_1SDV_20160419T221227_20160419T221252_010896_01052F_69E2/Patch_Uint8/Visual_Cargo_x10371_y14321_vv.tif,S1A_IW_GRDH_1SDV_20160419T221227_20160419T221252_010896_01052F_69E2/Patch_Uint8/Visual_Cargo_x10371_y14321_vh.tif,9152,389ba36ed3ac2c8e57011fa44e5405ceac1428c96a5f62ba0a0ad5159ad06b59
S1A_IW_GRDH_1SDV_20160419T221227_20160419T221252_010896_01052F_69E2/10409_13973,Bulk Carrier,0,opensar_zip,OpenSARShip_1/S1A_IW_GRDH_1SDV_20160419T221227_20160419T221252_010896_01052F_69E2.zip,S1A_IW_GRDH_1SDV_20160419T221227_20160419T221252_010896_01052F_69E2/Patch_Uint8/Visual_Cargo_x10409_y13973_vv.tif,S1A_IW_GRDH_1SDV_20160419T221227_20160419T221252_010896_01052F_69E2/Patch_Uint8/Visual_Cargo_x10409_y13973_vh.tif,7934,2ade4bce1af75348953adb58a4524ab401524eccdf1b418af16a5e84fa2065e8
S1A_IW_GRDH_1SDV_20160419T221227_20160419T221252_010896_01052F_69E2/10469_13741,Bulk Carrier,0,opensar_zip,OpenSARShip_1/S1A_IW_GRDH_1SDV_20160419T221227_20160419T221252_010896_01052F_69E2.zip,S1A_IW_GRDH_1SDV_20160419T221227_20160419T221252_010896_01052F_69E2/Patch_Uint8/Visual_Cargo_x10469_y13741_vv.tif,S1A_IW_GRDH_1SDV_20160419T221227_20160419T221252_010896_01052F_69E2/Patch_Uint8/Visual_Cargo_x10469_y13741_vh.tif,9978,0e36c46f9944defcfb08a6b78258eae3baa2f239def8c106065bea1195fc347e
S1A_IW_GRDH_1SDV_20160419T221227_20160419T221252_010896_01052F_69E2/10500_14300,Bulk Carrier,0,opensar_zip,OpenSARShip_1/S1A_IW_GRDH_1SDV_20160419T221227_20160419T221252_010896_01052F_69E2.zip,S1A_IW_GRDH_1SDV_20160419T221227_20160419T221252_010896_01052F_69E2/Patch_Uint8/Visual_Cargo_x10500_y14300_vv.tif,S1A_IW_GRDH_1SDV_20160419T221227_20160419T221252_010896_01052F_69E2/Patch_Uint8/Visual_Cargo_x10500_y14300_vh.tif,8812,d0b41ff51bc73aef4155853840079cb180f4b6b74743de03aeb38e2f3c65a1cb
S1A_IW_GRDH_1SDV_20160419T221227_20160419T221252_010896_01052F_69E2/10568_14394,Bulk Carrier,0,opensar_zip,OpenSARShip_1/S1A_IW_GRDH_1SDV_20160419T221227_20160419T221252_010896_01052F_69E2.zip,S1A_IW_GRDH_1SDV_20160419T221227_20160419T221252_010896_01052F_69E2/Patch_Uint8/Visual_Cargo_x10568_y14394_vv.tif,S1A_IW_GRDH_1SDV_20160419T221227_20160419T221252_010896_01052F_69E2/Patch_Uint8/Visual_Cargo_x10568_y14394_vh.tif,9984,03a34c9cc4727a498d5307367dd7708eed3387a72989c78f18e78b67a8daf5f7
S1A_IW_GRDH_1SDV_20160419T221227_20160419T221252_010896_01052F_69E2/10589_13683,Bulk Carrier,0,opensar_zip,OpenSARShip_1/S1A_IW_GRDH_1SDV_20160419T221227_20160419T221252_010896_01052F_69E2.zip,S1A_IW_GRDH_1SDV_20160419T221227_20160419T221252_010896_01052F_69E2/Patch_Uint8/Visual_Cargo_x10589_y13683_vv.tif,S1A_IW_GRDH_1SDV_20160419T221227_20160419T221252_010896_01052F_69E2/Patch_Uint8/Visual_Cargo_x10589_y13683_vh.tif,11212,fb4cce5f0071bf83fc7b7a9f6020dac5e0a85a457bab366eaec7381b0c3ad3e7
S1A_IW_GRDH_1SDV_20160419T221227_20160419T221252_010896_01052F_69E2/10645_14517,Bulk Carrier,0,opensar_zip,OpenSARShip_1/S1A_IW_GRDH_1SDV_20160419T221227_20160419T221252_010896_01052F_69E2.zip,S1A_IW_GRDH_1SDV_20160419T221227_20160419T221252_010896_01052F_69E2/Patch_Uint8/Visual_Cargo_x10645_y14517_vv.tif,S1A_IW_GRDH_1SDV_20160419T221227_20160419T221252_010896_01052F_69E2/Patch_Uint8/Visual_Cargo_x10645_y14517_vh.tif,10010,a35945aeff51490906a8f7da44ba90d111830064036154d45d2a90dcab57ad69
S1A_IW_GRDH_1SDV_20160419T221227_20160419T221252_010896_01052F_69E2/10737_13725,Bulk Carrier,0,opensar_zip,OpenSARShip_1/S1A_IW_GRDH_1SDV_20160419T221227_20160419T221252_010896_01052F_69E2.zip,S1A_IW_GRDH_1SDV_20160419T221227_20160419T221252_010896_01052F_69E2/Patch_Uint8/Visual_Cargo_x10737_y13725_vv.tif,S1A_IW_GRDH_1SDV_20160419T221227_20160419T221252_010896_01052F_69E2/Patch_Uint8/Visual_Cargo_x10737_y13725_vh.tif,14958,385272ffd8a608903e29d0fd1617693c6e643126c18bb5a6d25a676952693c71
S1A_IW_GRDH_1SDV_20160419T221227_20160419T221252_010896_01052F_69E2/10842_13905,Bulk Carrier,0,opensar_zip,OpenSARShip_1/S1A_IW_GRDH_1SDV_20160419T221227_20160419T221252_010896_01052F_69E2.zip,S1A_IW_GRDH_1SDV_20160419T221227_20160419T221252_010896_01052F_69E2/Patch_Uint8/Visual_Cargo_x10842_y13905_vv.tif,S1A_IW_GRDH_1SDV_20160419T221227_20160419T221252_010896_01052F_69E2/Patch_Uint8/Visual_Cargo_x10842_y13905_vh.tif,12442,fe4bd43dbdea356edbcd1282e49728933aaf6dbbd6da79e476dc5bde1754f922
S1A_IW_GRDH_1SDV_20160419T221227_20160419T221252_010896_01052F_69E2/1099_12617,Bulk Carrier,0,opensar_zip,OpenSARShip_1/S1A_IW_GRDH_1SDV_20160419T221227_20160419T221252_010896_01052F_69E2.zip,S1A_IW_GRDH_1SDV_20160419T221227_20160419T221252_010896_01052F_69E2/Patch_Uint8/Visual_Cargo_x1099_y12617_vv.tif,S1A_IW_GRDH_1SDV_20160419T221227_20160419T221252_010896_01052F_69E2/Patch_Uint8/Visual_Cargo_x1099_y12617_vh.tif,24468,c6bec38d61f6333a173448f9ecba83e8532fd5dfba908f9457f1d36fd5688076
S1A_IW_GRDH_1SDV_20160419T221227_20160419T221252_010896_01052F_69E2/11093_14581,Tanker,4,opensar_zip,OpenSARShip_1/S1A_IW_GRDH_1SDV_20160419T221227_20160419T221252_010896_01052F_69E2.zip,S1A_IW_GRDH_1SDV_20160419T221227_20160419T221252_010896_01052F_69E2/Patch_Uint8/Visual_Tanker_x11093_y14581_vv.tif,S1A_IW_GRDH_1SDV_20160419T221227_20160419T221252_010896_01052F_69E2/Patch_Uint8/Visual_Tanker_x11093_y14581_vh.tif,3216,dedbb33936d956e1a3b3fa246c355cb659d29fb04726e1f62bdfcbe16f8bd8a9
S1A_IW_GRDH_1SDV_20160419T221227_20160419T221252_010896_01052F_69E2/11229_14482,Tanker,4,opensar_zip,OpenSARShip_1/S1A_IW_GRDH_1SDV_20160419T221227_20160419T221252_010896_01052F_69E2.zip,S1A_IW_GRDH_1SDV_20160419T221227_20160419T221252_010896_01052F_69E2/Patch_Uint8/Visual_Tanker_x11229_y14482_vv.tif,S1A_IW_GRDH_1SDV_20160419T221227_20160419T221252_010896_01052F_69E2/Patch_Uint8/Visual_Tanker_x11229_y14482_vh.tif,4566,7fb28df3c471f3ca9806e1c2a4b364c01c168f71f6faa0cfec6a9803e3918b5c
S1A_IW_GRDH_1SDV_20160419T221227_20160419T221252_010896_01052F_69E2/11440_14433,Tanker,4,opensar_zip,OpenSARShip_1/S1A_IW_GRDH_1SDV_20160419T221227_20160419T221252_010896_01052F_69E2.zip,S1A_IW_GRDH_1SDV_20160419T221227_20160419T221252_010896_01052F_69E2/Patch_Uint8/Visual_Tanker_x11440_y14433_vv.tif,S1A_IW_GRDH_1SDV_20160419T221227_20160419T221252_010896_01052F_69E2/Patch_Uint8/Visual_Tanker_x11440_y14433_vh.tif,1696,bce02e6f0086565c62788f6cdac851f97e71d1a4121b2dee8894259e399fb2f5
S1A_IW_GRDH_1SDV_20160419T221227_20160419T221252_010896_01052F_69E2/11518_14381,Tanker,4,opensar_zip,OpenSARShip_1/S1A_IW_GRDH_1SDV_20160419T221227_20160419T221252_010896_01052F_69E2.zip,S1A_IW_GRDH_1SDV_20160419T221227_20160419T221252_010896_01052F_69E2/Patch_Uint8/Visual_Tanker_x11518_y14381_vv.tif,S1A_IW_GRDH_1SDV_20160419T221227_20160419T221252_010896_01052F_69E2/Patch_Uint8/Visual_Tanker_x11518_y14381_vh.tif,5334,fb2b5a039c76f8ea22f2c2e7d7de517a49fab2f2c4dff7d3b7c00b01fac93545
S1A_IW_GRDH_1SDV_20160419T221227_20160419T221252_010896_01052F_69E2/1155_10113,Bulk Carrier,0,opensar_zip,OpenSARShip_1/S1A_IW_GRDH_1SDV_20160419T221227_20160419T221252_010896_01052F_69E2.zip,S1A_IW_GRDH_1SDV_20160419T221227_20160419T221252_010896_01052F_69E2/Patch_Uint8/Visual_Cargo_x1155_y10113_vv.tif,S1A_IW_GRDH_1SDV_20160419T221227_20160419T221252_010896_01052F_69E2/Patch_Uint8/Visual_Cargo_x1155_y10113_vh.tif,9038,aa196d80eb29ef3969580211d5514dda9ad0438def796ecd2c4f7ed43bab5166
S1A_IW_GRDH_1SDV_20160419T221227_20160419T221252_010896_01052F_69E2/1591_11521,Bulk Carrier,0,opensar_zip,OpenSARShip_1/S1A_IW_GRDH_1SDV_20160419T221227_20160419T221252_010896_01052F_69E2.zip,S1A_IW_GRDH_1SDV_20160419T221227_20160419T221252_010896_01052F_69E2/Patch_Uint8/Visual_Cargo_x1591_y11521_vv.tif,S1A_IW_GRDH_1SDV_20160419T221227_20160419T221252_010896_01052F_69E2/Patch_Uint8/Visual_Cargo_x1591_y11521_vh.tif,12470,e7203ac035ae3ab9b3b5a73e25bf722ab629be6f3fe1ada3218f87bd591be78d
S1A_IW_GRDH_1SDV_20160419T221227_20160419T221252_010896_01052F_69E2/1983_11669,Bulk Carrier,0,opensar_zip,OpenSARShip_1/S1A_IW_GRDH_1SDV_20160419T221227_20160419T221252_010896_01052F_69E2.zip,S1A_IW_GRDH_1SDV_20160419T221227_20160419T221252_010896_01052F_69E2/Patch_Uint8/Visual_Cargo_x1983_y11669_vv.tif,S1A_IW_GRDH_1SDV_20160419T221227_20160419T221252_010896_01052F_69E2/Patch_Uint8/Visual_Cargo_x1983_y11669_vh.tif,13442,52c61d7bc29fb3fd6fba77017091c26f78fcf976a5a2ed70c078e7779e872721
S1A_IW_GRDH_1SDV_20160419T221227_20160419T221252_010896_01052F_69E2/2151_10178,Bulk Carrier,0,opensar_zip,OpenSARShip_1/S1A_IW_GRDH_1SDV_20160419T221227_20160419T221252_010896_01052F_69E2.zip,S1A_IW_GRDH_1SDV_20160419T221227_20160419T221252_010896_01052F_69E2/Patch_Uint8/Visual_Cargo_x2151_y10178_vv.tif,S1A_IW_GRDH_1SDV_20160419T221227_20160419T221252_010896_01052F_69E2/Patch_Uint8/Visual_Cargo_x2151_y10178_vh.tif,22176,346086e1b92e5123a615f8f56a839189730794638087e2bb446317271922ef8d
S1A_IW_GRDH_1SDV_20160419T221227_20160419T221252_010896_01052F_69E2/2686_13547,Container Ship,1,opensar_zip,OpenSARShip_1/S1A_IW_GRDH_1SDV_20160419T221227_20160419T221252_010896_01052F_69E2.zip,S1A_IW_GRDH_1SDV_20160419T221227_20160419T221252_010896_01052F_69E2/Patch_Uint8/Visual_Cargo_x2686_y13547_vv.tif,S1A_IW_GRDH_1SDV_20160419T221227_20160419T221252_010896_01052F_69E2/Patch_Uint8/Visual_Cargo_x2686_y13547_vh.tif,41606,bc39ae9f9f6f52904bb3ff32bed324e2d7f2f38f558a42546c5280cc5aaae14c
S1A_IW_GRDH_1SDV_20160419T221227_20160419T221252_010896_01052F_69E2/2895_13750,Bulk Carrier,0,opensar_zip,OpenSARShip_1/S1A_IW_GRDH_1SDV_20160419T221227_20160419T221252_010896_01052F_69E2.zip,S1A_IW_GRDH_1SDV_20160419T221227_20160419T221252_010896_01052F_69E2/Patch_Uint8/Visual_Cargo_x2895_y13750_vv.tif,S1A_IW_GRDH_1SDV_20160419T221227_20160419T221252_010896_01052F_69E2/Patch_Uint8/Visual_Cargo_x2895_y13750_vh.tif,14966,a3dd986c4eab22a94b7926507a04330d65bc465278bba0a52467d00d1ac8d947
S1A_IW_GRDH_1SDV_20160419T221227_20160419T221252_010896_01052F_69E2/417_12688,Bulk Carrier,0,opensar_zip,OpenSARShip_1/S1A_IW_GRDH_1SDV_20160419T221227_20160419T221252_010896_01052F_69E2.zip,S1A_IW_GRDH_1SDV_20160419T221227_20160419T221252_010896_01052F_69E2/Patch_Uint8/Visual_Cargo_x417_y12688_vv.tif,S1A_IW_GRDH_1SDV_20160419T221227_20160419T221252_010896_01052F_69E2/Patch_Uint8/Visual_Cargo_x417_y12688_vh.tif,27382,5260e9f57f53a7c4503fd0db38c74990755134df2222838f8d34255c5f4df602
S1A_IW_GRDH_1SDV_20160419T221227_20160419T221252_010896_01052F_69E2/5427_13496,Bulk Carrier,0,opensar_zip,OpenSARShip_1/S1A_IW_GRDH_1SDV_20160419T221227_20160419T221252_010896_01052F_69E2.zip,S1A_IW_GRDH_1SDV_20160419T221227_20160419T221252_010896_01052F_69E2/Patch_Uint8/Visual_Cargo_x5427_y13496_vv.tif,S1A_IW_GRDH_1SDV_20160419T221227_20160419T221252_010896_01052F_69E2/Patch_Uint8/Visual_Cargo_x5427_y13496_vh.tif,22650,fac8725f9edae457bf8d1b403cfbb255acc57ebbc0993bd77ad154872686edf1
S1A_IW_GRDH_1SDV_20160419T221227_20160419T221252_010896_01052F_69E2/5462_13896,Bulk Carrier,0,opensar_zip,OpenSARShip_1/S1A_IW_GRDH_1SDV_20160419T221227_20160419T221252_010896_01052F_69E2.zip,S1A_IW_GRDH_1SDV_20160419T221227_20160419T221252_010896_01052F_69E2/Patch_Uint8/Visual_Cargo_x5462_y13896_vv.tif,S1A_IW_GRDH_1SDV_20160419T221227_20160419T221252_010896_01052F_69E2/Patch_Uint8/Visual_Cargo_x5462_y13896_vh.tif,29864,5f841394c7828090c7f13f31190db995a1a4c9d7b5813ce4ad836373982bfb6a
S1A_IW_GRDH_1SDV_20160419T221227_20160419T221252_010896_01052F_69E2/6028_13933,Bulk Carrier,0,opensar_zip,OpenSARShip_1/S1A_IW_GRDH_1SDV_20160419T221227_20160419T221252_010896_01052F_69E2.zip,S1A_IW_GRDH_1SDV_20160419T221227_20160419T221252_010896_01052F_69E2/Patch_Uint8/Visual_Cargo_x6028_y13933_vv.tif,S1A_IW_GRDH_1SDV_20160419T221227_20160419T221252_010896_01052F_69E2/Patch_Uint8/Visual_Cargo_x6028_y13933_vh.tif,14764,a41e2685a75961db94cbbd6eb2bff26b1d69ae3ef9415eecd355da47fd9c740b
S1A_IW_GRDH_1SDV_20160419T221227_20160419T221252_010896_01052F_69E2/6044_13724,Bulk Carrier,0,opensar_zip,OpenSARShip_1/S1A_IW_GRDH_1SDV_20160419T221227_20160419T221252_010896_01052F_69E2.zip,S1A_IW_GRDH_1SDV_20160419T221227_20160419T221252_010896_01052F_69E2/Patch_Uint8/Visual_Cargo_x6044_y13724_vv.tif,S1A_IW_GRDH_1SDV_20160419T221227_20160419T221252_010896_01052F_69E2/Patch_Uint8/Visual_Cargo_x6044_y13724_vh.tif,13392,e16cfbb2ff8a18c47c7efe1019e12ff915e9552b52b748e789205cd9b304ff23
S1A_IW_GRDH_1SDV_20160419T221227_20160419T221252_010896_01052F_69E2/6075_14068,Bulk Carrier,0,opensar_zip,OpenSARShip_1/S1A_IW_GRDH_1SDV_20160419T221227_20160419T221252_010896_01052F_69E2.zip,S1A_IW_GRDH_1SDV_20160419T221227_20160419T221252_010896_01052F_69E2/Patch_Uint8/Visual_Cargo_x6075_y14068_vv.tif,S1A_IW_GRDH_1SDV_20160419T221227_20160419T221252_010896_01052F_69E2/Patch_Uint8/Visual_Cargo_x6075_y14068_vh.tif,12388,259714c74d44828ceceec6a8055529d15b177309255b300dbcfce1f6cc7d3e92
S1A_IW_GRDH_1SDV_20160419T221227_20160419T221252_010896_01052F_69E2/6254_13959,Bulk Carrier,0,opensar_zip,OpenSARShip_1/S1A_IW_GRDH_1SDV_20160419T221227_20160419T221252_010896_01052F_69E2.zip,S1A_IW_GRDH_1SDV_20160419T221227_20160419T221252_010896_01052F_69E2/Patch_Uint8/Visual_Cargo_x6254_y13959_vv.tif,S1A_IW_GRDH_1SDV_20160419T221227_20160419T221252_010896_01052F_69E2/Patch_Uint8/Visual_Cargo_x6254_y13959_vh.tif,19922,8dd4e5cd504646c125c7c25c2904f8e5cc2a710303698b7f49e099f450f852bb
S1A_IW_GRDH_1SDV_20160419T221227_20160419T221252_010896_01052F_69E2/674_12965,Bulk Carrier,0,opensar_zip,OpenSARShip_1/S1A_IW_GRDH_1SDV_20160419T221227_20160419T221252_010896_01052F_69E2.zip,S1A_IW_GRDH_1SDV_20160419T221227_20160419T221252_010896_01052F_69E2/Patch_Uint8/Visual_Cargo_x674_y12965_vv.tif,S1A_IW_GRDH_1SDV_20160419T221227_20160419T221252_010896_01052F_69E2/Patch_Uint8/Visual_Cargo_x674_y12965_vh.tif,26334,2225c028e410a854ffc014b68d8001d0d4d6c0978f8b89db266a3566087a5fbd
S1A_IW_GRDH_1SDV_20160419T221227_20160419T221252_010896_01052F_69E2/6921_16309,Bulk Carrier,0,opensar_zip,OpenSARShip_1/S1A_IW_GRDH_1SDV_20160419T221227_20160419T221252_010896_01052F_69E2.zip,S1A_IW_GRDH_1SDV_20160419T221227_20160419T221252_010896_01052F_69E2/Patch_Uint8/Visual_Cargo_x6921_y16309_vv.tif,S1A_IW_GRDH_1SDV_20160419T221227_20160419T221252_010896_01052F_69E2/Patch_Uint8/Visual_Cargo_x6921_y16309_vh.tif,16374,9223eeb2b4e641370a9f29dcfe4f2b1ce701e8848ea3f45ed9e84fce30a180e5
S1A_IW_GRDH_1SDV_20160419T221227_20160419T221252_010896_01052F_69E2/7015_16167,Bulk Carrier,0,opensar_zip,OpenSARShip_1/S1A_IW_GRDH_1SDV_20160419T221227_20160419T221252_010896_01052F_69E2.zip,S1A_IW_GRDH_1SDV_20160419T221227_20160419T221252_010896_01052F_69E2/Patch_Uint8/Visual_Cargo_x7015_y16167_vv.tif,S1A_IW_GRDH_1SDV_20160419T221227_20160419T221252_010896_01052F_69E2/Patch_Uint8/Visual_Cargo_x7015_y16167_vh.tif,21328,e9507cc6551283fec1cb03f866af4c15bbc3c8910453f219c8b2322cc6d9167d
S1A_IW_GRDH_1SDV_20160419T221227_20160419T221252_010896_01052F_69E2/7852_14170,Bulk Carrier,0,opensar_zip,OpenSARShip_1/S1A_IW_GRDH_1SDV_20160419T221227_20160419T221252_010896_01052F_69E2.zip,S1A_IW_GRDH_1SDV_20160419T221227_20160419T221252_010896_01052F_69E2/Patch_Uint8/Visual_Cargo_x7852_y14170_vv.tif,S1A_IW_GRDH_1SDV_20160419T221227_20160419T221252_010896_01052F_69E2/Patch_Uint8/Visual_Cargo_x7852_y14170_vh.tif,13726,ed6807a8c9f537ae9412b9c60f1a3b8f977d0822c37d2edbcc72d40de6865940
S1A_IW_GRDH_1SDV_20160419T221227_20160419T221252_010896_01052F_69E2/8805_14396,Bulk Carrier,0,opensar_zip,OpenSARShip_1/S1A_IW_GRDH_1SDV_20160419T221227_20160419T221252_010896_01052F_69E2.zip,S1A_IW_GRDH_1SDV_20160419T221227_20160419T221252_010896_01052F_69E2/Patch_Uint8/Visual_Cargo_x8805_y14396_vv.tif,S1A_IW_GRDH_1SDV_20160419T221227_20160419T221252_010896_01052F_69E2/Patch_Uint8/Visual_Cargo_x8805_y14396_vh.tif,14794,6bbf5ac838b95d7cf173403d8cc48f31eba7e07ee5c369fd08228835f4f8bd86
S1A_IW_GRDH_1SDV_20160419T221227_20160419T221252_010896_01052F_69E2/8856_14233,Container Ship,1,opensar_zip,OpenSARShip_1/S1A_IW_GRDH_1SDV_20160419T221227_20160419T221252_010896_01052F_69E2.zip,S1A_IW_GRDH_1SDV_20160419T221227_20160419T221252_010896_01052F_69E2/Patch_Uint8/Visual_Cargo_x8856_y14233_vv.tif,S1A_IW_GRDH_1SDV_20160419T221227_20160419T221252_010896_01052F_69E2/Patch_Uint8/Visual_Cargo_x8856_y14233_vh.tif,27676,e46757616f156a1466f52be1bf43f10936736cae374ca1d46eb9749fd6f0c3c9
S1A_IW_GRDH_1SDV_20160419T221227_20160419T221252_010896_01052F_69E2/8891_14888,Fishing,3,opensar_zip,OpenSARShip_1/S1A_IW_GRDH_1SDV_20160419T221227_20160419T221252_010896_01052F_69E2.zip,S1A_IW_GRDH_1SDV_20160419T221227_20160419T221252_010896_01052F_69E2/Patch_Uint8/Visual_Other Type_x8891_y14888_vv.tif,S1A_IW_GRDH_1SDV_20160419T221227_20160419T221252_010896_01052F_69E2/Patch_Uint8/Visual_Other Type_x8891_y14888_vh.tif,2142,a83f0171a325b6cf367a0172b08bd14f908868ad4e6a83b56ff8089878997b3e
S1A_IW_GRDH_1SDV_20160419T221227_20160419T221252_010896_01052F_69E2/8951_14349,Bulk Carrier,0,opensar_zip,OpenSARShip_1/S1A_IW_GRDH_1SDV_20160419T221227_20160419T221252_010896_01052F_69E2.zip,S1A_IW_GRDH_1SDV_20160419T221227_20160419T221252_010896_01052F_69E2/Patch_Uint8/Visual_Cargo_x8951_y14349_vv.tif,S1A_IW_GRDH_1SDV_20160419T221227_20160419T221252_010896_01052F_69E2/Patch_Uint8/Visual_Cargo_x8951_y14349_vh.tif,12436,6d89e753fc3352250c15559dfa5808d6c32c8d00f3bab03868ac51466d4f6915
S1A_IW_GRDH_1SDV_20160419T221227_20160419T221252_010896_01052F_69E2/905_12614,Bulk Carrier,0,opensar_zip,OpenSARShip_1/S1A_IW_GRDH_1SDV_20160419T221227_20160419T221252_010896_01052F_69E2.zip,S1A_IW_GRDH_1SDV_20160419T221227_20160419T221252_010896_01052F_69E2/Patch_Uint8/Visual_Cargo_x905_y12614_vv.tif,S1A_IW_GRDH_1SDV_20160419T221227_20160419T221252_010896_01052F_69E2/Patch_Uint8/Visual_Cargo_x905_y12614_vh.tif,26156,785b2a1505534e7c59f0082568e995e12f24e78df6a3276652c84f74d2a869d8
S1A_IW_GRDH_1SDV_20160419T221227_20160419T221252_010896_01052F_69E2/9079_15109,Bulk Carrier,0,opensar_zip,OpenSARShip_1/S1A_IW_GRDH_1SDV_20160419T221227_20160419T221252_010896_01052F_69E2.zip,S1A_IW_GRDH_1SDV_20160419T221227_20160419T221252_010896_01052F_69E2/Patch_Uint8/Visual_Cargo_x9079_y15109_vv.tif,S1A_IW_GRDH_1SDV_20160419T221227_20160419T221252_010896_01052F_69E2/Patch_Uint8/Visual_Cargo_x9079_y15109_vh.tif,29648,b652b4a8c478598a6be9ad1d3e1ad6537a6d4249203f742a4d7eca0e40d6b8f4
S1A_IW_GRDH_1SDV_20160419T221227_20160419T221252_010896_01052F_69E2/9124_14338,Bulk Carrier,0,opensar_zip,OpenSARShip_1/S1A_IW_GRDH_1SDV_20160419T221227_20160419T221252_010896_01052F_69E2.zip,S1A_IW_GRDH_1SDV_20160419T221227_20160419T221252_010896_01052F_69E2/Patch_Uint8/Visual_Cargo_x9124_y14338_vv.tif,S1A_IW_GRDH_1SDV_20160419T221227_20160419T221252_010896_01052F_69E2/Patch_Uint8/Visual_Cargo_x9124_y14338_vh.tif,9918,545182ad6a7781ab1bcee74f9eed176413cf110fd3ef2f8ad054bdb534dfa0eb
S1A_IW_GRDH_1SDV_20160419T221227_20160419T221252_010896_01052F_69E2/9177_13543,Bulk Carrier,0,opensar_zip,OpenSARShip_1/S1A_IW_GRDH_1SDV_20160419T221227_20160419T221252_010896_01052F_69E2.zip,S1A_IW_GRDH_1SDV_20160419T221227_20160419T221252_010896_01052F_69E2/Patch_Uint8/Visual_Cargo_x9177_y13543_vv.tif,S1A_IW_GRDH_1SDV_20160419T221227_20160419T221252_010896_01052F_69E2/Patch_Uint8/Visual_Cargo_x9177_y13543_vh.tif,7972,1c5e5607f51c764d21d0c9c938144d1330172ccd0a66a45657786e723b38ab0e
S1A_IW_GRDH_1SDV_20160419T221227_20160419T221252_010896_01052F_69E2/9182_14920,Container Ship,1,opensar_zip,OpenSARShip_1/S1A_IW_GRDH_1SDV_20160419T221227_20160419T221252_010896_01052F_69E2.zip,S1A_IW_GRDH_1SDV_20160419T221227_20160419T221252_010896_01052F_69E2/Patch_Uint8/Visual_Cargo_x9182_y14920_vv.tif,S1A_IW_GRDH_1SDV_20160419T221227_20160419T221252_010896_01052F_69E2/Patch_Uint8/Visual_Cargo_x9182_y14920_vh.tif,13860,1ff62e8a18ad6693180aa593fe480636453864988d14ea9af966616e05d07cff
S1A_IW_GRDH_1SDV_20160419T221227_20160419T221252_010896_01052F_69E2/922_12848,Bulk Carrier,0,opensar_zip,OpenSARShip_1/S1A_IW_GRDH_1SDV_20160419T221227_20160419T221252_010896_01052F_69E2.zip,S1A_IW_GRDH_1SDV_20160419T221227_20160419T221252_010896_01052F_69E2/Patch_Uint8/Visual_Cargo_x922_y12848_vv.tif,S1A_IW_GRDH_1SDV_20160419T221227_20160419T221252_010896_01052F_69E2/Patch_Uint8/Visual_Cargo_x922_y12848_vh.tif,22436,0398d67d9a9c581517ecd49b915746661ad972826ba5a11f3c71caae7d57b3b3
S1A_IW_GRDH_1SDV_20160419T221227_20160419T221252_010896_01052F_69E2/9267_14320,Container Ship,1,opensar_zip,OpenSARShip_1/S1A_IW_GRDH_1SDV_20160419T221227_20160419T221252_010896_01052F_69E2.zip,S1A_IW_GRDH_1SDV_20160419T221227_20160419T221252_010896_01052F_69E2/Patch_Uint8/Visual_Cargo_x9267_y14320_vv.tif,S1A_IW_GRDH_1SDV_20160419T221227_20160419T221252_010896_01052F_69E2/Patch_Uint8/Visual_Cargo_x9267_y14320_vh.tif,11080,0aab438218778f0dd7451e9a5cd4d69c40ed9fb0d64c06fffea27fadd3fd9b7b
S1A_IW_GRDH_1SDV_20160419T221227_20160419T221252_010896_01052F_69E2/9431_13975,Bulk Carrier,0,opensar_zip,OpenSARShip_1/S1A_IW_GRDH_1SDV_20160419T221227_20160419T221252_010896_01052F_69E2.zip,S1A_IW_GRDH_1SDV_20160419T221227_20160419T221252_010896_01052F_69E2/Patch_Uint8/Visual_Cargo_x9431_y13975_vv.tif,S1A_IW_GRDH_1SDV_20160419T221227_20160419T221252_010896_01052F_69E2/Patch_Uint8/Visual_Cargo_x9431_y13975_vh.tif,7954,e0122fed4a6ad8aadaa73555810eda2837c6b71239db96172de24fb9d2f75697
S1A_IW_GRDH_1SDV_20160419T221227_20160419T221252_010896_01052F_69E2/9453_14173,Bulk Carrier,0,opensar_zip,OpenSARShip_1/S1A_IW_GRDH_1SDV_20160419T221227_20160419T221252_010896_01052F_69E2.zip,S1A_IW_GRDH_1SDV_20160419T221227_20160419T221252_010896_01052F_69E2/Patch_Uint8/Visual_Cargo_x9453_y14173_vv.tif,S1A_IW_GRDH_1SDV_20160419T221227_20160419T221252_010896_01052F_69E2/Patch_Uint8/Visual_Cargo_x9453_y14173_vh.tif,12378,f5113fb67f38263f818de7bcabe3e63b96f8a0f81ca054baa5e5a7b1a65a59cf
S1A_IW_GRDH_1SDV_20160419T221227_20160419T221252_010896_01052F_69E2/9604_14069,Bulk Carrier,0,opensar_zip,OpenSARShip_1/S1A_IW_GRDH_1SDV_20160419T221227_20160419T221252_010896_01052F_69E2.zip,S1A_IW_GRDH_1SDV_20160419T221227_20160419T221252_010896_01052F_69E2/Patch_Uint8/Visual_Cargo_x9604_y14069_vv.tif,S1A_IW_GRDH_1SDV_20160419T221227_20160419T221252_010896_01052F_69E2/Patch_Uint8/Visual_Cargo_x9604_y14069_vh.tif,11056,53c4a396f8d58545f461c2a11693612e3d5f1363fa4913e82821eff72d7ba9f7
S1A_IW_GRDH_1SDV_20160419T221227_20160419T221252_010896_01052F_69E2/9744_13753,Bulk Carrier,0,opensar_zip,OpenSARShip_1/S1A_IW_GRDH_1SDV_20160419T221227_20160419T221252_010896_01052F_69E2.zip,S1A_IW_GRDH_1SDV_20160419T221227_20160419T221252_010896_01052F_69E2/Patch_Uint8/Visual_Cargo_x9744_y13753_vv.tif,S1A_IW_GRDH_1SDV_20160419T221227_20160419T221252_010896_01052F_69E2/Patch_Uint8/Visual_Cargo_x9744_y13753_vh.tif,8166,00563d9e102ade8b710c2863fbeb714640532afbe5afd4f5391ed43956cb1d6c
S1A_IW_GRDH_1SDV_20160419T221227_20160419T221252_010896_01052F_69E2/9828_13895,Bulk Carrier,0,opensar_zip,OpenSARShip_1/S1A_IW_GRDH_1SDV_20160419T221227_20160419T221252_010896_01052F_69E2.zip,S1A_IW_GRDH_1SDV_20160419T221227_20160419T221252_010896_01052F_69E2/Patch_Uint8/Visual_Cargo_x9828_y13895_vv.tif,S1A_IW_GRDH_1SDV_20160419T221227_20160419T221252_010896_01052F_69E2/Patch_Uint8/Visual_Cargo_x9828_y13895_vh.tif,11012,dbdaf96a16c9392a1accf9b0fdac927b7c17546219583025274453fc6a1d1f18
S1A_IW_GRDH_1SDV_20160419T221227_20160419T221252_010896_01052F_69E2/9884_13801,Bulk Carrier,0,opensar_zip,OpenSARShip_1/S1A_IW_GRDH_1SDV_20160419T221227_20160419T221252_010896_01052F_69E2.zip,S1A_IW_GRDH_1SDV_20160419T221227_20160419T221252_010896_01052F_69E2/Patch_Uint8/Visual_Cargo_x9884_y13801_vv.tif,S1A_IW_GRDH_1SDV_20160419T221227_20160419T221252_010896_01052F_69E2/Patch_Uint8/Visual_Cargo_x9884_y13801_vh.tif,11154,2566caf90dc518f5f6f984f6136063567593d015f060e9e83cd7219df5ee4d6a
S1A_IW_GRDH_1SDV_20160513T221231_20160513T221256_011246_011040_617A/10079_11860,Bulk Carrier,0,opensar_zip,OpenSARShip_1/S1A_IW_GRDH_1SDV_20160513T221231_20160513T221256_011246_011040_617A.zip,S1A_IW_GRDH_1SDV_20160513T221231_20160513T221256_011246_011040_617A/Patch_Uint8/Visual_Cargo_x10079_y11860_vv.tif,S1A_IW_GRDH_1SDV_20160513T221231_20160513T221256_011246_011040_617A/Patch_Uint8/Visual_Cargo_x10079_y11860_vh.tif,10010,857e3d8c2d043aeaee16871b33a5698c149510fa2b900bec453c52dc69dee46e
S1A_IW_GRDH_1SDV_20160513T221231_20160513T221256_011246_011040_617A/10187_12130,Bulk Carrier,0,opensar_zip,OpenSARShip_1/S1A_IW_GRDH_1SDV_20160513T221231_20160513T221256_011246_011040_617A.zip,S1A_IW_GRDH_1SDV_20160513T221231_20160513T221256_011246_011040_617A/Patch_Uint8/Visual_Cargo_x10187_y12130_vv.tif,S1A_IW_GRDH_1SDV_20160513T221231_20160513T221256_011246_011040_617A/Patch_Uint8/Visual_Cargo_x10187_y12130_vh.tif,7028,7efcf0d86c643a2f85e4c128b70df891cf9ec2e5f8900ef60445aabc764bb9f8
S1A_IW_GRDH_1SDV_20160513T221231_20160513T221256_011246_011040_617A/10239_12909,Bulk Carrier,0,opensar_zip,OpenSARShip_1/S1A_IW_GRDH_1SDV_20160513T221231_20160513T221256_011246_011040_617A.zip,S1A_IW_GRDH_1SDV_20160513T221231_20160513T221256_011246_011040_617A/Patch_Uint8/Visual_Cargo_x10239_y12909_vv.tif,S1A_IW_GRDH_1SDV_20160513T221231_20160513T221256_011246_011040_617A/Patch_Uint8/Visual_Cargo_x10239_y12909_vh.tif,9016,448260be208088087bba050faa358f11c51434e4d8e2ee4cc917e53bae67bfe1
S1A_IW_GRDH_1SDV_20160513T221231_20160513T221256_011246_011040_617A/10240_12578,Bulk Carrier,0,opensar_zip,OpenSARShip_1/S1A_IW_GRDH_1SDV_20160513T221231_20160513T221256_011246_011040_617A.zip,S1A_IW_GRDH_1SDV_20160513T221231_20160513T221256_011246_011040_617A/Patch_Uint8/Visual_Cargo_x10240_y12578_vv.tif,S1A_IW_GRDH_1SDV_20160513T221231_20160513T221256_011246_011040_617A/Patch_Uint8/Visual_Cargo_x10240_y12578_vh.tif,6110,e65d92e474121aae7ec16436bdcc70e4b90d0d520ba663b29f16251d870ff628
S1A_IW_GRDH_1SDV_20160513T221231_20160513T221256_011246_011040_617A/10346_12035,Bulk Carrier,0,opensar_zip,OpenSARShip_1/S1A_IW_GRDH_1SDV_20160513T221231_20160513T221256_011246_011040_617A.zip,S1A_IW_GRDH_1SDV_20160513T221231_20160513T221256_011246_011040_617A/Patch_Uint8/Visual_Cargo_x10346_y12035_vv.tif,S1A_IW_GRDH_1SDV_20160513T221231_20160513T221256_011246_011040_617A/Patch_Uint8/Visual_Cargo_x10346_y12035_vh.tif,16270,24643234556ff172b165db4a4443abebd9361aed5e50364744fdec8da46260db
S1A_IW_GRDH_1SDV_20160513T221231_20160513T221256_011246_011040_617A/10431_12133,Bulk Carrier,0,opensar_zip,OpenSARShip_1/S1A_IW_GRDH_1SDV_20160513T221231_20160513T221256_011246_011040_617A.zip,S1A_IW_GRDH_1SDV_20160513T221231_20160513T221256_011246_011040_617A/Patch_Uint8/Visual_Cargo_x10431_y12133_vv.tif,S1A_IW_GRDH_1SDV_20160513T221231_20160513T221256_011246_011040_617A/Patch_Uint8/Visual_Cargo_x10431_y12133_vh.tif,7948,f03b4e5a76c7cee06ed59c03706084be63f69fb3280f4d5f8be12985e05bcad1
S1A_IW_GRDH_1SDV_20160513T221231_20160513T221256_011246_011040_617A/10460_12660,Bulk Carrier,0,opensar_zip,OpenSARShip_1/S1A_IW_GRDH_1SDV_20160513T221231_20160513T221256_011246_011040_617A.zip,S1A_IW_GRDH_1SDV_20160513T221231_20160513T221256_011246_011040_617A/Patch_Uint8/Visual_Cargo_x10460_y12660_vv.tif,S1A_IW_GRDH_1SDV_20160513T221231_20160513T221256_011246_011040_617A/Patch_Uint8/Visual_Cargo_x10460_y12660_vh.tif,12992,44f34bd2698d1646782cb6c7076c2f962f5915ad13fca0c4c69baed517a7ea51
S1A_IW_GRDH_1SDV_20160513T221231_20160513T221256_011246_011040_617A/10859_11983,Bulk Carrier,0,opensar_zip,OpenSARShip_1/S1A_IW_GRDH_1SDV_20160513T221231_20160513T221256_011246_011040_617A.zip,S1A_IW_GRDH_1SDV_20160513T221231_20160513T221256_011246_011040_617A/Patch_Uint8/Visual_Cargo_x10859_y11983_vv.tif,S1A_IW_GRDH_1SDV_20160513T221231_20160513T221256_011246_011040_617A/Patch_Uint8/Visual_Cargo_x10859_y11983_vh.tif,11010,fd957fb22b2aa1df68730fed234da525c3e13d749557bb27c93e706e29ff1c57
S1A_IW_GRDH_1SDV_20160513T221231_20160513T221256_011246_011040_617A/10877_12089,Bulk Carrier,0,opensar_zip,OpenSARShip_1/S1A_IW_GRDH_1SDV_20160513T221231_20160513T221256_011246_011040_617A.zip,S1A_IW_GRDH_1SDV_20160513T221231_20160513T221256_011246_011040_617A/Patch_Uint8/Visual_Cargo_x10877_y12089_vv.tif,S1A_IW_GRDH_1SDV_20160513T221231_20160513T221256_011246_011040_617A/Patch_Uint8/Visual_Cargo_x10877_y12089_vh.tif,16228,369e5858d4015f932d58f2d6c2bd93ed7dc8200b2473fcaf2563cbc9b0f04a54
S1A_IW_GRDH_1SDV_20160513T221231_20160513T221256_011246_011040_617A/11305_12740,Bulk Carrier,0,opensar_zip,OpenSARShip_1/S1A_IW_GRDH_1SDV_20160513T221231_20160513T221256_011246_011040_617A.zip,S1A_IW_GRDH_1SDV_20160513T221231_20160513T221256_011246_011040_617A/Patch_Uint8/Visual_Cargo_x11305_y12740_vv.tif,S1A_IW_GRDH_1SDV_20160513T221231_20160513T221256_011246_011040_617A/Patch_Uint8/Visual_Cargo_x11305_y12740_vh.tif,6112,4367dfa2bcd500a4be2baf1e86c7210ab6760672ed6701afeb814d1266391d2a
S1A_IW_GRDH_1SDV_20160513T221231_20160513T221256_011246_011040_617A/11427_12678,Tanker,4,opensar_zip,OpenSARShip_1/S1A_IW_GRDH_1SDV_20160513T221231_20160513T221256_011246_011040_617A.zip,S1A_IW_GRDH_1SDV_20160513T221231_20160513T221256_011246_011040_617A/Patch_Uint8/Visual_Tanker_x11427_y12678_vv.tif,S1A_IW_GRDH_1SDV_20160513T221231_20160513T221256_011246_011040_617A/Patch_Uint8/Visual_Tanker_x11427_y12678_vh.tif,3838,77ca3a82fc7b1e034e387ad918ed6c26326f66edfe0156420afa356cf74ce9c5
S1A_IW_GRDH_1SDV_20160513T221231_20160513T221256_011246_011040_617A/11593_12695,Tanker,4,opensar_zip,OpenSARShip_1/S1A_IW_GRDH_1SDV_20160513T221231_20160513T221256_011246_011040_617A.zip,S1A_IW_GRDH_1SDV_20160513T221231_20160513T221256_011246_011040_617A/Patch_Uint8/Visual_Tanker_x11593_y12695_vv.tif,S1A_IW_GRDH_1SDV_20160513T221231_20160513T221256_011246_011040_617A/Patch_Uint8/Visual_Tanker_x11593_y12695_vh.tif,1324,856e7b64058f9c63b26915115fb654bc9a72cd3cc341304b58f1887a1b885cf6
S1A_IW_GRDH_1SDV_20160513T221231_20160513T221256_011246_011040_617A/1161_8271,Fishing,3,opensar_zip,OpenSARShip_1/S1A_IW_GRDH_1SDV_20160513T221231_20160513T221256_011246_011040_617A.zip,S1A_IW_GRDH_1SDV_20160513T221231_20160513T221256_011246_011040_617A/Patch_Uint8/Visual_Other Type_x1161_y8271_vv.tif,S1A_IW_GRDH_1SDV_20160513T221231_20160513T221256_011246_011040_617A/Patch_Uint8/Visual_Other Type_x1161_y8271_vh.tif,7982,850e5c2e64e99fa8a6e490f1d6a4859c5c7ea1391747077d9814c908345e7e4c
S1A_IW_GRDH_1SDV_20160513T221231_20160513T221256_011246_011040_617A/11971_12799,Dredger,2,opensar_zip,OpenSARShip_1/S1A_IW_GRDH_1SDV_20160513T221231_20160513T221256_011246_011040_617A.zip,S1A_IW_GRDH_1SDV_20160513T221231_20160513T221256_011246_011040_617A/Patch_Uint8/Visual_Dredging_x11971_y12799_vv.tif,S1A_IW_GRDH_1SDV_20160513T221231_20160513T221256_011246_011040_617A/Patch_Uint8/Visual_Dredging_x11971_y12799_vh.tif,2138,50741065c35110ed93fc29e87b021247b4e419ddd57067f956bc5d5423a3b593
S1A_IW_GRDH_1SDV_20160513T221231_20160513T221256_011246_011040_617A/12942_12176,Container Ship,1,opensar_zip,OpenSARShip_1/S1A_IW_GRDH_1SDV_20160513T221231_20160513T221256_011246_011040_617A.zip,S1A_IW_GRDH_1SDV_20160513T221231_20160513T221256_011246_011040_617A/Patch_Uint8/Visual_Cargo_x12942_y12176_vv.tif,S1A_IW_GRDH_1SDV_20160513T221231_20160513T221256_011246_011040_617A/Patch_Uint8/Visual_Cargo_x12942_y12176_vh.tif,4662,0d6348ad5a9efd509b97b5b7a722d7ad75a203d3a720156126281806648b90fd
S1A_IW_GRDH_1SDV_20160513T221231_20160513T221256_011246_011040_617A/13631_11073,Dredger,2,opensar_zip,OpenSARShip_1/S1A_IW_GRDH_1SDV_20160513T221231_20160513T221256_011246_011040_617A.zip,S1A_IW_GRDH_1SDV_20160513T221231_20160513T221256_011246_011040_617A/Patch_Uint8/Visual_Dredging_x13631_y11073_vv.tif,S1A_IW_GRDH_1SDV_20160513T221231_20160513T221256_011246_011040_617A/Patch_Uint8/Visual_Dredging_x13631_y11073_vh.tif,3794,9bc05c6c5bb3e4719939b3a157b356b04404c4b17f56f9dece70760560429a52
S1A_IW_GRDH_1SDV_20160513T221231_20160513T221256_011246_011040_617A/1487_9543,Bulk Carrier,0,opensar_zip,OpenSARShip_1/S1A_IW_GRDH_1SDV_20160513T221231_20160513T221256_011246_011040_617A.zip,S1A_IW_GRDH_1SDV_20160513T221231_20160513T221256_011246_011040_617A/Patch_Uint8/Visual_Cargo_x1487_y9543_vv.tif,S1A_IW_GRDH_1SDV_20160513T221231_20160513T221256_011246_011040_617A/Patch_Uint8/Visual_Cargo_x1487_y9543_vh.tif,24322,9874b0801d70231855312cbab1ebe62646938048f3e80a18ac318f379084edf3
S1A_IW_GRDH_1SDV_20160513T221231_20160513T221256_011246_011040_617A/1626_9512,Bulk Carrier,0,opensar_zip,OpenSARShip_1/S1A_IW_GRDH_1SDV_20160513T221231_20160513T221256_011246_011040_617A.zip,S1A_IW_GRDH_1SDV_20160513T221231_20160513T221256_011246_011040_617A/Patch_Uint8/Visual_Cargo_x1626_y9512_vv.tif,S1A_IW_GRDH_1SDV_20160513T221231_20160513T221256_011246_011040_617A/Patch_Uint8/Visual_Cargo_x1626_y9512_vh.tif,13968,315d88e37c9299d3ad849b019f1f4fef3a367b01b6f4de3784e45f3c00faf6fe
S1A_IW_GRDH_1SDV_20160513T221231_20160513T221256_011246_011040_617A/1763_9381,Bulk Carrier,0,opensar_zip,OpenSARShip_1/S1A_IW_GRDH_1SDV_20160513T221231_20160513T221256_011246_011040_617A.zip,S1A_IW_GRDH_1SDV_20160513T221231_20160513T221256_011246_011040_617A/Patch_Uint8/Visual_Cargo_x1763_y9381_vv.tif,S1A_IW_GRDH_1SDV_20160513T221231_20160513T221256_011246_011040_617A/Patch_Uint8/Visual_Cargo_x1763_y9381_vh.tif,17326,96c2ed654bb4b3d0cc9a4eecf8a1692ddc03cf27e0620e28c0b8262382ad6653
S1A_IW_GRDH_1SDV_20160513T221231_20160513T221256_011246_011040_617A/1775_9626,Bulk Carrier,0,opensar_zip,OpenSARShip_1/S1A_IW_GRDH_1SDV_20160513T221231_20160513T221256_011246_011040_617A.zip,S1A_IW_GRDH_1SDV_20160513T221231_20160513T221256_011246_011040_617A/Patch_Uint8/Visual_Cargo_x1775_y9626_vv.tif,S1A_IW_GRDH_1SDV_20160513T221231_20160513T221256_011246_011040_617A/Patch_Uint8/Visual_Cargo_x1775_y9626_vh.tif,14598,1b5b7535896a1b066e253798e4686c79ef75150683d13a7123e3ae91fbc9c173
S1A_IW_GRDH_1SDV_20160513T221231_20160513T221256_011246_011040_617A/1817_8441,Bulk Carrier,0,opensar_zip,OpenSARShip_1/S1A_IW_GRDH_1SDV_20160513T221231_20160513T221256_011246_011040_617A.zip,S1A_IW_GRDH_1SDV_20160513T221231_20160513T221256_011246_011040_617A/Patch_Uint8/Visual_Cargo_x1817_y8441_vv.tif,S1A_IW_GRDH_1SDV_20160513T221231_20160513T221256_011246_011040_617A/Patch_Uint8/Visual_Cargo_x1817_y8441_vh.tif,11244,71c7bcb42299bc57e225fceaa68b4653c382dd7e8f1fb7c9947f3b1bc4bb2b93
S1A_IW_GRDH_1SDV_20160513T221231_20160513T221256_011246_011040_617A/1844_12524,Bulk Carrier,0,opensar_zip,OpenSARShip_1/S1A_IW_GRDH_1SDV_20160513T221231_20160513T221256_011246_011040_617A.zip,S1A_IW_GRDH_1SDV_20160513T221231_20160513T221256_011246_011040_617A/Patch_Uint8/Visual_Cargo_x1844_y12524_vv.tif,S1A_IW_GRDH_1SDV_20160513T221231_20160513T221256_011246_011040_617A/Patch_Uint8/Visual_Cargo_x1844_y12524_vh.tif,14882,95e6e15d18d8c73e6a49d7a7c4b4518cb600f63c9a60cd5a6ebb17ef3dbfc1bf
S1A_IW_GRDH_1SDV_20160513T221231_20160513T221256_011246_011040_617A/1977_12802,Bulk Carrier,0,opensar_zip,OpenSARShip_1/S1A_IW_GRDH_1SDV_20160513T221231_20160513T221256_011246_011040_617A.zip,S1A_IW_GRDH_1SDV_20160513T221231_20160513T221256_011246_011040_617A/Patch_Uint8/Visual_Cargo_x1977_y12802_vv.tif,S1A_IW_GRDH_1SDV_20160513T221231_20160513T221256_011246_011040_617A/Patch_Uint8/Visual_Cargo_x1977_y12802_vh.tif,13550,b3ac09537bd9daa2e1d6c2d8235a607c72cbe55569ebc07dbb46b25b4c888a6e
S1A_IW_GRDH_1SDV_20160513T221231_20160513T221256_011246_011040_617A/2021_10049,Bulk Carrier,0,opensar_zip,OpenSARShip_1/S1A_IW_GRDH_1SDV_20160513T221231_20160513T221256_011246_011040_617A.zip,S1A_IW_GRDH_1SDV_20160513T221231_20160513T221256_011246_011040_617A/Patch_Uint8/Visual_Cargo_x2021_y10049_vv.tif,S1A_IW_GRDH_1SDV_20160513T221231_20160513T221256_011246_011040_617A/Patch_Uint8/Visual_Cargo_x2021_y10049_vh.tif,15086,4c0671fb5ae6cc40be1d5142ec3b8935ad34c3e3bc4fa504fcfda18bcfc99320
S1A_IW_GRDH_1SDV_20160513T221231_20160513T221256_011246_011040_617A/2134_9502,Bulk Carrier,0,opensar_zip,OpenSARShip_1/S1A_IW_GRDH_1SDV_20160513T221231_20160513T221256_011246_011040_617A.zip,S1A_IW_GRDH_1SDV_20160513T221231_20160513T221256_011246_011040_617A/Patch_Uint8/Visual_Cargo_x2134_y9502_vv.tif,S1A_IW_GRDH_1SDV_20160513T221231_20160513T221256_011246_011040_617A/Patch_Uint8/Visual_Cargo_x2134_y9502_vh.tif,17842,901ca7a54fd3b0e524f90f5dd1041119aaffe63e1033d4efbe6d5eea4ea9c6f3
S1A_IW_GRDH_1SDV_20160513T221231_20160513T221256_011246_011040_617A/2182_12220,Bulk Carrier,0,opensar_zip,OpenSARShip_1/S1A_IW_GRDH_1SDV_20160513T221231_20160513T221256_011246_011040_617A.zip,S1A_IW_GRDH_1SDV_20160513T221231_20160513T221256_011246_011040_617A/Patch_Uint8/Visual_Cargo_x2182_y12220_vv.tif,S1A_IW_GRDH_1SDV_20160513T221231_20160513T221256_011246_011040_617A/Patch_Uint8/Visual_Cargo_x2182_y12220_vh.tif,13750,34ce50e799ca1dbb0090bceeedcd91978da5ab04fe40635823b11b6c321be749
S1A_IW_GRDH_1SDV_20160513T221231_20160513T221256_011246_011040_617A/2325_9887,Bulk Carrier,0,opensar_zip,OpenSARShip_1/S1A_IW_GRDH_1SDV_20160513T221231_20160513T221256_011246_011040_617A.zip,S1A_IW_GRDH_1SDV_20160513T221231_20160513T221256_011246_011040_617A/Patch_Uint8/Visual_Cargo_x2325_y9887_vv.tif,S1A_IW_GRDH_1SDV_20160513T221231_20160513T221256_011246_011040_617A/Patch_Uint8/Visual_Cargo_x2325_y9887_vh.tif,13588,bcdb149b3122d05c80a1805714ced185bb8ee0ba7d99742161c811be4254624f
S1A_IW_GRDH_1SDV_20160513T221231_20160513T221256_011246_011040_617A/2677_10751,Tanker,4,opensar_zip,OpenSARShip_1/S1A_IW_GRDH_1SDV_20160513T221231_20160513T221256_011246_011040_617A.zip,S1A_IW_GRDH_1SDV_20160513T221231_20160513T221256_011246_011040_617A/Patch_Uint8/Visual_Tanker_x2677_y10751_vv.tif,S1A_IW_GRDH_1SDV_20160513T221231_20160513T221256_011246_011040_617A/Patch_Uint8/Visual_Tanker_x2677_y10751_vh.tif,1324,8cd4b3d3cc74b896556426a2b96952edcce56824698fc9186aa5a7130bba0244
S1A_IW_GRDH_1SDV_20160513T221231_20160513T221256_011246_011040_617A/2774_7587,Bulk Carrier,0,opensar_zip,OpenSARShip_1/S1A_IW_GRDH_1SDV_20160513T221231_20160513T221256_011246_011040_617A.zip,S1A_IW_GRDH_1SDV_20160513T221231_20160513T221256_011246_011040_617A/Patch_Uint8/Visual_Cargo_x2774_y7587_vv.tif,S1A_IW_GRDH_1SDV_20160513T221231_20160513T221256_011246_011040_617A/Patch_Uint8/Visual_Cargo_x2774_y7587_vh.tif,15896,61f0a2b746113b706ac82ca9657d63a121aa389abd7db572bbdd9a940498f83b
S1A_IW_GRDH_1SDV_20160513T221231_20160513T221256_011246_011040_617A/4107_14077,Bulk Carrier,0,opensar_zip,OpenSARShip_1/S1A_IW_GRDH_1SDV_20160513T221231_20160513T221256_011246_011040_617A.zip,S1A_IW_GRDH_1SDV_20160513T221231_20160513T221256_011246_011040_617A/Patch_Uint8/Visual_Cargo_x4107_y14077_vv.tif,S1A_IW_GRDH_1SDV_20160513T221231_20160513T221256_011246_011040_617A/Patch_Uint8/Visual_Cargo_x4107_y14077_vh.tif,19522,cca0b76fe99ccc19bec6188b6c5263334cc7d7b5c2d76c8fb6a47ca4c70958a7
S1A_IW_GRDH_1SDV_20160513T221231_20160513T221256_011246_011040_617A/5377_16503,Bulk Carrier,0,opensar_zip,OpenSARShip_1/S1A_IW_GRDH_1SDV_20160513T221231_20160513T221256_011246_011040_617A.zip,S1A_IW_GRDH_1SDV_20160513T221231_20160513T221256_011246_011040_617A/Patch_Uint8/Visual_Cargo_x5377_y16503_vv.tif,S1A_IW_GRDH_1SDV_20160513T221231_20160513T221256_011246_011040_617A/Patch_Uint8/Visual_Cargo_x5377_y16503_vh.tif,10096,0c1cfa442949bd42c88edb8abd42f058e34f38edcde86fe7b7bf4474e7334bc3
S1A_IW_GRDH_1SDV_20160513T221231_20160513T221256_011246_011040_617A/5400_11979,Bulk Carrier,0,opensar_zip,OpenSARShip_1/S1A_IW_GRDH_1SDV_20160513T221231_20160513T221256_011246_011040_617A.zip,S1A_IW_GRDH_1SDV_20160513T221231_20160513T221256_011246_011040_617A/Patch_Uint8/Visual_Cargo_x5400_y11979_vv.tif,S1A_IW_GRDH_1SDV_20160513T221231_20160513T221256_011246_011040_617A/Patch_Uint8/Visual_Cargo_x5400_y11979_vh.tif,19228,0946dd43f0a3d8512431fdaf2ebe8a05ba6a98cffa29ddf1394cc91ccad012f2
S1A_IW_GRDH_1SDV_20160513T221231_20160513T221256_011246_011040_617A/5498_12136,Bulk Carrier,0,opensar_zip,OpenSARShip_1/S1A_IW_GRDH_1SDV_20160513T221231_20160513T221256_011246_011040_617A.zip,S1A_IW_GRDH_1SDV_20160513T221231_20160513T221256_011246_011040_617A/Patch_Uint8/Visual_Cargo_x5498_y12136_vv.tif,S1A_IW_GRDH_1SDV_20160513T221231_20160513T221256_011246_011040_617A/Patch_Uint8/Visual_Cargo_x5498_y12136_vh.tif,23208,c9e69b0c5c38986605a556d68fc4fd62174751719edbdac235731f1540a1a700
S1A_IW_GRDH_1SDV_20160513T221231_20160513T221256_011246_011040_617A/5581_11895,Bulk Carrier,0,opensar_zip,OpenSARShip_1/S1A_IW_GRDH_1SDV_20160513T221231_20160513T221256_011246_011040_617A.zip,S1A_IW_GRDH_1SDV_20160513T221231_20160513T221256_011246_011040_617A/Patch_Uint8/Visual_Cargo_x5581_y11895_vv.tif,S1A_IW_GRDH_1SDV_20160513T221231_20160513T221256_011246_011040_617A/Patch_Uint8/Visual_Cargo_x5581_y11895_vh.tif,16400,33b3ee9b0d4240cc0a0ab60410cbb5b2b41f1db4fa039a131fc2e598521d2c1f
S1A_IW_GRDH_1SDV_20160513T221231_20160513T221256_011246_011040_617A/5607_12466,Container Ship,1,opensar_zip,OpenSARShip_1/S1A_IW_GRDH_1SDV_20160513T221231_20160513T221256_011246_011040_617A.zip,S1A_IW_GRDH_1SDV_20160513T221231_20160513T221256_011246_011040_617A/Patch_Uint8/Visual_Cargo_x5607_y12466_vv.tif,S1A_IW_GRDH_1SDV_20160513T221231_20160513T221256_011246_011040_617A/Patch_Uint8/Visual_Cargo_x5607_y12466_vh.tif,25588,b5f6753d79a04ca7a02b0dc31e9be0a8b56e88abaf8a084ec24f38bdc942df2d
S1A_IW_GRDH_1SDV_20160513T221231_20160513T221256_011246_011040_617A/5618_12873,Bulk Carrier,0,opensar_zip,OpenSARShip_1/S1A_IW_GRDH_1SDV_20160513T221231_20160513T221256_011246_011040_617A.zip,S1A_IW_GRDH_1SDV_20160513T221231_20160513T221256_011246_011040_617A/Patch_Uint8/Visual_Cargo_x5618_y12873_vv.tif,S1A_IW_GRDH_1SDV_20160513T221231_20160513T221256_011246_011040_617A/Patch_Uint8/Visual_Cargo_x5618_y12873_vh.tif,11192,07673af51d0585b6f30d8e9db9d0b3de92e551c3952998f4ee44f85c3a7aa302
S1A_IW_GRDH_1SDV_20160513T221231_20160513T221256_011246_011040_617A/6078_14470,Bulk Carrier,0,opensar_zip,OpenSARShip_1/S1A_IW_GRDH_1SDV_20160513T221231_20160513T221256_011246_011040_617A.zip,S1A_IW_GRDH_1SDV_20160513T221231_20160513T221256_011246_011040_617A/Patch_Uint8/Visual_Cargo_x6078_y14470_vv.tif,S1A_IW_GRDH_1SDV_20160513T221231_20160513T221256_011246_011040_617A/Patch_Uint8/Visual_Cargo_x6078_y14470_vh.tif,19282,3ca2aeaa0d0ce97ea9c00954c06c2b08d838d6d80cf373377bae5f352be7f46d
S1A_IW_GRDH_1SDV_20160513T221231_20160513T221256_011246_011040_617A/6294_12244,Bulk Carrier,0,opensar_zip,OpenSARShip_1/S1A_IW_GRDH_1SDV_20160513T221231_20160513T221256_011246_011040_617A.zip,S1A_IW_GRDH_1SDV_20160513T221231_20160513T221256_011246_011040_617A/Patch_Uint8/Visual_Cargo_x6294_y12244_vv.tif,S1A_IW_GRDH_1SDV_20160513T221231_20160513T221256_011246_011040_617A/Patch_Uint8/Visual_Cargo_x6294_y12244_vh.tif,20558,078d4c1753ecd72d64747b8ded783be6eff2ecf8364b8448481dbc35241feca4
S1A_IW_GRDH_1SDV_20160513T221231_20160513T221256_011246_011040_617A/6420_14666,Bulk Carrier,0,opensar_zip,OpenSARShip_1/S1A_IW_GRDH_1SDV_20160513T221231_20160513T221256_011246_011040_617A.zip,S1A_IW_GRDH_1SDV_20160513T221231_20160513T221256_011246_011040_617A/Patch_Uint8/Visual_Cargo_x6420_y14666_vv.tif,S1A_IW_GRDH_1SDV_20160513T221231_20160513T221256_011246_011040_617A/Patch_Uint8/Visual_Cargo_x6420_y14666_vh.tif,11270,bfe2c2701925b84e7bb25433db5db79c3a8b7ccacac10dd2056eb14c738aa8fc
S1A_IW_GRDH_1SDV_20160513T221231_20160513T221256_011246_011040_617A/6464_11970,Fishing,3,opensar_zip,OpenSARShip_1/S1A_IW_GRDH_1SDV_20160513T221231_20160513T221256_011246_011040_617A.zip,S1A_IW_GRDH_1SDV_20160513T221231_20160513T221256_011246_011040_617A/Patch_Uint8/Visual_Fishing_x6464_y11970_vv.tif,S1A_IW_GRDH_1SDV_20160513T221231_20160513T221256_011246_011040_617A/Patch_Uint8/Visual_Fishing_x6464_y11970_vh.tif,1694,e9529d1555f1765e3095cf571e60d290fa458daeed1b11b2ca898bee53253203
S1A_IW_GRDH_1SDV_20160513T221231_20160513T221256_011246_011040_617A/6608_14441,Bulk Carrier,0,opensar_zip,OpenSARShip_1/S1A_IW_GRDH_1SDV_20160513T221231_20160513T221256_011246_011040_617A.zip,S1A_IW_GRDH_1SDV_20160513T221231_20160513T221256_011246_011040_617A/Patch_Uint8/Visual_Cargo_x6608_y14441_vv.tif,S1A_IW_GRDH_1SDV_20160513T221231_20160513T221256_011246_011040_617A/Patch_Uint8/Visual_Cargo_x6608_y14441_vh.tif,16386,c352f11a842cf88960404c66bb6b5662702e49264b1762feeccabe962c6c1066
S1A_IW_GRDH_1SDV_20160513T221231_20160513T221256_011246_011040_617A/7115_14498,Bulk Carrier,0,opensar_zip,OpenSARShip_1/S1A_IW_GRDH_1SDV_20160513T221231_20160513T221256_011246_011040_617A.zip,S1A_IW_GRDH_1SDV_20160513T221231_20160513T221256_011246_011040_617A/Patch_Uint8/Visual_Cargo_x7115_y14498_vv.tif,S1A_IW_GRDH_1SDV_20160513T221231_20160513T221256_011246_011040_617A/Patch_Uint8/Visual_Cargo_x7115_y14498_vh.tif,12186,1f6bfb01af80d92de49f70f1c68745543042d3dabe96a2e6afc8a65a1d536e7a
S1A_IW_GRDH_1SDV_20160513T221231_20160513T221256_011246_011040_617A/7207_12965,Container Ship,1,opensar_zip,OpenSARShip_1/S1A_IW_GRDH_1SDV_20160513T221231_20160513T221256_011246_011040_617A.zip,S1A_IW_GRDH_1SDV_20160513T221231_20160513T221256_011246_011040_617A/Patch_Uint8/Visual_Cargo_x7207_y12965_vv.tif,S1A_IW_GRDH_1SDV_20160513T221231_20160513T221256_011246_011040_617A/Patch_Uint8/Visual_Cargo_x7207_y12965_vh.tif,6822,0d0d7489d2f89dc9a00d6b9f5e295acfc239d59526cee77957789be79e562019
S1A_IW_GRDH_1SDV_20160513T221231_20160513T221256_011246_011040_617A/7353_11624,Dredger,2,opensar_zip,OpenSARShip_1/S1A_IW_GRDH_1SDV_20160513T221231_20160513T221256_011246_011040_617A.zip,S1A_IW_GRDH_1SDV_20160513T221231_20160513T221256_011246_011040_617A/Patch_Uint8/Visual_Other Type_x7353_y11624_vv.tif,S1A_IW_GRDH_1SDV_20160513T221231_20160513T221256_011246_011040_617A/Patch_Uint8/Visual_Other Type_x7353_y11624_vh.tif,3220,906ba25775c8338df62904180e465dafced53321e96b7812f13572e5d91c67fe
S1A_IW_GRDH_1SDV_20160513T221231_20160513T221256_011246_011040_617A/7525_12296,Bulk Carrier,0,opensar_zip,OpenSARShip_1/S1A_IW_GRDH_1SDV_20160513T221231_20160513T221256_011246_011040_617A.zip,S1A_IW_GRDH_1SDV_20160513T221231_20160513T221256_011246_011040_617A/Patch_Uint8/Visual_Cargo_x7525_y12296_vv.tif,S1A_IW_GRDH_1SDV_20160513T221231_20160513T221256_011246_011040_617A/Patch_Uint8/Visual_Cargo_x7525_y12296_vh.tif,6148,6fa4d6aa1ab6b640e5865db73a33099549571ba8f6bfe92c5bf8da167ab2011d
S1A_IW_GRDH_1SDV_20160513T221231_20160513T221256_011246_011040_617A/7534_16656,Bulk Carrier,0,opensar_zip,OpenSARShip_1/S1A_IW_GRDH_1SDV_20160513T221231_20160513T221256_011246_011040_617A.zip,S1A_IW_GRDH_1SDV_20160513T221231_20160513T221256_011246_011040_617A/Patch_Uint8/Visual_Cargo_x7534_y16656_vv.tif,S1A_IW_GRDH_1SDV_20160513T221231_20160513T221256_011246_011040_617A/Patch_Uint8/Visual_Cargo_x7534_y16656_vh.tif,12460,e785428ab6d5e1c6e163b49f4efeb58d1f1391a44ebf78d13d78087ead4368ef
S1A_IW_GRDH_1SDV_20160513T221231_20160513T221256_011246_011040_617A/7685_11930,Tanker,4,opensar_zip,OpenSARShip_1/S1A_IW_GRDH_1SDV_20160513T221231_20160513T221256_011246_011040_617A.zip,S1A_IW_GRDH_1SDV_20160513T221231_20160513T221256_011246_011040_617A/Patch_Uint8/Visual_Tanker_x7685_y11930_vv.tif,S1A_IW_GRDH_1SDV_20160513T221231_20160513T221256_011246_011040_617A/Patch_Uint8/Visual_Tanker_x7685_y11930_vh.tif,1010,c1c1a2bc6a1d099af575f62e23d5d90728f06b3ed9d1212701c5cb0766f758b7
S1A_IW_GRDH_1SDV_20160513T221231_20160513T221256_011246_011040_617A/7792_13757,Tug,5,opensar_zip,OpenSARShip_1/S1A_IW_GRDH_1SDV_20160513T221231_20160513T221256_011246_011040_617A.zip,S1A_IW_GRDH_1SDV_20160513T221231_20160513T221256_011246_011040_617A/Patch_Uint8/Visual_Tug_x7792_y13757_vv.tif,S1A_IW_GRDH_1SDV_20160513T221231_20160513T221256_011246_011040_617A/Patch_Uint8/Visual_Tug_x7792_y13757_vh.tif,1688,08b28186d6fd9b72e005814c4f74f020c6f43dae0e1f9a3097b78b9d33a31b49
S1A_IW_GRDH_1SDV_20160513T221231_20160513T221256_011246_011040_617A/7902_12333,Container Ship,1,opensar_zip,OpenSARShip_1/S1A_IW_GRDH_1SDV_20160513T221231_20160513T221256_011246_011040_617A.zip,S1A_IW_GRDH_1SDV_20160513T221231_20160513T221256_011246_011040_617A/Patch_Uint8/Visual_Cargo_x7902_y12333_vv.tif,S1A_IW_GRDH_1SDV_20160513T221231_20160513T221256_011246_011040_617A/Patch_Uint8/Visual_Cargo_x7902_y12333_vh.tif,10964,3efe6d3432bf7aae905a751f6e32e445f308582b880428db3dfbdb112795a685
S1A_IW_GRDH_1SDV_20160513T221231_20160513T221256_011246_011040_617A/8396_11324,Tug,5,opensar_zip,OpenSARShip_1/S1A_IW_GRDH_1SDV_20160513T221231_20160513T221256_011246_011040_617A.zip,S1A_IW_GRDH_1SDV_20160513T221231_20160513T221256_011246_011040_617A/Patch_Uint8/Visual_Other Type_x8396_y11324_vv.tif,S1A_IW_GRDH_1SDV_20160513T221231_20160513T221256_011246_011040_617A/Patch_Uint8/Visual_Other Type_x8396_y11324_vh.tif,2146,ec2ef5b86b6793ea11ee200a9132e226f29cf09bea656daced3ac8e041bce879
S1A_IW_GRDH_1SDV_20160513T221231_20160513T221256_011246_011040_617A/8648_16355,Bulk Carrier,0,opensar_zip,OpenSARShip_1/S1A_IW_GRDH_1SDV_20160513T221231_20160513T221256_011246_011040_617A.zip,S1A_IW_GRDH_1SDV_20160513T221231_20160513T221256_011246_011040_617A/Patch_Uint8/Visual_Cargo_x8648_y16355_vv.tif,S1A_IW_GRDH_1SDV_20160513T221231_20160513T221256_011246_011040_617A/Patch_Uint8/Visual_Cargo_x8648_y16355_vh.tif,8928,43b1e36d2f9b450b9d0bc50ec711b4bf0256b380452cbe8ea05fbd1a7c3f217d
S1A_IW_GRDH_1SDV_20160513T221231_20160513T221256_011246_011040_617A/8755_16269,Bulk Carrier,0,opensar_zip,OpenSARShip_1/S1A_IW_GRDH_1SDV_20160513T221231_20160513T221256_011246_011040_617A.zip,S1A_IW_GRDH_1SDV_20160513T221231_20160513T221256_011246_011040_617A/Patch_Uint8/Visual_Cargo_x8755_y16269_vv.tif,S1A_IW_GRDH_1SDV_20160513T221231_20160513T221256_011246_011040_617A/Patch_Uint8/Visual_Cargo_x8755_y16269_vh.tif,6388,256f5a774fb9f5cf329b6932edaa4c1c28066f4a2b69aae85d6df9b2c20bbfa0
S1A_IW_GRDH_1SDV_20160513T221231_20160513T221256_011246_011040_617A/8783_12288,Container Ship,1,opensar_zip,OpenSARShip_1/S1A_IW_GRDH_1SDV_20160513T221231_20160513T221256_011246_011040_617A.zip,S1A_IW_GRDH_1SDV_20160513T221231_20160513T221256_011246_011040_617A/Patch_Uint8/Visual_Cargo_x8783_y12288_vv.tif,S1A_IW_GRDH_1SDV_20160513T221231_20160513T221256_011246_011040_617A/Patch_Uint8/Visual_Cargo_x8783_y12288_vh.tif,33216,5aba2cfffb716853cf45e9ec11f8935235a09ed6fd2f687c7ed59fb0da9c1936
S1A_IW_GRDH_1SDV_20160513T221231_20160513T221256_011246_011040_617A/8805_12490,Bulk Carrier,0,opensar_zip,OpenSARShip_1/S1A_IW_GRDH_1SDV_20160513T221231_20160513T221256_011246_011040_617A.zip,S1A_IW_GRDH_1SDV_20160513T221231_20160513T221256_011246_011040_617A/Patch_Uint8/Visual_Cargo_x8805_y12490_vv.tif,S1A_IW_GRDH_1SDV_20160513T221231_20160513T221256_011246_011040_617A/Patch_Uint8/Visual_Cargo_x8805_y12490_vh.tif,12424,ba2ae08c0e6620e535f6dd309e1bbb689bb9bcbb78e85ce6cf2fd2477e956fec
S1A_IW_GRDH_1SDV_20160513T221231_20160513T221256_011246_011040_617A/8844_16132,Bulk Carrier,0,opensar_zip,OpenSARShip_1/S1A_IW_GRDH_1SDV_20160513T221231_20160513T221256_011246_011040_617A.zip,S1A_IW_GRDH_1SDV_20160513T221231_20160513T221256_011246_011040_617A/Patch_Uint8/Visual_Cargo_x8844_y16132_vv.tif,S1A_IW_GRDH_1SDV_20160513T221231_20160513T221256_011246_011040_617A/Patch_Uint8/Visual_Cargo_x8844_y16132_vh.tif,11182,b26d3318e2200cb0983be92c777d00d11760cfb041049ad97b636b63295308ba
S1A_IW_GRDH_1SDV_20160513T221231_20160513T221256_011246_011040_617A/9003_12522,Container Ship,1,opensar_zip,OpenSARShip_1/S1A_IW_GRDH_1SDV_20160513T221231_20160513T221256_011246_011040_617A.zip,S1A_IW_GRDH_1SDV_20160513T221231_20160513T221256_011246_011040_617A/Patch_Uint8/Visual_Cargo_x9003_y12522_vv.tif,S1A_IW_GRDH_1SDV_20160513T221231_20160513T221256_011246_011040_617A/Patch_Uint8/Visual_Cargo_x9003_y12522_vh.tif,11132,a2f1577b92d51e9525c8c456e89ed9faf64af7121af67e028ce225c865de24aa
S1A_IW_GRDH_1SDV_20160513T221231_20160513T221256_011246_011040_617A/9081_13145,Bulk Carrier,0,opensar_zip,OpenSARShip_1/S1A_IW_GRDH_1SDV_20160513T221231_20160513T221256_011246_011040_617A.zip,S1A_IW_GRDH_1SDV_20160513T221231_20160513T221256_011246_011040_617A/Patch_Uint8/Visual_Cargo_x9081_y13145_vv.tif,S1A_IW_GRDH_1SDV_20160513T221231_20160513T221256_011246_011040_617A/Patch_Uint8/Visual_Cargo_x9081_y13145_vh.tif,20418,1ca02cf9dba0a0f1897302b2e4f39f6fd7f3e3d43287fdbeb742851b8c153a36
S1A_IW_GRDH_1SDV_20160513T221231_20160513T221256_011246_011040_617A/9090_12408,Bulk Carrier,0,opensar_zip,OpenSARShip_1/S1A_IW_GRDH_1SDV_20160513T221231_20160513T221256_011246_011040_617A.zip,S1A_IW_GRDH_1SDV_20160513T221231_20160513T221256_011246_011040_617A/Patch_Uint8/Visual_Cargo_x9090_y12408_vv.tif,S1A_IW_GRDH_1SDV_20160513T221231_20160513T221256_011246_011040_617A/Patch_Uint8/Visual_Cargo_x9090_y12408_vh.tif,10082,d2c96ff330dbe156225b290a92a8de288211762803d536436b80e8aadf5090de
S1A_IW_GRDH_1SDV_20160513T221231_20160513T221256_011246_011040_617A/9225_12023,Bulk Carrier,0,opensar_zip,OpenSARShip_1/S1A_IW_GRDH_1SDV_20160513T221231_20160513T221256_011246_011040_617A.zip,S1A_IW_GRDH_1SDV_20160513T221231_20160513T221256_011246_011040_617A/Patch_Uint8/Visual_Cargo_x9225_y12023_vv.tif,S1A_IW_GRDH_1SDV_20160513T221231_20160513T221256_011246_011040_617A/Patch_Uint8/Visual_Cargo_x9225_y12023_vh.tif,6796,b41ac6dea3c317bf1231363c48db0049688655772a0401d5ee84b4c78d0bb8e6
S1A_IW_GRDH_1SDV_20160513T221231_20160513T221256_011246_011040_617A/9227_13358,Bulk Carrier,0,opensar_zip,OpenSARShip_1/S1A_IW_GRDH_1SDV_20160513T221231_20160513T221256_011246_011040_617A.zip,S1A_IW_GRDH_1SDV_20160513T221231_20160513T221256_011246_011040_617A/Patch_Uint8/Visual_Cargo_x9227_y13358_vv.tif,S1A_IW_GRDH_1SDV_20160513T221231_20160513T221256_011246_011040_617A/Patch_Uint8/Visual_Cargo_x9227_y13358_vh.tif,23488,022760a1b5e75e12985239d27b93f52402245f73526f517e9bb2dc810a0f0824
S1A_IW_GRDH_1SDV_20160513T221231_20160513T221256_011246_011040_617A/9318_12439,Bulk Carrier,0,opensar_zip,OpenSARShip_1/S1A_IW_GRDH_1SDV_20160513T221231_20160513T221256_011246_011040_617A.zip,S1A_IW_GRDH_1SDV_20160513T221231_20160513T221256_011246_011040_617A/Patch_Uint8/Visual_Cargo_x9318_y12439_vv.tif,S1A_IW_GRDH_1SDV_20160513T221231_20160513T221256_011246_011040_617A/Patch_Uint8/Visual_Cargo_x9318_y12439_vh.tif,17984,b83b95fce02493dcb8b2d84b3b006f988c5e107074bfd306e88fec47eecece7d
S1A_IW_GRDH_1SDV_20160513T221231_20160513T221256_011246_011040_617A/9335_13196,Bulk Carrier,0,opensar_zip,OpenSARShip_1/S1A_IW_GRDH_1SDV_20160513T221231_20160513T221256_011246_011040_617A.zip,S1A_IW_GRDH_1SDV_20160513T221231_20160513T221256_011246_011040_617A/Patch_Uint8/Visual_Cargo_x9335_y13196_vv.tif,S1A_IW_GRDH_1SDV_20160513T221231_20160513T221256_011246_011040_617A/Patch_Uint8/Visual_Cargo_x9335_y13196_vh.tif,25184,e4de6c33657e4c9f1de0f03804e39e15dd060c22239123e76444b07594580b24
S1A_IW_GRDH_1SDV_20160513T221231_20160513T221256_011246_011040_617A/9341_13063,Bulk Carrier,0,opensar_zip,OpenSARShip_1/S1A_IW_GRDH_1SDV_20160513T221231_20160513T221256_011246_011040_617A.zip,S1A_IW_GRDH_1SDV_20160513T221231_20160513T221256_011246_011040_617A/Patch_Uint8/Visual_Cargo_x9341_y13063_vv.tif,S1A_IW_GRDH_1SDV_20160513T221231_20160513T221256_011246_011040_617A/Patch_Uint8/Visual_Cargo_x9341_y13063_vh.tif,8880,dab23e80550b57c054d6e28bbdc9549d6283d4865953b4924434ea492a74c4e6
S1A_IW_GRDH_1SDV_20160513T221231_20160513T221256_011246_011040_617A/9351_13307,Bulk Carrier,0,opensar_zip,OpenSARShip_1/S1A_IW_GRDH_1SDV_20160513T221231_20160513T221256_011246_011040_617A.zip,S1A_IW_GRDH_1SDV_20160513T221231_20160513T221256_011246_011040_617A/Patch_Uint8/Visual_Cargo_x9351_y13307_vv.tif,S1A_IW_GRDH_1SDV_20160513T221231_20160513T221256_011246_011040_617A/Patch_Uint8/Visual_Cargo_x9351_y13307_vh.tif,16220,aae17ec80b78084a163d61e63b762fe722be336b24b5973620864871467fc918
S1A_IW_GRDH_1SDV_20160513T221231_20160513T221256_011246_011040_617A/9525_11779,Bulk Carrier,0,opensar_zip,OpenSARShip_1/S1A_IW_GRDH_1SDV_20160513T221231_20160513T221256_011246_011040_617A.zip,S1A_IW_GRDH_1SDV_20160513T221231_20160513T221256_011246_011040_617A/Patch_Uint8/Visual_Cargo_x9525_y11779_vv.tif,S1A_IW_GRDH_1SDV_20160513T221231_20160513T221256_011246_011040_617A/Patch_Uint8/Visual_Cargo_x9525_y11779_vh.tif,7022,bb0dbe21903e7cdfd78e40c3858587f6f3a424b4bee2a2e3d196ec2761b1f089
S1A_IW_GRDH_1SDV_20160513T221231_20160513T221256_011246_011040_617A/9645_11856,Bulk Carrier,0,opensar_zip,OpenSARShip_1/S1A_IW_GRDH_1SDV_20160513T221231_20160513T221256_011246_011040_617A.zip,S1A_IW_GRDH_1SDV_20160513T221231_20160513T221256_011246_011040_617A/Patch_Uint8/Visual_Cargo_x9645_y11856_vv.tif,S1A_IW_GRDH_1SDV_20160513T221231_20160513T221256_011246_011040_617A/Patch_Uint8/Visual_Cargo_x9645_y11856_vh.tif,8968,6cef9687d64ec1a222512ed201e62a944d3276f1ad44c9696bd21896f60b5fe3
S1A_IW_GRDH_1SDV_20160513T221231_20160513T221256_011246_011040_617A/9750_12279,Bulk Carrier,0,opensar_zip,OpenSARShip_1/S1A_IW_GRDH_1SDV_20160513T221231_20160513T221256_011246_011040_617A.zip,S1A_IW_GRDH_1SDV_20160513T221231_20160513T221256_011246_011040_617A/Patch_Uint8/Visual_Cargo_x9750_y12279_vv.tif,S1A_IW_GRDH_1SDV_20160513T221231_20160513T221256_011246_011040_617A/Patch_Uint8/Visual_Cargo_x9750_y12279_vh.tif,10072,bda3b6257d4df061dec62327956870e84bc664c32c37eef216f1beacfd9785d2
S1A_IW_GRDH_1SDV_20160513T221231_20160513T221256_011246_011040_617A/9920_12074,Bulk Carrier,0,opensar_zip,OpenSARShip_1/S1A_IW_GRDH_1SDV_20160513T221231_20160513T221256_011246_011040_617A.zip,S1A_IW_GRDH_1SDV_20160513T221231_20160513T221256_011246_011040_617A/Patch_Uint8/Visual_Cargo_x9920_y12074_vv.tif,S1A_IW_GRDH_1SDV_20160513T221231_20160513T221256_011246_011040_617A/Patch_Uint8/Visual_Cargo_x9920_y12074_vh.tif,6956,76bfc5474fa6b01427025bb3e5b573e170991424cdc1ceafbed2ff7ebf19576d
S1A_IW_GRDH_1SDV_20160513T221231_20160513T221256_011246_011040_617A/9972_13087,Bulk Carrier,0,opensar_zip,OpenSARShip_1/S1A_IW_GRDH_1SDV_20160513T221231_20160513T221256_011246_011040_617A.zip,S1A_IW_GRDH_1SDV_20160513T221231_20160513T221256_011246_011040_617A/Patch_Uint8/Visual_Cargo_x9972_y13087_vv.tif,S1A_IW_GRDH_1SDV_20160513T221231_20160513T221256_011246_011040_617A/Patch_Uint8/Visual_Cargo_x9972_y13087_vh.tif,12442,a553dc23cf50a589cb1dc6f5268a6c42f61447592165b503a97928c848bd4604
S1A_IW_GRDH_1SDV_20160523T102501_20160523T102530_011385_0114CC_4FED/110_7225,Container Ship,1,opensar_zip,OpenSARShip_1/S1A_IW_GRDH_1SDV_20160523T102501_20160523T102530_011385_0114CC_4FED.zip,S1A_IW_GRDH_1SDV_20160523T102501_20160523T102530_011385_0114CC_4FED/Patch_Uint8/Visual_Other Type_x110_y7225_vv.tif,S1A_IW_GRDH_1SDV_20160523T102501_20160523T102530_011385_0114CC_4FED/Patch_Uint8/Visual_Other Type_x110_y7225_vh.tif,26052,32702f2b039e055f1ec3c4da7ed9a73f63f56e96280c7d2cbce9cb1c547d09a4
S1A_IW_GRDH_1SDV_20160523T102501_20160523T102530_011385_0114CC_4FED/11638_8922,Tanker,4,opensar_zip,OpenSARShip_1/S1A_IW_GRDH_1SDV_20160523T102501_20160523T102530_011385_0114CC_4FED.zip,S1A_IW_GRDH_1SDV_20160523T102501_20160523T102530_011385_0114CC_4FED/Patch_Uint8/Visual_Tanker_x11638_y8922_vv.tif,S1A_IW_GRDH_1SDV_20160523T102501_20160523T102530_011385_0114CC_4FED/Patch_Uint8/Visual_Tanker_x11638_y8922_vh.tif,3214,9595050cc81c0eabe528912412a53055500ff47046d3707162275392d4a7f9b6
S1A_IW_GRDH_1SDV_20160523T102501_20160523T102530_011385_0114CC_4FED/11835_9532,Fishing,3,opensar_zip,OpenSARShip_1/S1A_IW_GRDH_1SDV_20160523T102501_20160523T102530_011385_0114CC_4FED.zip,S1A_IW_GRDH_1SDV_20160523T102501_20160523T102530_011385_0114CC_4FED/Patch_Uint8/Visual_Fishing_x11835_y9532_vv.tif,S1A_IW_GRDH_1SDV_20160523T102501_20160523T102530_011385_0114CC_4FED/Patch_Uint8/Visual_Fishing_x11835_y9532_vh.tif,2130,e5fcdad0598c526f6a400d8ebc36ec8bf04146135244d3b7b007bffd9b18b9fe
S1A_IW_GRDH_1SDV_20160523T102501_20160523T102530_011385_0114CC_4FED/125_7052,Bulk Carrier,0,opensar_zip,OpenSARShip_1/S1A_IW_GRDH_1SDV_20160523T102501_20160523T102530_011385_0114CC_4FED.zip,S1A_IW_GRDH_1SDV_20160523T102501_20160523T102530_011385_0114CC_4FED/Patch_Uint8/Visual_Cargo_x125_y7052_vv.tif,S1A_IW_GRDH_1SDV_20160523T102501_20160523T102530_011385_0114CC_4FED/Patch_Uint8/Visual_Cargo_x125_y7052_vh.tif,12428,2f386828405c5f01cceb7831971ed953f76713765d3a289e58355a8323846110
S1A_IW_GRDH_1SDV_20160523T102501_20160523T102530_011385_0114CC_4FED/12656_9656,Tanker,4,opensar_zip,OpenSARShip_1/S1A_IW_GRDH_1SDV_20160523T102501_20160523T102530_011385_0114CC_4FED.zip,S1A_IW_GRDH_1SDV_20160523T102501_20160523T102530_011385_0114CC_4FED/Patch_Uint8/Visual_Tanker_x12656_y9656_vv.tif,S1A_IW_GRDH_1SDV_20160523T102501_20160523T102530_011385_0114CC_4FED/Patch_Uint8/Visual_Tanker_x12656_y9656_vh.tif,3840,b3feb147abcfafd517e301b9cf78ad829433fb24fafc68ea0f1207b6567564fe
S1A_IW_GRDH_1SDV_20160523T102501_20160523T102530_011385_0114CC_4FED/14883_8797,Tanker,4,opensar_zip,OpenSARShip_1/S1A_IW_GRDH_1SDV_20160523T102501_20160523T102530_011385_0114CC_4FED.zip,S1A_IW_GRDH_1SDV_20160523T102501_20160523T102530_011385_0114CC_4FED/Patch_Uint8/Visual_Tanker_x14883_y8797_vv.tif,S1A_IW_GRDH_1SDV_20160523T102501_20160523T102530_011385_0114CC_4FED/Patch_Uint8/Visual_Tanker_x14883_y8797_vh.tif,2596,ef195d74cfcf3518bc9f182c4178f6ea8c86850a0ff4d672813ac4531efc2109
S1A_IW_GRDH_1SDV_20160523T102501_20160523T102530_011385_0114CC_4FED/16141_9107,Tanker,4,opensar_zip,OpenSARShip_1/S1A_IW_GRDH_1SDV_20160523T102501_20160523T102530_011385_0114CC_4FED.zip,S1A_IW_GRDH_1SDV_20160523T102501_20160523T102530_011385_0114CC_4FED/Patch_Uint8/Visual_Tanker_x16141_y9107_vv.tif,S1A_IW_GRDH_1SDV_20160523T102501_20160523T102530_011385_0114CC_4FED/Patch_Uint8/Visual_Tanker_x16141_y9107_vh.tif,4512,8898c79f9d54f6c61d214367f2a1619a575c64cf3f31973f30d927a5a7f8c2ca
S1A_IW_GRDH_1SDV_20160523T102501_20160523T102530_011385_0114CC_4FED/16887_9703,Tanker,4,opensar_zip,OpenSARShip_1/S1A_IW_GRDH_1SDV_20160523T102501_20160523T102530_011385_0114CC_4FED.zip,S1A_IW_GRDH_1SDV_20160523T102501_20160523T102530_011385_0114CC_4FED/Patch_Uint8/Visual_Tanker_x16887_y9703_vv.tif,S1A_IW_GRDH_1SDV_20160523T102501_20160523T102530_011385_0114CC_4FED/Patch_Uint8/Visual_Tanker_x16887_y9703_vh.tif,3830,be87c0dd0e29b0b627743ed8ed296583b9e7a93dbe58c5b35b9dae7d54d1a375
S1A_IW_GRDH_1SDV_20160523T102501_20160523T102530_011385_0114CC_4FED/20660_9801,Tanker,4,opensar_zip,OpenSARShip_1/S1A_IW_GRDH_1SDV_20160523T102501_20160523T102530_011385_0114CC_4FED.zip,S1A_IW_GRDH_1SDV_20160523T102501_20160523T102530_011385_0114CC_4FED/Patch_Uint8/Visual_Tanker_x20660_y9801_vv.tif,S1A_IW_GRDH_1SDV_20160523T102501_20160523T102530_011385_0114CC_4FED/Patch_Uint8/Visual_Tanker_x20660_y9801_vh.tif,3830,2fca6da3aed00af933a4d2f991adc9bea0b4b1830a9e8a1edbc451d2c3efec36
S1A_IW_GRDH_1SDV_20160523T102501_20160523T102530_011385_0114CC_4FED/215_7247,Container Ship,1,opensar_zip,OpenSARShip_1/S1A_IW_GRDH_1SDV_20160523T102501_20160523T102530_011385_0114CC_4FED.zip,S1A_IW_GRDH_1SDV_20160523T102501_20160523T102530_011385_0114CC_4FED/Patch_Uint8/Visual_Cargo_x215_y7247_vv.tif,S1A_IW_GRDH_1SDV_20160523T102501_20160523T102530_011385_0114CC_4FED/Patch_Uint8/Visual_Cargo_x215_y7247_vh.tif,14512,84fc4005ac46c37d6a6bbc9a472773a82356c355a161ad74fe60934905f533fe
S1A_IW_GRDH_1SDV_20160523T102501_20160523T102530_011385_0114CC_4FED/2180_7182,Tanker,4,opensar_zip,OpenSARShip_1/S1A_IW_GRDH_1SDV_20160523T102501_20160523T102530_011385_0114CC_4FED.zip,S1A_IW_GRDH_1SDV_20160523T102501_20160523T102530_011385_0114CC_4FED/Patch_Uint8/Visual_Tanker_x2180_y7182_vv.tif,S1A_IW_GRDH_1SDV_20160523T102501_20160523T102530_011385_0114CC_4FED/Patch_Uint8/Visual_Tanker_x2180_y7182_vh.tif,1322,7f4966cd0858f056c647dcd61cd1479cf2120e7ea4a7c36511c8ed8e69524dce
S1A_IW_GRDH_1SDV_20160523T102501_20160523T102530_011385_0114CC_4FED/22332_10682,Tanker,4,opensar_zip,OpenSARShip_1/S1A_IW_GRDH_1SDV_20160523T102501_20160523T102530_011385_0114CC_4FED.zip,S1A_IW_GRDH_1SDV_20160523T102501_20160523T102530_011385_0114CC_4FED/Patch_Uint8/Visual_Tanker_x22332_y10682_vv.tif,S1A_IW_GRDH_1SDV_20160523T102501_20160523T102530_011385_0114CC_4FED/Patch_Uint8/Visual_Tanker_x22332_y10682_vh.tif,1700,a99f9ae9f75a21218a476671db7914da21576f6937108a69234faf4c763ee57c
S1A_IW_GRDH_1SDV_20160523T102501_20160523T102530_011385_0114CC_4FED/2465_5045,Tanker,4,opensar_zip,OpenSARShip_1/S1A_IW_GRDH_1SDV_20160523T102501_20160523T102530_011385_0114CC_4FED.zip,S1A_IW_GRDH_1SDV_20160523T102501_20160523T102530_011385_0114CC_4FED/Patch_Uint8/Visual_Tanker_x2465_y5045_vv.tif,S1A_IW_GRDH_1SDV_20160523T102501_20160523T102530_011385_0114CC_4FED/Patch_Uint8/Visual_Tanker_x2465_y5045_vh.tif,3226,23f0763d677e7b2710fc7a91336a4eed6554a1a43552175541a144b159415af1
S1A_IW_GRDH_1SDV_20160523T102501_20160523T102530_011385_0114CC_4FED/2522_7039,Tanker,4,opensar_zip,OpenSARShip_1/S1A_IW_GRDH_1SDV_20160523T102501_20160523T102530_011385_0114CC_4FED.zip,S1A_IW_GRDH_1SDV_20160523T102501_20160523T102530_011385_0114CC_4FED/Patch_Uint8/Visual_Tanker_x2522_y7039_vv.tif,S1A_IW_GRDH_1SDV_20160523T102501_20160523T102530_011385_0114CC_4FED/Patch_Uint8/Visual_Tanker_x2522_y7039_vh.tif,5308,69b844fe9bc3610a186cbb4a9fb91acf6c25a3cad624a8a12d8b602420810acc
S1A_IW_GRDH_1SDV_20160523T102501_20160523T102530_011385_0114CC_4FED/2786_5988,Bulk Carrier,0,opensar_zip,OpenSARShip_1/S1A_IW_GRDH_1SDV_20160523T102501_20160523T102530_011385_0114CC_4FED.zip,S1A_IW_GRDH_1SDV_20160523T102501_20160523T102530_011385_0114CC_4FED/Patch_Uint8/Visual_Cargo_x2786_y5988_vv.tif,S1A_IW_GRDH_1SDV_20160523T102501_20160523T102530_011385_0114CC_4FED/Patch_Uint8/Visual_Cargo_x2786_y5988_vh.tif,14598,cb25f9eeb8d259a87e0694fc25c16e520f4fefcfe92a5852dde0594e8ff3efe6
S1A_IW_GRDH_1SDV_20160523T102501_20160523T102530_011385_0114CC_4FED/2820_6209,Container Ship,1,opensar_zip,OpenSARShip_1/S1A_IW_GRDH_1SDV_20160523T102501_20160523T102530_011385_0114CC_4FED.zip,S1A_IW_GRDH_1SDV_20160523T102501_20160523T102530_011385_0114CC_4FED/Patch_Uint8/Visual_Cargo_x2820_y6209_vv.tif,S1A_IW_GRDH_1SDV_20160523T102501_20160523T102530_011385_0114CC_4FED/Patch_Uint8/Visual_Cargo_x2820_y6209_vh.tif,9748,129329ff8abce54cfd6821234031dee59cbaae577ef06d918cdb3d049e83a599
S1A_IW_GRDH_1SDV_20160523T102501_20160523T102530_011385_0114CC_4FED/296_6831,Container Ship,1,opensar_zip,OpenSARShip_1/S1A_IW_GRDH_1SDV_20160523T102501_20160523T102530_011385_0114CC_4FED.zip,S1A_IW_GRDH_1SDV_20160523T102501_20160523T102530_011385_0114CC_4FED/Patch_Uint8/Visual_Other Type_x296_y6831_vv.tif,S1A_IW_GRDH_1SDV_20160523T102501_20160523T102530_011385_0114CC_4FED/Patch_Uint8/Visual_Other Type_x296_y6831_vh.tif,16140,ece83328d64a3f99a363c843e3081762266c025f67a1724dcc5859b5c6c0a6fb
S1A_IW_GRDH_1SDV_20160523T102501_20160523T102530_011385_0114CC_4FED/3198_11878,Container Ship,1,opensar_zip,OpenSARShip_1/S1A_IW_GRDH_1SDV_20160523T102501_20160523T102530_011385_0114CC_4FED.zip,S1A_IW_GRDH_1SDV_20160523T102501_20160523T102530_011385_0114CC_4FED/Patch_Uint8/Visual_Cargo_x3198_y11878_vv.tif,S1A_IW_GRDH_1SDV_20160523T102501_20160523T102530_011385_0114CC_4FED/Patch_Uint8/Visual_Cargo_x3198_y11878_vh.tif,36990,9621132c3b8f3aeaba1474edade1675b1ce64bc10e0f1d8e91b6b8f6b38b6c4c
S1A_IW_GRDH_1SDV_20160523T102501_20160523T102530_011385_0114CC_4FED/3198_5579,Container Ship,1,opensar_zip,OpenSARShip_1/S1A_IW_GRDH_1SDV_20160523T102501_20160523T102530_011385_0114CC_4FED.zip,S1A_IW_GRDH_1SDV_20160523T102501_20160523T102530_011385_0114CC_4FED/Patch_Uint8/Visual_Cargo_x3198_y5579_vv.tif,S1A_IW_GRDH_1SDV_20160523T102501_20160523T102530_011385_0114CC_4FED/Patch_Uint8/Visual_Cargo_x3198_y5579_vh.tif,13526,abbb13b4d4f656f22f1c53df80bbcbba123f418a4cb18a94790781956838d4fc
S1A_IW_GRDH_1SDV_20160523T102501_20160523T102530_011385_0114CC_4FED/3220_6470,Bulk Carrier,0,opensar_zip,OpenSARShip_1/S1A_IW_GRDH_1SDV_20160523T102501_20160523T102530_011385_0114CC_4FED.zip,S1A_IW_GRDH_1SDV_20160523T102501_20160523T102530_011385_0114CC_4FED/Patch_Uint8/Visual_Cargo_x3220_y6470_vv.tif,S1A_IW_GRDH_1SDV_20160523T102501_20160523T102530_011385_0114CC_4FED/Patch_Uint8/Visual_Cargo_x3220_y6470_vh.tif,12426,a035da846d69607c7c7a91e708f5db7d575d96ee9c463a2b35b5528e6fd3dc5c
S1A_IW_GRDH_1SDV_20160523T102501_20160523T102530_011385_0114CC_4FED/3259_6809,Container Ship,1,opensar_zip,OpenSARShip_1/S1A_IW_GRDH_1SDV_20160523T102501_20160523T102530_011385_0114CC_4FED.zip,S1A_IW_GRDH_1SDV_20160523T102501_20160523T102530_011385_0114CC_4FED/Patch_Uint8/Visual_Cargo_x3259_y6809_vv.tif,S1A_IW_GRDH_1SDV_20160523T102501_20160523T102530_011385_0114CC_4FED/Patch_Uint8/Visual_Cargo_x3259_y6809_vh.tif,41288,8e8aa69f030aca4b583e96acb2e181d11fb3cb1704c98aafb1343bc180cd2b82
S1A_IW_GRDH_1SDV_20160523T102501_20160523T102530_011385_0114CC_4FED/3549_5705,Container Ship,1,opensar_zip,OpenSARShip_1/S1A_IW_GRDH_1SDV_20160523T102501_20160523T102530_011385_0114CC_4FED.zip,S1A_IW_GRDH_1SDV_20160523T102501_20160523T102530_011385_0114CC_4FED/Patch_Uint8/Visual_Cargo_x3549_y5705_vv.tif,S1A_IW_GRDH_1SDV_20160523T102501_20160523T102530_011385_0114CC_4FED/Patch_Uint8/Visual_Cargo_x3549_y5705_vh.tif,20644,2755d847a0f299ec83ae90ea5b5487cbed508ed7fd8d3df7a9a0b1457b675ca2
S1A_IW_GRDH_1SDV_20160523T102501_20160523T102530_011385_0114CC_4FED/3585_11779,Tanker,4,opensar_zip,OpenSARShip_1/S1A_IW_GRDH_1SDV_20160523T102501_20160523T102530_011385_0114CC_4FED.zip,S1A_IW_GRDH_1SDV_20160523T102501_20160523T102530_011385_0114CC_4FED/Patch_Uint8/Visual_Tanker_x3585_y11779_vv.tif,S1A_IW_GRDH_1SDV_20160523T102501_20160523T102530_011385_0114CC_4FED/Patch_Uint8/Visual_Tanker_x3585_y11779_vh.tif,5318,d11fd4097d6106e1e8899d2f83dc783e82757d51ac4d2862591a6c1b2d0c112b
S1A_IW_GRDH_1SDV_20160523T102501_20160523T102530_011385_0114CC_4FED/361_7151,Container Ship,1,opensar_zip,OpenSARShip_1/S1A_IW_GRDH_1SDV_20160523T102501_20160523T102530_011385_0114CC_4FED.zip,S1A_IW_GRDH_1SDV_20160523T102501_20160523T102530_011385_0114CC_4FED/Patch_Uint8/Visual_Cargo_x361_y7151_vv.tif,S1A_IW_GRDH_1SDV_20160523T102501_20160523T102530_011385_0114CC_4FED/Patch_Uint8/Visual_Cargo_x361_y7151_vh.tif,21742,b51406ec95c2cfb0d749fdb333ed1524134735c5503d1d490af9137c143be14b
S1A_IW_GRDH_1SDV_20160523T102501_20160523T102530_011385_0114CC_4FED/375_1750,Container Ship,1,opensar_zip,OpenSARShip_1/S1A_IW_GRDH_1SDV_20160523T102501_20160523T102530_011385_0114CC_4FED.zip,S1A_IW_GRDH_1SDV_20160523T102501_20160523T102530_011385_0114CC_4FED/Patch_Uint8/Visual_Cargo_x375_y1750_vv.tif,S1A_IW_GRDH_1SDV_20160523T102501_20160523T102530_011385_0114CC_4FED/Patch_Uint8/Visual_Cargo_x375_y1750_vh.tif,26232,eb21cebce51e5234641c0aef4d5073ec2d624b6235d730f3dc3e2c1ef43a17f7
S1A_IW_GRDH_1SDV_20160523T102501_20160523T102530_011385_0114CC_4FED/3789_6667,Container Ship,1,opensar_zip,OpenSARShip_1/S1A_IW_GRDH_1SDV_20160523T102501_20160523T102530_011385_0114CC_4FED.zip,S1A_IW_GRDH_1SDV_20160523T102501_20160523T102530_011385_0114CC_4FED/Patch_Uint8/Visual_Cargo_x3789_y6667_vv.tif,S1A_IW_GRDH_1SDV_20160523T102501_20160523T102530_011385_0114CC_4FED/Patch_Uint8/Visual_Cargo_x3789_y6667_vh.tif,24046,e664d71fadad2a1777ea23daa4b792ed882df4d46aec5a20f8778f8c23a9787f
S1A_IW_GRDH_1SDV_20160523T102501_20160523T102530_011385_0114CC_4FED/3829_6144,Container Ship,1,opensar_zip,OpenSARShip_1/S1A_IW_GRDH_1SDV_20160523T102501_20160523T102530_011385_0114CC_4FED.zip,S1A_IW_GRDH_1SDV_20160523T102501_20160523T102530_011385_0114CC_4FED/Patch_Uint8/Visual_Cargo_x3829_y6144_vv.tif,S1A_IW_GRDH_1SDV_20160523T102501_20160523T102530_011385_0114CC_4FED/Patch_Uint8/Visual_Cargo_x3829_y6144_vh.tif,12268,3f1766f368452beaf094f1ef1de48fff6ec7f0ec5fa2881e3b905e6f17b40391
S1A_IW_GRDH_1SDV_20160523T102501_20160523T102530_011385_0114CC_4FED/396_6960,Container Ship,1,opensar_zip,OpenSARShip_1/S1A_IW_GRDH_1SDV_20160523T102501_20160523T102530_011385_0114CC_4FED.zip,S1A_IW_GRDH_1SDV_20160523T102501_20160523T102530_011385_0114CC_4FED/Patch_Uint8/Visual_Cargo_x396_y6960_vv.tif,S1A_IW_GRDH_1SDV_20160523T102501_20160523T102530_011385_0114CC_4FED/Patch_Uint8/Visual_Cargo_x396_y6960_vh.tif,18452,6611d7e8e9d8e192921942c5d833197187308efc8de12659172cc35be0a128e6
S1A_IW_GRDH_1SDV_20160523T102501_20160523T102530_011385_0114CC_4FED/3988_5699,Container Ship,1,opensar_zip,OpenSARShip_1/S1A_IW_GRDH_1SDV_20160523T102501_20160523T102530_011385_0114CC_4FED.zip,S1A_IW_GRDH_1SDV_20160523T102501_20160523T102530_011385_0114CC_4FED/Patch_Uint8/Visual_Cargo_x3988_y5699_vv.tif,S1A_IW_GRDH_1SDV_20160523T102501_20160523T102530_011385_0114CC_4FED/Patch_Uint8/Visual_Cargo_x3988_y5699_vh.tif,9082,81102a1d0f8a705ea8c04f5956b52f6158c4658af57ae82ccf6690deac756a82
S1A_IW_GRDH_1SDV_20160523T102501_20160523T102530_011385_0114CC_4FED/4682_8211,Container Ship,1,opensar_zip,OpenSARShip_1/S1A_IW_GRDH_1SDV_20160523T102501_20160523T102530_011385_0114CC_4FED.zip,S1A_IW_GRDH_1SDV_20160523T102501_20160523T102530_011385_0114CC_4FED/Patch_Uint8/Visual_Cargo_x4682_y8211_vv.tif,S1A_IW_GRDH_1SDV_20160523T102501_20160523T102530_011385_0114CC_4FED/Patch_Uint8/Visual_Cargo_x4682_y8211_vh.tif,7040,e0107525d020c7dbc6cc4a96ff44497b7fd8a6e0967b08c1a4b1eced3c08eedf
S1A_IW_GRDH_1SDV_20160523T102501_20160523T102530_011385_0114CC_4FED/4938_9713,Container Ship,1,opensar_zip,OpenSARShip_1/S1A_IW_GRDH_1SDV_20160523T102501_20160523T102530_011385_0114CC_4FED.zip,S1A_IW_GRDH_1SDV_20160523T102501_20160523T102530_011385_0114CC_4FED/Patch_Uint8/Visual_Cargo_x4938_y9713_vv.tif,S1A_IW_GRDH_1SDV_20160523T102501_20160523T102530_011385_0114CC_4FED/Patch_Uint8/Visual_Cargo_x4938_y9713_vh.tif,20350,3dced72ac5f10d97fcd7a10e98dd976764c67dbf42b08f30fc73884ca920a37b
S1A_IW_GRDH_1SDV_20160523T102501_20160523T102530_011385_0114CC_4FED/508_5345,Fishing,3,opensar_zip,OpenSARShip_1/S1A_IW_GRDH_1SDV_20160523T102501_20160523T102530_011385_0114CC_4FED.zip,S1A_IW_GRDH_1SDV_20160523T102501_20160523T102530_011385_0114CC_4FED/Patch_Uint8/Visual_Other Type_x508_y5345_vv.tif,S1A_IW_GRDH_1SDV_20160523T102501_20160523T102530_011385_0114CC_4FED/Patch_Uint8/Visual_Other Type_x508_y5345_vh.tif,1324,ea8124ab3f2311ed6b00d977a0ac4c01d774f53a37f1a6abb848c6fea2b3cfa1
S1A_IW_GRDH_1SDV_20160523T102501_20160523T102530_011385_0114CC_4FED/5778_11941,Tanker,4,opensar_zip,OpenSARShip_1/S1A_IW_GRDH_1SDV_20160523T102501_20160523T102530_011385_0114CC_4FED.zip,S1A_IW_GRDH_1SDV_20160523T102501_20160523T102530_011385_0114CC_4FED/Patch_Uint8/Visual_Tanker_x5778_y11941_vv.tif,S1A_IW_GRDH_1SDV_20160523T102501_20160523T102530_011385_0114CC_4FED/Patch_Uint8/Visual_Tanker_x5778_y11941_vh.tif,4548,2b9ac3963523c00cac55b81f2d1e3f172b1c6a8c0a4c2a1ee58dc9b818275412
S1A_IW_GRDH_1SDV_20160523T102501_20160523T102530_011385_0114CC_4FED/5789_11496,Tanker,4,opensar_zip,OpenSARShip_1/S1A_IW_GRDH_1SDV_20160523T102501_20160523T102530_011385_0114CC_4FED.zip,S1A_IW_GRDH_1SDV_20160523T102501_20160523T102530_011385_0114CC_4FED/Patch_Uint8/Visual_Tanker_x5789_y11496_vv.tif,S1A_IW_GRDH_1SDV_20160523T102501_20160523T102530_011385_0114CC_4FED/Patch_Uint8/Visual_Tanker_x5789_y11496_vh.tif,7028,3bf05a606844a156384d0d67dd3e73b9c1dd9a48efc930a25344360176216b16
S1A_IW_GRDH_1SDV_20160523T102501_20160523T102530_011385_0114CC_4FED/5812_11570,Tanker,4,opensar_zip,OpenSARShip_1/S1A_IW_GRDH_1SDV_20160523T102501_20160523T102530_011385_0114CC_4FED.zip,S1A_IW_GRDH_1SDV_20160523T102501_20160523T102530_011385_0114CC_4FED/Patch_Uint8/Visual_Tanker_x5812_y11570_vv.tif,S1A_IW_GRDH_1SDV_20160523T102501_20160523T102530_011385_0114CC_4FED/Patch_Uint8/Visual_Tanker_x5812_y11570_vh.tif,7032,0ebec78ca0c6fc3d4bfe7fdc53d993846b54fd40ff04f29050e6c6b5a9450154
S1A_IW_GRDH_1SDV_20160523T102501_20160523T102530_011385_0114CC_4FED/5817_11535,Tanker,4,opensar_zip,OpenSARShip_1/S1A_IW_GRDH_1SDV_20160523T102501_20160523T102530_011385_0114CC_4FED.zip,S1A_IW_GRDH_1SDV_20160523T102501_20160523T102530_011385_0114CC_4FED/Patch_Uint8/Visual_Tanker_x5817_y11535_vv.tif,S1A_IW_GRDH_1SDV_20160523T102501_20160523T102530_011385_0114CC_4FED/Patch_Uint8/Visual_Tanker_x5817_y11535_vh.tif,6148,d14925f84a9b893cdc2ae6a6ca6ab04afd1246f2dbec12d3c597454993089186
S1A_IW_GRDH_1SDV_20160523T102501_20160523T102530_011385_0114CC_4FED/5822_11624,Tanker,4,opensar_zip,OpenSARShip_1/S1A_IW_GRDH_1SDV_20160523T102501_20160523T102530_011385_0114CC_4FED.zip,S1A_IW_GRDH_1SDV_20160523T102501_20160523T102530_011385_0114CC_4FED/Patch_Uint8/Visual_Tanker_x5822_y11624_vv.tif,S1A_IW_GRDH_1SDV_20160523T102501_20160523T102530_011385_0114CC_4FED/Patch_Uint8/Visual_Tanker_x5822_y11624_vh.tif,5340,fab6f3712bb355c438d71b7e8d32971e449f2d8b43b5239e1a4afd799b2c1bc9
S1A_IW_GRDH_1SDV_20160523T102501_20160523T102530_011385_0114CC_4FED/5869_11546,Tanker,4,opensar_zip,OpenSARShip_1/S1A_IW_GRDH_1SDV_20160523T102501_20160523T102530_011385_0114CC_4FED.zip,S1A_IW_GRDH_1SDV_20160523T102501_20160523T102530_011385_0114CC_4FED/Patch_Uint8/Visual_Tanker_x5869_y11546_vv.tif,S1A_IW_GRDH_1SDV_20160523T102501_20160523T102530_011385_0114CC_4FED/Patch_Uint8/Visual_Tanker_x5869_y11546_vh.tif,3658,2225a38c81bb3ec898fdc5bc2b93d24b2c846b41714514fd0ddc59d1a3bdfdc8
S1A_IW_GRDH_1SDV_20160523T102501_20160523T102530_011385_0114CC_4FED/6151_10880,Tanker,4,opensar_zip,OpenSARShip_1/S1A_IW_GRDH_1SDV_20160523T102501_20160523T102530_011385_0114CC_4FED.zip,S1A_IW_GRDH_1SDV_20160523T102501_20160523T102530_011385_0114CC_4FED/Patch_Uint8/Visual_Tanker_x6151_y10880_vv.tif,S1A_IW_GRDH_1SDV_20160523T102501_20160523T102530_011385_0114CC_4FED/Patch_Uint8/Visual_Tanker_x6151_y10880_vh.tif,1322,6ead3c87e39da4e962689d0b691dd695615b9a2559bb5fc771a2c7e37e8572ee
S1A_IW_GRDH_1SDV_20160523T102501_20160523T102530_011385_0114CC_4FED/6589_11893,Tanker,4,opensar_zip,OpenSARShip_1/S1A_IW_GRDH_1SDV_20160523T102501_20160523T102530_011385_0114CC_4FED.zip,S1A_IW_GRDH_1SDV_20160523T102501_20160523T102530_011385_0114CC_4FED/Patch_Uint8/Visual_Tanker_x6589_y11893_vv.tif,S1A_IW_GRDH_1SDV_20160523T102501_20160523T102530_011385_0114CC_4FED/Patch_Uint8/Visual_Tanker_x6589_y11893_vh.tif,6962,31568f43b57f8df7dab4931dac217e78f9805daccf5bbb22d8031cfbbf38ae3e
S1A_IW_GRDH_1SDV_20160523T102501_20160523T102530_011385_0114CC_4FED/6614_12028,Tanker,4,opensar_zip,OpenSARShip_1/S1A_IW_GRDH_1SDV_20160523T102501_20160523T102530_011385_0114CC_4FED.zip,S1A_IW_GRDH_1SDV_20160523T102501_20160523T102530_011385_0114CC_4FED/Patch_Uint8/Visual_Tanker_x6614_y12028_vv.tif,S1A_IW_GRDH_1SDV_20160523T102501_20160523T102530_011385_0114CC_4FED/Patch_Uint8/Visual_Tanker_x6614_y12028_vh.tif,3858,b72cb3b32cdc9432fc316599136ee64d63e89ccc7a0c9636513fe4903f60bef6
S1A_IW_GRDH_1SDV_20160523T102501_20160523T102530_011385_0114CC_4FED/6674_12039,Tanker,4,opensar_zip,OpenSARShip_1/S1A_IW_GRDH_1SDV_20160523T102501_20160523T102530_011385_0114CC_4FED.zip,S1A_IW_GRDH_1SDV_20160523T102501_20160523T102530_011385_0114CC_4FED/Patch_Uint8/Visual_Tanker_x6674_y12039_vv.tif,S1A_IW_GRDH_1SDV_20160523T102501_20160523T102530_011385_0114CC_4FED/Patch_Uint8/Visual_Tanker_x6674_y12039_vh.tif,5280,6a8b948babfb91fb501f7bafb257b34959ef045a5aa1bcfc22438bd2e6085348
S1A_IW_GRDH_1SDV_20160523T102501_20160523T102530_011385_0114CC_4FED/6722_11852,Tanker,4,opensar_zip,OpenSARShip_1/S1A_IW_GRDH_1SDV_20160523T102501_20160523T102530_011385_0114CC_4FED.zip,S1A_IW_GRDH_1SDV_20160523T102501_20160523T102530_011385_0114CC_4FED/Patch_Uint8/Visual_Tanker_x6722_y11852_vv.tif,S1A_IW_GRDH_1SDV_20160523T102501_20160523T102530_011385_0114CC_4FED/Patch_Uint8/Visual_Tanker_x6722_y11852_vh.tif,7602,c90163a5e73459e47f3eee708a9cae187189e9b2a7ff4d4ab1e856499844367e
S1A_IW_GRDH_1SDV_20160523T102501_20160523T102530_011385_0114CC_4FED/7393_10247,Tanker,4,opensar_zip,OpenSARShip_1/S1A_IW_GRDH_1SDV_20160523T102501_20160523T102530_011385_0114CC_4FED.zip,S1A_IW_GRDH_1SDV_20160523T102501_20160523T102530_011385_0114CC_4FED/Patch_Uint8/Visual_Tanker_x7393_y10247_vv.tif,S1A_IW_GRDH_1SDV_20160523T102501_20160523T102530_011385_0114CC_4FED/Patch_Uint8/Visual_Tanker_x7393_y10247_vh.tif,3218,0ffc52c6d4b0e8a79b61755859a6f1d1d2252de6d08e8c089cabd254f5833eab
S1A_IW_GRDH_1SDV_20160523T102501_20160523T102530_011385_0114CC_4FED/7829_8228,Tanker,4,opensar_zip,OpenSARShip_1/S1A_IW_GRDH_1SDV_20160523T102501_20160523T102530_011385_0114CC_4FED.zip,S1A_IW_GRDH_1SDV_20160523T102501_20160523T102530_011385_0114CC_4FED/Patch_Uint8/Visual_Tanker_x7829_y8228_vv.tif,S1A_IW_GRDH_1SDV_20160523T102501_20160523T102530_011385_0114CC_4FED/Patch_Uint8/Visual_Tanker_x7829_y8228_vh.tif,1324,62fec03a0a5f05b9b92214be09c76c530655edb581aefee0eaa6f1e14a6fefc8
S1A_IW_GRDH_1SDV_20160523T102501_20160523T102530_011385_0114CC_4FED/8140_8361,Tanker,4,opensar_zip,OpenSARShip_1/S1A_IW_GRDH_1SDV_20160523T102501_20160523T102530_011385_0114CC_4FED.zip,S1A_IW_GRDH_1SDV_20160523T102501_20160523T102530_011385_0114CC_4FED/Patch_Uint8/Visual_Tanker_x8140_y8361_vv.tif,S1A_IW_GRDH_1SDV_20160523T102501_20160523T102530_011385_0114CC_4FED/Patch_Uint8/Visual_Tanker_x8140_y8361_vh.tif,2656,4776fe535a35f90bd10813c6d35163c0890661a8ebf7679ccb936bc1ca8a7da4
S1A_IW_GRDH_1SDV_20160525T221231_20160525T221256_011421_0115FD_6054/10158_11555,Bulk Carrier,0,opensar_zip,OpenSARShip_1/S1A_IW_GRDH_1SDV_20160525T221231_20160525T221256_011421_0115FD_6054.zip,S1A_IW_GRDH_1SDV_20160525T221231_20160525T221256_011421_0115FD_6054/Patch_Uint8/Visual_Cargo_x10158_y11555_vv.tif,S1A_IW_GRDH_1SDV_20160525T221231_20160525T221256_011421_0115FD_6054/Patch_Uint8/Visual_Cargo_x10158_y11555_vh.tif,20896,b3adbcf4275246bb623a2b81a1bd3ed331cdf65ea363c2da6a4a8978ab37300e
S1A_IW_GRDH_1SDV_20160525T221231_20160525T221256_011421_0115FD_6054/10203_12579,Bulk Carrier,0,opensar_zip,OpenSARShip_1/S1A_IW_GRDH_1SDV_20160525T221231_20160525T221256_011421_0115FD_6054.zip,S1A_IW_GRDH_1SDV_20160525T221231_20160525T221256_011421_0115FD_6054/Patch_Uint8/Visual_Cargo_x10203_y12579_vv.tif,S1A_IW_GRDH_1SDV_20160525T221231_20160525T221256_011421_0115FD_6054/Patch_Uint8/Visual_Cargo_x10203_y12579_vh.tif,17900,63ff802ee6463e5756464f57556caea415b273f7abcfd975881b2b87e5942d8e
S1A_IW_GRDH_1SDV_20160525T221231_20160525T221256_011421_0115FD_6054/10239_11931,Bulk Carrier,0,opensar_zip,OpenSARShip_1/S1A_IW_GRDH_1SDV_20160525T221231_20160525T221256_011421_0115FD_6054.zip,S1A_IW_GRDH_1SDV_20160525T221231_20160525T221256_011421_0115FD_6054/Patch_Uint8/Visual_Cargo_x10239_y11931_vv.tif,S1A_IW_GRDH_1SDV_20160525T221231_20160525T221256_011421_0115FD_6054/Patch_Uint8/Visual_Cargo_x10239_y11931_vh.tif,10822,a07b4b252aa57ee32aac150e1e6dd1358ac8964257ecc14903c05583b93f19f1
S1A_IW_GRDH_1SDV_20160525T221231_20160525T221256_011421_0115FD_6054/10251_12718,Bulk Carrier,0,opensar_zip,OpenSARShip_1/S1A_IW_GRDH_1SDV_20160525T221231_20160525T221256_011421_0115FD_6054.zip,S1A_IW_GRDH_1SDV_20160525T221231_20160525T221256_011421_0115FD_6054/Patch_Uint8/Visual_Cargo_x10251_y12718_vv.tif,S1A_IW_GRDH_1SDV_20160525T221231_20160525T221256_011421_0115FD_6054/Patch_Uint8/Visual_Cargo_x10251_y12718_vh.tif,13280,85d99e1fcce6426351002de4b177cfdc7084679bbb817d9b97052de7d472f91c
S1A_IW_GRDH_1SDV_20160525T221231_20160525T221256_011421_0115FD_6054/10288_12497,Bulk Carrier,0,opensar_zip,OpenSARShip_1/S1A_IW_GRDH_1SDV_20160525T221231_20160525T221256_011421_0115FD_6054.zip,S1A_IW_GRDH_1SDV_20160525T221231_20160525T221256_011421_0115FD_6054/Patch_Uint8/Visual_Cargo_x10288_y12497_vv.tif,S1A_IW_GRDH_1SDV_20160525T221231_20160525T221256_011421_0115FD_6054/Patch_Uint8/Visual_Cargo_x10288_y12497_vh.tif,13128,50e4175004766a7000cef7f35d57360b399fe8d2569e52d4d15e4bb3420c40d4
S1A_IW_GRDH_1SDV_20160525T221231_20160525T221256_011421_0115FD_6054/10358_12772,Bulk Carrier,0,opensar_zip,OpenSARShip_1/S1A_IW_GRDH_1SDV_20160525T221231_20160525T221256_011421_0115FD_6054.zip,S1A_IW_GRDH_1SDV_20160525T221231_20160525T221256_011421_0115FD_6054/Patch_Uint8/Visual_Cargo_x10358_y12772_vv.tif,S1A_IW_GRDH_1SDV_20160525T221231_20160525T221256_011421_0115FD_6054/Patch_Uint8/Visual_Cargo_x10358_y12772_vh.tif,21106,adeb8d88689c5a82f9f93c71370ab7ab93370ccc0f0c888ad57c09f3eb993d75
S1A_IW_GRDH_1SDV_20160525T221231_20160525T221256_011421_0115FD_6054/10362_12036,Bulk Carrier,0,opensar_zip,OpenSARShip_1/S1A_IW_GRDH_1SDV_20160525T221231_20160525T221256_011421_0115FD_6054.zip,S1A_IW_GRDH_1SDV_20160525T221231_20160525T221256_011421_0115FD_6054/Patch_Uint8/Visual_Cargo_x10362_y12036_vv.tif,S1A_IW_GRDH_1SDV_20160525T221231_20160525T221256_011421_0115FD_6054/Patch_Uint8/Visual_Cargo_x10362_y12036_vh.tif,16430,8074d09404bbc3fee1d31a8c55519c9dbad390d11eddf376bcdd8fa34ec0f51d
S1A_IW_GRDH_1SDV_20160525T221231_20160525T221256_011421_0115FD_6054/10375_11702,Bulk Carrier,0,opensar_zip,OpenSARShip_1/S1A_IW_GRDH_1SDV_20160525T221231_20160525T221256_011421_0115FD_6054.zip,S1A_IW_GRDH_1SDV_20160525T221231_20160525T221256_011421_0115FD_6054/Patch_Uint8/Visual_Cargo_x10375_y11702_vv.tif,S1A_IW_GRDH_1SDV_20160525T221231_20160525T221256_011421_0115FD_6054/Patch_Uint8/Visual_Cargo_x10375_y11702_vh.tif,16286,703f8bb0735cb0f9b0fe6261261fba4991ed79dc2c51c6a47c457f4349f446ef
S1A_IW_GRDH_1SDV_20160525T221231_20160525T221256_011421_0115FD_6054/10378_11613,Bulk Carrier,0,opensar_zip,OpenSARShip_1/S1A_IW_GRDH_1SDV_20160525T221231_20160525T221256_011421_0115FD_6054.zip,S1A_IW_GRDH_1SDV_20160525T221231_20160525T221256_011421_0115FD_6054/Patch_Uint8/Visual_Cargo_x10378_y11613_vv.tif,S1A_IW_GRDH_1SDV_20160525T221231_20160525T221256_011421_0115FD_6054/Patch_Uint8/Visual_Cargo_x10378_y11613_vh.tif,13540,777726d2f17312889d3b87ff9329e04b932d5fb6865eb0fe725b7a6b94c8c165
S1A_IW_GRDH_1SDV_20160525T221231_20160525T221256_011421_0115FD_6054/10388_12451,Bulk Carrier,0,opensar_zip,OpenSARShip_1/S1A_IW_GRDH_1SDV_20160525T221231_20160525T221256_011421_0115FD_6054.zip,S1A_IW_GRDH_1SDV_20160525T221231_20160525T221256_011421_0115FD_6054/Patch_Uint8/Visual_Cargo_x10388_y12451_vv.tif,S1A_IW_GRDH_1SDV_20160525T221231_20160525T221256_011421_0115FD_6054/Patch_Uint8/Visual_Cargo_x10388_y12451_vh.tif,20806,dc3f119f7a9fc914f857972672a5da63e47e407654cef97341823e955fa37653
S1A_IW_GRDH_1SDV_20160525T221231_20160525T221256_011421_0115FD_6054/10429_12572,Bulk Carrier,0,opensar_zip,OpenSARShip_1/S1A_IW_GRDH_1SDV_20160525T221231_20160525T221256_011421_0115FD_6054.zip,S1A_IW_GRDH_1SDV_20160525T221231_20160525T221256_011421_0115FD_6054/Patch_Uint8/Visual_Cargo_x10429_y12572_vv.tif,S1A_IW_GRDH_1SDV_20160525T221231_20160525T221256_011421_0115FD_6054/Patch_Uint8/Visual_Cargo_x10429_y12572_vh.tif,14978,17718cf3b3265fa6c661f1e8630e66fad6dffde0e8e4819033d6872f551f2bb9
S1A_IW_GRDH_1SDV_20160525T221231_20160525T221256_011421_0115FD_6054/10432_11814,Bulk Carrier,0,opensar_zip,OpenSARShip_1/S1A_IW_GRDH_1SDV_20160525T221231_20160525T221256_011421_0115FD_6054.zip,S1A_IW_GRDH_1SDV_20160525T221231_20160525T221256_011421_0115FD_6054/Patch_Uint8/Visual_Cargo_x10432_y11814_vv.tif,S1A_IW_GRDH_1SDV_20160525T221231_20160525T221256_011421_0115FD_6054/Patch_Uint8/Visual_Cargo_x10432_y11814_vh.tif,16454,758bd971d8f8c66121691c030967cb8fb6f5990beaf45a575756a08ae8d7bcae
S1A_IW_GRDH_1SDV_20160525T221231_20160525T221256_011421_0115FD_6054/10470_12850,Bulk Carrier,0,opensar_zip,OpenSARShip_1/S1A_IW_GRDH_1SDV_20160525T221231_20160525T221256_011421_0115FD_6054.zip,S1A_IW_GRDH_1SDV_20160525T221231_20160525T221256_011421_0115FD_6054/Patch_Uint8/Visual_Cargo_x10470_y12850_vv.tif,S1A_IW_GRDH_1SDV_20160525T221231_20160525T221256_011421_0115FD_6054/Patch_Uint8/Visual_Cargo_x10470_y12850_vh.tif,11038,418e165779ff7236d16bacd43f10dbd3e35cca80de1eb79adc824f1c737a39f4
S1A_IW_GRDH_1SDV_20160525T221231_20160525T221256_011421_0115FD_6054/10571_12987,Bulk Carrier,0,opensar_zip,OpenSARShip_1/S1A_IW_GRDH_1SDV_20160525T221231_20160525T221256_011421_0115FD_6054.zip,S1A_IW_GRDH_1SDV_20160525T221231_20160525T221256_011421_0115FD_6054/Patch_Uint8/Visual_Cargo_x10571_y12987_vv.tif,S1A_IW_GRDH_1SDV_20160525T221231_20160525T221256_011421_0115FD_6054/Patch_Uint8/Visual_Cargo_x10571_y12987_vh.tif,15066,f22c58d87e6d09c8afcc13fc6b78c15f073752c3114d0ea41e11f7d8ba7ff20f
S1A_IW_GRDH_1SDV_20160525T221231_20160525T221256_011421_0115FD_6054/10638_12670,Bulk Carrier,0,opensar_zip,OpenSARShip_1/S1A_IW_GRDH_1SDV_20160525T221231_20160525T221256_011421_0115FD_6054.zip,S1A_IW_GRDH_1SDV_20160525T221231_20160525T221256_011421_0115FD_6054/Patch_Uint8/Visual_Cargo_x10638_y12670_vv.tif,S1A_IW_GRDH_1SDV_20160525T221231_20160525T221256_011421_0115FD_6054/Patch_Uint8/Visual_Cargo_x10638_y12670_vh.tif,22646,ad74916dad01cb5fe9c6f1d460342d8660d0344e125e2eb70045c22a1946b9db
S1A_IW_GRDH_1SDV_20160525T221231_20160525T221256_011421_0115FD_6054/10805_11715,Bulk Carrier,0,opensar_zip,OpenSARShip_1/S1A_IW_GRDH_1SDV_20160525T221231_20160525T221256_011421_0115FD_6054.zip,S1A_IW_GRDH_1SDV_20160525T221231_20160525T221256_011421_0115FD_6054/Patch_Uint8/Visual_Cargo_x10805_y11715_vv.tif,S1A_IW_GRDH_1SDV_20160525T221231_20160525T221256_011421_0115FD_6054/Patch_Uint8/Visual_Cargo_x10805_y11715_vh.tif,14460,bfa26d521776ece2844397f952bce2bf5d053f54ce485a6255066b0de2f13dae
S1A_IW_GRDH_1SDV_20160525T221231_20160525T221256_011421_0115FD_6054/10807_11968,Bulk Carrier,0,opensar_zip,OpenSARShip_1/S1A_IW_GRDH_1SDV_20160525T221231_20160525T221256_011421_0115FD_6054.zip,S1A_IW_GRDH_1SDV_20160525T221231_20160525T221256_011421_0115FD_6054/Patch_Uint8/Visual_Cargo_x10807_y11968_vv.tif,S1A_IW_GRDH_1SDV_20160525T221231_20160525T221256_011421_0115FD_6054/Patch_Uint8/Visual_Cargo_x10807_y11968_vh.tif,11034,01eba93cdb3862d5149fc8dcc4f6db125dd1f60a082e9af89bcdfabd5360fc0d
S1A_IW_GRDH_1SDV_20160525T221231_20160525T221256_011421_0115FD_6054/11242_12650,Tanker,4,opensar_zip,OpenSARShip_1/S1A_IW_GRDH_1SDV_20160525T221231_20160525T221256_011421_0115FD_6054.zip,S1A_IW_GRDH_1SDV_20160525T221231_20160525T221256_011421_0115FD_6054/Patch_Uint8/Visual_Tanker_x11242_y12650_vv.tif,S1A_IW_GRDH_1SDV_20160525T221231_20160525T221256_011421_0115FD_6054/Patch_Uint8/Visual_Tanker_x11242_y12650_vh.tif,5316,44882424bcf4120980f96ad752214a17cf8c27505df1d505c36516a83b833f78
S1A_IW_GRDH_1SDV_20160525T221231_20160525T221256_011421_0115FD_6054/11381_12488,Tanker,4,opensar_zip,OpenSARShip_1/S1A_IW_GRDH_1SDV_20160525T221231_20160525T221256_011421_0115FD_6054.zip,S1A_IW_GRDH_1SDV_20160525T221231_20160525T221256_011421_0115FD_6054/Patch_Uint8/Visual_Tanker_x11381_y12488_vv.tif,S1A_IW_GRDH_1SDV_20160525T221231_20160525T221256_011421_0115FD_6054/Patch_Uint8/Visual_Tanker_x11381_y12488_vh.tif,7032,b97b9c9bd04e2bb67c27cc3661fb7c891d0f397135cdd073c0efbbc2af52d719
S1A_IW_GRDH_1SDV_20160525T221231_20160525T221256_011421_0115FD_6054/11449_12546,Tanker,4,opensar_zip,OpenSARShip_1/S1A_IW_GRDH_1SDV_20160525T221231_20160525T221256_011421_0115FD_6054.zip,S1A_IW_GRDH_1SDV_20160525T221231_20160525T221256_011421_0115FD_6054/Patch_Uint8/Visual_Tanker_x11449_y12546_vv.tif,S1A_IW_GRDH_1SDV_20160525T221231_20160525T221256_011421_0115FD_6054/Patch_Uint8/Visual_Tanker_x11449_y12546_vh.tif,6160,569607934feedfb1c2bd51965e113fe1842851791c4c6e1b6e5c8f84fe78485e
S1A_IW_GRDH_1SDV_20160525T221231_20160525T221256_011421_0115FD_6054/11480_12681,Tanker,4,opensar_zip,OpenSARShip_1/S1A_IW_GRDH_1SDV_20160525T221231_20160525T221256_011421_0115FD_6054.zip,S1A_IW_GRDH_1SDV_20160525T221231_20160525T221256_011421_0115FD_6054/Patch_Uint8/Visual_Tanker_x11480_y12681_vv.tif,S1A_IW_GRDH_1SDV_20160525T221231_20160525T221256_011421_0115FD_6054/Patch_Uint8/Visual_Tanker_x11480_y12681_vh.tif,3230,1ae2fcc0ad6bfc4f326d8ad6484379bbf3341a1db4c016abe8bfa50d33c040e5
S1A_IW_GRDH_1SDV_20160525T221231_20160525T221256_011421_0115FD_6054/11579_11938,Bulk Carrier,0,opensar_zip,OpenSARShip_1/S1A_IW_GRDH_1SDV_20160525T221231_20160525T221256_011421_0115FD_6054.zip,S1A_IW_GRDH_1SDV_20160525T221231_20160525T221256_011421_0115FD_6054/Patch_Uint8/Visual_Cargo_x11579_y11938_vv.tif,S1A_IW_GRDH_1SDV_20160525T221231_20160525T221256_011421_0115FD_6054/Patch_Uint8/Visual_Cargo_x11579_y11938_vh.tif,8822,2e99a042de8f6c4beb2453a03dba38fc155ee78c97140207a68fe1db8bb50d31
S1A_IW_GRDH_1SDV_20160525T221231_20160525T221256_011421_0115FD_6054/11588_12642,Tanker,4,opensar_zip,OpenSARShip_1/S1A_IW_GRDH_1SDV_20160525T221231_20160525T221256_011421_0115FD_6054.zip,S1A_IW_GRDH_1SDV_20160525T221231_20160525T221256_011421_0115FD_6054/Patch_Uint8/Visual_Tanker_x11588_y12642_vv.tif,S1A_IW_GRDH_1SDV_20160525T221231_20160525T221256_011421_0115FD_6054/Patch_Uint8/Visual_Tanker_x11588_y12642_vh.tif,1696,035088e1b44eda2e95452af9b68b8a0fecb282749661ff0ce653d1196476b883
S1A_IW_GRDH_1SDV_20160525T221231_20160525T221256_011421_0115FD_6054/11611_12062,Tug,5,opensar_zip,OpenSARShip_1/S1A_IW_GRDH_1SDV_20160525T221231_20160525T221256_011421_0115FD_6054.zip,S1A_IW_GRDH_1SDV_20160525T221231_20160525T221256_011421_0115FD_6054/Patch_Uint8/Visual_Tug_x11611_y12062_vv.tif,S1A_IW_GRDH_1SDV_20160525T221231_20160525T221256_011421_0115FD_6054/Patch_Uint8/Visual_Tug_x11611_y12062_vh.tif,2548,5c91f8f905a416aa848356b3c6c24e8c36ab60a519232048c4ff1aa14d6fc081
S1A_IW_GRDH_1SDV_20160525T221231_20160525T221256_011421_0115FD_6054/11623_12534,Tanker,4,opensar_zip,OpenSARShip_1/S1A_IW_GRDH_1SDV_20160525T221231_20160525T221256_011421_0115FD_6054.zip,S1A_IW_GRDH_1SDV_20160525T221231_20160525T221256_011421_0115FD_6054/Patch_Uint8/Visual_Tanker_x11623_y12534_vv.tif,S1A_IW_GRDH_1SDV_20160525T221231_20160525T221256_011421_0115FD_6054/Patch_Uint8/Visual_Tanker_x11623_y12534_vh.tif,1324,811cd573df4a0cf9160ec0cc454607264872575151af9d8881f06167a17d5338
S1A_IW_GRDH_1SDV_20160525T221231_20160525T221256_011421_0115FD_6054/11891_12487,Tanker,4,opensar_zip,OpenSARShip_1/S1A_IW_GRDH_1SDV_20160525T221231_20160525T221256_011421_0115FD_6054.zip,S1A_IW_GRDH_1SDV_20160525T221231_20160525T221256_011421_0115FD_6054/Patch_Uint8/Visual_Other Type_x11891_y12487_vv.tif,S1A_IW_GRDH_1SDV_20160525T221231_20160525T221256_011421_0115FD_6054/Patch_Uint8/Visual_Other Type_x11891_y12487_vh.tif,1698,033c572dabae5f40ddf5c7ca80dddf467df86ed0e8cbc2e346ab93f5dd579953
S1A_IW_GRDH_1SDV_20160525T221231_20160525T221256_011421_0115FD_6054/1346_12726,Container Ship,1,opensar_zip,OpenSARShip_1/S1A_IW_GRDH_1SDV_20160525T221231_20160525T221256_011421_0115FD_6054.zip,S1A_IW_GRDH_1SDV_20160525T221231_20160525T221256_011421_0115FD_6054/Patch_Uint8/Visual_Cargo_x1346_y12726_vv.tif,S1A_IW_GRDH_1SDV_20160525T221231_20160525T221256_011421_0115FD_6054/Patch_Uint8/Visual_Cargo_x1346_y12726_vh.tif,28184,3af02d579894b9ad1969cdb587ab8a7e8ffe898f0075394156db603f4e4660dd
S1A_IW_GRDH_1SDV_20160525T221231_20160525T221256_011421_0115FD_6054/1486_9546,Bulk Carrier,0,opensar_zip,OpenSARShip_1/S1A_IW_GRDH_1SDV_20160525T221231_20160525T221256_011421_0115FD_6054.zip,S1A_IW_GRDH_1SDV_20160525T221231_20160525T221256_011421_0115FD_6054/Patch_Uint8/Visual_Cargo_x1486_y9546_vv.tif,S1A_IW_GRDH_1SDV_20160525T221231_20160525T221256_011421_0115FD_6054/Patch_Uint8/Visual_Cargo_x1486_y9546_vh.tif,19524,d2dd3fa3cd3808dbb7534463c3b082b7924258382709f7f7637c1dfc11fdda6f
S1A_IW_GRDH_1SDV_20160525T221231_20160525T221256_011421_0115FD_6054/1554_9393,Bulk Carrier,0,opensar_zip,OpenSARShip_1/S1A_IW_GRDH_1SDV_20160525T221231_20160525T221256_011421_0115FD_6054.zip,S1A_IW_GRDH_1SDV_20160525T221231_20160525T221256_011421_0115FD_6054/Patch_Uint8/Visual_Cargo_x1554_y9393_vv.tif,S1A_IW_GRDH_1SDV_20160525T221231_20160525T221256_011421_0115FD_6054/Patch_Uint8/Visual_Cargo_x1554_y9393_vh.tif,6124,721e3835c6d228f85e05a01b52490f8368c5e24b4bb06d1728cb34237506d686
S1A_IW_GRDH_1SDV_20160525T221231_20160525T221256_011421_0115FD_6054/1587_8106,Bulk Carrier,0,opensar_zip,OpenSARShip_1/S1A_IW_GRDH_1SDV_20160525T221231_20160525T221256_011421_0115FD_6054.zip,S1A_IW_GRDH_1SDV_20160525T221231_20160525T221256_011421_0115FD_6054/Patch_Uint8/Visual_Cargo_x1587_y8106_vv.tif,S1A_IW_GRDH_1SDV_20160525T221231_20160525T221256_011421_0115FD_6054/Patch_Uint8/Visual_Cargo_x1587_y8106_vh.tif,7016,e547fa51770acc4eb895fda0dd2dbfaf4c564cf1da7c587c6b75fe28206e7927
S1A_IW_GRDH_1SDV_20160525T221231_20160525T221256_011421_0115FD_6054/1606_8297,Bulk Carrier,0,opensar_zip,OpenSARShip_1/S1A_IW_GRDH_1SDV_20160525T221231_20160525T221256_011421_0115FD_6054.zip,S1A_IW_GRDH_1SDV_20160525T221231_20160525T221256_011421_0115FD_6054/Patch_Uint8/Visual_Cargo_x1606_y8297_vv.tif,S1A_IW_GRDH_1SDV_20160525T221231_20160525T221256_011421_0115FD_6054/Patch_Uint8/Visual_Cargo_x1606_y8297_vh.tif,10030,b2ce83513264412f491229f1bf2f0be75fc8f930358298ad8b8f951b121dc117
S1A_IW_GRDH_1SDV_20160525T221231_20160525T221256_011421_0115FD_6054/1700_9620,Bulk Carrier,0,opensar_zip,OpenSARShip_1/S1A_IW_GRDH_1SDV_20160525T221231_20160525T221256_011421_0115FD_6054.zip,S1A_IW_GRDH_1SDV_20160525T221231_20160525T221256_011421_0115FD_6054/Patch_Uint8/Visual_Cargo_x1700_y9620_vv.tif,S1A_IW_GRDH_1SDV_20160525T221231_20160525T221256_011421_0115FD_6054/Patch_Uint8/Visual_Cargo_x1700_y9620_vh.tif,12400,65ab00378427537dd5c4db111f732c7c90212fc3b33e2ca086b075ff46cf850e
S1A_IW_GRDH_1SDV_20160525T221231_20160525T221256_011421_0115FD_6054/1710_10296,Container Ship,1,opensar_zip,OpenSARShip_1/S1A_IW_GRDH_1SDV_20160525T221231_20160525T221256_011421_0115FD_6054.zip,S1A_IW_GRDH_1SDV_20160525T221231_20160525T221256_011421_0115FD_6054/Patch_Uint8/Visual_Cargo_x1710_y10296_vv.tif,S1A_IW_GRDH_1SDV_20160525T221231_20160525T221256_011421_0115FD_6054/Patch_Uint8/Visual_Cargo_x1710_y10296_vh.tif,19468,9ee413bb98c78d4fc16b6f622186952e714e031bdf56b5fb16577609b3ec551a
S1A_IW_GRDH_1SDV_20160525T221231_20160525T221256_011421_0115FD_6054/1715_16418,Tug,5,opensar_zip,OpenSARShip_1/S1A_IW_GRDH_1SDV_20160525T221231_20160525T221256_011421_0115FD_6054.zip,S1A_IW_GRDH_1SDV_20160525T221231_20160525T221256_011421_0115FD_6054/Patch_Uint8/Visual_Tug_x1715_y16418_vv.tif,S1A_IW_GRDH_1SDV_20160525T221231_20160525T221256_011421_0115FD_6054/Patch_Uint8/Visual_Tug_x1715_y16418_vh.tif,1324,19cd533e80cf4c05215dbdfb26080de8440cd79bb20d13044c984383c287f7a3
S1A_IW_GRDH_1SDV_20160525T221231_20160525T221256_011421_0115FD_6054/1759_8386,Bulk Carrier,0,opensar_zip,OpenSARShip_1/S1A_IW_GRDH_1SDV_20160525T221231_20160525T221256_011421_0115FD_6054.zip,S1A_IW_GRDH_1SDV_20160525T221231_20160525T221256_011421_0115FD_6054/Patch_Uint8/Visual_Cargo_x1759_y8386_vv.tif,S1A_IW_GRDH_1SDV_20160525T221231_20160525T221256_011421_0115FD_6054/Patch_Uint8/Visual_Cargo_x1759_y8386_vh.tif,11270,ab508633a7500837cdfd553b84187f9cbbd2499fa3905ee6554cc31ccff1c2f2
S1A_IW_GRDH_1SDV_20160525T221231_20160525T221256_011421_0115FD_6054/1849_9955,Bulk Carrier,0,opensar_zip,OpenSARShip_1/S1A_IW_GRDH_1SDV_20160525T221231_20160525T221256_011421_0115FD_6054.zip,S1A_IW_GRDH_1SDV_20160525T221231_20160525T221256_011421_0115FD_6054/Patch_Uint8/Visual_Cargo_x1849_y9955_vv.tif,S1A_IW_GRDH_1SDV_20160525T221231_20160525T221256_011421_0115FD_6054/Patch_Uint8/Visual_Cargo_x1849_y9955_vh.tif,10082,ba8a7cf060c956bd4ab15fd7466ae233140cccd556ddcb018655d61553191fcf
S1A_IW_GRDH_1SDV_20160525T221231_20160525T221256_011421_0115FD_6054/1900_9400,Bulk Carrier,0,opensar_zip,OpenSARShip_1/S1A_IW_GRDH_1SDV_20160525T221231_20160525T221256_011421_0115FD_6054.zip,S1A_IW_GRDH_1SDV_20160525T221231_20160525T221256_011421_0115FD_6054/Patch_Uint8/Visual_Cargo_x1900_y9400_vv.tif,S1A_IW_GRDH_1SDV_20160525T221231_20160525T221256_011421_0115FD_6054/Patch_Uint8/Visual_Cargo_x1900_y9400_vh.tif,7970,932d62a807d5e29ec94d49f3f8277a311b05fd26911faff975b260c5685df5f9
S1A_IW_GRDH_1SDV_20160525T221231_20160525T221256_011421_0115FD_6054/1966_9832,Bulk Carrier,0,opensar_zip,OpenSARShip_1/S1A_IW_GRDH_1SDV_20160525T221231_20160525T221256_011421_0115FD_6054.zip,S1A_IW_GRDH_1SDV_20160525T221231_20160525T221256_011421_0115FD_6054/Patch_Uint8/Visual_Cargo_x1966_y9832_vv.tif,S1A_IW_GRDH_1SDV_20160525T221231_20160525T221256_011421_0115FD_6054/Patch_Uint8/Visual_Cargo_x1966_y9832_vh.tif,12412,2418a1712d6ef5d35d6e6a043751571401b5843649ed3a1a478dba5d06fc28f0
S1A_IW_GRDH_1SDV_20160525T221231_20160525T221256_011421_0115FD_6054/2070_10024,Bulk Carrier,0,opensar_zip,OpenSARShip_1/S1A_IW_GRDH_1SDV_20160525T221231_20160525T221256_011421_0115FD_6054.zip,S1A_IW_GRDH_1SDV_20160525T221231_20160525T221256_011421_0115FD_6054/Patch_Uint8/Visual_Cargo_x2070_y10024_vv.tif,S1A_IW_GRDH_1SDV_20160525T221231_20160525T221256_011421_0115FD_6054/Patch_Uint8/Visual_Cargo_x2070_y10024_vh.tif,9020,4ff672ee528625deb9b8dde253edc4d6edcbc9781ea06ccb688e96c66b44497c
S1A_IW_GRDH_1SDV_20160525T221231_20160525T221256_011421_0115FD_6054/2104_9856,Bulk Carrier,0,opensar_zip,OpenSARShip_1/S1A_IW_GRDH_1SDV_20160525T221231_20160525T221256_011421_0115FD_6054.zip,S1A_IW_GRDH_1SDV_20160525T221231_20160525T221256_011421_0115FD_6054/Patch_Uint8/Visual_Cargo_x2104_y9856_vv.tif,S1A_IW_GRDH_1SDV_20160525T221231_20160525T221256_011421_0115FD_6054/Patch_Uint8/Visual_Cargo_x2104_y9856_vh.tif,8790,3b273fec0e8a64c8fb6dd733cf28712cae95b1034677f2056b592be4978c8a67
S1A_IW_GRDH_1SDV_20160525T221231_20160525T221256_011421_0115FD_6054/2169_9703,Bulk Carrier,0,opensar_zip,OpenSARShip_1/S1A_IW_GRDH_1SDV_20160525T221231_20160525T221256_011421_0115FD_6054.zip,S1A_IW_GRDH_1SDV_20160525T221231_20160525T221256_011421_0115FD_6054/Patch_Uint8/Visual_Cargo_x2169_y9703_vv.tif,S1A_IW_GRDH_1SDV_20160525T221231_20160525T221256_011421_0115FD_6054/Patch_Uint8/Visual_Cargo_x2169_y9703_vh.tif,6992,45a6976728affe8009ddc114668affa914640c54d73ea933be3ceefa668735a3
S1A_IW_GRDH_1SDV_20160525T221231_20160525T221256_011421_0115FD_6054/2370_9624,Bulk Carrier,0,opensar_zip,OpenSARShip_1/S1A_IW_GRDH_1SDV_20160525T221231_20160525T221256_011421_0115FD_6054.zip,S1A_IW_GRDH_1SDV_20160525T221231_20160525T221256_011421_0115FD_6054/Patch_Uint8/Visual_Cargo_x2370_y9624_vv.tif,S1A_IW_GRDH_1SDV_20160525T221231_20160525T221256_011421_0115FD_6054/Patch_Uint8/Visual_Cargo_x2370_y9624_vh.tif,10100,84318c3db0ed405ef56d9c6ecb73aad62c80a4dabe77e74dbe2e1231068bdc65
S1A_IW_GRDH_1SDV_20160525T221231_20160525T221256_011421_0115FD_6054/2945_10602,Tanker,4,opensar_zip,OpenSARShip_1/S1A_IW_GRDH_1SDV_20160525T221231_20160525T221256_011421_0115FD_6054.zip,S1A_IW_GRDH_1SDV_20160525T221231_20160525T221256_011421_0115FD_6054/Patch_Uint8/Visual_Tanker_x2945_y10602_vv.tif,S1A_IW_GRDH_1SDV_20160525T221231_20160525T221256_011421_0115FD_6054/Patch_Uint8/Visual_Tanker_x2945_y10602_vh.tif,1696,f5759816abed4e49ab872811a522dea1a2b0d8d31200624ecdbcbbde690e5ce9
S1A_IW_GRDH_1SDV_20160525T221231_20160525T221256_011421_0115FD_6054/4174_12310,Container Ship,1,opensar_zip,OpenSARShip_1/S1A_IW_GRDH_1SDV_20160525T221231_20160525T221256_011421_0115FD_6054.zip,S1A_IW_GRDH_1SDV_20160525T221231_20160525T221256_011421_0115FD_6054/Patch_Uint8/Visual_Cargo_x4174_y12310_vv.tif,S1A_IW_GRDH_1SDV_20160525T221231_20160525T221256_011421_0115FD_6054/Patch_Uint8/Visual_Cargo_x4174_y12310_vh.tif,9978,4b4a0ff49133eb795fc8d0225c47e67fba3042757c4039496aa68fb1c2a9c896
S1A_IW_GRDH_1SDV_20160525T221231_20160525T221256_011421_0115FD_6054/4433_13492,Fishing,3,opensar_zip,OpenSARShip_1/S1A_IW_GRDH_1SDV_20160525T221231_20160525T221256_011421_0115FD_6054.zip,S1A_IW_GRDH_1SDV_20160525T221231_20160525T221256_011421_0115FD_6054/Patch_Uint8/Visual_Fishing_x4433_y13492_vv.tif,S1A_IW_GRDH_1SDV_20160525T221231_20160525T221256_011421_0115FD_6054/Patch_Uint8/Visual_Fishing_x4433_y13492_vh.tif,2118,b29fc24a1c69018e5df90362f5e2d80babab445696638dfa21da4fc623fd95e7
S1A_IW_GRDH_1SDV_20160525T221231_20160525T221256_011421_0115FD_6054/4646_13221,Tanker,4,opensar_zip,OpenSARShip_1/S1A_IW_GRDH_1SDV_20160525T221231_20160525T221256_011421_0115FD_6054.zip,S1A_IW_GRDH_1SDV_20160525T221231_20160525T221256_011421_0115FD_6054/Patch_Uint8/Visual_Other Type_x4646_y13221_vv.tif,S1A_IW_GRDH_1SDV_20160525T221231_20160525T221256_011421_0115FD_6054/Patch_Uint8/Visual_Other Type_x4646_y13221_vh.tif,7984,329eecea6fcf7fe2fb0792949b73543a1d0a72b1bd49146d622e1ca0f9fb09bb
S1A_IW_GRDH_1SDV_20160525T221231_20160525T221256_011421_0115FD_6054/5497_12244,Bulk Carrier,0,opensar_zip,OpenSARShip_1/S1A_IW_GRDH_1SDV_20160525T221231_20160525T221256_011421_0115FD_6054.zip,S1A_IW_GRDH_1SDV_20160525T221231_20160525T221256_011421_0115FD_6054/Patch_Uint8/Visual_Cargo_x5497_y12244_vv.tif,S1A_IW_GRDH_1SDV_20160525T221231_20160525T221256_011421_0115FD_6054/Patch_Uint8/Visual_Cargo_x5497_y12244_vh.tif,8976,e65c5cc49a84161ac00e0ee5399f3ea8fb8d125213447eb20a91f38526871094
S1A_IW_GRDH_1SDV_20160525T221231_20160525T221256_011421_0115FD_6054/5764_12198,Bulk Carrier,0,opensar_zip,OpenSARShip_1/S1A_IW_GRDH_1SDV_20160525T221231_20160525T221256_011421_0115FD_6054.zip,S1A_IW_GRDH_1SDV_20160525T221231_20160525T221256_011421_0115FD_6054/Patch_Uint8/Visual_Cargo_x5764_y12198_vv.tif,S1A_IW_GRDH_1SDV_20160525T221231_20160525T221256_011421_0115FD_6054/Patch_Uint8/Visual_Cargo_x5764_y12198_vh.tif,28096,c0b2413dcac9c30e0e81ac75072d456aedbbe88cb0b6fe357773a262383c5aad
S1A_IW_GRDH_1SDV_20160525T221231_20160525T221256_011421_0115FD_6054/5926_12502,Bulk Carrier,0,opensar_zip,OpenSARShip_1/S1A_IW_GRDH_1SDV_20160525T221231_20160525T221256_011421_0115FD_6054.zip,S1A_IW_GRDH_1SDV_20160525T221231_20160525T221256_011421_0115FD_6054/Patch_Uint8/Visual_Cargo_x5926_y12502_vv.tif,S1A_IW_GRDH_1SDV_20160525T221231_20160525T221256_011421_0115FD_6054/Patch_Uint8/Visual_Cargo_x5926_y12502_vh.tif,25942,3e4378521fbe81b75a8b489e5a629a11c879a4bf567c50c47dd1b54ff2c0dfc9
S1A_IW_GRDH_1SDV_20160525T221231_20160525T221256_011421_0115FD_6054/6265_12213,Bulk Carrier,0,opensar_zip,OpenSARShip_1/S1A_IW_GRDH_1SDV_20160525T221231_20160525T221256_011421_0115FD_6054.zip,S1A_IW_GRDH_1SDV_20160525T221231_20160525T221256_011421_0115FD_6054/Patch_Uint8/Visual_Cargo_x6265_y12213_vv.tif,S1A_IW_GRDH_1SDV_20160525T221231_20160525T221256_011421_0115FD_6054/Patch_Uint8/Visual_Cargo_x6265_y12213_vh.tif,12336,343fdd27dc6aa46ce14e60563ba6f2eb4918877ced80fe24a3606e7191ea439a
S1A_IW_GRDH_1SDV_20160525T221231_20160525T221256_011421_0115FD_6054/6335_12521,Bulk Carrier,0,opensar_zip,OpenSARShip_1/S1A_IW_GRDH_1SDV_20160525T221231_20160525T221256_011421_0115FD_6054.zip,S1A_IW_GRDH_1SDV_20160525T221231_20160525T221256_011421_0115FD_6054/Patch_Uint8/Visual_Cargo_x6335_y12521_vv.tif,S1A_IW_GRDH_1SDV_20160525T221231_20160525T221256_011421_0115FD_6054/Patch_Uint8/Visual_Cargo_x6335_y12521_vh.tif,12290,448140972faf9ebcc6a17e14b3c8a02daf17e4cb63e25a927512f1e027030a47
S1A_IW_GRDH_1SDV_20160525T221231_20160525T221256_011421_0115FD_6054/6460_16512,Tanker,4,opensar_zip,OpenSARShip_1/S1A_IW_GRDH_1SDV_20160525T221231_20160525T221256_011421_0115FD_6054.zip,S1A_IW_GRDH_1SDV_20160525T221231_20160525T221256_011421_0115FD_6054/Patch_Uint8/Visual_Tanker_x6460_y16512_vv.tif,S1A_IW_GRDH_1SDV_20160525T221231_20160525T221256_011421_0115FD_6054/Patch_Uint8/Visual_Tanker_x6460_y16512_vh.tif,6148,1887cad58e99442b999ef4e80cb17f2724fe9a4c4c2ccf1420292e12b213c8a7
S1A_IW_GRDH_1SDV_20160525T221231_20160525T221256_011421_0115FD_6054/7130_16381,Bulk Carrier,0,opensar_zip,OpenSARShip_1/S1A_IW_GRDH_1SDV_20160525T221231_20160525T221256_011421_0115FD_6054.zip,S1A_IW_GRDH_1SDV_20160525T221231_20160525T221256_011421_0115FD_6054/Patch_Uint8/Visual_Cargo_x7130_y16381_vv.tif,S1A_IW_GRDH_1SDV_20160525T221231_20160525T221256_011421_0115FD_6054/Patch_Uint8/Visual_Cargo_x7130_y16381_vh.tif,12452,58365994442630c49fef2a6d778e0a54688e54611287b364d057ff7744c81601
S1A_IW_GRDH_1SDV_20160525T221231_20160525T221256_011421_0115FD_6054/7563_16585,Bulk Carrier,0,opensar_zip,OpenSARShip_1/S1A_IW_GRDH_1SDV_20160525T221231_20160525T221256_011421_0115FD_6054.zip,S1A_IW_GRDH_1SDV_20160525T221231_20160525T221256_011421_0115FD_6054/Patch_Uint8/Visual_Cargo_x7563_y16585_vv.tif,S1A_IW_GRDH_1SDV_20160525T221231_20160525T221256_011421_0115FD_6054/Patch_Uint8/Visual_Cargo_x7563_y16585_vh.tif,16404,c7bd748dafc49392d1eb023ebc1dae69eb3ce551bcb11615257dcbda6741f203
S1A_IW_GRDH_1SDV_20160525T221231_20160525T221256_011421_0115FD_6054/7700_12300,Bulk Carrier,0,opensar_zip,OpenSARShip_1/S1A_IW_GRDH_1SDV_20160525T221231_20160525T221256_011421_0115FD_6054.zip,S1A_IW_GRDH_1SDV_20160525T221231_20160525T221256_011421_0115FD_6054/Patch_Uint8/Visual_Cargo_x7700_y12300_vv.tif,S1A_IW_GRDH_1SDV_20160525T221231_20160525T221256_011421_0115FD_6054/Patch_Uint8/Visual_Cargo_x7700_y12300_vh.tif,15000,ffc7fe8a990b172fbf57c6b7b4c0f08979cca185fc89ada2666fa0b35304c523
S1A_IW_GRDH_1SDV_20160525T221231_20160525T221256_011421_0115FD_6054/7756_12146,Bulk Carrier,0,opensar_zip,OpenSARShip_1/S1A_IW_GRDH_1SDV_20160525T221231_20160525T221256_011421_0115FD_6054.zip,S1A_IW_GRDH_1SDV_20160525T221231_20160525T221256_011421_0115FD_6054/Patch_Uint8/Visual_Cargo_x7756_y12146_vv.tif,S1A_IW_GRDH_1SDV_20160525T221231_20160525T221256_011421_0115FD_6054/Patch_Uint8/Visual_Cargo_x7756_y12146_vh.tif,9020,22eade7ab2808c50ed245c75630ecea86e7796e526bbade40f34b3b35b2f16af
S1A_IW_GRDH_1SDV_20160525T221231_20160525T221256_011421_0115FD_6054/8292_16086,Bulk Carrier,0,opensar_zip,OpenSARShip_1/S1A_IW_GRDH_1SDV_20160525T221231_20160525T221256_011421_0115FD_6054.zip,S1A_IW_GRDH_1SDV_20160525T221231_20160525T221256_011421_0115FD_6054/Patch_Uint8/Visual_Cargo_x8292_y16086_vv.tif,S1A_IW_GRDH_1SDV_20160525T221231_20160525T221256_011421_0115FD_6054/Patch_Uint8/Visual_Cargo_x8292_y16086_vh.tif,17634,70007254899e525613026d18fe0c68753f02dbf73bbdec91104f2261e57d6321
S1A_IW_GRDH_1SDV_20160525T221231_20160525T221256_011421_0115FD_6054/8539_12368,Bulk Carrier,0,opensar_zip,OpenSARShip_1/S1A_IW_GRDH_1SDV_20160525T221231_20160525T221256_011421_0115FD_6054.zip,S1A_IW_GRDH_1SDV_20160525T221231_20160525T221256_011421_0115FD_6054/Patch_Uint8/Visual_Cargo_x8539_y12368_vv.tif,S1A_IW_GRDH_1SDV_20160525T221231_20160525T221256_011421_0115FD_6054/Patch_Uint8/Visual_Cargo_x8539_y12368_vh.tif,17666,1536668bfe8be8ff930686f10f52267d8ed283d7ff4e89c01071dff6615578cb
S1A_IW_GRDH_1SDV_20160525T221231_20160525T221256_011421_0115FD_6054/8592_16297,Bulk Carrier,0,opensar_zip,OpenSARShip_1/S1A_IW_GRDH_1SDV_20160525T221231_20160525T221256_011421_0115FD_6054.zip,S1A_IW_GRDH_1SDV_20160525T221231_20160525T221256_011421_0115FD_6054/Patch_Uint8/Visual_Cargo_x8592_y16297_vv.tif,S1A_IW_GRDH_1SDV_20160525T221231_20160525T221256_011421_0115FD_6054/Patch_Uint8/Visual_Cargo_x8592_y16297_vh.tif,19314,98767febae42ad4d2bce90fa365feba290cbd06fca835a1f153d43c3b5c18d43
S1A_IW_GRDH_1SDV_20160525T221231_20160525T221256_011421_0115FD_6054/8689_13634,Tanker,4,opensar_zip,OpenSARShip_1/S1A_IW_GRDH_1SDV_20160525T221231_20160525T221256_011421_0115FD_6054.zip,S1A_IW_GRDH_1SDV_20160525T221231_20160525T221256_011421_0115FD_6054/Patch_Uint8/Visual_Tanker_x8689_y13634_vv.tif,S1A_IW_GRDH_1SDV_20160525T221231_20160525T221256_011421_0115FD_6054/Patch_Uint8/Visual_Tanker_x8689_y13634_vh.tif,6156,ba1765d707d8b33644aa48710d2cd3cb110b5710822f15f33e2b23247a7d2bf4
S1A_IW_GRDH_1SDV_20160525T221231_20160525T221256_011421_0115FD_6054/8736_12270,Container Ship,1,opensar_zip,OpenSARShip_1/S1A_IW_GRDH_1SDV_20160525T221231_20160525T221256_011421_0115FD_6054.zip,S1A_IW_GRDH_1SDV_20160525T221231_20160525T221256_011421_0115FD_6054/Patch_Uint8/Visual_Cargo_x8736_y12270_vv.tif,S1A_IW_GRDH_1SDV_20160525T221231_20160525T221256_011421_0115FD_6054/Patch_Uint8/Visual_Cargo_x8736_y12270_vh.tif,37774,a3964663bb08c187320602f654f06b8f28330b44bab1deddb1ca7a9b16810718
S1A_IW_GRDH_1SDV_20160525T221231_20160525T221256_011421_0115FD_6054/8796_12043,Bulk Carrier,0,opensar_zip,OpenSARShip_1/S1A_IW_GRDH_1SDV_20160525T221231_20160525T221256_011421_0115FD_6054.zip,S1A_IW_GRDH_1SDV_20160525T221231_20160525T221256_011421_0115FD_6054/Patch_Uint8/Visual_Cargo_x8796_y12043_vv.tif,S1A_IW_GRDH_1SDV_20160525T221231_20160525T221256_011421_0115FD_6054/Patch_Uint8/Visual_Cargo_x8796_y12043_vh.tif,13668,a41c5739897efb98b505e7da7eafc37707192dfba9627b6f396570238e981028
S1A_IW_GRDH_1SDV_20160525T221231_20160525T221256_011421_0115FD_6054/8900_12196,Bulk Carrier,0,opensar_zip,OpenSARShip_1/S1A_IW_GRDH_1SDV_20160525T221231_20160525T221256_011421_0115FD_6054.zip,S1A_IW_GRDH_1SDV_20160525T221231_20160525T221256_011421_0115FD_6054/Patch_Uint8/Visual_Cargo_x8900_y12196_vv.tif,S1A_IW_GRDH_1SDV_20160525T221231_20160525T221256_011421_0115FD_6054/Patch_Uint8/Visual_Cargo_x8900_y12196_vh.tif,16232,55b404f039a7dd5b4d504d01121ea407bd7139e57a66966a27ae96bd1ce45193
S1A_IW_GRDH_1SDV_20160525T221231_20160525T221256_011421_0115FD_6054/8985_12366,Bulk Carrier,0,opensar_zip,OpenSARShip_1/S1A_IW_GRDH_1SDV_20160525T221231_20160525T221256_011421_0115FD_6054.zip,S1A_IW_GRDH_1SDV_20160525T221231_20160525T221256_011421_0115FD_6054/Patch_Uint8/Visual_Cargo_x8985_y12366_vv.tif,S1A_IW_GRDH_1SDV_20160525T221231_20160525T221256_011421_0115FD_6054/Patch_Uint8/Visual_Cargo_x8985_y12366_vh.tif,17720,6eec2339682f5c1c003065ab7087504ff1fe64dc1c6c67b24851eb14d8f8b359
S1A_IW_GRDH_1SDV_20160525T221231_20160525T221256_011421_0115FD_6054/9127_11919,Tanker,4,opensar_zip,OpenSARShip_1/S1A_IW_GRDH_1SDV_20160525T221231_20160525T221256_011421_0115FD_6054.zip,S1A_IW_GRDH_1SDV_20160525T221231_20160525T221256_011421_0115FD_6054/Patch_Uint8/Visual_Other Type_x9127_y11919_vv.tif,S1A_IW_GRDH_1SDV_20160525T221231_20160525T221256_011421_0115FD_6054/Patch_Uint8/Visual_Other Type_x9127_y11919_vh.tif,1702,da934d9bb296d0bfdeb21c9f1c3809dde5f73211b3021edbc87c4f8c3606ddfd
S1A_IW_GRDH_1SDV_20160525T221231_20160525T221256_011421_0115FD_6054/9139_12506,Container Ship,1,opensar_zip,OpenSARShip_1/S1A_IW_GRDH_1SDV_20160525T221231_20160525T221256_011421_0115FD_6054.zip,S1A_IW_GRDH_1SDV_20160525T221231_20160525T221256_011421_0115FD_6054/Patch_Uint8/Visual_Cargo_x9139_y12506_vv.tif,S1A_IW_GRDH_1SDV_20160525T221231_20160525T221256_011421_0115FD_6054/Patch_Uint8/Visual_Cargo_x9139_y12506_vh.tif,6924,68b712aaa24f997d38ff94d002de3b0669199f11251d041f287c839d273378c1
S1A_IW_GRDH_1SDV_20160525T221231_20160525T221256_011421_0115FD_6054/9265_12584,Bulk Carrier,0,opensar_zip,OpenSARShip_1/S1A_IW_GRDH_1SDV_20160525T221231_20160525T221256_011421_0115FD_6054.zip,S1A_IW_GRDH_1SDV_20160525T221231_20160525T221256_011421_0115FD_6054/Patch_Uint8/Visual_Cargo_x9265_y12584_vv.tif,S1A_IW_GRDH_1SDV_20160525T221231_20160525T221256_011421_0115FD_6054/Patch_Uint8/Visual_Cargo_x9265_y12584_vh.tif,15000,d98def2acdc577aac7133c4cabbd3f1f5a9bfeb5c06be6c037739f93314df3e9
S1A_IW_GRDH_1SDV_20160525T221231_20160525T221256_011421_0115FD_6054/9325_11854,Bulk Carrier,0,opensar_zip,OpenSARShip_1/S1A_IW_GRDH_1SDV_20160525T221231_20160525T221256_011421_0115FD_6054.zip,S1A_IW_GRDH_1SDV_20160525T221231_20160525T221256_011421_0115FD_6054/Patch_Uint8/Visual_Cargo_x9325_y11854_vv.tif,S1A_IW_GRDH_1SDV_20160525T221231_20160525T221256_011421_0115FD_6054/Patch_Uint8/Visual_Cargo_x9325_y11854_vh.tif,14994,0f64ba1ec58d2dd03394c70e8c6130c7f32b8453d9bf4da1792b673cb3b26c94
S1A_IW_GRDH_1SDV_20160525T221231_20160525T221256_011421_0115FD_6054/9340_12288,Container Ship,1,opensar_zip,OpenSARShip_1/S1A_IW_GRDH_1SDV_20160525T221231_20160525T221256_011421_0115FD_6054.zip,S1A_IW_GRDH_1SDV_20160525T221231_20160525T221256_011421_0115FD_6054/Patch_Uint8/Visual_Cargo_x9340_y12288_vv.tif,S1A_IW_GRDH_1SDV_20160525T221231_20160525T221256_011421_0115FD_6054/Patch_Uint8/Visual_Cargo_x9340_y12288_vh.tif,20734,3157d426351324958c7720ebb8bcb8000784fe85a92b3623a9ee45966e8a41c1
S1A_IW_GRDH_1SDV_20160525T221231_20160525T221256_011421_0115FD_6054/9473_12314,Bulk Carrier,0,opensar_zip,OpenSARShip_1/S1A_IW_GRDH_1SDV_20160525T221231_20160525T221256_011421_0115FD_6054.zip,S1A_IW_GRDH_1SDV_20160525T221231_20160525T221256_011421_0115FD_6054/Patch_Uint8/Visual_Cargo_x9473_y12314_vv.tif,S1A_IW_GRDH_1SDV_20160525T221231_20160525T221256_011421_0115FD_6054/Patch_Uint8/Visual_Cargo_x9473_y12314_vh.tif,17808,caf74ef7aff3b58d14dc4901a6bd3526ac04894f5192b58fe3e4c77d39ee434f
S1A_IW_GRDH_1SDV_20160525T221231_20160525T221256_011421_0115FD_6054/9827_11705,Bulk Carrier,0,opensar_zip,OpenSARShip_1/S1A_IW_GRDH_1SDV_20160525T221231_20160525T221256_011421_0115FD_6054.zip,S1A_IW_GRDH_1SDV_20160525T221231_20160525T221256_011421_0115FD_6054/Patch_Uint8/Visual_Cargo_x9827_y11705_vv.tif,S1A_IW_GRDH_1SDV_20160525T221231_20160525T221256_011421_0115FD_6054/Patch_Uint8/Visual_Cargo_x9827_y11705_vh.tif,14800,aab83eb4e4b25f6471f0a4c325151f3f823c02c6d70fb70113df89b1be50d7ee
S1A_IW_GRDH_1SDV_20160525T221231_20160525T221256_011421_0115FD_6054/9907_11832,Bulk Carrier,0,opensar_zip,OpenSARShip_1/S1A_IW_GRDH_1SDV_20160525T221231_20160525T221256_011421_0115FD_6054.zip,S1A_IW_GRDH_1SDV_20160525T221231_20160525T221256_011421_0115FD_6054/Patch_Uint8/Visual_Cargo_x9907_y11832_vv.tif,S1A_IW_GRDH_1SDV_20160525T221231_20160525T221256_011421_0115FD_6054/Patch_Uint8/Visual_Cargo_x9907_y11832_vh.tif,11114,5f3938a53a3d9d47700ebf7db1e94661fb907b6f9452997a9530e849a66cbf81
S1A_IW_GRDH_1SDV_20160606T221232_20160606T221257_011596_011B8A_E6B1/10493_12992,Bulk Carrier,0,opensar_zip,OpenSARShip_1/S1A_IW_GRDH_1SDV_20160606T221232_20160606T221257_011596_011B8A_E6B1.zip,S1A_IW_GRDH_1SDV_20160606T221232_20160606T221257_011596_011B8A_E6B1/Patch_Uint8/Visual_Cargo_x10493_y12992_vv.tif,S1A_IW_GRDH_1SDV_20160606T221232_20160606T221257_011596_011B8A_E6B1/Patch_Uint8/Visual_Cargo_x10493_y12992_vh.tif,17184,075b972c5ca99ffba0a6703923be7f2d3c5aac46ac1e166adc55fd03952c8995
S1A_IW_GRDH_1SDV_20160606T221232_20160606T221257_011596_011B8A_E6B1/10548_12667,Bulk Carrier,0,opensar_zip,OpenSARShip_1/S1A_IW_GRDH_1SDV_20160606T221232_20160606T221257_011596_011B8A_E6B1.zip,S1A_IW_GRDH_1SDV_20160606T221232_20160606T221257_011596_011B8A_E6B1/Patch_Uint8/Visual_Cargo_x10548_y12667_vv.tif,S1A_IW_GRDH_1SDV_20160606T221232_20160606T221257_011596_011B8A_E6B1/Patch_Uint8/Visual_Cargo_x10548_y12667_vh.tif,27152,7265ff612ebfb55a1c2be961c4fa197df2aaafc0c5035c2588b9edb900ae3059
S1A_IW_GRDH_1SDV_20160606T221232_20160606T221257_011596_011B8A_E6B1/10700_13638,Bulk Carrier,0,opensar_zip,OpenSARShip_1/S1A_IW_GRDH_1SDV_20160606T221232_20160606T221257_011596_011B8A_E6B1.zip,S1A_IW_GRDH_1SDV_20160606T221232_20160606T221257_011596_011B8A_E6B1/Patch_Uint8/Visual_Cargo_x10700_y13638_vv.tif,S1A_IW_GRDH_1SDV_20160606T221232_20160606T221257_011596_011B8A_E6B1/Patch_Uint8/Visual_Cargo_x10700_y13638_vh.tif,17868,b0a52d0c010fc883289cb3578d14e0e802f9e538502928476ab98a30d92d7a5b
S1A_IW_GRDH_1SDV_20160606T221232_20160606T221257_011596_011B8A_E6B1/10809_12615,Bulk Carrier,0,opensar_zip,OpenSARShip_1/S1A_IW_GRDH_1SDV_20160606T221232_20160606T221257_011596_011B8A_E6B1.zip,S1A_IW_GRDH_1SDV_20160606T221232_20160606T221257_011596_011B8A_E6B1/Patch_Uint8/Visual_Cargo_x10809_y12615_vv.tif,S1A_IW_GRDH_1SDV_20160606T221232_20160606T221257_011596_011B8A_E6B1/Patch_Uint8/Visual_Cargo_x10809_y12615_vh.tif,12362,9f39415a10b37fc10b642e6824c7dad5d957b115e67f6f34dbfa39a63bb95976
S1A_IW_GRDH_1SDV_20160606T221232_20160606T221257_011596_011B8A_E6B1/11149_12490,Tanker,4,opensar_zip,OpenSARShip_1/S1A_IW_GRDH_1SDV_20160606T221232_20160606T221257_011596_011B8A_E6B1.zip,S1A_IW_GRDH_1SDV_20160606T221232_20160606T221257_011596_011B8A_E6B1/Patch_Uint8/Visual_Tanker_x11149_y12490_vv.tif,S1A_IW_GRDH_1SDV_20160606T221232_20160606T221257_011596_011B8A_E6B1/Patch_Uint8/Visual_Tanker_x11149_y12490_vh.tif,13572,e4e96dd1b1380df0871d9288d905071c638eafd37655c51067d46805d1d15a9d
S1A_IW_GRDH_1SDV_20160606T221232_20160606T221257_011596_011B8A_E6B1/11259_12623,Tanker,4,opensar_zip,OpenSARShip_1/S1A_IW_GRDH_1SDV_20160606T221232_20160606T221257_011596_011B8A_E6B1.zip,S1A_IW_GRDH_1SDV_20160606T221232_20160606T221257_011596_011B8A_E6B1/Patch_Uint8/Visual_Tanker_x11259_y12623_vv.tif,S1A_IW_GRDH_1SDV_20160606T221232_20160606T221257_011596_011B8A_E6B1/Patch_Uint8/Visual_Tanker_x11259_y12623_vh.tif,3216,19a7bb03754681f3f09b0c55557cbb55f5c2c3720d13cb2507041b5b29b56026
S1A_IW_GRDH_1SDV_20160606T221232_20160606T221257_011596_011B8A_E6B1/12265_10646,Dredger,2,opensar_zip,OpenSARShip_1/S1A_IW_GRDH_1SDV_20160606T221232_20160606T221257_011596_011B8A_E6B1.zip,S1A_IW_GRDH_1SDV_20160606T221232_20160606T221257_011596_011B8A_E6B1/Patch_Uint8/Visual_Other Type_x12265_y10646_vv.tif,S1A_IW_GRDH_1SDV_20160606T221232_20160606T221257_011596_011B8A_E6B1/Patch_Uint8/Visual_Other Type_x12265_y10646_vh.tif,3218,b333978ad1a47ea9de24d0ed1f3e2d0161ca4bb68afea9086eb50b7b14452a80
S1A_IW_GRDH_1SDV_20160606T221232_20160606T221257_011596_011B8A_E6B1/1488_9697,Bulk Carrier,0,opensar_zip,OpenSARShip_1/S1A_IW_GRDH_1SDV_20160606T221232_20160606T221257_011596_011B8A_E6B1.zip,S1A_IW_GRDH_1SDV_20160606T221232_20160606T221257_011596_011B8A_E6B1/Patch_Uint8/Visual_Cargo_x1488_y9697_vv.tif,S1A_IW_GRDH_1SDV_20160606T221232_20160606T221257_011596_011B8A_E6B1/Patch_Uint8/Visual_Cargo_x1488_y9697_vh.tif,22642,678abe07124b49dc0284b2e5516472b0f6203cefba44dab1cf579e280f240b21
S1A_IW_GRDH_1SDV_20160606T221232_20160606T221257_011596_011B8A_E6B1/1726_8128,Bulk Carrier,0,opensar_zip,OpenSARShip_1/S1A_IW_GRDH_1SDV_20160606T221232_20160606T221257_011596_011B8A_E6B1.zip,S1A_IW_GRDH_1SDV_20160606T221232_20160606T221257_011596_011B8A_E6B1/Patch_Uint8/Visual_Cargo_x1726_y8128_vv.tif,S1A_IW_GRDH_1SDV_20160606T221232_20160606T221257_011596_011B8A_E6B1/Patch_Uint8/Visual_Cargo_x1726_y8128_vh.tif,10074,74419964accb6e889c3db6ab5babe9eb3aea311e38fbf783e887ddb0356a9c78
S1A_IW_GRDH_1SDV_20160606T221232_20160606T221257_011596_011B8A_E6B1/1798_8509,Bulk Carrier,0,opensar_zip,OpenSARShip_1/S1A_IW_GRDH_1SDV_20160606T221232_20160606T221257_011596_011B8A_E6B1.zip,S1A_IW_GRDH_1SDV_20160606T221232_20160606T221257_011596_011B8A_E6B1/Patch_Uint8/Visual_Cargo_x1798_y8509_vv.tif,S1A_IW_GRDH_1SDV_20160606T221232_20160606T221257_011596_011B8A_E6B1/Patch_Uint8/Visual_Cargo_x1798_y8509_vh.tif,7958,2aead5bc8acecb52a481cb5502b1755915a1f612673891159e765d1939a1fcb9
S1A_IW_GRDH_1SDV_20160606T221232_20160606T221257_011596_011B8A_E6B1/1819_9797,Bulk Carrier,0,opensar_zip,OpenSARShip_1/S1A_IW_GRDH_1SDV_20160606T221232_20160606T221257_011596_011B8A_E6B1.zip,S1A_IW_GRDH_1SDV_20160606T221232_20160606T221257_011596_011B8A_E6B1/Patch_Uint8/Visual_Cargo_x1819_y9797_vv.tif,S1A_IW_GRDH_1SDV_20160606T221232_20160606T221257_011596_011B8A_E6B1/Patch_Uint8/Visual_Cargo_x1819_y9797_vh.tif,13754,adc34c131ebc60659c2b656ec622f4b38f9abbffb288143a7c3a060d9a2f79aa
S1A_IW_GRDH_1SDV_20160606T221232_20160606T221257_011596_011B8A_E6B1/2019_7943,Bulk Carrier,0,opensar_zip,OpenSARShip_1/S1A_IW_GRDH_1SDV_20160606T221232_20160606T221257_011596_011B8A_E6B1.zip,S1A_IW_GRDH_1SDV_20160606T221232_20160606T221257_011596_011B8A_E6B1/Patch_Uint8/Visual_Cargo_x2019_y7943_vv.tif,S1A_IW_GRDH_1SDV_20160606T221232_20160606T221257_011596_011B8A_E6B1/Patch_Uint8/Visual_Cargo_x2019_y7943_vh.tif,10088,cf0731c8e3d8484bbd7b13275a373f87be5af0e9e49504e989ad4d5060a51c78
S1A_IW_GRDH_1SDV_20160606T221232_20160606T221257_011596_011B8A_E6B1/2156_9647,Bulk Carrier,0,opensar_zip,OpenSARShip_1/S1A_IW_GRDH_1SDV_20160606T221232_20160606T221257_011596_011B8A_E6B1.zip,S1A_IW_GRDH_1SDV_20160606T221232_20160606T221257_011596_011B8A_E6B1/Patch_Uint8/Visual_Cargo_x2156_y9647_vv.tif,S1A_IW_GRDH_1SDV_20160606T221232_20160606T221257_011596_011B8A_E6B1/Patch_Uint8/Visual_Cargo_x2156_y9647_vh.tif,15028,3cadf7317cac9857233f7a5693fb34a8b684810f2165771308dc9697149abfeb
S1A_IW_GRDH_1SDV_20160606T221232_20160606T221257_011596_011B8A_E6B1/2259_9484,Bulk Carrier,0,opensar_zip,OpenSARShip_1/S1A_IW_GRDH_1SDV_20160606T221232_20160606T221257_011596_011B8A_E6B1.zip,S1A_IW_GRDH_1SDV_20160606T221232_20160606T221257_011596_011B8A_E6B1/Patch_Uint8/Visual_Cargo_x2259_y9484_vv.tif,S1A_IW_GRDH_1SDV_20160606T221232_20160606T221257_011596_011B8A_E6B1/Patch_Uint8/Visual_Cargo_x2259_y9484_vh.tif,16516,b6b6c133628aa6df1b2d3ea045d202a5039906f638294e08f80b7c45ca1ab452
S1A_IW_GRDH_1SDV_20160606T221232_20160606T221257_011596_011B8A_E6B1/2580_8624,Tanker,4,opensar_zip,OpenSARShip_1/S1A_IW_GRDH_1SDV_20160606T221232_20160606T221257_011596_011B8A_E6B1.zip,S1A_IW_GRDH_1SDV_20160606T221232_20160606T221257_011596_011B8A_E6B1/Patch_Uint8/Visual_Tanker_x2580_y8624_vv.tif,S1A_IW_GRDH_1SDV_20160606T221232_20160606T221257_011596_011B8A_E6B1/Patch_Uint8/Visual_Tanker_x2580_y8624_vh.tif,3864,187fb6b0f3b3f7a2d2648d1ff6918291847bc9ca8ea61c7ed7b1454f3b17d541
S1A_IW_GRDH_1SDV_20160606T221232_20160606T221257_011596_011B8A_E6B1/5704_12139,Bulk Carrier,0,opensar_zip,OpenSARShip_1/S1A_IW_GRDH_1SDV_20160606T221232_20160606T221257_011596_011B8A_E6B1.zip,S1A_IW_GRDH_1SDV_20160606T221232_20160606T221257_011596_011B8A_E6B1/Patch_Uint8/Visual_Cargo_x5704_y12139_vv.tif,S1A_IW_GRDH_1SDV_20160606T221232_20160606T221257_011596_011B8A_E6B1/Patch_Uint8/Visual_Cargo_x5704_y12139_vh.tif,31108,12eb556900175ee5e8c76156c4237a80aaf376beea2c55ecea0894149bf3af80
S1A_IW_GRDH_1SDV_20160606T221232_20160606T221257_011596_011B8A_E6B1/6279_11943,Bulk Carrier,0,opensar_zip,OpenSARShip_1/S1A_IW_GRDH_1SDV_20160606T221232_20160606T221257_011596_011B8A_E6B1.zip,S1A_IW_GRDH_1SDV_20160606T221232_20160606T221257_011596_011B8A_E6B1/Patch_Uint8/Visual_Cargo_x6279_y11943_vv.tif,S1A_IW_GRDH_1SDV_20160606T221232_20160606T221257_011596_011B8A_E6B1/Patch_Uint8/Visual_Cargo_x6279_y11943_vh.tif,15012,8f61eb533d650ff9533b16f3a73f7b78ab1e7fd2eac0877dea9a6ecec764eb34
S1A_IW_GRDH_1SDV_20160606T221232_20160606T221257_011596_011B8A_E6B1/7214_16526,Bulk Carrier,0,opensar_zip,OpenSARShip_1/S1A_IW_GRDH_1SDV_20160606T221232_20160606T221257_011596_011B8A_E6B1.zip,S1A_IW_GRDH_1SDV_20160606T221232_20160606T221257_011596_011B8A_E6B1/Patch_Uint8/Visual_Cargo_x7214_y16526_vv.tif,S1A_IW_GRDH_1SDV_20160606T221232_20160606T221257_011596_011B8A_E6B1/Patch_Uint8/Visual_Cargo_x7214_y16526_vh.tif,21016,afa76241d94b0f25b6479258a1debcd638e424aa78e8ca5a4cd0f34fecdaf0af
S1A_IW_GRDH_1SDV_20160606T221232_20160606T221257_011596_011B8A_E6B1/7416_16560,Bulk Carrier,0,opensar_zip,OpenSARShip_1/S1A_IW_GRDH_1SDV_20160606T221232_20160606T221257_011596_011B8A_E6B1.zip,S1A_IW_GRDH_1SDV_20160606T221232_20160606T221257_011596_011B8A_E6B1/Patch_Uint8/Visual_Cargo_x7416_y16560_vv.tif,S1A_IW_GRDH_1SDV_20160606T221232_20160606T221257_011596_011B8A_E6B1/Patch_Uint8/Visual_Cargo_x7416_y16560_vh.tif,9004,a19c193a77edb05d75a6621a9523f37b6df28215d55dec8c4975e936d2033acc
S1A_IW_GRDH_1SDV_20160606T221232_20160606T221257_011596_011B8A_E6B1/7557_12286,Fishing,3,opensar_zip,OpenSARShip_1/S1A_IW_GRDH_1SDV_20160606T221232_20160606T221257_011596_011B8A_E6B1.zip,S1A_IW_GRDH_1SDV_20160606T221232_20160606T221257_011596_011B8A_E6B1/Patch_Uint8/Visual_Cargo_x7557_y12286_vv.tif,S1A_IW_GRDH_1SDV_20160606T221232_20160606T221257_011596_011B8A_E6B1/Patch_Uint8/Visual_Cargo_x7557_y12286_vh.tif,6146,97fde1dff91105267c20ce613bfccf40448bde4b2e351b7c4a0ae9157545a18d
S1A_IW_GRDH_1SDV_20160606T221232_20160606T221257_011596_011B8A_E6B1/7854_12279,Bulk Carrier,0,opensar_zip,OpenSARShip_1/S1A_IW_GRDH_1SDV_20160606T221232_20160606T221257_011596_011B8A_E6B1.zip,S1A_IW_GRDH_1SDV_20160606T221232_20160606T221257_011596_011B8A_E6B1/Patch_Uint8/Visual_Cargo_x7854_y12279_vv.tif,S1A_IW_GRDH_1SDV_20160606T221232_20160606T221257_011596_011B8A_E6B1/Patch_Uint8/Visual_Cargo_x7854_y12279_vh.tif,10042,266bcbb15f0f6352368d18e83a2a6fb26a5f2111391732f8d1f792a2bf7714c9
S1A_IW_GRDH_1SDV_20160606T221232_20160606T221257_011596_011B8A_E6B1/8270_12173,Bulk Carrier,0,opensar_zip,OpenSARShip_1/S1A_IW_GRDH_1SDV_20160606T221232_20160606T221257_011596_011B8A_E6B1.zip,S1A_IW_GRDH_1SDV_20160606T221232_20160606T221257_011596_011B8A_E6B1/Patch_Uint8/Visual_Cargo_x8270_y12173_vv.tif,S1A_IW_GRDH_1SDV_20160606T221232_20160606T221257_011596_011B8A_E6B1/Patch_Uint8/Visual_Cargo_x8270_y12173_vh.tif,9034,89b563eadae7986934f83882be49f299f63baa8f7777b9506400dfd385de67cb
S1A_IW_GRDH_1SDV_20160606T221232_20160606T221257_011596_011B8A_E6B1/8377_11326,Tug,5,opensar_zip,OpenSARShip_1/S1A_IW_GRDH_1SDV_20160606T221232_20160606T221257_011596_011B8A_E6B1.zip,S1A_IW_GRDH_1SDV_20160606T221232_20160606T221257_011596_011B8A_E6B1/Patch_Uint8/Visual_Other Type_x8377_y11326_vv.tif,S1A_IW_GRDH_1SDV_20160606T221232_20160606T221257_011596_011B8A_E6B1/Patch_Uint8/Visual_Other Type_x8377_y11326_vh.tif,1322,bbf1af5d58057df0411c2815792f794127413329fec3ca93db88e32297ea371b
S1A_IW_GRDH_1SDV_20160606T221232_20160606T221257_011596_011B8A_E6B1/8474_12451,Bulk Carrier,0,opensar_zip,OpenSARShip_1/S1A_IW_GRDH_1SDV_20160606T221232_20160606T221257_011596_011B8A_E6B1.zip,S1A_IW_GRDH_1SDV_20160606T221232_20160606T221257_011596_011B8A_E6B1/Patch_Uint8/Visual_Cargo_x8474_y12451_vv.tif,S1A_IW_GRDH_1SDV_20160606T221232_20160606T221257_011596_011B8A_E6B1/Patch_Uint8/Visual_Cargo_x8474_y12451_vh.tif,21106,fe33b2c07781c95058bcc034dc9a90aa735a54b395b95beab0b5a9916af04a86
S1A_IW_GRDH_1SDV_20160606T221232_20160606T221257_011596_011B8A_E6B1/8563_12346,Bulk Carrier,0,opensar_zip,OpenSARShip_1/S1A_IW_GRDH_1SDV_20160606T221232_20160606T221257_011596_011B8A_E6B1.zip,S1A_IW_GRDH_1SDV_20160606T221232_20160606T221257_011596_011B8A_E6B1/Patch_Uint8/Visual_Cargo_x8563_y12346_vv.tif,S1A_IW_GRDH_1SDV_20160606T221232_20160606T221257_011596_011B8A_E6B1/Patch_Uint8/Visual_Cargo_x8563_y12346_vh.tif,11234,b2a4972f822d702125d5072e494a72b86f6e69ed4695167e171341d505e8573a
S1A_IW_GRDH_1SDV_20160606T221232_20160606T221257_011596_011B8A_E6B1/8705_12499,Bulk Carrier,0,opensar_zip,OpenSARShip_1/S1A_IW_GRDH_1SDV_20160606T221232_20160606T221257_011596_011B8A_E6B1.zip,S1A_IW_GRDH_1SDV_20160606T221232_20160606T221257_011596_011B8A_E6B1/Patch_Uint8/Visual_Cargo_x8705_y12499_vv.tif,S1A_IW_GRDH_1SDV_20160606T221232_20160606T221257_011596_011B8A_E6B1/Patch_Uint8/Visual_Cargo_x8705_y12499_vh.tif,15078,d948e5d26be115d6ad696fc22dad838a4339d2dbaeb9204c7a9436801771371b
S1A_IW_GRDH_1SDV_20160606T221232_20160606T221257_011596_011B8A_E6B1/8941_12196,Bulk Carrier,0,opensar_zip,OpenSARShip_1/S1A_IW_GRDH_1SDV_20160606T221232_20160606T221257_011596_011B8A_E6B1.zip,S1A_IW_GRDH_1SDV_20160606T221232_20160606T221257_011596_011B8A_E6B1/Patch_Uint8/Visual_Cargo_x8941_y12196_vv.tif,S1A_IW_GRDH_1SDV_20160606T221232_20160606T221257_011596_011B8A_E6B1/Patch_Uint8/Visual_Cargo_x8941_y12196_vh.tif,10046,1d2e729da24fb271a7e8f22c058ae5a0674e03886d26a99ab3cf9d85d01a8dc0
S1A_IW_GRDH_1SDV_20160606T221232_20160606T221257_011596_011B8A_E6B1/8947_12411,Bulk Carrier,0,opensar_zip,OpenSARShip_1/S1A_IW_GRDH_1SDV_20160606T221232_20160606T221257_011596_011B8A_E6B1.zip,S1A_IW_GRDH_1SDV_20160606T221232_20160606T221257_011596_011B8A_E6B1/Patch_Uint8/Visual_Cargo_x8947_y12411_vv.tif,S1A_IW_GRDH_1SDV_20160606T221232_20160606T221257_011596_011B8A_E6B1/Patch_Uint8/Visual_Cargo_x8947_y12411_vh.tif,22818,923c623bc2cafa8b42b1930e109c4c55b586ba2c3e9e6f82bbfa7bb68ca4fcea
S1A_IW_GRDH_1SDV_20160606T221232_20160606T221257_011596_011B8A_E6B1/9019_12551,Bulk Carrier,0,opensar_zip,OpenSARShip_1/S1A_IW_GRDH_1SDV_20160606T221232_20160606T221257_011596_011B8A_E6B1.zip,S1A_IW_GRDH_1SDV_20160606T221232_20160606T221257_011596_011B8A_E6B1/Patch_Uint8/Visual_Cargo_x9019_y12551_vv.tif,S1A_IW_GRDH_1SDV_20160606T221232_20160606T221257_011596_011B8A_E6B1/Patch_Uint8/Visual_Cargo_x9019_y12551_vh.tif,19502,f4b8b72ddde3bef30f910a4d83afacdb865beb0a50671385b86aab5946f0469d
S1A_IW_GRDH_1SDV_20160606T221232_20160606T221257_011596_011B8A_E6B1/9066_13275,Container Ship,1,opensar_zip,OpenSARShip_1/S1A_IW_GRDH_1SDV_20160606T221232_20160606T221257_011596_011B8A_E6B1.zip,S1A_IW_GRDH_1SDV_20160606T221232_20160606T221257_011596_011B8A_E6B1/Patch_Uint8/Visual_Cargo_x9066_y13275_vv.tif,S1A_IW_GRDH_1SDV_20160606T221232_20160606T221257_011596_011B8A_E6B1/Patch_Uint8/Visual_Cargo_x9066_y13275_vh.tif,34078,07a9b1b2b74258c60ac335f01ee0bc1a170b109373046dc9a4dc806887d5fc21
S1A_IW_GRDH_1SDV_20160606T221232_20160606T221257_011596_011B8A_E6B1/9208_12396,Bulk Carrier,0,opensar_zip,OpenSARShip_1/S1A_IW_GRDH_1SDV_20160606T221232_20160606T221257_011596_011B8A_E6B1.zip,S1A_IW_GRDH_1SDV_20160606T221232_20160606T221257_011596_011B8A_E6B1/Patch_Uint8/Visual_Cargo_x9208_y12396_vv.tif,S1A_IW_GRDH_1SDV_20160606T221232_20160606T221257_011596_011B8A_E6B1/Patch_Uint8/Visual_Cargo_x9208_y12396_vh.tif,8872,bf652138cfb5c047cc5061d6782022b28eeaffab0fc18ae1f3a71091550b2d3e
S1A_IW_GRDH_1SDV_20160606T221232_20160606T221257_011596_011B8A_E6B1/9353_12169,Bulk Carrier,0,opensar_zip,OpenSARShip_1/S1A_IW_GRDH_1SDV_20160606T221232_20160606T221257_011596_011B8A_E6B1.zip,S1A_IW_GRDH_1SDV_20160606T221232_20160606T221257_011596_011B8A_E6B1/Patch_Uint8/Visual_Cargo_x9353_y12169_vv.tif,S1A_IW_GRDH_1SDV_20160606T221232_20160606T221257_011596_011B8A_E6B1/Patch_Uint8/Visual_Cargo_x9353_y12169_vh.tif,8948,e4838ed4f58d5248c16cd591c3b02340760e3e2f3afc9f7c92a31e0cda0c5349
S1A_IW_GRDH_1SDV_20160606T221232_20160606T221257_011596_011B8A_E6B1/9379_12022,Bulk Carrier,0,opensar_zip,OpenSARShip_1/S1A_IW_GRDH_1SDV_20160606T221232_20160606T221257_011596_011B8A_E6B1.zip,S1A_IW_GRDH_1SDV_20160606T221232_20160606T221257_011596_011B8A_E6B1/Patch_Uint8/Visual_Cargo_x9379_y12022_vv.tif,S1A_IW_GRDH_1SDV_20160606T221232_20160606T221257_011596_011B8A_E6B1/Patch_Uint8/Visual_Cargo_x9379_y12022_vh.tif,11226,63256a033505ba2f9aeef4070da8aeb62d2fda9aa54e3ccf855a3a84372f55f1
S1A_IW_GRDH_1SDV_20160606T221232_20160606T221257_011596_011B8A_E6B1/9403_13330,Tug,5,opensar_zip,OpenSARShip_1/S1A_IW_GRDH_1SDV_20160606T221232_20160606T221257_011596_011B8A_E6B1.zip,S1A_IW_GRDH_1SDV_20160606T221232_20160606T221257_011596_011B8A_E6B1/Patch_Uint8/Visual_Tug_x9403_y13330_vv.tif,S1A_IW_GRDH_1SDV_20160606T221232_20160606T221257_011596_011B8A_E6B1/Patch_Uint8/Visual_Tug_x9403_y13330_vh.tif,762,c81de9c99173fc521d267055155ade54383bbbd12c88a7e88a07468103caf2f7
S1A_IW_GRDH_1SDV_20160606T221232_20160606T221257_011596_011B8A_E6B1/9457_12222,Bulk Carrier,0,opensar_zip,OpenSARShip_1/S1A_IW_GRDH_1SDV_20160606T221232_20160606T221257_011596_011B8A_E6B1.zip,S1A_IW_GRDH_1SDV_20160606T221232_20160606T221257_011596_011B8A_E6B1/Patch_Uint8/Visual_Cargo_x9457_y12222_vv.tif,S1A_IW_GRDH_1SDV_20160606T221232_20160606T221257_011596_011B8A_E6B1/Patch_Uint8/Visual_Cargo_x9457_y12222_vh.tif,12066,49d118bd59d2627546bf4912ca9cc6f1e5d10bdf621295b899ec448c48074e32
S1A_IW_GRDH_1SDV_20160630T221233_20160630T221258_011946_012696_1AA1/10196_12542,Bulk Carrier,0,opensar_zip,OpenSARShip_1/S1A_IW_GRDH_1SDV_20160630T221233_20160630T221258_011946_012696_1AA1.zip,S1A_IW_GRDH_1SDV_20160630T221233_20160630T221258_011946_012696_1AA1/Patch_Uint8/Visual_Cargo_x10196_y12542_vv.tif,S1A_IW_GRDH_1SDV_20160630T221233_20160630T221258_011946_012696_1AA1/Patch_Uint8/Visual_Cargo_x10196_y12542_vh.tif,20130,cb0fb4398ac75d4bf270741c88c995185f2f8f66413fdb53a5c95ed6588de4cb
S1A_IW_GRDH_1SDV_20160630T221233_20160630T221258_011946_012696_1AA1/10228_12043,Bulk Carrier,0,opensar_zip,OpenSARShip_1/S1A_IW_GRDH_1SDV_20160630T221233_20160630T221258_011946_012696_1AA1.zip,S1A_IW_GRDH_1SDV_20160630T221233_20160630T221258_011946_012696_1AA1/Patch_Uint8/Visual_Cargo_x10228_y12043_vv.tif,S1A_IW_GRDH_1SDV_20160630T221233_20160630T221258_011946_012696_1AA1/Patch_Uint8/Visual_Cargo_x10228_y12043_vh.tif,4542,a1588c4793ec84e99b658c1db865899691339dcd55e04d7e9dbe7f662a9b4708
S1A_IW_GRDH_1SDV_20160630T221233_20160630T221258_011946_012696_1AA1/10285_12653,Bulk Carrier,0,opensar_zip,OpenSARShip_1/S1A_IW_GRDH_1SDV_20160630T221233_20160630T221258_011946_012696_1AA1.zip,S1A_IW_GRDH_1SDV_20160630T221233_20160630T221258_011946_012696_1AA1/Patch_Uint8/Visual_Cargo_x10285_y12653_vv.tif,S1A_IW_GRDH_1SDV_20160630T221233_20160630T221258_011946_012696_1AA1/Patch_Uint8/Visual_Cargo_x10285_y12653_vh.tif,20952,f7c5850dd0887a2a8647aa488d02b3e6c7d904b6dc3252d591ad08fc65afa923
S1A_IW_GRDH_1SDV_20160630T221233_20160630T221258_011946_012696_1AA1/10303_11943,Bulk Carrier,0,opensar_zip,OpenSARShip_1/S1A_IW_GRDH_1SDV_20160630T221233_20160630T221258_011946_012696_1AA1.zip,S1A_IW_GRDH_1SDV_20160630T221233_20160630T221258_011946_012696_1AA1/Patch_Uint8/Visual_Cargo_x10303_y11943_vv.tif,S1A_IW_GRDH_1SDV_20160630T221233_20160630T221258_011946_012696_1AA1/Patch_Uint8/Visual_Cargo_x10303_y11943_vh.tif,11216,21edc4316b808a342f19f158d8199750ac23cff493e2b2d737b9a3bd7a44175a
S1A_IW_GRDH_1SDV_20160630T221233_20160630T221258_011946_012696_1AA1/10483_12554,Container Ship,1,opensar_zip,OpenSARShip_1/S1A_IW_GRDH_1SDV_20160630T221233_20160630T221258_011946_012696_1AA1.zip,S1A_IW_GRDH_1SDV_20160630T221233_20160630T221258_011946_012696_1AA1/Patch_Uint8/Visual_Cargo_x10483_y12554_vv.tif,S1A_IW_GRDH_1SDV_20160630T221233_20160630T221258_011946_012696_1AA1/Patch_Uint8/Visual_Cargo_x10483_y12554_vh.tif,21274,ecc4748e6bcb3956e8840818045e604fe1bfa74a54f250ae697d2f1919228af3
S1A_IW_GRDH_1SDV_20160630T221233_20160630T221258_011946_012696_1AA1/10515_11643,Bulk Carrier,0,opensar_zip,OpenSARShip_1/S1A_IW_GRDH_1SDV_20160630T221233_20160630T221258_011946_012696_1AA1.zip,S1A_IW_GRDH_1SDV_20160630T221233_20160630T221258_011946_012696_1AA1/Patch_Uint8/Visual_Cargo_x10515_y11643_vv.tif,S1A_IW_GRDH_1SDV_20160630T221233_20160630T221258_011946_012696_1AA1/Patch_Uint8/Visual_Cargo_x10515_y11643_vh.tif,8882,460634ac768d041bb044dac0ef2018ee8897ec0858928349425f09d6262be849
S1A_IW_GRDH_1SDV_20160630T221233_20160630T221258_011946_012696_1AA1/10570_12094,Bulk Carrier,0,opensar_zip,OpenSARShip_1/S1A_IW_GRDH_1SDV_20160630T221233_20160630T221258_011946_012696_1AA1.zip,S1A_IW_GRDH_1SDV_20160630T221233_20160630T221258_011946_012696_1AA1/Patch_Uint8/Visual_Cargo_x10570_y12094_vv.tif,S1A_IW_GRDH_1SDV_20160630T221233_20160630T221258_011946_012696_1AA1/Patch_Uint8/Visual_Cargo_x10570_y12094_vh.tif,6100,448043b6f21a668b5b913ae06b88263db66394dd415df8c310d53d069ce96985
S1A_IW_GRDH_1SDV_20160630T221233_20160630T221258_011946_012696_1AA1/10655_12022,Bulk Carrier,0,opensar_zip,OpenSARShip_1/S1A_IW_GRDH_1SDV_20160630T221233_20160630T221258_011946_012696_1AA1.zip,S1A_IW_GRDH_1SDV_20160630T221233_20160630T221258_011946_012696_1AA1/Patch_Uint8/Visual_Cargo_x10655_y12022_vv.tif,S1A_IW_GRDH_1SDV_20160630T221233_20160630T221258_011946_012696_1AA1/Patch_Uint8/Visual_Cargo_x10655_y12022_vh.tif,6114,ed26682d041f6d58d43fa5eaff65193c9c5fa495df8990da302b3f6d44738db1
S1A_IW_GRDH_1SDV_20160630T221233_20160630T221258_011946_012696_1AA1/10661_11858,Bulk Carrier,0,opensar_zip,OpenSARShip_1/S1A_IW_GRDH_1SDV_20160630T221233_20160630T221258_011946_012696_1AA1.zip,S1A_IW_GRDH_1SDV_20160630T221233_20160630T221258_011946_012696_1AA1/Patch_Uint8/Visual_Other Type_x10661_y11858_vv.tif,S1A_IW_GRDH_1SDV_20160630T221233_20160630T221258_011946_012696_1AA1/Patch_Uint8/Visual_Other Type_x10661_y11858_vh.tif,6952,3fd723311ce4d4582c429829435dd08e929805ef90ec8c5e74fb6b9faf5f5686
S1A_IW_GRDH_1SDV_20160630T221233_20160630T221258_011946_012696_1AA1/10751_12755,Tanker,4,opensar_zip,OpenSARShip_1/S1A_IW_GRDH_1SDV_20160630T221233_20160630T221258_011946_012696_1AA1.zip,S1A_IW_GRDH_1SDV_20160630T221233_20160630T221258_011946_012696_1AA1/Patch_Uint8/Visual_Tanker_x10751_y12755_vv.tif,S1A_IW_GRDH_1SDV_20160630T221233_20160630T221258_011946_012696_1AA1/Patch_Uint8/Visual_Tanker_x10751_y12755_vh.tif,12288,4b9fa23762489d1b33407d49e4ad095a86201ce9a99e7f7bb8a3d3fb24a3ed1c
S1A_IW_GRDH_1SDV_20160630T221233_20160630T221258_011946_012696_1AA1/10917_12959,Bulk Carrier,0,opensar_zip,OpenSARShip_1/S1A_IW_GRDH_1SDV_20160630T221233_20160630T221258_011946_012696_1AA1.zip,S1A_IW_GRDH_1SDV_20160630T221233_20160630T221258_011946_012696_1AA1/Patch_Uint8/Visual_Cargo_x10917_y12959_vv.tif,S1A_IW_GRDH_1SDV_20160630T221233_20160630T221258_011946_012696_1AA1/Patch_Uint8/Visual_Cargo_x10917_y12959_vh.tif,8960,ab2c914edab0189c7deec29ae89bc293185fc879f0aac8883d0abd507f05d232
S1A_IW_GRDH_1SDV_20160630T221233_20160630T221258_011946_012696_1AA1/11088_12597,Tanker,4,opensar_zip,OpenSARShip_1/S1A_IW_GRDH_1SDV_20160630T221233_20160630T221258_011946_012696_1AA1.zip,S1A_IW_GRDH_1SDV_20160630T221233_20160630T221258_011946_012696_1AA1/Patch_Uint8/Visual_Tanker_x11088_y12597_vv.tif,S1A_IW_GRDH_1SDV_20160630T221233_20160630T221258_011946_012696_1AA1/Patch_Uint8/Visual_Tanker_x11088_y12597_vh.tif,3834,6b225cb2abcb051555dc487f8486e6211d33273ddd79d27c03d09c9cb780718a
S1A_IW_GRDH_1SDV_20160630T221233_20160630T221258_011946_012696_1AA1/11257_12664,Tanker,4,opensar_zip,OpenSARShip_1/S1A_IW_GRDH_1SDV_20160630T221233_20160630T221258_011946_012696_1AA1.zip,S1A_IW_GRDH_1SDV_20160630T221233_20160630T221258_011946_012696_1AA1/Patch_Uint8/Visual_Tanker_x11257_y12664_vv.tif,S1A_IW_GRDH_1SDV_20160630T221233_20160630T221258_011946_012696_1AA1/Patch_Uint8/Visual_Tanker_x11257_y12664_vh.tif,3210,813d276fa30bfdd9593e20e8a16e43bffafe503c9f817cf3fb57257820a95c8f
S1A_IW_GRDH_1SDV_20160630T221233_20160630T221258_011946_012696_1AA1/11259_12497,Tanker,4,opensar_zip,OpenSARShip_1/S1A_IW_GRDH_1SDV_20160630T221233_20160630T221258_011946_012696_1AA1.zip,S1A_IW_GRDH_1SDV_20160630T221233_20160630T221258_011946_012696_1AA1/Patch_Uint8/Visual_Tanker_x11259_y12497_vv.tif,S1A_IW_GRDH_1SDV_20160630T221233_20160630T221258_011946_012696_1AA1/Patch_Uint8/Visual_Tanker_x11259_y12497_vh.tif,2646,341fa1d3206412201ef36911418275538c41d1b240e39772f16d89ecded15c11
S1A_IW_GRDH_1SDV_20160630T221233_20160630T221258_011946_012696_1AA1/11434_12675,Tanker,4,opensar_zip,OpenSARShip_1/S1A_IW_GRDH_1SDV_20160630T221233_20160630T221258_011946_012696_1AA1.zip,S1A_IW_GRDH_1SDV_20160630T221233_20160630T221258_011946_012696_1AA1/Patch_Uint8/Visual_Tanker_x11434_y12675_vv.tif,S1A_IW_GRDH_1SDV_20160630T221233_20160630T221258_011946_012696_1AA1/Patch_Uint8/Visual_Tanker_x11434_y12675_vh.tif,1698,ba8bb5befc281e992827431dbe897f3b8d99285478f5104385ba10ef33e24ca0
S1A_IW_GRDH_1SDV_20160630T221233_20160630T221258_011946_012696_1AA1/11521_12495,Tanker,4,opensar_zip,OpenSARShip_1/S1A_IW_GRDH_1SDV_20160630T221233_20160630T221258_011946_012696_1AA1.zip,S1A_IW_GRDH_1SDV_20160630T221233_20160630T221258_011946_012696_1AA1/Patch_Uint8/Visual_Tanker_x11521_y12495_vv.tif,S1A_IW_GRDH_1SDV_20160630T221233_20160630T221258_011946_012696_1AA1/Patch_Uint8/Visual_Tanker_x11521_y12495_vh.tif,1326,2232f4d539d9602b00ee7084d44d91dd7d4b40efc0bff625fc277fb916aa7f16
S1A_IW_GRDH_1SDV_20160630T221233_20160630T221258_011946_012696_1AA1/12338_12258,Dredger,2,opensar_zip,OpenSARShip_1/S1A_IW_GRDH_1SDV_20160630T221233_20160630T221258_011946_012696_1AA1.zip,S1A_IW_GRDH_1SDV_20160630T221233_20160630T221258_011946_012696_1AA1/Patch_Uint8/Visual_Dredging_x12338_y12258_vv.tif,S1A_IW_GRDH_1SDV_20160630T221233_20160630T221258_011946_012696_1AA1/Patch_Uint8/Visual_Dredging_x12338_y12258_vh.tif,2802,43ee5472c6d96feb2bf8daeb8ee04f8a7ec0c396ee78c65ff7085b7c0c455b6b
S1A_IW_GRDH_1SDV_20160630T221233_20160630T221258_011946_012696_1AA1/13256_14663,Dredger,2,opensar_zip,OpenSARShip_1/S1A_IW_GRDH_1SDV_20160630T221233_20160630T221258_011946_012696_1AA1.zip,S1A_IW_GRDH_1SDV_20160630T221233_20160630T221258_011946_012696_1AA1/Patch_Uint8/Visual_Other Type_x13256_y14663_vv.tif,S1A_IW_GRDH_1SDV_20160630T221233_20160630T221258_011946_012696_1AA1/Patch_Uint8/Visual_Other Type_x13256_y14663_vh.tif,3220,eec513253754392454ae27808a7a48ebc0bb705ee15fdaadf765a6419f134590
S1A_IW_GRDH_1SDV_20160630T221233_20160630T221258_011946_012696_1AA1/1494_9311,Tanker,4,opensar_zip,OpenSARShip_1/S1A_IW_GRDH_1SDV_20160630T221233_20160630T221258_011946_012696_1AA1.zip,S1A_IW_GRDH_1SDV_20160630T221233_20160630T221258_011946_012696_1AA1/Patch_Uint8/Visual_Tanker_x1494_y9311_vv.tif,S1A_IW_GRDH_1SDV_20160630T221233_20160630T221258_011946_012696_1AA1/Patch_Uint8/Visual_Tanker_x1494_y9311_vh.tif,1696,21b3579268e1a9b1b976b4ef92074e9259a6d1b5ecced9f888b3b155231dcac3
S1A_IW_GRDH_1SDV_20160630T221233_20160630T221258_011946_012696_1AA1/1517_11767,Bulk Carrier,0,opensar_zip,OpenSARShip_1/S1A_IW_GRDH_1SDV_20160630T221233_20160630T221258_011946_012696_1AA1.zip,S1A_IW_GRDH_1SDV_20160630T221233_20160630T221258_011946_012696_1AA1/Patch_Uint8/Visual_Cargo_x1517_y11767_vv.tif,S1A_IW_GRDH_1SDV_20160630T221233_20160630T221258_011946_012696_1AA1/Patch_Uint8/Visual_Cargo_x1517_y11767_vh.tif,7634,133066d2d7b3263df17a2febb5569d67568280665c041ada7692ae972f50e6bb
S1A_IW_GRDH_1SDV_20160630T221233_20160630T221258_011946_012696_1AA1/1525_9534,Container Ship,1,opensar_zip,OpenSARShip_1/S1A_IW_GRDH_1SDV_20160630T221233_20160630T221258_011946_012696_1AA1.zip,S1A_IW_GRDH_1SDV_20160630T221233_20160630T221258_011946_012696_1AA1/Patch_Uint8/Visual_Cargo_x1525_y9534_vv.tif,S1A_IW_GRDH_1SDV_20160630T221233_20160630T221258_011946_012696_1AA1/Patch_Uint8/Visual_Cargo_x1525_y9534_vh.tif,28152,2b15ff3f5661a13feb51476c29f480429faa93cfdb62f026d4b5441fb05cd794
S1A_IW_GRDH_1SDV_20160630T221233_20160630T221258_011946_012696_1AA1/1584_11038,Tanker,4,opensar_zip,OpenSARShip_1/S1A_IW_GRDH_1SDV_20160630T221233_20160630T221258_011946_012696_1AA1.zip,S1A_IW_GRDH_1SDV_20160630T221233_20160630T221258_011946_012696_1AA1/Patch_Uint8/Visual_Tanker_x1584_y11038_vv.tif,S1A_IW_GRDH_1SDV_20160630T221233_20160630T221258_011946_012696_1AA1/Patch_Uint8/Visual_Tanker_x1584_y11038_vh.tif,6918,456a159ffb6b9f5d56911ceb24e1428ad2273e312001b1dfc1e1ccbc3baae411
S1A_IW_GRDH_1SDV_20160630T221233_20160630T221258_011946_012696_1AA1/1621_8581,Bulk Carrier,0,opensar_zip,OpenSARShip_1/S1A_IW_GRDH_1SDV_20160630T221233_20160630T221258_011946_012696_1AA1.zip,S1A_IW_GRDH_1SDV_20160630T221233_20160630T221258_011946_012696_1AA1/Patch_Uint8/Visual_Cargo_x1621_y8581_vv.tif,S1A_IW_GRDH_1SDV_20160630T221233_20160630T221258_011946_012696_1AA1/Patch_Uint8/Visual_Cargo_x1621_y8581_vh.tif,8592,8165178e65e7c49974c4213a619779042c2cb1b66e635bcbffab1bf12ff3b031
S1A_IW_GRDH_1SDV_20160630T221233_20160630T221258_011946_012696_1AA1/1773_7918,Bulk Carrier,0,opensar_zip,OpenSARShip_1/S1A_IW_GRDH_1SDV_20160630T221233_20160630T221258_011946_012696_1AA1.zip,S1A_IW_GRDH_1SDV_20160630T221233_20160630T221258_011946_012696_1AA1/Patch_Uint8/Visual_Cargo_x1773_y7918_vv.tif,S1A_IW_GRDH_1SDV_20160630T221233_20160630T221258_011946_012696_1AA1/Patch_Uint8/Visual_Cargo_x1773_y7918_vh.tif,10082,2e4746205ea66321d88c7e5434736eb5e698764b8881c4fe82a0d0e45352c7b6
S1A_IW_GRDH_1SDV_20160630T221233_20160630T221258_011946_012696_1AA1/1815_8521,Bulk Carrier,0,opensar_zip,OpenSARShip_1/S1A_IW_GRDH_1SDV_20160630T221233_20160630T221258_011946_012696_1AA1.zip,S1A_IW_GRDH_1SDV_20160630T221233_20160630T221258_011946_012696_1AA1/Patch_Uint8/Visual_Cargo_x1815_y8521_vv.tif,S1A_IW_GRDH_1SDV_20160630T221233_20160630T221258_011946_012696_1AA1/Patch_Uint8/Visual_Cargo_x1815_y8521_vh.tif,9036,970340e51537f57dfec82336dc4f03daa16f3af85a1c370a32d5b03435d7f481
S1A_IW_GRDH_1SDV_20160630T221233_20160630T221258_011946_012696_1AA1/1824_8238,Bulk Carrier,0,opensar_zip,OpenSARShip_1/S1A_IW_GRDH_1SDV_20160630T221233_20160630T221258_011946_012696_1AA1.zip,S1A_IW_GRDH_1SDV_20160630T221233_20160630T221258_011946_012696_1AA1/Patch_Uint8/Visual_Cargo_x1824_y8238_vv.tif,S1A_IW_GRDH_1SDV_20160630T221233_20160630T221258_011946_012696_1AA1/Patch_Uint8/Visual_Cargo_x1824_y8238_vh.tif,10086,081f2d565b6acf01e913c52d5c94e75626dccfddf73b64c75aefee1cdbe15dee
S1A_IW_GRDH_1SDV_20160630T221233_20160630T221258_011946_012696_1AA1/1935_8977,Bulk Carrier,0,opensar_zip,OpenSARShip_1/S1A_IW_GRDH_1SDV_20160630T221233_20160630T221258_011946_012696_1AA1.zip,S1A_IW_GRDH_1SDV_20160630T221233_20160630T221258_011946_012696_1AA1/Patch_Uint8/Visual_Cargo_x1935_y8977_vv.tif,S1A_IW_GRDH_1SDV_20160630T221233_20160630T221258_011946_012696_1AA1/Patch_Uint8/Visual_Cargo_x1935_y8977_vh.tif,8978,1e76751926a014f7bd51f8ea10b315de0d323cac1b724730a587a89c264e3e24
S1A_IW_GRDH_1SDV_20160630T221233_20160630T221258_011946_012696_1AA1/2069_10000,Bulk Carrier,0,opensar_zip,OpenSARShip_1/S1A_IW_GRDH_1SDV_20160630T221233_20160630T221258_011946_012696_1AA1.zip,S1A_IW_GRDH_1SDV_20160630T221233_20160630T221258_011946_012696_1AA1/Patch_Uint8/Visual_Cargo_x2069_y10000_vv.tif,S1A_IW_GRDH_1SDV_20160630T221233_20160630T221258_011946_012696_1AA1/Patch_Uint8/Visual_Cargo_x2069_y10000_vh.tif,10080,6efe6b936dbbe2fb9ed6617ab4ff784a61528758ca2afe207b6d37efe67e02ae
S1A_IW_GRDH_1SDV_20160630T221233_20160630T221258_011946_012696_1AA1/2120_9465,Bulk Carrier,0,opensar_zip,OpenSARShip_1/S1A_IW_GRDH_1SDV_20160630T221233_20160630T221258_011946_012696_1AA1.zip,S1A_IW_GRDH_1SDV_20160630T221233_20160630T221258_011946_012696_1AA1/Patch_Uint8/Visual_Cargo_x2120_y9465_vv.tif,S1A_IW_GRDH_1SDV_20160630T221233_20160630T221258_011946_012696_1AA1/Patch_Uint8/Visual_Cargo_x2120_y9465_vh.tif,10088,1a5ecbbd4b36ac5eb01be6f4c99f68699e84f5072992e0cb081847e4dd744cd9
S1A_IW_GRDH_1SDV_20160630T221233_20160630T221258_011946_012696_1AA1/2157_9624,Bulk Carrier,0,opensar_zip,OpenSARShip_1/S1A_IW_GRDH_1SDV_20160630T221233_20160630T221258_011946_012696_1AA1.zip,S1A_IW_GRDH_1SDV_20160630T221233_20160630T221258_011946_012696_1AA1/Patch_Uint8/Visual_Cargo_x2157_y9624_vv.tif,S1A_IW_GRDH_1SDV_20160630T221233_20160630T221258_011946_012696_1AA1/Patch_Uint8/Visual_Cargo_x2157_y9624_vh.tif,9004,e4ce6709e068a1e6925034ea96301e548147581278f030c406bc3fe625b76a8f
S1A_IW_GRDH_1SDV_20160630T221233_20160630T221258_011946_012696_1AA1/2352_9707,Bulk Carrier,0,opensar_zip,OpenSARShip_1/S1A_IW_GRDH_1SDV_20160630T221233_20160630T221258_011946_012696_1AA1.zip,S1A_IW_GRDH_1SDV_20160630T221233_20160630T221258_011946_012696_1AA1/Patch_Uint8/Visual_Cargo_x2352_y9707_vv.tif,S1A_IW_GRDH_1SDV_20160630T221233_20160630T221258_011946_012696_1AA1/Patch_Uint8/Visual_Cargo_x2352_y9707_vh.tif,10072,a5e43e527d1d6b8f515d510ba4491455943a5c335ed3f59d38d062940bde355c
S1A_IW_GRDH_1SDV_20160630T221233_20160630T221258_011946_012696_1AA1/2543_9761,Bulk Carrier,0,opensar_zip,OpenSARShip_1/S1A_IW_GRDH_1SDV_20160630T221233_20160630T221258_011946_012696_1AA1.zip,S1A_IW_GRDH_1SDV_20160630T221233_20160630T221258_011946_012696_1AA1/Patch_Uint8/Visual_Cargo_x2543_y9761_vv.tif,S1A_IW_GRDH_1SDV_20160630T221233_20160630T221258_011946_012696_1AA1/Patch_Uint8/Visual_Cargo_x2543_y9761_vh.tif,10100,1d68d1d5f41cedd977b35a5e24c2cb09ae15132b6119b7822fb88f1dcaeacef6
S1A_IW_GRDH_1SDV_20160630T221233_20160630T221258_011946_012696_1AA1/2602_8500,Tanker,4,opensar_zip,OpenSARShip_1/S1A_IW_GRDH_1SDV_20160630T221233_20160630T221258_011946_012696_1AA1.zip,S1A_IW_GRDH_1SDV_20160630T221233_20160630T221258_011946_012696_1AA1/Patch_Uint8/Visual_Tanker_x2602_y8500_vv.tif,S1A_IW_GRDH_1SDV_20160630T221233_20160630T221258_011946_012696_1AA1/Patch_Uint8/Visual_Tanker_x2602_y8500_vh.tif,2146,b08515b4323e3e8a92569426c07e0c9f03aca01c8efc696abba5e73c15892a6c
S1A_IW_GRDH_1SDV_20160630T221233_20160630T221258_011946_012696_1AA1/2950_8068,Bulk Carrier,0,opensar_zip,OpenSARShip_1/S1A_IW_GRDH_1SDV_20160630T221233_20160630T221258_011946_012696_1AA1.zip,S1A_IW_GRDH_1SDV_20160630T221233_20160630T221258_011946_012696_1AA1/Patch_Uint8/Visual_Cargo_x2950_y8068_vv.tif,S1A_IW_GRDH_1SDV_20160630T221233_20160630T221258_011946_012696_1AA1/Patch_Uint8/Visual_Cargo_x2950_y8068_vh.tif,7988,94d2457002ae3078d9e9f8b9f680dbb630eaffdcf3f075c4560247890ae27dfc
S1A_IW_GRDH_1SDV_20160630T221233_20160630T221258_011946_012696_1AA1/384_9455,Bulk Carrier,0,opensar_zip,OpenSARShip_1/S1A_IW_GRDH_1SDV_20160630T221233_20160630T221258_011946_012696_1AA1.zip,S1A_IW_GRDH_1SDV_20160630T221233_20160630T221258_011946_012696_1AA1/Patch_Uint8/Visual_Cargo_x384_y9455_vv.tif,S1A_IW_GRDH_1SDV_20160630T221233_20160630T221258_011946_012696_1AA1/Patch_Uint8/Visual_Cargo_x384_y9455_vh.tif,14566,7c2b84a2a80d137e8e09a6776792fbd1e97896509b7b3062c5ebbce6dc6349f3
S1A_IW_GRDH_1SDV_20160630T221233_20160630T221258_011946_012696_1AA1/4392_16289,Bulk Carrier,0,opensar_zip,OpenSARShip_1/S1A_IW_GRDH_1SDV_20160630T221233_20160630T221258_011946_012696_1AA1.zip,S1A_IW_GRDH_1SDV_20160630T221233_20160630T221258_011946_012696_1AA1/Patch_Uint8/Visual_Cargo_x4392_y16289_vv.tif,S1A_IW_GRDH_1SDV_20160630T221233_20160630T221258_011946_012696_1AA1/Patch_Uint8/Visual_Cargo_x4392_y16289_vh.tif,10056,bd5ab4bae3a8041b1ac9b60e3b40028ce22299f813ff698da7cf4fdddef59975
S1A_IW_GRDH_1SDV_20160630T221233_20160630T221258_011946_012696_1AA1/4885_12518,Container Ship,1,opensar_zip,OpenSARShip_1/S1A_IW_GRDH_1SDV_20160630T221233_20160630T221258_011946_012696_1AA1.zip,S1A_IW_GRDH_1SDV_20160630T221233_20160630T221258_011946_012696_1AA1/Patch_Uint8/Visual_Cargo_x4885_y12518_vv.tif,S1A_IW_GRDH_1SDV_20160630T221233_20160630T221258_011946_012696_1AA1/Patch_Uint8/Visual_Cargo_x4885_y12518_vh.tif,31116,530690e09def02410af3ea17f325f04cce72fe31f7da430d6d28e7ecd57b742d
S1A_IW_GRDH_1SDV_20160630T221233_20160630T221258_011946_012696_1AA1/5076_12170,Bulk Carrier,0,opensar_zip,OpenSARShip_1/S1A_IW_GRDH_1SDV_20160630T221233_20160630T221258_011946_012696_1AA1.zip,S1A_IW_GRDH_1SDV_20160630T221233_20160630T221258_011946_012696_1AA1/Patch_Uint8/Visual_Cargo_x5076_y12170_vv.tif,S1A_IW_GRDH_1SDV_20160630T221233_20160630T221258_011946_012696_1AA1/Patch_Uint8/Visual_Cargo_x5076_y12170_vh.tif,15968,27244449a82c5cb6ee055af8d603fba2b9f3f4162f5d8edf964f29412037d6d5
S1A_IW_GRDH_1SDV_20160630T221233_20160630T221258_011946_012696_1AA1/5109_11973,Bulk Carrier,0,opensar_zip,OpenSARShip_1/S1A_IW_GRDH_1SDV_20160630T221233_20160630T221258_011946_012696_1AA1.zip,S1A_IW_GRDH_1SDV_20160630T221233_20160630T221258_011946_012696_1AA1/Patch_Uint8/Visual_Cargo_x5109_y11973_vv.tif,S1A_IW_GRDH_1SDV_20160630T221233_20160630T221258_011946_012696_1AA1/Patch_Uint8/Visual_Cargo_x5109_y11973_vh.tif,16858,d8c91c9940b15c5d77848d50be818b7151707c4b1e2c81c64f42b8572d4fb76e
S1A_IW_GRDH_1SDV_20160630T221233_20160630T221258_011946_012696_1AA1/5216_15621,Bulk Carrier,0,opensar_zip,OpenSARShip_1/S1A_IW_GRDH_1SDV_20160630T221233_20160630T221258_011946_012696_1AA1.zip,S1A_IW_GRDH_1SDV_20160630T221233_20160630T221258_011946_012696_1AA1/Patch_Uint8/Visual_Cargo_x5216_y15621_vv.tif,S1A_IW_GRDH_1SDV_20160630T221233_20160630T221258_011946_012696_1AA1/Patch_Uint8/Visual_Cargo_x5216_y15621_vh.tif,16846,7ccaedf38c50efe07bbf68aea1a590170c4b4174316d8479c5711f2adfade2f6
S1A_IW_GRDH_1SDV_20160630T221233_20160630T221258_011946_012696_1AA1/537_15856,Bulk Carrier,0,opensar_zip,OpenSARShip_1/S1A_IW_GRDH_1SDV_20160630T221233_20160630T221258_011946_012696_1AA1.zip,S1A_IW_GRDH_1SDV_20160630T221233_20160630T221258_011946_012696_1AA1/Patch_Uint8/Visual_Cargo_x537_y15856_vv.tif,S1A_IW_GRDH_1SDV_20160630T221233_20160630T221258_011946_012696_1AA1/Patch_Uint8/Visual_Cargo_x537_y15856_vh.tif,12240,66159de69d6f0915a7867920d5f3d2af5f965b36b990991e1b90b614927d1a47
S1A_IW_GRDH_1SDV_20160630T221233_20160630T221258_011946_012696_1AA1/5429_11699,Bulk Carrier,0,opensar_zip,OpenSARShip_1/S1A_IW_GRDH_1SDV_20160630T221233_20160630T221258_011946_012696_1AA1.zip,S1A_IW_GRDH_1SDV_20160630T221233_20160630T221258_011946_012696_1AA1/Patch_Uint8/Visual_Cargo_x5429_y11699_vv.tif,S1A_IW_GRDH_1SDV_20160630T221233_20160630T221258_011946_012696_1AA1/Patch_Uint8/Visual_Cargo_x5429_y11699_vh.tif,8976,69d97bc70b2aecdcd37f22a8b313f68c800bf69d70db2941b51bd7279bc93f63
S1A_IW_GRDH_1SDV_20160630T221233_20160630T221258_011946_012696_1AA1/5618_12136,Bulk Carrier,0,opensar_zip,OpenSARShip_1/S1A_IW_GRDH_1SDV_20160630T221233_20160630T221258_011946_012696_1AA1.zip,S1A_IW_GRDH_1SDV_20160630T221233_20160630T221258_011946_012696_1AA1/Patch_Uint8/Visual_Cargo_x5618_y12136_vv.tif,S1A_IW_GRDH_1SDV_20160630T221233_20160630T221258_011946_012696_1AA1/Patch_Uint8/Visual_Cargo_x5618_y12136_vh.tif,10092,d6625b15ad6b2add0fc9024089bd46ca69c7bcbfba6fdef5d062c37d291b09d4
S1A_IW_GRDH_1SDV_20160630T221233_20160630T221258_011946_012696_1AA1/5752_11532,Bulk Carrier,0,opensar_zip,OpenSARShip_1/S1A_IW_GRDH_1SDV_20160630T221233_20160630T221258_011946_012696_1AA1.zip,S1A_IW_GRDH_1SDV_20160630T221233_20160630T221258_011946_012696_1AA1/Patch_Uint8/Visual_Cargo_x5752_y11532_vv.tif,S1A_IW_GRDH_1SDV_20160630T221233_20160630T221258_011946_012696_1AA1/Patch_Uint8/Visual_Cargo_x5752_y11532_vh.tif,11138,faedb590c2f48fca5b5215faef253af7c9de09a443daa6b78488490f647a8558
S1A_IW_GRDH_1SDV_20160630T221233_20160630T221258_011946_012696_1AA1/5885_12175,Bulk Carrier,0,opensar_zip,OpenSARShip_1/S1A_IW_GRDH_1SDV_20160630T221233_20160630T221258_011946_012696_1AA1.zip,S1A_IW_GRDH_1SDV_20160630T221233_20160630T221258_011946_012696_1AA1/Patch_Uint8/Visual_Cargo_x5885_y12175_vv.tif,S1A_IW_GRDH_1SDV_20160630T221233_20160630T221258_011946_012696_1AA1/Patch_Uint8/Visual_Cargo_x5885_y12175_vh.tif,12452,921fbc2476a617eaf27ee738767bc71d8425b60fffa3974eed99219d606ee2be
S1A_IW_GRDH_1SDV_20160630T221233_20160630T221258_011946_012696_1AA1/6113_12317,Bulk Carrier,0,opensar_zip,OpenSARShip_1/S1A_IW_GRDH_1SDV_20160630T221233_20160630T221258_011946_012696_1AA1.zip,S1A_IW_GRDH_1SDV_20160630T221233_20160630T221258_011946_012696_1AA1/Patch_Uint8/Visual_Cargo_x6113_y12317_vv.tif,S1A_IW_GRDH_1SDV_20160630T221233_20160630T221258_011946_012696_1AA1/Patch_Uint8/Visual_Cargo_x6113_y12317_vh.tif,20806,2d30b6276c4cb6f2866c002c1baddb4f72f521316c883c92fb09885613b5819b
S1A_IW_GRDH_1SDV_20160630T221233_20160630T221258_011946_012696_1AA1/6304_11976,Bulk Carrier,0,opensar_zip,OpenSARShip_1/S1A_IW_GRDH_1SDV_20160630T221233_20160630T221258_011946_012696_1AA1.zip,S1A_IW_GRDH_1SDV_20160630T221233_20160630T221258_011946_012696_1AA1/Patch_Uint8/Visual_Cargo_x6304_y11976_vv.tif,S1A_IW_GRDH_1SDV_20160630T221233_20160630T221258_011946_012696_1AA1/Patch_Uint8/Visual_Cargo_x6304_y11976_vh.tif,13112,e6c4d6f0f1776caf8d8cdd712a8fe090eee251039dd75257a79c14ffe2af5340
S1A_IW_GRDH_1SDV_20160630T221233_20160630T221258_011946_012696_1AA1/6312_16474,Bulk Carrier,0,opensar_zip,OpenSARShip_1/S1A_IW_GRDH_1SDV_20160630T221233_20160630T221258_011946_012696_1AA1.zip,S1A_IW_GRDH_1SDV_20160630T221233_20160630T221258_011946_012696_1AA1/Patch_Uint8/Visual_Cargo_x6312_y16474_vv.tif,S1A_IW_GRDH_1SDV_20160630T221233_20160630T221258_011946_012696_1AA1/Patch_Uint8/Visual_Cargo_x6312_y16474_vh.tif,15110,70105b00ceb4ec575f0d3d2fd0b85a86905a8f22796d2445896402d5f712f506
S1A_IW_GRDH_1SDV_20160630T221233_20160630T221258_011946_012696_1AA1/7156_16306,Bulk Carrier,0,opensar_zip,OpenSARShip_1/S1A_IW_GRDH_1SDV_20160630T221233_20160630T221258_011946_012696_1AA1.zip,S1A_IW_GRDH_1SDV_20160630T221233_20160630T221258_011946_012696_1AA1/Patch_Uint8/Visual_Cargo_x7156_y16306_vv.tif,S1A_IW_GRDH_1SDV_20160630T221233_20160630T221258_011946_012696_1AA1/Patch_Uint8/Visual_Cargo_x7156_y16306_vh.tif,12428,49b7bef11d1bc3adceff4021e4f8fd367f08d1bdd9d9ff9418856c0664183338
S1A_IW_GRDH_1SDV_20160630T221233_20160630T221258_011946_012696_1AA1/7213_16498,Bulk Carrier,0,opensar_zip,OpenSARShip_1/S1A_IW_GRDH_1SDV_20160630T221233_20160630T221258_011946_012696_1AA1.zip,S1A_IW_GRDH_1SDV_20160630T221233_20160630T221258_011946_012696_1AA1/Patch_Uint8/Visual_Cargo_x7213_y16498_vv.tif,S1A_IW_GRDH_1SDV_20160630T221233_20160630T221258_011946_012696_1AA1/Patch_Uint8/Visual_Cargo_x7213_y16498_vh.tif,9810,02a052b52ffb42c3d26b51f45eaeb295444f2b15c980090e2fe8a1e02f301cb7
S1A_IW_GRDH_1SDV_20160630T221233_20160630T221258_011946_012696_1AA1/7407_16667,Bulk Carrier,0,opensar_zip,OpenSARShip_1/S1A_IW_GRDH_1SDV_20160630T221233_20160630T221258_011946_012696_1AA1.zip,S1A_IW_GRDH_1SDV_20160630T221233_20160630T221258_011946_012696_1AA1/Patch_Uint8/Visual_Cargo_x7407_y16667_vv.tif,S1A_IW_GRDH_1SDV_20160630T221233_20160630T221258_011946_012696_1AA1/Patch_Uint8/Visual_Cargo_x7407_y16667_vh.tif,8022,5331bd9de5534f1520bc0fd2844ab9508d27020b03c2f7dd91f089b4a7b39934
S1A_IW_GRDH_1SDV_20160630T221233_20160630T221258_011946_012696_1AA1/7500_16476,Bulk Carrier,0,opensar_zip,OpenSARShip_1/S1A_IW_GRDH_1SDV_20160630T221233_20160630T221258_011946_012696_1AA1.zip,S1A_IW_GRDH_1SDV_20160630T221233_20160630T221258_011946_012696_1AA1/Patch_Uint8/Visual_Cargo_x7500_y16476_vv.tif,S1A_IW_GRDH_1SDV_20160630T221233_20160630T221258_011946_012696_1AA1/Patch_Uint8/Visual_Cargo_x7500_y16476_vh.tif,10108,345abb7337372f60ba4b8aaea216380d50678a1cb229299cb3fef870faf5526d
S1A_IW_GRDH_1SDV_20160630T221233_20160630T221258_011946_012696_1AA1/7562_11943,Bulk Carrier,0,opensar_zip,OpenSARShip_1/S1A_IW_GRDH_1SDV_20160630T221233_20160630T221258_011946_012696_1AA1.zip,S1A_IW_GRDH_1SDV_20160630T221233_20160630T221258_011946_012696_1AA1/Patch_Uint8/Visual_Cargo_x7562_y11943_vv.tif,S1A_IW_GRDH_1SDV_20160630T221233_20160630T221258_011946_012696_1AA1/Patch_Uint8/Visual_Cargo_x7562_y11943_vh.tif,6936,3977a884ff12e07fab45de5f811e304134bf2aa1e445b43c7b5d992b6f3f94eb
S1A_IW_GRDH_1SDV_20160630T221233_20160630T221258_011946_012696_1AA1/7623_12601,Bulk Carrier,0,opensar_zip,OpenSARShip_1/S1A_IW_GRDH_1SDV_20160630T221233_20160630T221258_011946_012696_1AA1.zip,S1A_IW_GRDH_1SDV_20160630T221233_20160630T221258_011946_012696_1AA1/Patch_Uint8/Visual_Cargo_x7623_y12601_vv.tif,S1A_IW_GRDH_1SDV_20160630T221233_20160630T221258_011946_012696_1AA1/Patch_Uint8/Visual_Cargo_x7623_y12601_vh.tif,20666,dcd74d87253548dc37c581dc3bc524d658d0f6439a96670e4682954984db55c9
S1A_IW_GRDH_1SDV_20160630T221233_20160630T221258_011946_012696_1AA1/7864_13366,Tanker,4,opensar_zip,OpenSARShip_1/S1A_IW_GRDH_1SDV_20160630T221233_20160630T221258_011946_012696_1AA1.zip,S1A_IW_GRDH_1SDV_20160630T221233_20160630T221258_011946_012696_1AA1/Patch_Uint8/Visual_Tanker_x7864_y13366_vv.tif,S1A_IW_GRDH_1SDV_20160630T221233_20160630T221258_011946_012696_1AA1/Patch_Uint8/Visual_Tanker_x7864_y13366_vh.tif,36922,cfb0f42325a9108ed1d86ac96f7c570c7cedcd804373e7866bb246eb7335360d
S1A_IW_GRDH_1SDV_20160630T221233_20160630T221258_011946_012696_1AA1/7936_12337,Bulk Carrier,0,opensar_zip,OpenSARShip_1/S1A_IW_GRDH_1SDV_20160630T221233_20160630T221258_011946_012696_1AA1.zip,S1A_IW_GRDH_1SDV_20160630T221233_20160630T221258_011946_012696_1AA1/Patch_Uint8/Visual_Cargo_x7936_y12337_vv.tif,S1A_IW_GRDH_1SDV_20160630T221233_20160630T221258_011946_012696_1AA1/Patch_Uint8/Visual_Cargo_x7936_y12337_vh.tif,6906,5507e25e4cc3c9f5576d28ac227a191109cbda26b1c26ce18557b45e0bf155f7
S1A_IW_GRDH_1SDV_20160630T221233_20160630T221258_011946_012696_1AA1/7989_12607,Bulk Carrier,0,opensar_zip,OpenSARShip_1/S1A_IW_GRDH_1SDV_20160630T221233_20160630T221258_011946_012696_1AA1.zip,S1A_IW_GRDH_1SDV_20160630T221233_20160630T221258_011946_012696_1AA1/Patch_Uint8/Visual_Cargo_x7989_y12607_vv.tif,S1A_IW_GRDH_1SDV_20160630T221233_20160630T221258_011946_012696_1AA1/Patch_Uint8/Visual_Cargo_x7989_y12607_vh.tif,13600,84fa0f270ca6eb52875c46242eaf99f6ec1efcf7b71ee809d7dd309d4d2a2532
S1A_IW_GRDH_1SDV_20160630T221233_20160630T221258_011946_012696_1AA1/8303_12213,Container Ship,1,opensar_zip,OpenSARShip_1/S1A_IW_GRDH_1SDV_20160630T221233_20160630T221258_011946_012696_1AA1.zip,S1A_IW_GRDH_1SDV_20160630T221233_20160630T221258_011946_012696_1AA1/Patch_Uint8/Visual_Cargo_x8303_y12213_vv.tif,S1A_IW_GRDH_1SDV_20160630T221233_20160630T221258_011946_012696_1AA1/Patch_Uint8/Visual_Cargo_x8303_y12213_vh.tif,11256,a8dd30b5718672e994566d242cca9d7f9f7f7666259425a9654aba71aa5eb24e
S1A_IW_GRDH_1SDV_20160630T221233_20160630T221258_011946_012696_1AA1/8501_16117,Bulk Carrier,0,opensar_zip,OpenSARShip_1/S1A_IW_GRDH_1SDV_20160630T221233_20160630T221258_011946_012696_1AA1.zip,S1A_IW_GRDH_1SDV_20160630T221233_20160630T221258_011946_012696_1AA1/Patch_Uint8/Visual_Cargo_x8501_y16117_vv.tif,S1A_IW_GRDH_1SDV_20160630T221233_20160630T221258_011946_012696_1AA1/Patch_Uint8/Visual_Cargo_x8501_y16117_vh.tif,7026,615f0144de35ccadff414765cc091dd1df6b3db75aaea3ee425e54f957a1ee2b
S1A_IW_GRDH_1SDV_20160630T221233_20160630T221258_011946_012696_1AA1/8527_12117,Bulk Carrier,0,opensar_zip,OpenSARShip_1/S1A_IW_GRDH_1SDV_20160630T221233_20160630T221258_011946_012696_1AA1.zip,S1A_IW_GRDH_1SDV_20160630T221233_20160630T221258_011946_012696_1AA1/Patch_Uint8/Visual_Cargo_x8527_y12117_vv.tif,S1A_IW_GRDH_1SDV_20160630T221233_20160630T221258_011946_012696_1AA1/Patch_Uint8/Visual_Cargo_x8527_y12117_vh.tif,10114,23d94f23457b5327ac9b5359c9051150ee9805bbda34e30c9f0b7b6be382ce67
S1A_IW_GRDH_1SDV_20160630T221233_20160630T221258_011946_012696_1AA1/8536_12445,Bulk Carrier,0,opensar_zip,OpenSARShip_1/S1A_IW_GRDH_1SDV_20160630T221233_20160630T221258_011946_012696_1AA1.zip,S1A_IW_GRDH_1SDV_20160630T221233_20160630T221258_011946_012696_1AA1/Patch_Uint8/Visual_Cargo_x8536_y12445_vv.tif,S1A_IW_GRDH_1SDV_20160630T221233_20160630T221258_011946_012696_1AA1/Patch_Uint8/Visual_Cargo_x8536_y12445_vh.tif,8724,c59c7216ad98cc6d861db879de68494248ce74021d416bcb416682d0f7a2739c
S1A_IW_GRDH_1SDV_20160630T221233_20160630T221258_011946_012696_1AA1/8561_16213,Bulk Carrier,0,opensar_zip,OpenSARShip_1/S1A_IW_GRDH_1SDV_20160630T221233_20160630T221258_011946_012696_1AA1.zip,S1A_IW_GRDH_1SDV_20160630T221233_20160630T221258_011946_012696_1AA1/Patch_Uint8/Visual_Cargo_x8561_y16213_vv.tif,S1A_IW_GRDH_1SDV_20160630T221233_20160630T221258_011946_012696_1AA1/Patch_Uint8/Visual_Cargo_x8561_y16213_vh.tif,7968,e76bfbb741b8ec0d6fe296ddcf9b9860efb6ccd641076b408c8871e1c1677ce9
S1A_IW_GRDH_1SDV_20160630T221233_20160630T221258_011946_012696_1AA1/8643_12255,Bulk Carrier,0,opensar_zip,OpenSARShip_1/S1A_IW_GRDH_1SDV_20160630T221233_20160630T221258_011946_012696_1AA1.zip,S1A_IW_GRDH_1SDV_20160630T221233_20160630T221258_011946_012696_1AA1/Patch_Uint8/Visual_Cargo_x8643_y12255_vv.tif,S1A_IW_GRDH_1SDV_20160630T221233_20160630T221258_011946_012696_1AA1/Patch_Uint8/Visual_Cargo_x8643_y12255_vh.tif,10024,d12313b946837f210964c086b1732ab68c62ff3f02bccc3b25ea66bc8b3d3ca5
S1A_IW_GRDH_1SDV_20160630T221233_20160630T221258_011946_012696_1AA1/8761_12680,Container Ship,1,opensar_zip,OpenSARShip_1/S1A_IW_GRDH_1SDV_20160630T221233_20160630T221258_011946_012696_1AA1.zip,S1A_IW_GRDH_1SDV_20160630T221233_20160630T221258_011946_012696_1AA1/Patch_Uint8/Visual_Cargo_x8761_y12680_vv.tif,S1A_IW_GRDH_1SDV_20160630T221233_20160630T221258_011946_012696_1AA1/Patch_Uint8/Visual_Cargo_x8761_y12680_vh.tif,10530,15faedde94678351d21a1668c0543c21e161a0d6e3d3cbab3d7ca72dd9d0a19c
S1A_IW_GRDH_1SDV_20160630T221233_20160630T221258_011946_012696_1AA1/8787_12310,Container Ship,1,opensar_zip,OpenSARShip_1/S1A_IW_GRDH_1SDV_20160630T221233_20160630T221258_011946_012696_1AA1.zip,S1A_IW_GRDH_1SDV_20160630T221233_20160630T221258_011946_012696_1AA1/Patch_Uint8/Visual_Cargo_x8787_y12310_vv.tif,S1A_IW_GRDH_1SDV_20160630T221233_20160630T221258_011946_012696_1AA1/Patch_Uint8/Visual_Cargo_x8787_y12310_vh.tif,13936,2cdafafad380f91162f47d6c6192ee0397742c8089d3c0b0d79324413360620f
S1A_IW_GRDH_1SDV_20160630T221233_20160630T221258_011946_012696_1AA1/8927_12623,Container Ship,1,opensar_zip,OpenSARShip_1/S1A_IW_GRDH_1SDV_20160630T221233_20160630T221258_011946_012696_1AA1.zip,S1A_IW_GRDH_1SDV_20160630T221233_20160630T221258_011946_012696_1AA1/Patch_Uint8/Visual_Other Type_x8927_y12623_vv.tif,S1A_IW_GRDH_1SDV_20160630T221233_20160630T221258_011946_012696_1AA1/Patch_Uint8/Visual_Other Type_x8927_y12623_vh.tif,3838,629a71a517a33a9ab60866ed2a6cd3a265fd6571f68f190a8c645a5207f370b9
S1A_IW_GRDH_1SDV_20160630T221233_20160630T221258_011946_012696_1AA1/8957_13011,Container Ship,1,opensar_zip,OpenSARShip_1/S1A_IW_GRDH_1SDV_20160630T221233_20160630T221258_011946_012696_1AA1.zip,S1A_IW_GRDH_1SDV_20160630T221233_20160630T221258_011946_012696_1AA1/Patch_Uint8/Visual_Cargo_x8957_y13011_vv.tif,S1A_IW_GRDH_1SDV_20160630T221233_20160630T221258_011946_012696_1AA1/Patch_Uint8/Visual_Cargo_x8957_y13011_vh.tif,33550,f2095480cc9b079da27d5cc0415edac0575a8fd6bc7377286c263fcc5b962930
S1A_IW_GRDH_1SDV_20160630T221233_20160630T221258_011946_012696_1AA1/9030_12455,Bulk Carrier,0,opensar_zip,OpenSARShip_1/S1A_IW_GRDH_1SDV_20160630T221233_20160630T221258_011946_012696_1AA1.zip,S1A_IW_GRDH_1SDV_20160630T221233_20160630T221258_011946_012696_1AA1/Patch_Uint8/Visual_Cargo_x9030_y12455_vv.tif,S1A_IW_GRDH_1SDV_20160630T221233_20160630T221258_011946_012696_1AA1/Patch_Uint8/Visual_Cargo_x9030_y12455_vh.tif,8990,2730d358163f9f17fdbe75418b90f08d0867a6b326c122942df04c1669da1b3d
S1A_IW_GRDH_1SDV_20160630T221233_20160630T221258_011946_012696_1AA1/9037_12280,Container Ship,1,opensar_zip,OpenSARShip_1/S1A_IW_GRDH_1SDV_20160630T221233_20160630T221258_011946_012696_1AA1.zip,S1A_IW_GRDH_1SDV_20160630T221233_20160630T221258_011946_012696_1AA1/Patch_Uint8/Visual_Cargo_x9037_y12280_vv.tif,S1A_IW_GRDH_1SDV_20160630T221233_20160630T221258_011946_012696_1AA1/Patch_Uint8/Visual_Cargo_x9037_y12280_vh.tif,6042,c5362d772d48c76a1044fb7f3b4347d91db9c6781f745e417a7ac8aecaaf531c
S1A_IW_GRDH_1SDV_20160630T221233_20160630T221258_011946_012696_1AA1/9203_12499,Container Ship,1,opensar_zip,OpenSARShip_1/S1A_IW_GRDH_1SDV_20160630T221233_20160630T221258_011946_012696_1AA1.zip,S1A_IW_GRDH_1SDV_20160630T221233_20160630T221258_011946_012696_1AA1/Patch_Uint8/Visual_Cargo_x9203_y12499_vv.tif,S1A_IW_GRDH_1SDV_20160630T221233_20160630T221258_011946_012696_1AA1/Patch_Uint8/Visual_Cargo_x9203_y12499_vh.tif,9694,655bc10d8aeb1434b7a1ae2c35cbca0c854bd8cd5bff0d9a7b727d574fcc7e8c
S1A_IW_GRDH_1SDV_20160630T221233_20160630T221258_011946_012696_1AA1/9236_12223,Bulk Carrier,0,opensar_zip,OpenSARShip_1/S1A_IW_GRDH_1SDV_20160630T221233_20160630T221258_011946_012696_1AA1.zip,S1A_IW_GRDH_1SDV_20160630T221233_20160630T221258_011946_012696_1AA1/Patch_Uint8/Visual_Cargo_x9236_y12223_vv.tif,S1A_IW_GRDH_1SDV_20160630T221233_20160630T221258_011946_012696_1AA1/Patch_Uint8/Visual_Cargo_x9236_y12223_vh.tif,6106,482c9d16b34f171615ebad3538d7f2371f21f7f6aea8687b24530138c0fa7c67
S1A_IW_GRDH_1SDV_20160630T221233_20160630T221258_011946_012696_1AA1/9500_12277,Bulk Carrier,0,opensar_zip,OpenSARShip_1/S1A_IW_GRDH_1SDV_20160630T221233_20160630T221258_011946_012696_1AA1.zip,S1A_IW_GRDH_1SDV_20160630T221233_20160630T221258_011946_012696_1AA1/Patch_Uint8/Visual_Cargo_x9500_y12277_vv.tif,S1A_IW_GRDH_1SDV_20160630T221233_20160630T221258_011946_012696_1AA1/Patch_Uint8/Visual_Cargo_x9500_y12277_vh.tif,8890,2584246686d7c27d415ab6691e18601ada305636dc52d4156561511f7c25804a
S1A_IW_GRDH_1SDV_20160630T221233_20160630T221258_011946_012696_1AA1/9631_11921,Bulk Carrier,0,opensar_zip,OpenSARShip_1/S1A_IW_GRDH_1SDV_20160630T221233_20160630T221258_011946_012696_1AA1.zip,S1A_IW_GRDH_1SDV_20160630T221233_20160630T221258_011946_012696_1AA1/Patch_Uint8/Visual_Cargo_x9631_y11921_vv.tif,S1A_IW_GRDH_1SDV_20160630T221233_20160630T221258_011946_012696_1AA1/Patch_Uint8/Visual_Cargo_x9631_y11921_vh.tif,8898,d8702f95c3f94d40abeb0c8a748fef131783642dc9db756f7f9649e95661f7c5
S1A_IW_GRDH_1SDV_20160630T221233_20160630T221258_011946_012696_1AA1/9881_11736,Bulk Carrier,0,opensar_zip,OpenSARShip_1/S1A_IW_GRDH_1SDV_20160630T221233_20160630T221258_011946_012696_1AA1.zip,S1A_IW_GRDH_1SDV_20160630T221233_20160630T221258_011946_012696_1AA1/Patch_Uint8/Visual_Cargo_x9881_y11736_vv.tif,S1A_IW_GRDH_1SDV_20160630T221233_20160630T221258_011946_012696_1AA1/Patch_Uint8/Visual_Cargo_x9881_y11736_vh.tif,6148,f9ce346dafc499bd128f01e5fca6425e04701ff2cf2ba7850fca40d52ed1f427
S1A_IW_GRDH_1SDV_20160630T221233_20160630T221258_011946_012696_1AA1/9889_12602,Bulk Carrier,0,opensar_zip,OpenSARShip_1/S1A_IW_GRDH_1SDV_20160630T221233_20160630T221258_011946_012696_1AA1.zip,S1A_IW_GRDH_1SDV_20160630T221233_20160630T221258_011946_012696_1AA1/Patch_Uint8/Visual_Cargo_x9889_y12602_vv.tif,S1A_IW_GRDH_1SDV_20160630T221233_20160630T221258_011946_012696_1AA1/Patch_Uint8/Visual_Cargo_x9889_y12602_vh.tif,13624,813259ad108875e3bcda499028cf852f53ddb0c6a2ad0c5e4a97440124d84960
S1A_IW_GRDH_1SDV_20160630T221233_20160630T221258_011946_012696_1AA1/9898_12203,Bulk Carrier,0,opensar_zip,OpenSARShip_1/S1A_IW_GRDH_1SDV_20160630T221233_20160630T221258_011946_012696_1AA1.zip,S1A_IW_GRDH_1SDV_20160630T221233_20160630T221258_011946_012696_1AA1/Patch_Uint8/Visual_Cargo_x9898_y12203_vv.tif,S1A_IW_GRDH_1SDV_20160630T221233_20160630T221258_011946_012696_1AA1/Patch_Uint8/Visual_Cargo_x9898_y12203_vh.tif,6118,75090ed301ab6779a27429a8fc8be1f442af5f7b87c4e1734faa0a3a3a3eb987
S1A_IW_GRDH_1SDV_20160712T221240_20160712T221305_012121_012C5B_8569/1607_4188,Bulk Carrier,0,opensar_zip,OpenSARShip_1/S1A_IW_GRDH_1SDV_20160712T221240_20160712T221305_012121_012C5B_8569.zip,S1A_IW_GRDH_1SDV_20160712T221240_20160712T221305_012121_012C5B_8569/Patch_Uint8/Visual_Cargo_x1607_y4188_vv.tif,S1A_IW_GRDH_1SDV_20160712T221240_20160712T221305_012121_012C5B_8569/Patch_Uint8/Visual_Cargo_x1607_y4188_vh.tif,10100,0b671a4e9951f080c4e3d6583a8a30364ba49fb5e0e9046cb916dc1c1d210a47
S1A_IW_GRDH_1SDV_20160712T221240_20160712T221305_012121_012C5B_8569/1714_5582,Bulk Carrier,0,opensar_zip,OpenSARShip_1/S1A_IW_GRDH_1SDV_20160712T221240_20160712T221305_012121_012C5B_8569.zip,S1A_IW_GRDH_1SDV_20160712T221240_20160712T221305_012121_012C5B_8569/Patch_Uint8/Visual_Cargo_x1714_y5582_vv.tif,S1A_IW_GRDH_1SDV_20160712T221240_20160712T221305_012121_012C5B_8569/Patch_Uint8/Visual_Cargo_x1714_y5582_vh.tif,10110,30cfd757f88934c834aae02d079b7ac176389340605fc6e0888e981fac419b71
S1A_IW_GRDH_1SDV_20160712T221240_20160712T221305_012121_012C5B_8569/1807_5957,Bulk Carrier,0,opensar_zip,OpenSARShip_1/S1A_IW_GRDH_1SDV_20160712T221240_20160712T221305_012121_012C5B_8569.zip,S1A_IW_GRDH_1SDV_20160712T221240_20160712T221305_012121_012C5B_8569/Patch_Uint8/Visual_Cargo_x1807_y5957_vv.tif,S1A_IW_GRDH_1SDV_20160712T221240_20160712T221305_012121_012C5B_8569/Patch_Uint8/Visual_Cargo_x1807_y5957_vh.tif,13734,62afff2c4f5f1fd4d58c8ac9f70153958e199993e2666f6a51896e6647160bc2
S1A_IW_GRDH_1SDV_20160712T221240_20160712T221305_012121_012C5B_8569/1813_5791,Bulk Carrier,0,opensar_zip,OpenSARShip_1/S1A_IW_GRDH_1SDV_20160712T221240_20160712T221305_012121_012C5B_8569.zip,S1A_IW_GRDH_1SDV_20160712T221240_20160712T221305_012121_012C5B_8569/Patch_Uint8/Visual_Cargo_x1813_y5791_vv.tif,S1A_IW_GRDH_1SDV_20160712T221240_20160712T221305_012121_012C5B_8569/Patch_Uint8/Visual_Cargo_x1813_y5791_vh.tif,13564,f75be31da230c0893945ca98a4aa22bdad5cf5695119d30d5465aa8947811322
S1A_IW_GRDH_1SDV_20160712T221240_20160712T221305_012121_012C5B_8569/1886_5656,Bulk Carrier,0,opensar_zip,OpenSARShip_1/S1A_IW_GRDH_1SDV_20160712T221240_20160712T221305_012121_012C5B_8569.zip,S1A_IW_GRDH_1SDV_20160712T221240_20160712T221305_012121_012C5B_8569/Patch_Uint8/Visual_Cargo_x1886_y5656_vv.tif,S1A_IW_GRDH_1SDV_20160712T221240_20160712T221305_012121_012C5B_8569/Patch_Uint8/Visual_Cargo_x1886_y5656_vh.tif,11238,c1aafa14dbe1d8c4aa797c1c73dacadd0a00fef50bdddbf3ca1027b6f9c5b682
S1A_IW_GRDH_1SDV_20160712T221240_20160712T221305_012121_012C5B_8569/2053_5760,Bulk Carrier,0,opensar_zip,OpenSARShip_1/S1A_IW_GRDH_1SDV_20160712T221240_20160712T221305_012121_012C5B_8569.zip,S1A_IW_GRDH_1SDV_20160712T221240_20160712T221305_012121_012C5B_8569/Patch_Uint8/Visual_Cargo_x2053_y5760_vv.tif,S1A_IW_GRDH_1SDV_20160712T221240_20160712T221305_012121_012C5B_8569/Patch_Uint8/Visual_Cargo_x2053_y5760_vh.tif,7028,00e9e74c1b81bb57ca97d4e0641c5af64d262015258cfb8e3873a5b83fe3a317
S1A_IW_GRDH_1SDV_20160712T221240_20160712T221305_012121_012C5B_8569/2112_7706,Container Ship,1,opensar_zip,OpenSARShip_1/S1A_IW_GRDH_1SDV_20160712T221240_20160712T221305_012121_012C5B_8569.zip,S1A_IW_GRDH_1SDV_20160712T221240_20160712T221305_012121_012C5B_8569/Patch_Uint8/Visual_Cargo_x2112_y7706_vv.tif,S1A_IW_GRDH_1SDV_20160712T221240_20160712T221305_012121_012C5B_8569/Patch_Uint8/Visual_Cargo_x2112_y7706_vh.tif,41176,2c539d14ee358a9fa971c6a0987d9abf3751ebea963ce7f2ec34649c95659a4e
S1A_IW_GRDH_1SDV_20160712T221240_20160712T221305_012121_012C5B_8569/2162_5985,Bulk Carrier,0,opensar_zip,OpenSARShip_1/S1A_IW_GRDH_1SDV_20160712T221240_20160712T221305_012121_012C5B_8569.zip,S1A_IW_GRDH_1SDV_20160712T221240_20160712T221305_012121_012C5B_8569/Patch_Uint8/Visual_Cargo_x2162_y5985_vv.tif,S1A_IW_GRDH_1SDV_20160712T221240_20160712T221305_012121_012C5B_8569/Patch_Uint8/Visual_Cargo_x2162_y5985_vh.tif,10102,2f630da665e5ef03c692baa7d91f9f8ac3473001fb95d1d13454474ad04f9aaf
S1A_IW_GRDH_1SDV_20160712T221240_20160712T221305_012121_012C5B_8569/2175_3982,Bulk Carrier,0,opensar_zip,OpenSARShip_1/S1A_IW_GRDH_1SDV_20160712T221240_20160712T221305_012121_012C5B_8569.zip,S1A_IW_GRDH_1SDV_20160712T221240_20160712T221305_012121_012C5B_8569/Patch_Uint8/Visual_Other Type_x2175_y3982_vv.tif,S1A_IW_GRDH_1SDV_20160712T221240_20160712T221305_012121_012C5B_8569/Patch_Uint8/Visual_Other Type_x2175_y3982_vh.tif,5322,121812fd602442e85719465d22ec60bd033a758db269d99111557ee63c22a6d8
S1A_IW_GRDH_1SDV_20160712T221240_20160712T221305_012121_012C5B_8569/2180_4140,Bulk Carrier,0,opensar_zip,OpenSARShip_1/S1A_IW_GRDH_1SDV_20160712T221240_20160712T221305_012121_012C5B_8569.zip,S1A_IW_GRDH_1SDV_20160712T221240_20160712T221305_012121_012C5B_8569/Patch_Uint8/Visual_Cargo_x2180_y4140_vv.tif,S1A_IW_GRDH_1SDV_20160712T221240_20160712T221305_012121_012C5B_8569/Patch_Uint8/Visual_Cargo_x2180_y4140_vh.tif,10082,57c746cddfd586d063e12ce7a12ec99687fd6ee73163279cbdc72edaaa011dae
S1A_IW_GRDH_1SDV_20160712T221240_20160712T221305_012121_012C5B_8569/2245_5588,Bulk Carrier,0,opensar_zip,OpenSARShip_1/S1A_IW_GRDH_1SDV_20160712T221240_20160712T221305_012121_012C5B_8569.zip,S1A_IW_GRDH_1SDV_20160712T221240_20160712T221305_012121_012C5B_8569/Patch_Uint8/Visual_Cargo_x2245_y5588_vv.tif,S1A_IW_GRDH_1SDV_20160712T221240_20160712T221305_012121_012C5B_8569/Patch_Uint8/Visual_Cargo_x2245_y5588_vh.tif,11260,56dfe542ec7897f466a0a39ec81c133bc6e48cea6784b464289b943f9f28e6fb
S1A_IW_GRDH_1SDV_20160712T221240_20160712T221305_012121_012C5B_8569/2476_5616,Bulk Carrier,0,opensar_zip,OpenSARShip_1/S1A_IW_GRDH_1SDV_20160712T221240_20160712T221305_012121_012C5B_8569.zip,S1A_IW_GRDH_1SDV_20160712T221240_20160712T221305_012121_012C5B_8569/Patch_Uint8/Visual_Cargo_x2476_y5616_vv.tif,S1A_IW_GRDH_1SDV_20160712T221240_20160712T221305_012121_012C5B_8569/Patch_Uint8/Visual_Cargo_x2476_y5616_vh.tif,8892,daf1c085b536a52f74f0252a695d20ab58c4cf94cd12b3ddd39278ad2ace7616
S1A_IW_GRDH_1SDV_20160712T221240_20160712T221305_012121_012C5B_8569/3166_8427,Bulk Carrier,0,opensar_zip,OpenSARShip_1/S1A_IW_GRDH_1SDV_20160712T221240_20160712T221305_012121_012C5B_8569.zip,S1A_IW_GRDH_1SDV_20160712T221240_20160712T221305_012121_012C5B_8569/Patch_Uint8/Visual_Cargo_x3166_y8427_vv.tif,S1A_IW_GRDH_1SDV_20160712T221240_20160712T221305_012121_012C5B_8569/Patch_Uint8/Visual_Cargo_x3166_y8427_vh.tif,15646,438b4ce3bc4ac3b5f64022d437b6eeea7ddd8f1b595c679a3f5b70232e3c7c97
S1A_IW_GRDH_1SDV_20160712T221240_20160712T221305_012121_012C5B_8569/673_6686,Bulk Carrier,0,opensar_zip,OpenSARShip_1/S1A_IW_GRDH_1SDV_20160712T221240_20160712T221305_012121_012C5B_8569.zip,S1A_IW_GRDH_1SDV_20160712T221240_20160712T221305_012121_012C5B_8569/Patch_Uint8/Visual_Cargo_x673_y6686_vv.tif,S1A_IW_GRDH_1SDV_20160712T221240_20160712T221305_012121_012C5B_8569/Patch_Uint8/Visual_Cargo_x673_y6686_vh.tif,32076,e3f8570726f9c012faea954ef5674b7d9b0aa074f04491ec061766732aacb6ce
S1A_IW_GRDH_1SDV_20160712T221240_20160712T221305_012121_012C5B_8569/8055_8020,Tanker,4,opensar_zip,OpenSARShip_1/S1A_IW_GRDH_1SDV_20160712T221240_20160712T221305_012121_012C5B_8569.zip,S1A_IW_GRDH_1SDV_20160712T221240_20160712T221305_012121_012C5B_8569/Patch_Uint8/Visual_Tanker_x8055_y8020_vv.tif,S1A_IW_GRDH_1SDV_20160712T221240_20160712T221305_012121_012C5B_8569/Patch_Uint8/Visual_Tanker_x8055_y8020_vh.tif,2144,9fa786acc54535aa011bfa601e457e5351b98d9630f2564eb2b7ff8ac3fc2d99
S1A_IW_GRDH_1SDV_20160712T221240_20160712T221305_012121_012C5B_8569/8802_8386,Container Ship,1,opensar_zip,OpenSARShip_1/S1A_IW_GRDH_1SDV_20160712T221240_20160712T221305_012121_012C5B_8569.zip,S1A_IW_GRDH_1SDV_20160712T221240_20160712T221305_012121_012C5B_8569/Patch_Uint8/Visual_Cargo_x8802_y8386_vv.tif,S1A_IW_GRDH_1SDV_20160712T221240_20160712T221305_012121_012C5B_8569/Patch_Uint8/Visual_Cargo_x8802_y8386_vh.tif,18770,5d6e46168cb041da2f89f8d3cd893628f45d65964fe89af2fa3788587f9e17d9
S1A_IW_GRDH_1SDV_20160712T221240_20160712T221305_012121_012C5B_8569/9134_9236,Bulk Carrier,0,opensar_zip,OpenSARShip_1/S1A_IW_GRDH_1SDV_20160712T221240_20160712T221305_012121_012C5B_8569.zip,S1A_IW_GRDH_1SDV_20160712T221240_20160712T221305_012121_012C5B_8569/Patch_Uint8/Visual_Cargo_x9134_y9236_vv.tif,S1A_IW_GRDH_1SDV_20160712T221240_20160712T221305_012121_012C5B_8569/Patch_Uint8/Visual_Cargo_x9134_y9236_vh.tif,31874,6f6227de172494d7781bee874d2998de8afebdab0f041709fd1aaa1487db5036
S1A_IW_GRDH_1SDV_20160712T221240_20160712T221305_012121_012C5B_8569/9318_9176,Bulk Carrier,0,opensar_zip,OpenSARShip_1/S1A_IW_GRDH_1SDV_20160712T221240_20160712T221305_012121_012C5B_8569.zip,S1A_IW_GRDH_1SDV_20160712T221240_20160712T221305_012121_012C5B_8569/Patch_Uint8/Visual_Cargo_x9318_y9176_vv.tif,S1A_IW_GRDH_1SDV_20160712T221240_20160712T221305_012121_012C5B_8569/Patch_Uint8/Visual_Cargo_x9318_y9176_vh.tif,11160,c3b015f347f19f8f638f85eabf1c50483f00a9d85965d2a1d018de7fbb2083d3
S1A_IW_GRDH_1SDV_20160712T221240_20160712T221305_012121_012C5B_8569/9472_9134,Bulk Carrier,0,opensar_zip,OpenSARShip_1/S1A_IW_GRDH_1SDV_20160712T221240_20160712T221305_012121_012C5B_8569.zip,S1A_IW_GRDH_1SDV_20160712T221240_20160712T221305_012121_012C5B_8569/Patch_Uint8/Visual_Cargo_x9472_y9134_vv.tif,S1A_IW_GRDH_1SDV_20160712T221240_20160712T221305_012121_012C5B_8569/Patch_Uint8/Visual_Cargo_x9472_y9134_vh.tif,8978,ea1040577ffbea47b296b134179b838127bb23b586d42cdc286f045b167ea92e
S1A_IW_GRDH_1SDV_20160712T221240_20160712T221305_012121_012C5B_8569/9539_9231,Bulk Carrier,0,opensar_zip,OpenSARShip_1/S1A_IW_GRDH_1SDV_20160712T221240_20160712T221305_012121_012C5B_8569.zip,S1A_IW_GRDH_1SDV_20160712T221240_20160712T221305_012121_012C5B_8569/Patch_Uint8/Visual_Cargo_x9539_y9231_vv.tif,S1A_IW_GRDH_1SDV_20160712T221240_20160712T221305_012121_012C5B_8569/Patch_Uint8/Visual_Cargo_x9539_y9231_vh.tif,11216,42e5433c7e00faa2cd82ef0aacd5b09db3cf5bd3893a2086f40b8aded267ed27
S1A_IW_GRDH_1SDV_20160817T221236_20160817T221301_012646_013D9A_4929/10503_11757,Bulk Carrier,0,opensar_zip,OpenSARShip_1/S1A_IW_GRDH_1SDV_20160817T221236_20160817T221301_012646_013D9A_4929.zip,S1A_IW_GRDH_1SDV_20160817T221236_20160817T221301_012646_013D9A_4929/Patch_Uint8/Visual_Cargo_x10503_y11757_vv.tif,S1A_IW_GRDH_1SDV_20160817T221236_20160817T221301_012646_013D9A_4929/Patch_Uint8/Visual_Cargo_x10503_y11757_vh.tif,17510,78ec522e929e1fd04eb50de8590f657a4b71c240f6a217bbc0583513e9795e03
S1A_IW_GRDH_1SDV_20160817T221236_20160817T221301_012646_013D9A_4929/10627_11866,Bulk Carrier,0,opensar_zip,OpenSARShip_1/S1A_IW_GRDH_1SDV_20160817T221236_20160817T221301_012646_013D9A_4929.zip,S1A_IW_GRDH_1SDV_20160817T221236_20160817T221301_012646_013D9A_4929/Patch_Uint8/Visual_Cargo_x10627_y11866_vv.tif,S1A_IW_GRDH_1SDV_20160817T221236_20160817T221301_012646_013D9A_4929/Patch_Uint8/Visual_Cargo_x10627_y11866_vh.tif,13534,3afb31a7af4d6d78f348421daa83866a18d38c5bcc9363a7019ff5aafa6efffb
S1A_IW_GRDH_1SDV_20160817T221236_20160817T221301_012646_013D9A_4929/10681_12938,Bulk Carrier,0,opensar_zip,OpenSARShip_1/S1A_IW_GRDH_1SDV_20160817T221236_20160817T221301_012646_013D9A_4929.zip,S1A_IW_GRDH_1SDV_20160817T221236_20160817T221301_012646_013D9A_4929/Patch_Uint8/Visual_Cargo_x10681_y12938_vv.tif,S1A_IW_GRDH_1SDV_20160817T221236_20160817T221301_012646_013D9A_4929/Patch_Uint8/Visual_Cargo_x10681_y12938_vh.tif,13482,34d4cf8e6973b7d29442edbf6fa43b674600f75326591657800ab7b07db49139
S1A_IW_GRDH_1SDV_20160817T221236_20160817T221301_012646_013D9A_4929/11032_12206,Container Ship,1,opensar_zip,OpenSARShip_1/S1A_IW_GRDH_1SDV_20160817T221236_20160817T221301_012646_013D9A_4929.zip,S1A_IW_GRDH_1SDV_20160817T221236_20160817T221301_012646_013D9A_4929/Patch_Uint8/Visual_Cargo_x11032_y12206_vv.tif,S1A_IW_GRDH_1SDV_20160817T221236_20160817T221301_012646_013D9A_4929/Patch_Uint8/Visual_Cargo_x11032_y12206_vh.tif,7014,d4c3e497c77db3f746fc13b649662c27659846c78a22d241d81f39474f963037
S1A_IW_GRDH_1SDV_20160817T221236_20160817T221301_012646_013D9A_4929/11094_12639,Tanker,4,opensar_zip,OpenSARShip_1/S1A_IW_GRDH_1SDV_20160817T221236_20160817T221301_012646_013D9A_4929.zip,S1A_IW_GRDH_1SDV_20160817T221236_20160817T221301_012646_013D9A_4929/Patch_Uint8/Visual_Tanker_x11094_y12639_vv.tif,S1A_IW_GRDH_1SDV_20160817T221236_20160817T221301_012646_013D9A_4929/Patch_Uint8/Visual_Tanker_x11094_y12639_vh.tif,7724,ef4a5abc529913864bc68148244375ba3524c43a88f146e0dd52bc854364de40
S1A_IW_GRDH_1SDV_20160817T221236_20160817T221301_012646_013D9A_4929/11185_12658,Tanker,4,opensar_zip,OpenSARShip_1/S1A_IW_GRDH_1SDV_20160817T221236_20160817T221301_012646_013D9A_4929.zip,S1A_IW_GRDH_1SDV_20160817T221236_20160817T221301_012646_013D9A_4929/Patch_Uint8/Visual_Tanker_x11185_y12658_vv.tif,S1A_IW_GRDH_1SDV_20160817T221236_20160817T221301_012646_013D9A_4929/Patch_Uint8/Visual_Tanker_x11185_y12658_vh.tif,6124,d73d10435ff7bb384b76e20508fc8fa2b20af96f2813aa5d072ab35e7f1d21b8
S1A_IW_GRDH_1SDV_20160817T221236_20160817T221301_012646_013D9A_4929/1121_10793,Bulk Carrier,0,opensar_zip,OpenSARShip_1/S1A_IW_GRDH_1SDV_20160817T221236_20160817T221301_012646_013D9A_4929.zip,S1A_IW_GRDH_1SDV_20160817T221236_20160817T221301_012646_013D9A_4929/Patch_Uint8/Visual_Cargo_x1121_y10793_vv.tif,S1A_IW_GRDH_1SDV_20160817T221236_20160817T221301_012646_013D9A_4929/Patch_Uint8/Visual_Cargo_x1121_y10793_vh.tif,26296,d568cf08b848b85427b1c29752368dd226b436ba401dad3cc1b04517303c12de
S1A_IW_GRDH_1SDV_20160817T221236_20160817T221301_012646_013D9A_4929/11232_12568,Tanker,4,opensar_zip,OpenSARShip_1/S1A_IW_GRDH_1SDV_20160817T221236_20160817T221301_012646_013D9A_4929.zip,S1A_IW_GRDH_1SDV_20160817T221236_20160817T221301_012646_013D9A_4929/Patch_Uint8/Visual_Tanker_x11232_y12568_vv.tif,S1A_IW_GRDH_1SDV_20160817T221236_20160817T221301_012646_013D9A_4929/Patch_Uint8/Visual_Tanker_x11232_y12568_vh.tif,4544,443326a84a7a51748b115fcf09ccbf79a3d4c16c651e08eccfa2bf5a7d7e36f3
S1A_IW_GRDH_1SDV_20160817T221236_20160817T221301_012646_013D9A_4929/1133_11137,Bulk Carrier,0,opensar_zip,OpenSARShip_1/S1A_IW_GRDH_1SDV_20160817T221236_20160817T221301_012646_013D9A_4929.zip,S1A_IW_GRDH_1SDV_20160817T221236_20160817T221301_012646_013D9A_4929/Patch_Uint8/Visual_Cargo_x1133_y11137_vv.tif,S1A_IW_GRDH_1SDV_20160817T221236_20160817T221301_012646_013D9A_4929/Patch_Uint8/Visual_Cargo_x1133_y11137_vh.tif,24078,a11a1674b36128dd861f0b4687d103db6a1c2ec6fa2c7c9977f8826bdc37ac44
S1A_IW_GRDH_1SDV_20160817T221236_20160817T221301_012646_013D9A_4929/12079_12397,Tanker,4,opensar_zip,OpenSARShip_1/S1A_IW_GRDH_1SDV_20160817T221236_20160817T221301_012646_013D9A_4929.zip,S1A_IW_GRDH_1SDV_20160817T221236_20160817T221301_012646_013D9A_4929/Patch_Uint8/Visual_Tanker_x12079_y12397_vv.tif,S1A_IW_GRDH_1SDV_20160817T221236_20160817T221301_012646_013D9A_4929/Patch_Uint8/Visual_Tanker_x12079_y12397_vh.tif,1704,cb9da539c19c5bdeea7fe666ddb59c81d8f887139fc8f06ee0363328100b4049
S1A_IW_GRDH_1SDV_20160817T221236_20160817T221301_012646_013D9A_4929/1230_9581,Tug,5,opensar_zip,OpenSARShip_1/S1A_IW_GRDH_1SDV_20160817T221236_20160817T221301_012646_013D9A_4929.zip,S1A_IW_GRDH_1SDV_20160817T221236_20160817T221301_012646_013D9A_4929/Patch_Uint8/Visual_Other Type_x1230_y9581_vv.tif,S1A_IW_GRDH_1SDV_20160817T221236_20160817T221301_012646_013D9A_4929/Patch_Uint8/Visual_Other Type_x1230_y9581_vh.tif,1698,d74dcb387a7303e391b296290033f6e8e87d9a362bcfcf75e05094019287d3b8
S1A_IW_GRDH_1SDV_20160817T221236_20160817T221301_012646_013D9A_4929/1243_9507,Tug,5,opensar_zip,OpenSARShip_1/S1A_IW_GRDH_1SDV_20160817T221236_20160817T221301_012646_013D9A_4929.zip,S1A_IW_GRDH_1SDV_20160817T221236_20160817T221301_012646_013D9A_4929/Patch_Uint8/Visual_Tug_x1243_y9507_vv.tif,S1A_IW_GRDH_1SDV_20160817T221236_20160817T221301_012646_013D9A_4929/Patch_Uint8/Visual_Tug_x1243_y9507_vh.tif,2144,41cc6505e7372edd8aa1b642196e89188ac13e3fe7412e0e9bd6f80dbaa8b17a
S1A_IW_GRDH_1SDV_20160817T221236_20160817T221301_012646_013D9A_4929/12586_12286,Dredger,2,opensar_zip,OpenSARShip_1/S1A_IW_GRDH_1SDV_20160817T221236_20160817T221301_012646_013D9A_4929.zip,S1A_IW_GRDH_1SDV_20160817T221236_20160817T221301_012646_013D9A_4929/Patch_Uint8/Visual_Dredging_x12586_y12286_vv.tif,S1A_IW_GRDH_1SDV_20160817T221236_20160817T221301_012646_013D9A_4929/Patch_Uint8/Visual_Dredging_x12586_y12286_vh.tif,3996,97509dd537987c82c13d81bc9dd49e284e9201cceee4868d8774b37da67a67f4
S1A_IW_GRDH_1SDV_20160817T221236_20160817T221301_012646_013D9A_4929/1259_16317,Bulk Carrier,0,opensar_zip,OpenSARShip_1/S1A_IW_GRDH_1SDV_20160817T221236_20160817T221301_012646_013D9A_4929.zip,S1A_IW_GRDH_1SDV_20160817T221236_20160817T221301_012646_013D9A_4929/Patch_Uint8/Visual_Cargo_x1259_y16317_vv.tif,S1A_IW_GRDH_1SDV_20160817T221236_20160817T221301_012646_013D9A_4929/Patch_Uint8/Visual_Cargo_x1259_y16317_vh.tif,6308,7cd0345061d6c20ea6d767ce2c4dd1fc142e9a3922a81d52d519f2f7af489df6
S1A_IW_GRDH_1SDV_20160817T221236_20160817T221301_012646_013D9A_4929/1292_8370,Bulk Carrier,0,opensar_zip,OpenSARShip_1/S1A_IW_GRDH_1SDV_20160817T221236_20160817T221301_012646_013D9A_4929.zip,S1A_IW_GRDH_1SDV_20160817T221236_20160817T221301_012646_013D9A_4929/Patch_Uint8/Visual_Cargo_x1292_y8370_vv.tif,S1A_IW_GRDH_1SDV_20160817T221236_20160817T221301_012646_013D9A_4929/Patch_Uint8/Visual_Cargo_x1292_y8370_vh.tif,4548,ab8ceb5abac000a2ea0a14235bcea165b765dd8fee7bce8ca26cd81bc4ddba63
S1A_IW_GRDH_1SDV_20160817T221236_20160817T221301_012646_013D9A_4929/13178_11188,Dredger,2,opensar_zip,OpenSARShip_1/S1A_IW_GRDH_1SDV_20160817T221236_20160817T221301_012646_013D9A_4929.zip,S1A_IW_GRDH_1SDV_20160817T221236_20160817T221301_012646_013D9A_4929/Patch_Uint8/Visual_Dredging_x13178_y11188_vv.tif,S1A_IW_GRDH_1SDV_20160817T221236_20160817T221301_012646_013D9A_4929/Patch_Uint8/Visual_Dredging_x13178_y11188_vh.tif,1700,45b50203bb5a42bb463fb5a72c7412b3b0c457056e9247f740e649b3d482f23a
S1A_IW_GRDH_1SDV_20160817T221236_20160817T221301_012646_013D9A_4929/1367_9555,Bulk Carrier,0,opensar_zip,OpenSARShip_1/S1A_IW_GRDH_1SDV_20160817T221236_20160817T221301_012646_013D9A_4929.zip,S1A_IW_GRDH_1SDV_20160817T221236_20160817T221301_012646_013D9A_4929/Patch_Uint8/Visual_Cargo_x1367_y9555_vv.tif,S1A_IW_GRDH_1SDV_20160817T221236_20160817T221301_012646_013D9A_4929/Patch_Uint8/Visual_Cargo_x1367_y9555_vh.tif,7970,e6f916b90fe40ef784864c61c506e67df35c7a9b1a24dbac955534cd05a71aa0
S1A_IW_GRDH_1SDV_20160817T221236_20160817T221301_012646_013D9A_4929/1414_9736,Bulk Carrier,0,opensar_zip,OpenSARShip_1/S1A_IW_GRDH_1SDV_20160817T221236_20160817T221301_012646_013D9A_4929.zip,S1A_IW_GRDH_1SDV_20160817T221236_20160817T221301_012646_013D9A_4929/Patch_Uint8/Visual_Cargo_x1414_y9736_vv.tif,S1A_IW_GRDH_1SDV_20160817T221236_20160817T221301_012646_013D9A_4929/Patch_Uint8/Visual_Cargo_x1414_y9736_vh.tif,7040,f40c6da0fa80c3e64f7c467bd93e88f94cdd15b4ddba26e58fb6812a067c7c54
S1A_IW_GRDH_1SDV_20160817T221236_20160817T221301_012646_013D9A_4929/1424_8034,Bulk Carrier,0,opensar_zip,OpenSARShip_1/S1A_IW_GRDH_1SDV_20160817T221236_20160817T221301_012646_013D9A_4929.zip,S1A_IW_GRDH_1SDV_20160817T221236_20160817T221301_012646_013D9A_4929/Patch_Uint8/Visual_Cargo_x1424_y8034_vv.tif,S1A_IW_GRDH_1SDV_20160817T221236_20160817T221301_012646_013D9A_4929/Patch_Uint8/Visual_Cargo_x1424_y8034_vh.tif,5304,cc7f666e31e221707682a19482e893ba91de40776d1c914e36b8ebf05e481fc1
S1A_IW_GRDH_1SDV_20160817T221236_20160817T221301_012646_013D9A_4929/1470_10951,Bulk Carrier,0,opensar_zip,OpenSARShip_1/S1A_IW_GRDH_1SDV_20160817T221236_20160817T221301_012646_013D9A_4929.zip,S1A_IW_GRDH_1SDV_20160817T221236_20160817T221301_012646_013D9A_4929/Patch_Uint8/Visual_Cargo_x1470_y10951_vv.tif,S1A_IW_GRDH_1SDV_20160817T221236_20160817T221301_012646_013D9A_4929/Patch_Uint8/Visual_Cargo_x1470_y10951_vh.tif,26274,667ed47a7366d848f467542a6ac3a056e10e2b7c212280d137d26883237b6f40
S1A_IW_GRDH_1SDV_20160817T221236_20160817T221301_012646_013D9A_4929/1484_9627,Bulk Carrier,0,opensar_zip,OpenSARShip_1/S1A_IW_GRDH_1SDV_20160817T221236_20160817T221301_012646_013D9A_4929.zip,S1A_IW_GRDH_1SDV_20160817T221236_20160817T221301_012646_013D9A_4929/Patch_Uint8/Visual_Cargo_x1484_y9627_vv.tif,S1A_IW_GRDH_1SDV_20160817T221236_20160817T221301_012646_013D9A_4929/Patch_Uint8/Visual_Cargo_x1484_y9627_vh.tif,7944,df9bde80baf987c6c46ad1d60f2d6a727634f198ca986e2818926f124f1b68c5
S1A_IW_GRDH_1SDV_20160817T221236_20160817T221301_012646_013D9A_4929/1500_9439,Bulk Carrier,0,opensar_zip,OpenSARShip_1/S1A_IW_GRDH_1SDV_20160817T221236_20160817T221301_012646_013D9A_4929.zip,S1A_IW_GRDH_1SDV_20160817T221236_20160817T221301_012646_013D9A_4929/Patch_Uint8/Visual_Cargo_x1500_y9439_vv.tif,S1A_IW_GRDH_1SDV_20160817T221236_20160817T221301_012646_013D9A_4929/Patch_Uint8/Visual_Cargo_x1500_y9439_vh.tif,10060,18e36c3f357422f8cf2dda401d5d98b178d6c8479daff38b1c6e66dfd23b73fe
S1A_IW_GRDH_1SDV_20160817T221236_20160817T221301_012646_013D9A_4929/1681_9889,Bulk Carrier,0,opensar_zip,OpenSARShip_1/S1A_IW_GRDH_1SDV_20160817T221236_20160817T221301_012646_013D9A_4929.zip,S1A_IW_GRDH_1SDV_20160817T221236_20160817T221301_012646_013D9A_4929/Patch_Uint8/Visual_Cargo_x1681_y9889_vv.tif,S1A_IW_GRDH_1SDV_20160817T221236_20160817T221301_012646_013D9A_4929/Patch_Uint8/Visual_Cargo_x1681_y9889_vh.tif,7964,7b9c6ad927df2924ac9fde11a7d7b7f794a3c27d3010cd4ce8fa150e130c13ee
S1A_IW_GRDH_1SDV_20160817T221236_20160817T221301_012646_013D9A_4929/1683_10096,Bulk Carrier,0,opensar_zip,OpenSARShip_1/S1A_IW_GRDH_1SDV_20160817T221236_20160817T221301_012646_013D9A_4929.zip,S1A_IW_GRDH_1SDV_20160817T221236_20160817T221301_012646_013D9A_4929/Patch_Uint8/Visual_Cargo_x1683_y10096_vv.tif,S1A_IW_GRDH_1SDV_20160817T221236_20160817T221301_012646_013D9A_4929/Patch_Uint8/Visual_Cargo_x1683_y10096_vh.tif,12466,d0cf835518a15a96781c187cc21c8588fd71c4cd81ddf7866bb3587823e84d56
S1A_IW_GRDH_1SDV_20160817T221236_20160817T221301_012646_013D9A_4929/1763_8497,Bulk Carrier,0,opensar_zip,OpenSARShip_1/S1A_IW_GRDH_1SDV_20160817T221236_20160817T221301_012646_013D9A_4929.zip,S1A_IW_GRDH_1SDV_20160817T221236_20160817T221301_012646_013D9A_4929/Patch_Uint8/Visual_Cargo_x1763_y8497_vv.tif,S1A_IW_GRDH_1SDV_20160817T221236_20160817T221301_012646_013D9A_4929/Patch_Uint8/Visual_Cargo_x1763_y8497_vh.tif,3848,e599b077b1bc8a1ac90b75467ae63ebdf1b8b828691275c6610288f0e029056f
S1A_IW_GRDH_1SDV_20160817T221236_20160817T221301_012646_013D9A_4929/1785_9787,Bulk Carrier,0,opensar_zip,OpenSARShip_1/S1A_IW_GRDH_1SDV_20160817T221236_20160817T221301_012646_013D9A_4929.zip,S1A_IW_GRDH_1SDV_20160817T221236_20160817T221301_012646_013D9A_4929/Patch_Uint8/Visual_Cargo_x1785_y9787_vv.tif,S1A_IW_GRDH_1SDV_20160817T221236_20160817T221301_012646_013D9A_4929/Patch_Uint8/Visual_Cargo_x1785_y9787_vh.tif,8978,e1b033bc2a59eac4b6592821f7cd63a577749723abfe3bf6c624f74bc512e80a
S1A_IW_GRDH_1SDV_20160817T221236_20160817T221301_012646_013D9A_4929/1884_9380,Bulk Carrier,0,opensar_zip,OpenSARShip_1/S1A_IW_GRDH_1SDV_20160817T221236_20160817T221301_012646_013D9A_4929.zip,S1A_IW_GRDH_1SDV_20160817T221236_20160817T221301_012646_013D9A_4929/Patch_Uint8/Visual_Cargo_x1884_y9380_vv.tif,S1A_IW_GRDH_1SDV_20160817T221236_20160817T221301_012646_013D9A_4929/Patch_Uint8/Visual_Cargo_x1884_y9380_vh.tif,8924,ce1cd3866d1473aafbf6cc9197197c046e65a0cc5f8d427a5fac77c276fa159e
S1A_IW_GRDH_1SDV_20160817T221236_20160817T221301_012646_013D9A_4929/1902_8003,Bulk Carrier,0,opensar_zip,OpenSARShip_1/S1A_IW_GRDH_1SDV_20160817T221236_20160817T221301_012646_013D9A_4929.zip,S1A_IW_GRDH_1SDV_20160817T221236_20160817T221301_012646_013D9A_4929/Patch_Uint8/Visual_Cargo_x1902_y8003_vv.tif,S1A_IW_GRDH_1SDV_20160817T221236_20160817T221301_012646_013D9A_4929/Patch_Uint8/Visual_Cargo_x1902_y8003_vh.tif,10958,39e7005f7569dbe0e2f5f58def571d56963136997c5cb75ce834af94d370028d
S1A_IW_GRDH_1SDV_20160817T221236_20160817T221301_012646_013D9A_4929/1952_10107,Bulk Carrier,0,opensar_zip,OpenSARShip_1/S1A_IW_GRDH_1SDV_20160817T221236_20160817T221301_012646_013D9A_4929.zip,S1A_IW_GRDH_1SDV_20160817T221236_20160817T221301_012646_013D9A_4929/Patch_Uint8/Visual_Cargo_x1952_y10107_vv.tif,S1A_IW_GRDH_1SDV_20160817T221236_20160817T221301_012646_013D9A_4929/Patch_Uint8/Visual_Cargo_x1952_y10107_vh.tif,8992,405bb158b300396f1dfec21e32497506392dfbbde3cf458f580648b08fb36d75
S1A_IW_GRDH_1SDV_20160817T221236_20160817T221301_012646_013D9A_4929/2048_9496,Bulk Carrier,0,opensar_zip,OpenSARShip_1/S1A_IW_GRDH_1SDV_20160817T221236_20160817T221301_012646_013D9A_4929.zip,S1A_IW_GRDH_1SDV_20160817T221236_20160817T221301_012646_013D9A_4929/Patch_Uint8/Visual_Cargo_x2048_y9496_vv.tif,S1A_IW_GRDH_1SDV_20160817T221236_20160817T221301_012646_013D9A_4929/Patch_Uint8/Visual_Cargo_x2048_y9496_vh.tif,6994,e98242ef50a642007cd9ac2f0656b65210169d069826f7da7eae8d10acf4245a
S1A_IW_GRDH_1SDV_20160817T221236_20160817T221301_012646_013D9A_4929/2140_10259,Bulk Carrier,0,opensar_zip,OpenSARShip_1/S1A_IW_GRDH_1SDV_20160817T221236_20160817T221301_012646_013D9A_4929.zip,S1A_IW_GRDH_1SDV_20160817T221236_20160817T221301_012646_013D9A_4929/Patch_Uint8/Visual_Cargo_x2140_y10259_vv.tif,S1A_IW_GRDH_1SDV_20160817T221236_20160817T221301_012646_013D9A_4929/Patch_Uint8/Visual_Cargo_x2140_y10259_vh.tif,5870,30748ae6ded455e362f922ed105d0ce905734569baecc0575d51d4761c0b8fe1
S1A_IW_GRDH_1SDV_20160817T221236_20160817T221301_012646_013D9A_4929/2214_8292,Bulk Carrier,0,opensar_zip,OpenSARShip_1/S1A_IW_GRDH_1SDV_20160817T221236_20160817T221301_012646_013D9A_4929.zip,S1A_IW_GRDH_1SDV_20160817T221236_20160817T221301_012646_013D9A_4929/Patch_Uint8/Visual_Cargo_x2214_y8292_vv.tif,S1A_IW_GRDH_1SDV_20160817T221236_20160817T221301_012646_013D9A_4929/Patch_Uint8/Visual_Cargo_x2214_y8292_vh.tif,8002,39ce915fbd05ba96b3c58197fe4c1c84c78ac982f40da869132dcc4227e7dcd4
S1A_IW_GRDH_1SDV_20160817T221236_20160817T221301_012646_013D9A_4929/2301_9914,Bulk Carrier,0,opensar_zip,OpenSARShip_1/S1A_IW_GRDH_1SDV_20160817T221236_20160817T221301_012646_013D9A_4929.zip,S1A_IW_GRDH_1SDV_20160817T221236_20160817T221301_012646_013D9A_4929/Patch_Uint8/Visual_Cargo_x2301_y9914_vv.tif,S1A_IW_GRDH_1SDV_20160817T221236_20160817T221301_012646_013D9A_4929/Patch_Uint8/Visual_Cargo_x2301_y9914_vh.tif,5284,2ad28fcdcf7580796d2666d01f17af2826101e1c3cff2f26495dba8ac4250680
S1A_IW_GRDH_1SDV_20160817T221236_20160817T221301_012646_013D9A_4929/2347_8642,Tanker,4,opensar_zip,OpenSARShip_1/S1A_IW_GRDH_1SDV_20160817T221236_20160817T221301_012646_013D9A_4929.zip,S1A_IW_GRDH_1SDV_20160817T221236_20160817T221301_012646_013D9A_4929/Patch_Uint8/Visual_Tanker_x2347_y8642_vv.tif,S1A_IW_GRDH_1SDV_20160817T221236_20160817T221301_012646_013D9A_4929/Patch_Uint8/Visual_Tanker_x2347_y8642_vh.tif,2142,fdcb4e971202938af944d8b21bc16c04dab4bb52db3ebd079c7cb239065883c5
S1A_IW_GRDH_1SDV_20160817T221236_20160817T221301_012646_013D9A_4929/2412_10318,Bulk Carrier,0,opensar_zip,OpenSARShip_1/S1A_IW_GRDH_1SDV_20160817T221236_20160817T221301_012646_013D9A_4929.zip,S1A_IW_GRDH_1SDV_20160817T221236_20160817T221301_012646_013D9A_4929/Patch_Uint8/Visual_Cargo_x2412_y10318_vv.tif,S1A_IW_GRDH_1SDV_20160817T221236_20160817T221301_012646_013D9A_4929/Patch_Uint8/Visual_Cargo_x2412_y10318_vh.tif,8886,e7be944bca8ecd1104ab55abaca2b030961cc6124b43669afd9e3e1897008203
S1A_IW_GRDH_1SDV_20160817T221236_20160817T221301_012646_013D9A_4929/2412_9529,Bulk Carrier,0,opensar_zip,OpenSARShip_1/S1A_IW_GRDH_1SDV_20160817T221236_20160817T221301_012646_013D9A_4929.zip,S1A_IW_GRDH_1SDV_20160817T221236_20160817T221301_012646_013D9A_4929/Patch_Uint8/Visual_Cargo_x2412_y9529_vv.tif,S1A_IW_GRDH_1SDV_20160817T221236_20160817T221301_012646_013D9A_4929/Patch_Uint8/Visual_Cargo_x2412_y9529_vh.tif,9892,cbe891325511f3a7f1e42b4bdc1b486eebef4fa1666167cc7351919a1c14dc96
S1A_IW_GRDH_1SDV_20160817T221236_20160817T221301_012646_013D9A_4929/2525_9990,Bulk Carrier,0,opensar_zip,OpenSARShip_1/S1A_IW_GRDH_1SDV_20160817T221236_20160817T221301_012646_013D9A_4929.zip,S1A_IW_GRDH_1SDV_20160817T221236_20160817T221301_012646_013D9A_4929/Patch_Uint8/Visual_Cargo_x2525_y9990_vv.tif,S1A_IW_GRDH_1SDV_20160817T221236_20160817T221301_012646_013D9A_4929/Patch_Uint8/Visual_Cargo_x2525_y9990_vh.tif,11196,12581b0d134a3adb7b14aeaf4ec03de416ffea5d51b38f290575eccecf903e64
S1A_IW_GRDH_1SDV_20160817T221236_20160817T221301_012646_013D9A_4929/2563_10298,Bulk Carrier,0,opensar_zip,OpenSARShip_1/S1A_IW_GRDH_1SDV_20160817T221236_20160817T221301_012646_013D9A_4929.zip,S1A_IW_GRDH_1SDV_20160817T221236_20160817T221301_012646_013D9A_4929/Patch_Uint8/Visual_Cargo_x2563_y10298_vv.tif,S1A_IW_GRDH_1SDV_20160817T221236_20160817T221301_012646_013D9A_4929/Patch_Uint8/Visual_Cargo_x2563_y10298_vh.tif,10030,99496f5a3cdec3128b8c2c7dc63304f0e099a6d6504fe650b345e0a5b7a7216d
S1A_IW_GRDH_1SDV_20160817T221236_20160817T221301_012646_013D9A_4929/2651_8501,Tanker,4,opensar_zip,OpenSARShip_1/S1A_IW_GRDH_1SDV_20160817T221236_20160817T221301_012646_013D9A_4929.zip,S1A_IW_GRDH_1SDV_20160817T221236_20160817T221301_012646_013D9A_4929/Patch_Uint8/Visual_Other Type_x2651_y8501_vv.tif,S1A_IW_GRDH_1SDV_20160817T221236_20160817T221301_012646_013D9A_4929/Patch_Uint8/Visual_Other Type_x2651_y8501_vh.tif,1324,f932de4dfef5d3a8c25e79e5a8416dcb3cd8dd1df86e7fb130b1a0f8da3e8c88
S1A_IW_GRDH_1SDV_20160817T221236_20160817T221301_012646_013D9A_4929/2736_9960,Tanker,4,opensar_zip,OpenSARShip_1/S1A_IW_GRDH_1SDV_20160817T221236_20160817T221301_012646_013D9A_4929.zip,S1A_IW_GRDH_1SDV_20160817T221236_20160817T221301_012646_013D9A_4929/Patch_Uint8/Visual_Other Type_x2736_y9960_vv.tif,S1A_IW_GRDH_1SDV_20160817T221236_20160817T221301_012646_013D9A_4929/Patch_Uint8/Visual_Other Type_x2736_y9960_vh.tif,1700,f4ab81da0ee7080ddf057b57b737954cffd18438a9d125b11f8e6551e64697b0
S1A_IW_GRDH_1SDV_20160817T221236_20160817T221301_012646_013D9A_4929/2773_15093,Bulk Carrier,0,opensar_zip,OpenSARShip_1/S1A_IW_GRDH_1SDV_20160817T221236_20160817T221301_012646_013D9A_4929.zip,S1A_IW_GRDH_1SDV_20160817T221236_20160817T221301_012646_013D9A_4929/Patch_Uint8/Visual_Cargo_x2773_y15093_vv.tif,S1A_IW_GRDH_1SDV_20160817T221236_20160817T221301_012646_013D9A_4929/Patch_Uint8/Visual_Cargo_x2773_y15093_vh.tif,15078,6544efbc4672c734cea28f7f0ca2c47f326e963048864867515a617fc6e5aa06
S1A_IW_GRDH_1SDV_20160817T221236_20160817T221301_012646_013D9A_4929/4062_12281,Bulk Carrier,0,opensar_zip,OpenSARShip_1/S1A_IW_GRDH_1SDV_20160817T221236_20160817T221301_012646_013D9A_4929.zip,S1A_IW_GRDH_1SDV_20160817T221236_20160817T221301_012646_013D9A_4929/Patch_Uint8/Visual_Cargo_x4062_y12281_vv.tif,S1A_IW_GRDH_1SDV_20160817T221236_20160817T221301_012646_013D9A_4929/Patch_Uint8/Visual_Cargo_x4062_y12281_vh.tif,11130,61367be9494791d858d3505b72b2e491cbec2f146efb775417c072e29fa98cad
S1A_IW_GRDH_1SDV_20160817T221236_20160817T221301_012646_013D9A_4929/4447_12301,Container Ship,1,opensar_zip,OpenSARShip_1/S1A_IW_GRDH_1SDV_20160817T221236_20160817T221301_012646_013D9A_4929.zip,S1A_IW_GRDH_1SDV_20160817T221236_20160817T221301_012646_013D9A_4929/Patch_Uint8/Visual_Cargo_x4447_y12301_vv.tif,S1A_IW_GRDH_1SDV_20160817T221236_20160817T221301_012646_013D9A_4929/Patch_Uint8/Visual_Cargo_x4447_y12301_vh.tif,5902,39e8ee647021c160af4422701be03e86d756ab5dbb47aa09ccbae255e66c24b9
S1A_IW_GRDH_1SDV_20160817T221236_20160817T221301_012646_013D9A_4929/556_10983,Bulk Carrier,0,opensar_zip,OpenSARShip_1/S1A_IW_GRDH_1SDV_20160817T221236_20160817T221301_012646_013D9A_4929.zip,S1A_IW_GRDH_1SDV_20160817T221236_20160817T221301_012646_013D9A_4929/Patch_Uint8/Visual_Cargo_x556_y10983_vv.tif,S1A_IW_GRDH_1SDV_20160817T221236_20160817T221301_012646_013D9A_4929/Patch_Uint8/Visual_Cargo_x556_y10983_vh.tif,26126,4718748f44548547fe2583f23007e4215166079eed7ffdc8905eacd99eb76a06
S1A_IW_GRDH_1SDV_20160817T221236_20160817T221301_012646_013D9A_4929/568_10743,Bulk Carrier,0,opensar_zip,OpenSARShip_1/S1A_IW_GRDH_1SDV_20160817T221236_20160817T221301_012646_013D9A_4929.zip,S1A_IW_GRDH_1SDV_20160817T221236_20160817T221301_012646_013D9A_4929/Patch_Uint8/Visual_Cargo_x568_y10743_vv.tif,S1A_IW_GRDH_1SDV_20160817T221236_20160817T221301_012646_013D9A_4929/Patch_Uint8/Visual_Cargo_x568_y10743_vh.tif,25242,c25f3ff657324ebd2725f3220f962111bfc50e403d2c2dbd6ff2d168eb07c701
S1A_IW_GRDH_1SDV_20160817T221236_20160817T221301_012646_013D9A_4929/5694_12071,Bulk Carrier,0,opensar_zip,OpenSARShip_1/S1A_IW_GRDH_1SDV_20160817T221236_20160817T221301_012646_013D9A_4929.zip,S1A_IW_GRDH_1SDV_20160817T221236_20160817T221301_012646_013D9A_4929/Patch_Uint8/Visual_Cargo_x5694_y12071_vv.tif,S1A_IW_GRDH_1SDV_20160817T221236_20160817T221301_012646_013D9A_4929/Patch_Uint8/Visual_Cargo_x5694_y12071_vh.tif,26238,748bdf8c7ee28a96afffb8b5afc4cc230fcf67df57db29bc4759cf8c55a10ba8
S1A_IW_GRDH_1SDV_20160817T221236_20160817T221301_012646_013D9A_4929/5782_11623,Bulk Carrier,0,opensar_zip,OpenSARShip_1/S1A_IW_GRDH_1SDV_20160817T221236_20160817T221301_012646_013D9A_4929.zip,S1A_IW_GRDH_1SDV_20160817T221236_20160817T221301_012646_013D9A_4929/Patch_Uint8/Visual_Cargo_x5782_y11623_vv.tif,S1A_IW_GRDH_1SDV_20160817T221236_20160817T221301_012646_013D9A_4929/Patch_Uint8/Visual_Cargo_x5782_y11623_vh.tif,6952,6b8691b32dc1476ddbc7087795b7ee64d7cf000f1930208d55d444845760dd0a
S1A_IW_GRDH_1SDV_20160817T221236_20160817T221301_012646_013D9A_4929/5893_11806,Bulk Carrier,0,opensar_zip,OpenSARShip_1/S1A_IW_GRDH_1SDV_20160817T221236_20160817T221301_012646_013D9A_4929.zip,S1A_IW_GRDH_1SDV_20160817T221236_20160817T221301_012646_013D9A_4929/Patch_Uint8/Visual_Cargo_x5893_y11806_vv.tif,S1A_IW_GRDH_1SDV_20160817T221236_20160817T221301_012646_013D9A_4929/Patch_Uint8/Visual_Cargo_x5893_y11806_vh.tif,10336,2428dde1a5670c527f22ad33e339f5bd263bdaed64eaf1d2e2f5401aa40428f7
S1A_IW_GRDH_1SDV_20160817T221236_20160817T221301_012646_013D9A_4929/5927_14422,Bulk Carrier,0,opensar_zip,OpenSARShip_1/S1A_IW_GRDH_1SDV_20160817T221236_20160817T221301_012646_013D9A_4929.zip,S1A_IW_GRDH_1SDV_20160817T221236_20160817T221301_012646_013D9A_4929/Patch_Uint8/Visual_Cargo_x5927_y14422_vv.tif,S1A_IW_GRDH_1SDV_20160817T221236_20160817T221301_012646_013D9A_4929/Patch_Uint8/Visual_Cargo_x5927_y14422_vh.tif,11256,dac9f30334cbe441a1766792ed9e03748d72ab77ff36f6a132d593229577d3b0
S1A_IW_GRDH_1SDV_20160817T221236_20160817T221301_012646_013D9A_4929/6001_16640,Bulk Carrier,0,opensar_zip,OpenSARShip_1/S1A_IW_GRDH_1SDV_20160817T221236_20160817T221301_012646_013D9A_4929.zip,S1A_IW_GRDH_1SDV_20160817T221236_20160817T221301_012646_013D9A_4929/Patch_Uint8/Visual_Cargo_x6001_y16640_vv.tif,S1A_IW_GRDH_1SDV_20160817T221236_20160817T221301_012646_013D9A_4929/Patch_Uint8/Visual_Cargo_x6001_y16640_vh.tif,11240,19941fea12d20e0850a5612a9ff93944cf0979feec66d1eb498d0e612c81e7cb
S1A_IW_GRDH_1SDV_20160817T221236_20160817T221301_012646_013D9A_4929/6009_14551,Bulk Carrier,0,opensar_zip,OpenSARShip_1/S1A_IW_GRDH_1SDV_20160817T221236_20160817T221301_012646_013D9A_4929.zip,S1A_IW_GRDH_1SDV_20160817T221236_20160817T221301_012646_013D9A_4929/Patch_Uint8/Visual_Cargo_x6009_y14551_vv.tif,S1A_IW_GRDH_1SDV_20160817T221236_20160817T221301_012646_013D9A_4929/Patch_Uint8/Visual_Cargo_x6009_y14551_vh.tif,14872,89a545a96d8be40f0aa8b74a1c0bffd4d7880caa7f5269c7fcf498dddb99f28e
S1A_IW_GRDH_1SDV_20160817T221236_20160817T221301_012646_013D9A_4929/6070_12209,Bulk Carrier,0,opensar_zip,OpenSARShip_1/S1A_IW_GRDH_1SDV_20160817T221236_20160817T221301_012646_013D9A_4929.zip,S1A_IW_GRDH_1SDV_20160817T221236_20160817T221301_012646_013D9A_4929/Patch_Uint8/Visual_Cargo_x6070_y12209_vv.tif,S1A_IW_GRDH_1SDV_20160817T221236_20160817T221301_012646_013D9A_4929/Patch_Uint8/Visual_Cargo_x6070_y12209_vh.tif,9020,48b653cf280ecd44d67774825a2785192ff516ea627be336c13c702d36fad6fa
S1A_IW_GRDH_1SDV_20160817T221236_20160817T221301_012646_013D9A_4929/6121_16239,Bulk Carrier,0,opensar_zip,OpenSARShip_1/S1A_IW_GRDH_1SDV_20160817T221236_20160817T221301_012646_013D9A_4929.zip,S1A_IW_GRDH_1SDV_20160817T221236_20160817T221301_012646_013D9A_4929/Patch_Uint8/Visual_Cargo_x6121_y16239_vv.tif,S1A_IW_GRDH_1SDV_20160817T221236_20160817T221301_012646_013D9A_4929/Patch_Uint8/Visual_Cargo_x6121_y16239_vh.tif,6572,3000e132c2bcda9d224b4c8f636dd5742cdc84734d44ec13bd2b22db7157635d
S1A_IW_GRDH_1SDV_20160817T221236_20160817T221301_012646_013D9A_4929/6147_16493,Bulk Carrier,0,opensar_zip,OpenSARShip_1/S1A_IW_GRDH_1SDV_20160817T221236_20160817T221301_012646_013D9A_4929.zip,S1A_IW_GRDH_1SDV_20160817T221236_20160817T221301_012646_013D9A_4929/Patch_Uint8/Visual_Cargo_x6147_y16493_vv.tif,S1A_IW_GRDH_1SDV_20160817T221236_20160817T221301_012646_013D9A_4929/Patch_Uint8/Visual_Cargo_x6147_y16493_vh.tif,11182,606cefed18946d4c82dd638601c3192c095809b2f2e75f8f27c8807d26df9c5e
S1A_IW_GRDH_1SDV_20160817T221236_20160817T221301_012646_013D9A_4929/617_10576,Bulk Carrier,0,opensar_zip,OpenSARShip_1/S1A_IW_GRDH_1SDV_20160817T221236_20160817T221301_012646_013D9A_4929.zip,S1A_IW_GRDH_1SDV_20160817T221236_20160817T221301_012646_013D9A_4929/Patch_Uint8/Visual_Cargo_x617_y10576_vv.tif,S1A_IW_GRDH_1SDV_20160817T221236_20160817T221301_012646_013D9A_4929/Patch_Uint8/Visual_Cargo_x617_y10576_vh.tif,26102,220edcfe036478524449be16e0675b673e92fc8cf3acbbfc7596f561173e1b89
S1A_IW_GRDH_1SDV_20160817T221236_20160817T221301_012646_013D9A_4929/6233_16021,Bulk Carrier,0,opensar_zip,OpenSARShip_1/S1A_IW_GRDH_1SDV_20160817T221236_20160817T221301_012646_013D9A_4929.zip,S1A_IW_GRDH_1SDV_20160817T221236_20160817T221301_012646_013D9A_4929/Patch_Uint8/Visual_Cargo_x6233_y16021_vv.tif,S1A_IW_GRDH_1SDV_20160817T221236_20160817T221301_012646_013D9A_4929/Patch_Uint8/Visual_Cargo_x6233_y16021_vh.tif,9874,e4271aa10fbdce853cda265a0719ea9ae8c59524bb58152ef53c7c8c1e647240
S1A_IW_GRDH_1SDV_20160817T221236_20160817T221301_012646_013D9A_4929/6252_12069,Bulk Carrier,0,opensar_zip,OpenSARShip_1/S1A_IW_GRDH_1SDV_20160817T221236_20160817T221301_012646_013D9A_4929.zip,S1A_IW_GRDH_1SDV_20160817T221236_20160817T221301_012646_013D9A_4929/Patch_Uint8/Visual_Cargo_x6252_y12069_vv.tif,S1A_IW_GRDH_1SDV_20160817T221236_20160817T221301_012646_013D9A_4929/Patch_Uint8/Visual_Cargo_x6252_y12069_vh.tif,8932,3c689b48c5cb5eba9574177c509a4461359b78f474a33b98d0a04cbc94070ede
S1A_IW_GRDH_1SDV_20160817T221236_20160817T221301_012646_013D9A_4929/6350_16482,Bulk Carrier,0,opensar_zip,OpenSARShip_1/S1A_IW_GRDH_1SDV_20160817T221236_20160817T221301_012646_013D9A_4929.zip,S1A_IW_GRDH_1SDV_20160817T221236_20160817T221301_012646_013D9A_4929/Patch_Uint8/Visual_Cargo_x6350_y16482_vv.tif,S1A_IW_GRDH_1SDV_20160817T221236_20160817T221301_012646_013D9A_4929/Patch_Uint8/Visual_Cargo_x6350_y16482_vh.tif,12170,967c0ae6d5bf7b06c5e049ccbc8c084698fe98c1d9b613c1fb50659439da3266
S1A_IW_GRDH_1SDV_20160817T221236_20160817T221301_012646_013D9A_4929/6426_12559,Tanker,4,opensar_zip,OpenSARShip_1/S1A_IW_GRDH_1SDV_20160817T221236_20160817T221301_012646_013D9A_4929.zip,S1A_IW_GRDH_1SDV_20160817T221236_20160817T221301_012646_013D9A_4929/Patch_Uint8/Visual_Tanker_x6426_y12559_vv.tif,S1A_IW_GRDH_1SDV_20160817T221236_20160817T221301_012646_013D9A_4929/Patch_Uint8/Visual_Tanker_x6426_y12559_vh.tif,6138,e48c4134de731222fbcf89b9d1e07b6dc8a38f4c602d2e2397371d21fb9e7b28
S1A_IW_GRDH_1SDV_20160817T221236_20160817T221301_012646_013D9A_4929/6457_16018,Bulk Carrier,0,opensar_zip,OpenSARShip_1/S1A_IW_GRDH_1SDV_20160817T221236_20160817T221301_012646_013D9A_4929.zip,S1A_IW_GRDH_1SDV_20160817T221236_20160817T221301_012646_013D9A_4929/Patch_Uint8/Visual_Cargo_x6457_y16018_vv.tif,S1A_IW_GRDH_1SDV_20160817T221236_20160817T221301_012646_013D9A_4929/Patch_Uint8/Visual_Cargo_x6457_y16018_vh.tif,9006,53790cb2aa26b9e49b91d44e6b86a0ec7943110d840c90cf7463bdb611d4a9b1
S1A_IW_GRDH_1SDV_20160817T221236_20160817T221301_012646_013D9A_4929/7005_13415,Container Ship,1,opensar_zip,OpenSARShip_1/S1A_IW_GRDH_1SDV_20160817T221236_20160817T221301_012646_013D9A_4929.zip,S1A_IW_GRDH_1SDV_20160817T221236_20160817T221301_012646_013D9A_4929/Patch_Uint8/Visual_Cargo_x7005_y13415_vv.tif,S1A_IW_GRDH_1SDV_20160817T221236_20160817T221301_012646_013D9A_4929/Patch_Uint8/Visual_Cargo_x7005_y13415_vh.tif,20608,f76f6dd075d5be275ba37cd9e2b167a8d75669ac9a3d40c8d6276e806f21feac
S1A_IW_GRDH_1SDV_20160817T221236_20160817T221301_012646_013D9A_4929/7036_16625,Bulk Carrier,0,opensar_zip,OpenSARShip_1/S1A_IW_GRDH_1SDV_20160817T221236_20160817T221301_012646_013D9A_4929.zip,S1A_IW_GRDH_1SDV_20160817T221236_20160817T221301_012646_013D9A_4929/Patch_Uint8/Visual_Cargo_x7036_y16625_vv.tif,S1A_IW_GRDH_1SDV_20160817T221236_20160817T221301_012646_013D9A_4929/Patch_Uint8/Visual_Cargo_x7036_y16625_vh.tif,7948,a96477b833a44d6bd647fa7cd80d1966e663208b43eb898c762c5a3d2777fb48
S1A_IW_GRDH_1SDV_20160817T221236_20160817T221301_012646_013D9A_4929/7140_16361,Bulk Carrier,0,opensar_zip,OpenSARShip_1/S1A_IW_GRDH_1SDV_20160817T221236_20160817T221301_012646_013D9A_4929.zip,S1A_IW_GRDH_1SDV_20160817T221236_20160817T221301_012646_013D9A_4929/Patch_Uint8/Visual_Cargo_x7140_y16361_vv.tif,S1A_IW_GRDH_1SDV_20160817T221236_20160817T221301_012646_013D9A_4929/Patch_Uint8/Visual_Cargo_x7140_y16361_vh.tif,12416,a4b2639faa3675e2c26809e844ebf8b928225e8e596f3d241e72a79422bb535a
S1A_IW_GRDH_1SDV_20160817T221236_20160817T221301_012646_013D9A_4929/7223_16575,Bulk Carrier,0,opensar_zip,OpenSARShip_1/S1A_IW_GRDH_1SDV_20160817T221236_20160817T221301_012646_013D9A_4929.zip,S1A_IW_GRDH_1SDV_20160817T221236_20160817T221301_012646_013D9A_4929/Patch_Uint8/Visual_Cargo_x7223_y16575_vv.tif,S1A_IW_GRDH_1SDV_20160817T221236_20160817T221301_012646_013D9A_4929/Patch_Uint8/Visual_Cargo_x7223_y16575_vh.tif,11272,c88bef02f87630dfc5f57e1f91933575d4237949d6bc43dcecd3cd59cc544d89
S1A_IW_GRDH_1SDV_20160817T221236_20160817T221301_012646_013D9A_4929/7387_16440,Bulk Carrier,0,opensar_zip,OpenSARShip_1/S1A_IW_GRDH_1SDV_20160817T221236_20160817T221301_012646_013D9A_4929.zip,S1A_IW_GRDH_1SDV_20160817T221236_20160817T221301_012646_013D9A_4929/Patch_Uint8/Visual_Cargo_x7387_y16440_vv.tif,S1A_IW_GRDH_1SDV_20160817T221236_20160817T221301_012646_013D9A_4929/Patch_Uint8/Visual_Cargo_x7387_y16440_vh.tif,7840,312f1dd55b1ee959c1d19d899da2971a58a8426ac34bcd464c9f22491bbd0ffb
S1A_IW_GRDH_1SDV_20160817T221236_20160817T221301_012646_013D9A_4929/7459_16564,Bulk Carrier,0,opensar_zip,OpenSARShip_1/S1A_IW_GRDH_1SDV_20160817T221236_20160817T221301_012646_013D9A_4929.zip,S1A_IW_GRDH_1SDV_20160817T221236_20160817T221301_012646_013D9A_4929/Patch_Uint8/Visual_Cargo_x7459_y16564_vv.tif,S1A_IW_GRDH_1SDV_20160817T221236_20160817T221301_012646_013D9A_4929/Patch_Uint8/Visual_Cargo_x7459_y16564_vh.tif,11070,09c99df62e091c7a0844fce7fc18783bb5fc82ef36eccd19e4dedb40ff49651c
S1A_IW_GRDH_1SDV_20160817T221236_20160817T221301_012646_013D9A_4929/7517_11904,Tanker,4,opensar_zip,OpenSARShip_1/S1A_IW_GRDH_1SDV_20160817T221236_20160817T221301_012646_013D9A_4929.zip,S1A_IW_GRDH_1SDV_20160817T221236_20160817T221301_012646_013D9A_4929/Patch_Uint8/Visual_Tanker_x7517_y11904_vv.tif,S1A_IW_GRDH_1SDV_20160817T221236_20160817T221301_012646_013D9A_4929/Patch_Uint8/Visual_Tanker_x7517_y11904_vh.tif,2144,9ba0e0371d271135130a4b9c7c1e1eef82dc1eaea3119af9cf91e0713c108f40
S1A_IW_GRDH_1SDV_20160817T221236_20160817T221301_012646_013D9A_4929/7633_14398,Container Ship,1,opensar_zip,OpenSARShip_1/S1A_IW_GRDH_1SDV_20160817T221236_20160817T221301_012646_013D9A_4929.zip,S1A_IW_GRDH_1SDV_20160817T221236_20160817T221301_012646_013D9A_4929/Patch_Uint8/Visual_Cargo_x7633_y14398_vv.tif,S1A_IW_GRDH_1SDV_20160817T221236_20160817T221301_012646_013D9A_4929/Patch_Uint8/Visual_Cargo_x7633_y14398_vh.tif,12018,df8a463a0c8d4f1e8683732a6eb73e5aed02dfe9e12a654fca182798d3905ca9
S1A_IW_GRDH_1SDV_20160817T221236_20160817T221301_012646_013D9A_4929/7735_11875,Tanker,4,opensar_zip,OpenSARShip_1/S1A_IW_GRDH_1SDV_20160817T221236_20160817T221301_012646_013D9A_4929.zip,S1A_IW_GRDH_1SDV_20160817T221236_20160817T221301_012646_013D9A_4929/Patch_Uint8/Visual_Tanker_x7735_y11875_vv.tif,S1A_IW_GRDH_1SDV_20160817T221236_20160817T221301_012646_013D9A_4929/Patch_Uint8/Visual_Tanker_x7735_y11875_vh.tif,2140,cb1b8ceb0b9a9d98ba13dd3ec8f3b3402b7e508bc22ada8c1129dba128ea2e5b
S1A_IW_GRDH_1SDV_20160817T221236_20160817T221301_012646_013D9A_4929/8067_13268,Bulk Carrier,0,opensar_zip,OpenSARShip_1/S1A_IW_GRDH_1SDV_20160817T221236_20160817T221301_012646_013D9A_4929.zip,S1A_IW_GRDH_1SDV_20160817T221236_20160817T221301_012646_013D9A_4929/Patch_Uint8/Visual_Cargo_x8067_y13268_vv.tif,S1A_IW_GRDH_1SDV_20160817T221236_20160817T221301_012646_013D9A_4929/Patch_Uint8/Visual_Cargo_x8067_y13268_vh.tif,24374,c3391d59c02afdebc263ae44a1503d0bcad2c6331da98e87c515c05c5b7da2d9
S1A_IW_GRDH_1SDV_20160817T221236_20160817T221301_012646_013D9A_4929/8204_12349,Bulk Carrier,0,opensar_zip,OpenSARShip_1/S1A_IW_GRDH_1SDV_20160817T221236_20160817T221301_012646_013D9A_4929.zip,S1A_IW_GRDH_1SDV_20160817T221236_20160817T221301_012646_013D9A_4929/Patch_Uint8/Visual_Cargo_x8204_y12349_vv.tif,S1A_IW_GRDH_1SDV_20160817T221236_20160817T221301_012646_013D9A_4929/Patch_Uint8/Visual_Cargo_x8204_y12349_vh.tif,12348,4a3494a29d7c53be4d09f8f3916c269544b7d71d0c4eb3772134b4c2701934ec
S1A_IW_GRDH_1SDV_20160817T221236_20160817T221301_012646_013D9A_4929/8269_12991,Container Ship,1,opensar_zip,OpenSARShip_1/S1A_IW_GRDH_1SDV_20160817T221236_20160817T221301_012646_013D9A_4929.zip,S1A_IW_GRDH_1SDV_20160817T221236_20160817T221301_012646_013D9A_4929/Patch_Uint8/Visual_Cargo_x8269_y12991_vv.tif,S1A_IW_GRDH_1SDV_20160817T221236_20160817T221301_012646_013D9A_4929/Patch_Uint8/Visual_Cargo_x8269_y12991_vh.tif,5688,eaaee26469864f50854292446350c604e0c89549d227f5f7bed95fb52d65951a
S1A_IW_GRDH_1SDV_20160817T221236_20160817T221301_012646_013D9A_4929/8283_13155,Bulk Carrier,0,opensar_zip,OpenSARShip_1/S1A_IW_GRDH_1SDV_20160817T221236_20160817T221301_012646_013D9A_4929.zip,S1A_IW_GRDH_1SDV_20160817T221236_20160817T221301_012646_013D9A_4929/Patch_Uint8/Visual_Cargo_x8283_y13155_vv.tif,S1A_IW_GRDH_1SDV_20160817T221236_20160817T221301_012646_013D9A_4929/Patch_Uint8/Visual_Cargo_x8283_y13155_vh.tif,28998,d162d417a210b487e9c8f29c8ac12ca77b3e82b60feb9a182f9338941bbab2ff
S1A_IW_GRDH_1SDV_20160817T221236_20160817T221301_012646_013D9A_4929/8326_15942,Bulk Carrier,0,opensar_zip,OpenSARShip_1/S1A_IW_GRDH_1SDV_20160817T221236_20160817T221301_012646_013D9A_4929.zip,S1A_IW_GRDH_1SDV_20160817T221236_20160817T221301_012646_013D9A_4929/Patch_Uint8/Visual_Cargo_x8326_y15942_vv.tif,S1A_IW_GRDH_1SDV_20160817T221236_20160817T221301_012646_013D9A_4929/Patch_Uint8/Visual_Cargo_x8326_y15942_vh.tif,7650,4e8631acc792892a7850af20af25bd44328bfca5b773357cdf7917283eb3cb71
S1A_IW_GRDH_1SDV_20160817T221236_20160817T221301_012646_013D9A_4929/8452_16073,Bulk Carrier,0,opensar_zip,OpenSARShip_1/S1A_IW_GRDH_1SDV_20160817T221236_20160817T221301_012646_013D9A_4929.zip,S1A_IW_GRDH_1SDV_20160817T221236_20160817T221301_012646_013D9A_4929/Patch_Uint8/Visual_Cargo_x8452_y16073_vv.tif,S1A_IW_GRDH_1SDV_20160817T221236_20160817T221301_012646_013D9A_4929/Patch_Uint8/Visual_Cargo_x8452_y16073_vh.tif,6150,7520d5a11d54fd8ff39f738d6bd506ae72a41ac88045a34e02e48ecb4e70bf6d
S1A_IW_GRDH_1SDV_20160817T221236_20160817T221301_012646_013D9A_4929/8598_16236,Bulk Carrier,0,opensar_zip,OpenSARShip_1/S1A_IW_GRDH_1SDV_20160817T221236_20160817T221301_012646_013D9A_4929.zip,S1A_IW_GRDH_1SDV_20160817T221236_20160817T221301_012646_013D9A_4929/Patch_Uint8/Visual_Cargo_x8598_y16236_vv.tif,S1A_IW_GRDH_1SDV_20160817T221236_20160817T221301_012646_013D9A_4929/Patch_Uint8/Visual_Cargo_x8598_y16236_vh.tif,10692,6e4c6c762fd53b2b7559194e723b23335cd0c69d17e2bacf4ec380fd501b29c4
S1A_IW_GRDH_1SDV_20160817T221236_20160817T221301_012646_013D9A_4929/8638_13419,Bulk Carrier,0,opensar_zip,OpenSARShip_1/S1A_IW_GRDH_1SDV_20160817T221236_20160817T221301_012646_013D9A_4929.zip,S1A_IW_GRDH_1SDV_20160817T221236_20160817T221301_012646_013D9A_4929/Patch_Uint8/Visual_Cargo_x8638_y13419_vv.tif,S1A_IW_GRDH_1SDV_20160817T221236_20160817T221301_012646_013D9A_4929/Patch_Uint8/Visual_Cargo_x8638_y13419_vh.tif,26250,383dbd265577ad4edf4a9ec10cf221b69c7799773946aabc87564e361c44ae30
S1A_IW_GRDH_1SDV_20160817T221236_20160817T221301_012646_013D9A_4929/8638_16059,Bulk Carrier,0,opensar_zip,OpenSARShip_1/S1A_IW_GRDH_1SDV_20160817T221236_20160817T221301_012646_013D9A_4929.zip,S1A_IW_GRDH_1SDV_20160817T221236_20160817T221301_012646_013D9A_4929/Patch_Uint8/Visual_Cargo_x8638_y16059_vv.tif,S1A_IW_GRDH_1SDV_20160817T221236_20160817T221301_012646_013D9A_4929/Patch_Uint8/Visual_Cargo_x8638_y16059_vh.tif,13646,ec716b1f23b4b3ec66d96c033a96d72ed080e27314f7b0219cca3314278d2cdc
S1A_IW_GRDH_1SDV_20160817T221236_20160817T221301_012646_013D9A_4929/8652_12015,Tug,5,opensar_zip,OpenSARShip_1/S1A_IW_GRDH_1SDV_20160817T221236_20160817T221301_012646_013D9A_4929.zip,S1A_IW_GRDH_1SDV_20160817T221236_20160817T221301_012646_013D9A_4929/Patch_Uint8/Visual_Tug_x8652_y12015_vv.tif,S1A_IW_GRDH_1SDV_20160817T221236_20160817T221301_012646_013D9A_4929/Patch_Uint8/Visual_Tug_x8652_y12015_vh.tif,1280,e9288633f367ed876f2402338aae2ae3f3fec2325b207a61a7ab5e1ff5d1e192
S1A_IW_GRDH_1SDV_20160817T221236_20160817T221301_012646_013D9A_4929/872_10537,Bulk Carrier,0,opensar_zip,OpenSARShip_1/S1A_IW_GRDH_1SDV_20160817T221236_20160817T221301_012646_013D9A_4929.zip,S1A_IW_GRDH_1SDV_20160817T221236_20160817T221301_012646_013D9A_4929/Patch_Uint8/Visual_Cargo_x872_y10537_vv.tif,S1A_IW_GRDH_1SDV_20160817T221236_20160817T221301_012646_013D9A_4929/Patch_Uint8/Visual_Cargo_x872_y10537_vh.tif,21058,a11982dcbf24234fe66954d48f5fc30ae3842047d594b74818e4e4eb41d3be40
S1A_IW_GRDH_1SDV_20160817T221236_20160817T221301_012646_013D9A_4929/8765_12545,Bulk Carrier,0,opensar_zip,OpenSARShip_1/S1A_IW_GRDH_1SDV_20160817T221236_20160817T221301_012646_013D9A_4929.zip,S1A_IW_GRDH_1SDV_20160817T221236_20160817T221301_012646_013D9A_4929/Patch_Uint8/Visual_Cargo_x8765_y12545_vv.tif,S1A_IW_GRDH_1SDV_20160817T221236_20160817T221301_012646_013D9A_4929/Patch_Uint8/Visual_Cargo_x8765_y12545_vh.tif,12264,8f6b48fdb08a794d06120a5466a65c7bfbcd507efd36075e25132a0c2731cbf7
S1A_IW_GRDH_1SDV_20160817T221236_20160817T221301_012646_013D9A_4929/8855_16102,Bulk Carrier,0,opensar_zip,OpenSARShip_1/S1A_IW_GRDH_1SDV_20160817T221236_20160817T221301_012646_013D9A_4929.zip,S1A_IW_GRDH_1SDV_20160817T221236_20160817T221301_012646_013D9A_4929/Patch_Uint8/Visual_Cargo_x8855_y16102_vv.tif,S1A_IW_GRDH_1SDV_20160817T221236_20160817T221301_012646_013D9A_4929/Patch_Uint8/Visual_Cargo_x8855_y16102_vh.tif,6918,a9e8dbb44086959188978a7530d3efc46829fe1f6dec8603cb6f589dc1159935
S1A_IW_GRDH_1SDV_20160817T221236_20160817T221301_012646_013D9A_4929/8948_13321,Bulk Carrier,0,opensar_zip,OpenSARShip_1/S1A_IW_GRDH_1SDV_20160817T221236_20160817T221301_012646_013D9A_4929.zip,S1A_IW_GRDH_1SDV_20160817T221236_20160817T221301_012646_013D9A_4929/Patch_Uint8/Visual_Cargo_x8948_y13321_vv.tif,S1A_IW_GRDH_1SDV_20160817T221236_20160817T221301_012646_013D9A_4929/Patch_Uint8/Visual_Cargo_x8948_y13321_vh.tif,15000,a9aa27d5bd905662d13a8ba3efebfe053b67b7167555f505a8c77e797e72395a
S1A_IW_GRDH_1SDV_20160817T221236_20160817T221301_012646_013D9A_4929/8971_12543,Container Ship,1,opensar_zip,OpenSARShip_1/S1A_IW_GRDH_1SDV_20160817T221236_20160817T221301_012646_013D9A_4929.zip,S1A_IW_GRDH_1SDV_20160817T221236_20160817T221301_012646_013D9A_4929/Patch_Uint8/Visual_Cargo_x8971_y12543_vv.tif,S1A_IW_GRDH_1SDV_20160817T221236_20160817T221301_012646_013D9A_4929/Patch_Uint8/Visual_Cargo_x8971_y12543_vh.tif,7000,9ea775f22aa31d4c9a7e8b9199aa5bf543f052559bc7353f3d0db3dbe0f39ca7
S1A_IW_GRDH_1SDV_20160817T221236_20160817T221301_012646_013D9A_4929/8983_13532,Bulk Carrier,0,opensar_zip,OpenSARShip_1/S1A_IW_GRDH_1SDV_20160817T221236_20160817T221301_012646_013D9A_4929.zip,S1A_IW_GRDH_1SDV_20160817T221236_20160817T221301_012646_013D9A_4929/Patch_Uint8/Visual_Cargo_x8983_y13532_vv.tif,S1A_IW_GRDH_1SDV_20160817T221236_20160817T221301_012646_013D9A_4929/Patch_Uint8/Visual_Cargo_x8983_y13532_vh.tif,11228,e27104616a5df2aa46a1d1692973450ab8052085a6d2cfa14ca32d2399969eac
S1A_IW_GRDH_1SDV_20160817T221236_20160817T221301_012646_013D9A_4929/9086_13200,Bulk Carrier,0,opensar_zip,OpenSARShip_1/S1A_IW_GRDH_1SDV_20160817T221236_20160817T221301_012646_013D9A_4929.zip,S1A_IW_GRDH_1SDV_20160817T221236_20160817T221301_012646_013D9A_4929/Patch_Uint8/Visual_Cargo_x9086_y13200_vv.tif,S1A_IW_GRDH_1SDV_20160817T221236_20160817T221301_012646_013D9A_4929/Patch_Uint8/Visual_Cargo_x9086_y13200_vh.tif,28718,061add5c0b44db8f340d37278747f63bd99d73cbbb8c4356fe8747e8200dd7ab
S1A_IW_GRDH_1SDV_20160817T221236_20160817T221301_012646_013D9A_4929/9140_13083,Bulk Carrier,0,opensar_zip,OpenSARShip_1/S1A_IW_GRDH_1SDV_20160817T221236_20160817T221301_012646_013D9A_4929.zip,S1A_IW_GRDH_1SDV_20160817T221236_20160817T221301_012646_013D9A_4929/Patch_Uint8/Visual_Cargo_x9140_y13083_vv.tif,S1A_IW_GRDH_1SDV_20160817T221236_20160817T221301_012646_013D9A_4929/Patch_Uint8/Visual_Cargo_x9140_y13083_vh.tif,27286,8bffa71eab4119cdba2b9f5b79b7fb7b1ed49da4d1a71c369aded083351cb5a2
S1A_IW_GRDH_1SDV_20160817T221236_20160817T221301_012646_013D9A_4929/9237_13180,Tanker,4,opensar_zip,OpenSARShip_1/S1A_IW_GRDH_1SDV_20160817T221236_20160817T221301_012646_013D9A_4929.zip,S1A_IW_GRDH_1SDV_20160817T221236_20160817T221301_012646_013D9A_4929/Patch_Uint8/Visual_Tanker_x9237_y13180_vv.tif,S1A_IW_GRDH_1SDV_20160817T221236_20160817T221301_012646_013D9A_4929/Patch_Uint8/Visual_Tanker_x9237_y13180_vh.tif,26444,8fa73c9f5a548fcdd6eaf4946982ba6b7b9ab40b2072a7ad71b54f205d8c4093
S1A_IW_GRDH_1SDV_20160817T221236_20160817T221301_012646_013D9A_4929/9376_15281,Tanker,4,opensar_zip,OpenSARShip_1/S1A_IW_GRDH_1SDV_20160817T221236_20160817T221301_012646_013D9A_4929.zip,S1A_IW_GRDH_1SDV_20160817T221236_20160817T221301_012646_013D9A_4929/Patch_Uint8/Visual_Tanker_x9376_y15281_vv.tif,S1A_IW_GRDH_1SDV_20160817T221236_20160817T221301_012646_013D9A_4929/Patch_Uint8/Visual_Tanker_x9376_y15281_vh.tif,1322,20c0f256cb8abd458dcf2492aee7a333fdca05b844dacf4865c117ad3a7bd022
S1A_IW_GRDH_1SDV_20161018T095407_20161018T095432_013543_015ACD_AB15/14481_14091,Bulk Carrier,0,opensar_zip,OpenSARShip_1/S1A_IW_GRDH_1SDV_20161018T095407_20161018T095432_013543_015ACD_AB15.zip,S1A_IW_GRDH_1SDV_20161018T095407_20161018T095432_013543_015ACD_AB15/Patch_Uint8/Visual_Cargo_x14481_y14091_vv.tif,S1A_IW_GRDH_1SDV_20161018T095407_20161018T095432_013543_015ACD_AB15/Patch_Uint8/Visual_Cargo_x14481_y14091_vh.tif,10100,2fe454f4bf795270b7e36aa180a1be421ab59196d5fc830b82279c39de402861
S1A_IW_GRDH_1SDV_20161018T095407_20161018T095432_013543_015ACD_AB15/14582_13983,Bulk Carrier,0,opensar_zip,OpenSARShip_1/S1A_IW_GRDH_1SDV_20161018T095407_20161018T095432_013543_015ACD_AB15.zip,S1A_IW_GRDH_1SDV_20161018T095407_20161018T095432_013543_015ACD_AB15/Patch_Uint8/Visual_Cargo_x14582_y13983_vv.tif,S1A_IW_GRDH_1SDV_20161018T095407_20161018T095432_013543_015ACD_AB15/Patch_Uint8/Visual_Cargo_x14582_y13983_vh.tif,7032,1d6fe03f7e83cd4b3554f8a7a3977088864b997617e58102f7281c7f0bbbaeb0
S1A_IW_GRDH_1SDV_20161018T095407_20161018T095432_013543_015ACD_AB15/14613_14113,Bulk Carrier,0,opensar_zip,OpenSARShip_1/S1A_IW_GRDH_1SDV_20161018T095407_20161018T095432_013543_015ACD_AB15.zip,S1A_IW_GRDH_1SDV_20161018T095407_20161018T095432_013543_015ACD_AB15/Patch_Uint8/Visual_Cargo_x14613_y14113_vv.tif,S1A_IW_GRDH_1SDV_20161018T095407_20161018T095432_013543_015ACD_AB15/Patch_Uint8/Visual_Cargo_x14613_y14113_vh.tif,11252,f22e4bf1083ab188c530c3371d28b8df9bfd9569a700712bcaa4205c1ee43e91
S1A_IW_GRDH_1SDV_20161018T095407_20161018T095432_013543_015ACD_AB15/14720_13976,Bulk Carrier,0,opensar_zip,OpenSARShip_1/S1A_IW_GRDH_1SDV_20161018T095407_20161018T095432_013543_015ACD_AB15.zip,S1A_IW_GRDH_1SDV_20161018T095407_20161018T095432_013543_015ACD_AB15/Patch_Uint8/Visual_Cargo_x14720_y13976_vv.tif,S1A_IW_GRDH_1SDV_20161018T095407_20161018T095432_013543_015ACD_AB15/Patch_Uint8/Visual_Cargo_x14720_y13976_vh.tif,9002,12a5e3b2648aa52edbd239af0c34e7fc194189cedcfa7cfa210452901f6c370f
S1A_IW_GRDH_1SDV_20161018T095407_20161018T095432_013543_015ACD_AB15/14814_14273,Tanker,4,opensar_zip,OpenSARShip_1/S1A_IW_GRDH_1SDV_20161018T095407_20161018T095432_013543_015ACD_AB15.zip,S1A_IW_GRDH_1SDV_20161018T095407_20161018T095432_013543_015ACD_AB15/Patch_Uint8/Visual_Tanker_x14814_y14273_vv.tif,S1A_IW_GRDH_1SDV_20161018T095407_20161018T095432_013543_015ACD_AB15/Patch_Uint8/Visual_Tanker_x14814_y14273_vh.tif,3192,44d2540712722f3e2f397a71ca3372495be93963dd34abc15a625092dc033791
S1A_IW_GRDH_1SDV_20161018T095407_20161018T095432_013543_015ACD_AB15/14824_14298,Tanker,4,opensar_zip,OpenSARShip_1/S1A_IW_GRDH_1SDV_20161018T095407_20161018T095432_013543_015ACD_AB15.zip,S1A_IW_GRDH_1SDV_20161018T095407_20161018T095432_013543_015ACD_AB15/Patch_Uint8/Visual_Tanker_x14824_y14298_vv.tif,S1A_IW_GRDH_1SDV_20161018T095407_20161018T095432_013543_015ACD_AB15/Patch_Uint8/Visual_Tanker_x14824_y14298_vh.tif,2652,0d125d983633dd1f9f92099d871d45b8b2570de6c8808b95476b76afe06e8a08
S1A_IW_GRDH_1SDV_20161018T095407_20161018T095432_013543_015ACD_AB15/14890_14023,Bulk Carrier,0,opensar_zip,OpenSARShip_1/S1A_IW_GRDH_1SDV_20161018T095407_20161018T095432_013543_015ACD_AB15.zip,S1A_IW_GRDH_1SDV_20161018T095407_20161018T095432_013543_015ACD_AB15/Patch_Uint8/Visual_Cargo_x14890_y14023_vv.tif,S1A_IW_GRDH_1SDV_20161018T095407_20161018T095432_013543_015ACD_AB15/Patch_Uint8/Visual_Cargo_x14890_y14023_vh.tif,9320,b9058cb8d50e49c995b925a52ec275a41c2f58e69d2ab09a1cefa14eba326b16
S1A_IW_GRDH_1SDV_20161018T095407_20161018T095432_013543_015ACD_AB15/14914_14182,Tanker,4,opensar_zip,OpenSARShip_1/S1A_IW_GRDH_1SDV_20161018T095407_20161018T095432_013543_015ACD_AB15.zip,S1A_IW_GRDH_1SDV_20161018T095407_20161018T095432_013543_015ACD_AB15/Patch_Uint8/Visual_Tanker_x14914_y14182_vv.tif,S1A_IW_GRDH_1SDV_20161018T095407_20161018T095432_013543_015ACD_AB15/Patch_Uint8/Visual_Tanker_x14914_y14182_vh.tif,2636,88e3271fcc4462b67693caffe2e21610c6bb58dc9e3fe2448757dfe2a558baa9
S1A_IW_GRDH_1SDV_20161018T095407_20161018T095432_013543_015ACD_AB15/14924_14073,Bulk Carrier,0,opensar_zip,OpenSARShip_1/S1A_IW_GRDH_1SDV_20161018T095407_20161018T095432_013543_015ACD_AB15.zip,S1A_IW_GRDH_1SDV_20161018T095407_20161018T095432_013543_015ACD_AB15/Patch_Uint8/Visual_Cargo_x14924_y14073_vv.tif,S1A_IW_GRDH_1SDV_20161018T095407_20161018T095432_013543_015ACD_AB15/Patch_Uint8/Visual_Cargo_x14924_y14073_vh.tif,12218,e55421be5da4041c0d5a68f8e87ddc6cf3ae7dc92ba40bc68cdabe7e59a0b196
S1A_IW_GRDH_1SDV_20161018T095407_20161018T095432_013543_015ACD_AB15/15001_14148,Tanker,4,opensar_zip,OpenSARShip_1/S1A_IW_GRDH_1SDV_20161018T095407_20161018T095432_013543_015ACD_AB15.zip,S1A_IW_GRDH_1SDV_20161018T095407_20161018T095432_013543_015ACD_AB15/Patch_Uint8/Visual_Tanker_x15001_y14148_vv.tif,S1A_IW_GRDH_1SDV_20161018T095407_20161018T095432_013543_015ACD_AB15/Patch_Uint8/Visual_Tanker_x15001_y14148_vh.tif,3222,302f7232dc320faf9bb4079b90ad3476792ae42b7f60b589c0addbfe172555a8
S1A_IW_GRDH_1SDV_20161018T095407_20161018T095432_013543_015ACD_AB15/15342_11582,Tanker,4,opensar_zip,OpenSARShip_1/S1A_IW_GRDH_1SDV_20161018T095407_20161018T095432_013543_015ACD_AB15.zip,S1A_IW_GRDH_1SDV_20161018T095407_20161018T095432_013543_015ACD_AB15/Patch_Uint8/Visual_Tanker_x15342_y11582_vv.tif,S1A_IW_GRDH_1SDV_20161018T095407_20161018T095432_013543_015ACD_AB15/Patch_Uint8/Visual_Tanker_x15342_y11582_vh.tif,62474,3dbc05d1ad5c568dafb2819031810149edcf724286905c3208c9963cad84c36f
S1A_IW_GRDH_1SDV_20161018T095407_20161018T095432_013543_015ACD_AB15/15674_12118,Container Ship,1,opensar_zip,OpenSARShip_1/S1A_IW_GRDH_1SDV_20161018T095407_20161018T095432_013543_015ACD_AB15.zip,S1A_IW_GRDH_1SDV_20161018T095407_20161018T095432_013543_015ACD_AB15/Patch_Uint8/Visual_Cargo_x15674_y12118_vv.tif,S1A_IW_GRDH_1SDV_20161018T095407_20161018T095432_013543_015ACD_AB15/Patch_Uint8/Visual_Cargo_x15674_y12118_vh.tif,23212,e94969befe799190c872fcee8b8bd8f77a94707185550c46765ecbe586950be3
S1A_IW_GRDH_1SDV_20161018T095407_20161018T095432_013543_015ACD_AB15/16169_10865,Bulk Carrier,0,opensar_zip,OpenSARShip_1/S1A_IW_GRDH_1SDV_20161018T095407_20161018T095432_013543_015ACD_AB15.zip,S1A_IW_GRDH_1SDV_20161018T095407_20161018T095432_013543_015ACD_AB15/Patch_Uint8/Visual_Cargo_x16169_y10865_vv.tif,S1A_IW_GRDH_1SDV_20161018T095407_20161018T095432_013543_015ACD_AB15/Patch_Uint8/Visual_Cargo_x16169_y10865_vh.tif,26986,d5a9a0d49bcc7eb1d0680190389b93cfc88c49a4cdc9eab499e59089def865c8
S1A_IW_GRDH_1SDV_20161018T095407_20161018T095432_013543_015ACD_AB15/16321_12469,Bulk Carrier,0,opensar_zip,OpenSARShip_1/S1A_IW_GRDH_1SDV_20161018T095407_20161018T095432_013543_015ACD_AB15.zip,S1A_IW_GRDH_1SDV_20161018T095407_20161018T095432_013543_015ACD_AB15/Patch_Uint8/Visual_Cargo_x16321_y12469_vv.tif,S1A_IW_GRDH_1SDV_20161018T095407_20161018T095432_013543_015ACD_AB15/Patch_Uint8/Visual_Cargo_x16321_y12469_vh.tif,11260,8e0d8b0ca04aa1eae886f6f2626e5428cb7864b94069f8e0b100a6f76c3459d7
S1A_IW_GRDH_1SDV_20161018T095407_20161018T095432_013543_015ACD_AB15/17285_11572,Tanker,4,opensar_zip,OpenSARShip_1/S1A_IW_GRDH_1SDV_20161018T095407_20161018T095432_013543_015ACD_AB15.zip,S1A_IW_GRDH_1SDV_20161018T095407_20161018T095432_013543_015ACD_AB15/Patch_Uint8/Visual_Tanker_x17285_y11572_vv.tif,S1A_IW_GRDH_1SDV_20161018T095407_20161018T095432_013543_015ACD_AB15/Patch_Uint8/Visual_Tanker_x17285_y11572_vh.tif,25298,d11785d1882a7a80c2839c059500c882d7abc3853fdf3245f0c3ce284b007332
