sample_id,label_name,label,source_kind,image_path,file_size_bytes,sha256
2tfa6x37oerz2lyiw6hp47058/Data/NovaSAR_01_50023_grd_13_231122_222520_HH_7/ship_patches_uint8/NovaSAR_01_50023_grd_13_231122_222520_HH_7_patch_5_Tanker_uint8.tif,Tanker,0,file,NovaSAR_dataset/2tfa6x37oerz2lyiw6hp47058/Data/NovaSAR_01_50023_grd_13_231122_222520_HH_7/ship_patches_uint8/NovaSAR_01_50023_grd_13_231122_222520_HH_7_patch_5_Tanker_uint8.tif,322310,1a124c16075f589756a9c10118756cd227aeba005d9e53a164c1dbe500a2ae09
2tfa6x37oerz2lyiw6hp47058/Data/NovaSAR_01_50023_grd_13_231122_222542_HH_11/ship_patches_uint8/NovaSAR_01_50023_grd_13_231122_222542_HH_11_patch_2_Cargo_uint8.tif,Cargo,2,file,NovaSAR_dataset/2tfa6x37oerz2lyiw6hp47058/Data/NovaSAR_01_50023_grd_13_231122_222542_HH_11/ship_patches_uint8/NovaSAR_01_50023_grd_13_231122_222542_HH_11_patch_2_Cargo_uint8.tif,320593,ce2b7cbd26ee3968d29273964d578f24bd952f5c19372f8cc203ea5a5aaffced
2tfa6x37oerz2lyiw6hp47058/Data/NovaSAR_01_50023_grd_13_231122_222548_HH_12/ship_patches_uint8/NovaSAR_01_50023_grd_13_231122_222548_HH_12_patch_12_Cargo_uint8.tif,Cargo,2,file,NovaSAR_dataset/2tfa6x37oerz2lyiw6hp47058/Data/NovaSAR_01_50023_grd_13_231122_222548_HH_12/ship_patches_uint8/NovaSAR_01_50023_grd_13_231122_222548_HH_12_patch_12_Cargo_uint8.tif,317362,6844ab9b9f34b7170b6c1c532c079a179f956fbc20dbf1c3a90ae931c567ae64
2tfa6x37oerz2lyiw6hp47058/Data/NovaSAR_01_50023_grd_13_231122_222548_HH_12/ship_patches_uint8/NovaSAR_01_50023_grd_13_231122_222548_HH_12_patch_4_Tanker_uint8.tif,Tanker,0,file,NovaSAR_dataset/2tfa6x37oerz2lyiw6hp47058/Data/NovaSAR_01_50023_grd_13_231122_222548_HH_12/ship_patches_uint8/NovaSAR_01_50023_grd_13_231122_222548_HH_12_patch_4_Tanker_uint8.tif,314655,a4d8a9162300ff078366292894f9987c2040560d7a2d4740a3875d30e69f3425
2tfa6x37oerz2lyiw6hp47058/Data/NovaSAR_01_50052_grd_13_231123_223044_HH_3/ship_patches_uint8/NovaSAR_01_50052_grd_13_231123_223044_HH_3_patch_3_Cargo_uint8.tif,Cargo,2,file,NovaSAR_dataset/2tfa6x37oerz2lyiw6hp47058/Data/NovaSAR_01_50052_grd_13_231123_223044_HH_3/ship_patches_uint8/NovaSAR_01_50052_grd_13_231123_223044_HH_3_patch_3_Cargo_uint8.tif,319513,06b82d33a4a09fd2224e71654b8a8517e50777b846562eedd02f9d2290b86f0a
2tfa6x37oerz2lyiw6hp47058/Data/NovaSAR_01_50052_grd_13_231123_223050_HH_4/ship_patches_uint8/NovaSAR_01_50052_grd_13_231123_223050_HH_4_patch_1_Cargo_uint8.tif,Cargo,2,file,NovaSAR_dataset/2tfa6x37oerz2lyiw6hp47058/Data/NovaSAR_01_50052_grd_13_231123_223050_HH_4/ship_patches_uint8/NovaSAR_01_50052_grd_13_231123_223050_HH_4_patch_1_Cargo_uint8.tif,322226,67bcf82c2656626fed1327d33187751073181ec0bf7ccb778fc158cc2121e84b
2tfa6x37oerz2lyiw6hp47058/Data/NovaSAR_01_50052_grd_13_231123_223050_HH_4/ship_patches_uint8/NovaSAR_01_50052_grd_13_231123_223050_HH_4_patch_2_Cargo_uint8.tif,Cargo,2,file,NovaSAR_dataset/2tfa6x37oerz2lyiw6hp47058/Data/NovaSAR_01_50052_grd_13_231123_223050_HH_4/ship_patches_uint8/NovaSAR_01_50052_grd_13_231123_223050_HH_4_patch_2_Cargo_uint8.tif,326882,c2c7b7d973c2bd912cbf7fb50bdf8ae9632881ae3c09ecb7be042157d8f67789
2tfa6x37oerz2lyiw6hp47058/Data/NovaSAR_01_50052_grd_13_231123_223107_HH_7/ship_patches_uint8/NovaSAR_01_50052_grd_13_231123_223107_HH_7_patch_11_Cargo_uint8.tif,Cargo,2,file,NovaSAR_dataset/2tfa6x37oerz2lyiw6hp47058/Data/NovaSAR_01_50052_grd_13_231123_223107_HH_7/ship_patches_uint8/NovaSAR_01_50052_grd_13_231123_223107_HH_7_patch_11_Cargo_uint8.tif,333402,dd2f1416dea90d1057b4ddcd95a62cdd8b2cd4bc35094122df2839a1569e0736
2tfa6x37oerz2lyiw6hp47058/Data/NovaSAR_01_50052_grd_13_231123_223118_HH_9/ship_patches_uint8/NovaSAR_01_50052_grd_13_231123_223118_HH_9_patch_2_Cargo_uint8.tif,Cargo,2,file,NovaSAR_dataset/2tfa6x37oerz2lyiw6hp47058/Data/NovaSAR_01_50052_grd_13_231123_223118_HH_9/ship_patches_uint8/NovaSAR_01_50052_grd_13_231123_223118_HH_9_patch_2_Cargo_uint8.tif,329738,56509301b121ced3e3c497d4c288b5f0c293270bf3299f28ade931a8ed71c698
2tfa6x37oerz2lyiw6hp47058/Data/NovaSAR_01_50052_grd_13_231123_223129_HH_11/ship_patches_uint8/NovaSAR_01_50052_grd_13_231123_223129_HH_11_patch_2_Cargo_uint8.tif,Cargo,2,file,NovaSAR_dataset/2tfa6x37oerz2lyiw6hp47058/Data/NovaSAR_01_50052_grd_13_231123_223129_HH_11/ship_patches_uint8/NovaSAR_01_50052_grd_13_231123_223129_HH_11_patch_2_Cargo_uint8.tif,334355,e3ec8322f54add368427e8c42099eb8e41cd299dd4c511b12540926bdb55dd12
2tfa6x37oerz2lyiw6hp47058/Data/NovaSAR_01_50052_grd_13_231123_223129_HH_11/ship_patches_uint8/NovaSAR_01_50052_grd_13_231123_223129_HH_11_patch_4_Tanker_uint8.tif,Tanker,0,file,NovaSAR_dataset/2tfa6x37oerz2lyiw6hp47058/Data/NovaSAR_01_50052_grd_13_231123_223129_HH_11/ship_patches_uint8/NovaSAR_01_50052_grd_13_231123_223129_HH_11_patch_4_Tanker_uint8.tif,331212,298dccb6be2addc99181c5f4459d83f26993883afdc46b6e1a6d6dde3e81fdaa
2tfa6x37oerz2lyiw6hp47058/Data/NovaSAR_01_50082_grd_13_231124_223625_HH_2/ship_patches_uint8/NovaSAR_01_50082_grd_13_231124_223625_HH_2_patch_1_Cargo_uint8.tif,Cargo,2,file,NovaSAR_dataset/2tfa6x37oerz2lyiw6hp47058/Data/NovaSAR_01_50082_grd_13_231124_223625_HH_2/ship_patches_uint8/NovaSAR_01_50082_grd_13_231124_223625_HH_2_patch_1_Cargo_uint8.tif,322607,b427a7470f373fea41c7f29b738f5fd416f12f2d542526f141b05b41dc2abe99
2tfa6x37oerz2lyiw6hp47058/Data/NovaSAR_01_50082_grd_13_231124_223625_HH_2/ship_patches_uint8/NovaSAR_01_50082_grd_13_231124_223625_HH_2_patch_2_Cargo_uint8.tif,Cargo,2,file,NovaSAR_dataset/2tfa6x37oerz2lyiw6hp47058/Data/NovaSAR_01_50082_grd_13_231124_223625_HH_2/ship_patches_uint8/NovaSAR_01_50082_grd_13_231124_223625_HH_2_patch_2_Cargo_uint8.tif,327748,21d751c52e008df373252392250a5953c22edb4c88ab52f6458390cde64a7825
2tfa6x37oerz2lyiw6hp47058/Data/NovaSAR_01_50082_grd_13_231124_223625_HH_2/ship_patches_uint8/NovaSAR_01_50082_grd_13_231124_223625_HH_2_patch_3_Cargo_uint8.tif,Cargo,2,file,NovaSAR_dataset/2tfa6x37oerz2lyiw6hp47058/Data/NovaSAR_01_50082_grd_13_231124_223625_HH_2/ship_patches_uint8/NovaSAR_01_50082_grd_13_231124_223625_HH_2_patch_3_Cargo_uint8.tif,324020,7aa954492e7df8fb2d6bab128fffb57aa1f6a354fe470ad9a95354b908b02689
2tfa6x37oerz2lyiw6hp47058/Data/NovaSAR_01_50082_grd_13_231124_223631_HH_3/ship_patches_uint8/NovaSAR_01_50082_grd_13_231124_223631_HH_3_patch_1_Fishing_uint8.tif,Fishing,1,file,NovaSAR_dataset/2tfa6x37oerz2lyiw6hp47058/Data/NovaSAR_01_50082_grd_13_231124_223631_HH_3/ship_patches_uint8/NovaSAR_01_50082_grd_13_231124_223631_HH_3_patch_1_Fishing_uint8.tif,333851,9d327aaa69f31bbc8d6b25e6f5afb46b3dae55fc06b49df8f7fafa2cd38abbd7
2tfa6x37oerz2lyiw6hp47058/Data/NovaSAR_01_50082_grd_13_231124_223631_HH_3/ship_patches_uint8/NovaSAR_01_50082_grd_13_231124_223631_HH_3_patch_2_Cargo_uint8.tif,Cargo,2,file,NovaSAR_dataset/2tfa6x37oerz2lyiw6hp47058/Data/NovaSAR_01_50082_grd_13_231124_223631_HH_3/ship_patches_uint8/NovaSAR_01_50082_grd_13_231124_223631_HH_3_patch_2_Cargo_uint8.tif,331502,a9cd27e7338e613fce54558aab463aec5cde4e0e9a505a8710c1391b70024e2d
2tfa6x37oerz2lyiw6hp47058/Data/NovaSAR_01_50082_grd_13_231124_223631_HH_3/ship_patches_uint8/NovaSAR_01_50082_grd_13_231124_223631_HH_3_patch_4_Fishing_uint8.tif,Fishing,1,file,NovaSAR_dataset/2tfa6x37oerz2lyiw6hp47058/Data/NovaSAR_01_50082_grd_13_231124_223631_HH_3/ship_patches_uint8/NovaSAR_01_50082_grd_13_231124_223631_HH_3_patch_4_Fishing_uint8.tif,328223,47e2941d516883e0b65fddf1988f1825a006b7c575370fdff32b9ecf4e1a8cc1
2tfa6x37oerz2lyiw6hp47058/Data/NovaSAR_01_50361_grd_13_231204_084919_HH_3/ship_patches_uint8/NovaSAR_01_50361_grd_13_231204_084919_HH_3_patch_1_Cargo_uint8.tif,Cargo,2,file,NovaSAR_dataset/2tfa6x37oerz2lyiw6hp47058/Data/NovaSAR_01_50361_grd_13_231204_084919_HH_3/ship_patches_uint8/NovaSAR_01_50361_grd_13_231204_084919_HH_3_patch_1_Cargo_uint8.tif,333766,162ee509bc6290ca1150d24169592fb05f6712db0fdb93404f667e21ce933042
2tfa6x37oerz2lyiw6hp47058/Data/NovaSAR_01_50361_grd_13_231204_084919_HH_3/ship_patches_uint8/NovaSAR_01_50361_grd_13_231204_084919_HH_3_patch_2_Cargo_uint8.tif,Cargo,2,file,NovaSAR_dataset/2tfa6x37oerz2lyiw6hp47058/Data/NovaSAR_01_50361_grd_13_231204_084919_HH_3/ship_patches_uint8/NovaSAR_01_50361_grd_13_231204_084919_HH_3_patch_2_Cargo_uint8.tif,334834,e3adab99b9b4b0e544cf9e9b3efbb6632009f5825daa100d4c9f9b019c76467e
2tfa6x37oerz2lyiw6hp47058/Data/NovaSAR_01_50361_grd_13_231204_084919_HH_3/ship_patches_uint8/NovaSAR_01_50361_grd_13_231204_084919_HH_3_patch_3_Tanker_uint8.tif,Tanker,0,file,NovaSAR_dataset/2tfa6x37oerz2lyiw6hp47058/Data/NovaSAR_01_50361_grd_13_231204_084919_HH_3/ship_patches_uint8/NovaSAR_01_50361_grd_13_231204_084919_HH_3_patch_3_Tanker_uint8.tif,324320,b900e6bab639faee7d02460ce3d82395e51ff34f06f595742e84db0f3c7833bc
2tfa6x37oerz2lyiw6hp47058/Data/NovaSAR_01_50361_grd_13_231204_084924_HH_4/ship_patches_uint8/NovaSAR_01_50361_grd_13_231204_084924_HH_4_patch_1_Cargo_uint8.tif,Cargo,2,file,NovaSAR_dataset/2tfa6x37oerz2lyiw6hp47058/Data/NovaSAR_01_50361_grd_13_231204_084924_HH_4/ship_patches_uint8/NovaSAR_01_50361_grd_13_231204_084924_HH_4_patch_1_Cargo_uint8.tif,328819,0f52cf75571e83bc3a5ba3d77d2d384532057777d21665a50a659e091a8768f3
2tfa6x37oerz2lyiw6hp47058/Data/NovaSAR_01_50361_grd_13_231204_084924_HH_4/ship_patches_uint8/NovaSAR_01_50361_grd_13_231204_084924_HH_4_patch_3_Cargo_uint8.tif,Cargo,2,file,NovaSAR_dataset/2tfa6x37oerz2lyiw6hp47058/Data/NovaSAR_01_50361_grd_13_231204_084924_HH_4/ship_patches_uint8/NovaSAR_01_50361_grd_13_231204_084924_HH_4_patch_3_Cargo_uint8.tif,334253,324bfa75c0587885285cf3ad69d85faacda8c32565568c04d0cfbec4a381418d
2tfa6x37oerz2lyiw6hp47058/Data/NovaSAR_01_50361_grd_13_231204_084947_HH_8/ship_patches_uint8/NovaSAR_01_50361_grd_13_231204_084947_HH_8_patch_1_Cargo_uint8.tif,Cargo,2,file,NovaSAR_dataset/2tfa6x37oerz2lyiw6hp47058/Data/NovaSAR_01_50361_grd_13_231204_084947_HH_8/ship_patches_uint8/NovaSAR_01_50361_grd_13_231204_084947_HH_8_patch_1_Cargo_uint8.tif,298971,6fdf5f2da847ded5171d6b63180174d88370ca281ab22a5ef91d9bd4c479294d
2tfa6x37oerz2lyiw6hp47058/Data/NovaSAR_01_50361_grd_13_231204_084947_HH_8/ship_patches_uint8/NovaSAR_01_50361_grd_13_231204_084947_HH_8_patch_2_Tanker_uint8.tif,Tanker,0,file,NovaSAR_dataset/2tfa6x37oerz2lyiw6hp47058/Data/NovaSAR_01_50361_grd_13_231204_084947_HH_8/ship_patches_uint8/NovaSAR_01_50361_grd_13_231204_084947_HH_8_patch_2_Tanker_uint8.tif,294365,c35036cb92a5129c2216e632b451645d4983ad06579c35329f4306536defa81a
2tfa6x37oerz2lyiw6hp47058/Data/NovaSAR_01_50361_grd_13_231204_084947_HH_8/ship_patches_uint8/NovaSAR_01_50361_grd_13_231204_084947_HH_8_patch_3_Fishing_uint8.tif,Fishing,1,file,NovaSAR_dataset/2tfa6x37oerz2lyiw6hp47058/Data/NovaSAR_01_50361_grd_13_231204_084947_HH_8/ship_patches_uint8/NovaSAR_01_50361_grd_13_231204_084947_HH_8_patch_3_Fishing_uint8.tif,338721,36439a446e2149a121638ace910165701369a33d6362137919ce80b0320c4e69
2tfa6x37oerz2lyiw6hp47058/Data/NovaSAR_01_50361_grd_13_231204_084947_HH_8/ship_patches_uint8/NovaSAR_01_50361_grd_13_231204_084947_HH_8_patch_4_Fishing_uint8.tif,Fishing,1,file,NovaSAR_dataset/2tfa6x37oerz2lyiw6hp47058/Data/NovaSAR_01_50361_grd_13_231204_084947_HH_8/ship_patches_uint8/NovaSAR_01_50361_grd_13_231204_084947_HH_8_patch_4_Fishing_uint8.tif,341300,31856fdc0a047c73072fe92eac12d592e1aeffef540ee2b2fc8d7dd8abb8bb72
2tfa6x37oerz2lyiw6hp47058/Data/NovaSAR_01_50361_grd_13_231204_084947_HH_8/ship_patches_uint8/NovaSAR_01_50361_grd_13_231204_084947_HH_8_patch_5_Cargo_uint8.tif,Cargo,2,file,NovaSAR_dataset/2tfa6x37oerz2lyiw6hp47058/Data/NovaSAR_01_50361_grd_13_231204_084947_HH_8/ship_patches_uint8/NovaSAR_01_50361_grd_13_231204_084947_HH_8_patch_5_Cargo_uint8.tif,337678,5541414d8a60b4fb592975da85e96730c2e7feaa41cfc1ca8a15a5796feac8f4
2tfa6x37oerz2lyiw6hp47058/Data/NovaSAR_01_50361_grd_13_231204_084947_HH_8/ship_patches_uint8/NovaSAR_01_50361_grd_13_231204_084947_HH_8_patch_6_Cargo_uint8.tif,Cargo,2,file,NovaSAR_dataset/2tfa6x37oerz2lyiw6hp47058/Data/NovaSAR_01_50361_grd_13_231204_084947_HH_8/ship_patches_uint8/NovaSAR_01_50361_grd_13_231204_084947_HH_8_patch_6_Cargo_uint8.tif,332554,20aeed77372e231728d8c161b59278e0f1e90fdb6dea7ea6ac54c1d56a6b6047
2tfa6x37oerz2lyiw6hp47058/Data/NovaSAR_01_50361_grd_13_231204_084953_HH_9/ship_patches_uint8/NovaSAR_01_50361_grd_13_231204_084953_HH_9_patch_1_Tanker_uint8.tif,Tanker,0,file,NovaSAR_dataset/2tfa6x37oerz2lyiw6hp47058/Data/NovaSAR_01_50361_grd_13_231204_084953_HH_9/ship_patches_uint8/NovaSAR_01_50361_grd_13_231204_084953_HH_9_patch_1_Tanker_uint8.tif,318540,be72fa5b76f1214e90739ef612e445979837fb0190ab99552c82ce24212e7c9f
2tfa6x37oerz2lyiw6hp47058/Data/NovaSAR_01_50361_grd_13_231204_084953_HH_9/ship_patches_uint8/NovaSAR_01_50361_grd_13_231204_084953_HH_9_patch_2_Cargo_uint8.tif,Cargo,2,file,NovaSAR_dataset/2tfa6x37oerz2lyiw6hp47058/Data/NovaSAR_01_50361_grd_13_231204_084953_HH_9/ship_patches_uint8/NovaSAR_01_50361_grd_13_231204_084953_HH_9_patch_2_Cargo_uint8.tif,331993,46f4b02a3ff7e7f0525bf3009302e44c4518498f43ff25335cf883bcc70af07e
2tfa6x37oerz2lyiw6hp47058/Data/NovaSAR_01_50361_grd_13_231204_084953_HH_9/ship_patches_uint8/NovaSAR_01_50361_grd_13_231204_084953_HH_9_patch_4_Cargo_uint8.tif,Cargo,2,file,NovaSAR_dataset/2tfa6x37oerz2lyiw6hp47058/Data/NovaSAR_01_50361_grd_13_231204_084953_HH_9/ship_patches_uint8/NovaSAR_01_50361_grd_13_231204_084953_HH_9_patch_4_Cargo_uint8.tif,336032,d4b16070dd4364122c8f4b3f6ff7d1a017f9bac0213540796c3afca18dd240f7
2tfa6x37oerz2lyiw6hp47058/Data/NovaSAR_01_50361_grd_13_231204_084953_HH_9/ship_patches_uint8/NovaSAR_01_50361_grd_13_231204_084953_HH_9_patch_5_Cargo_uint8.tif,Cargo,2,file,NovaSAR_dataset/2tfa6x37oerz2lyiw6hp47058/Data/NovaSAR_01_50361_grd_13_231204_084953_HH_9/ship_patches_uint8/NovaSAR_01_50361_grd_13_231204_084953_HH_9_patch_5_Cargo_uint8.tif,329550,9629518e3cbfdeb8a6dd8a92133626b1c714f5b4e1c4b565d570a9068eda4c9f
2tfa6x37oerz2lyiw6hp47058/Data/NovaSAR_01_50361_grd_13_231204_084953_HH_9/ship_patches_uint8/NovaSAR_01_50361_grd_13_231204_084953_HH_9_patch_6_Tanker_uint8.tif,Tanker,0,file,NovaSAR_dataset/2tfa6x37oerz2lyiw6hp47058/Data/NovaSAR_01_50361_grd_13_231204_084953_HH_9/ship_patches_uint8/NovaSAR_01_50361_grd_13_231204_084953_HH_9_patch_6_Tanker_uint8.tif,319851,24418227c15eda6f039a5a82bf13cf048593b4468e8a9d672824a6c052038d88
2tfa6x37oerz2lyiw6hp47058/Data/NovaSAR_01_50361_grd_13_231204_084958_HH_10/ship_patches_uint8/NovaSAR_01_50361_grd_13_231204_084958_HH_10_patch_1_Cargo_uint8.tif,Cargo,2,file,NovaSAR_dataset/2tfa6x37oerz2lyiw6hp47058/Data/NovaSAR_01_50361_grd_13_231204_084958_HH_10/ship_patches_uint8/NovaSAR_01_50361_grd_13_231204_084958_HH_10_patch_1_Cargo_uint8.tif,333490,ca20bcaf2dda7b51bf0a446a2a3ffc25d22863642dc9f1f1907860fe72a48db1
2tfa6x37oerz2lyiw6hp47058/Data/NovaSAR_01_50361_grd_13_231204_084958_HH_10/ship_patches_uint8/NovaSAR_01_50361_grd_13_231204_084958_HH_10_patch_2_Cargo_uint8.tif,Cargo,2,file,NovaSAR_dataset/2tfa6x37oerz2lyiw6hp47058/Data/NovaSAR_01_50361_grd_13_231204_084958_HH_10/ship_patches_uint8/NovaSAR_01_50361_grd_13_231204_084958_HH_10_patch_2_Cargo_uint8.tif,318462,5f09146612319f60e6116a421df43d2b9d821092561c1c32a6d5f8bb78288d0f
2tfa6x37oerz2lyiw6hp47058/Data/NovaSAR_01_50361_grd_13_231204_084958_HH_10/ship_patches_uint8/NovaSAR_01_50361_grd_13_231204_084958_HH_10_patch_3_Tanker_uint8.tif,Tanker,0,file,NovaSAR_dataset/2tfa6x37oerz2lyiw6hp47058/Data/NovaSAR_01_50361_grd_13_231204_084958_HH_10/ship_patches_uint8/NovaSAR_01_50361_grd_13_231204_084958_HH_10_patch_3_Tanker_uint8.tif,322636,2fd67d36d263ec5e4c5c4e14366a5408959fab3b1c12867ab8e99e6693b7062d
2tfa6x37oerz2lyiw6hp47058/Data/NovaSAR_01_50361_grd_13_231204_084958_HH_10/ship_patches_uint8/NovaSAR_01_50361_grd_13_231204_084958_HH_10_patch_4_Tanker_uint8.tif,Tanker,0,file,NovaSAR_dataset/2tfa6x37oerz2lyiw6hp47058/Data/NovaSAR_01_50361_grd_13_231204_084958_HH_10/ship_patches_uint8/NovaSAR_01_50361_grd_13_231204_084958_HH_10_patch_4_Tanker_uint8.tif,333257,5fe6b3c87b9a68b823e094399dbe779c00f5f000dd34fccca004fe1af27a1eee
2tfa6x37oerz2lyiw6hp47058/Data/NovaSAR_01_50361_grd_13_231204_084958_HH_10/ship_patches_uint8/NovaSAR_01_50361_grd_13_231204_084958_HH_10_patch_5_Cargo_uint8.tif,Cargo,2,file,NovaSAR_dataset/2tfa6x37oerz2lyiw6hp47058/Data/NovaSAR_01_50361_grd_13_231204_084958_HH_10/ship_patches_uint8/NovaSAR_01_50361_grd_13_231204_084958_HH_10_patch_5_Cargo_uint8.tif,338238,702141f62093548df9abbd315f268ec5438a237aa7eadf5289d870fafe6e2bb8
2tfa6x37oerz2lyiw6hp47058/Data/NovaSAR_01_50361_grd_13_231204_085004_HH_11/ship_patches_uint8/NovaSAR_01_50361_grd_13_231204_085004_HH_11_patch_1_Tanker_uint8.tif,Tanker,0,file,NovaSAR_dataset/2tfa6x37oerz2lyiw6hp47058/Data/NovaSAR_01_50361_grd_13_231204_085004_HH_11/ship_patches_uint8/NovaSAR_01_50361_grd_13_231204_085004_HH_11_patch_1_Tanker_uint8.tif,324446,bbd0f8728b7961f0db9e062c31cf8dbd82778f3f37e180e9ded195635e6e111e
2tfa6x37oerz2lyiw6hp47058/Data/NovaSAR_01_50361_grd_13_231204_085004_HH_11/ship_patches_uint8/NovaSAR_01_50361_grd_13_231204_085004_HH_11_patch_3_Fishing_uint8.tif,Fishing,1,file,NovaSAR_dataset/2tfa6x37oerz2lyiw6hp47058/Data/NovaSAR_01_50361_grd_13_231204_085004_HH_11/ship_patches_uint8/NovaSAR_01_50361_grd_13_231204_085004_HH_11_patch_3_Fishing_uint8.tif,340627,dc57491d5ad8e7b1d24737a14c500023931c0d16b015881282d61f7d9a1da8bb
2tfa6x37oerz2lyiw6hp47058/Data/NovaSAR_01_50361_grd_13_231204_085004_HH_11/ship_patches_uint8/NovaSAR_01_50361_grd_13_231204_085004_HH_11_patch_4_Fishing_uint8.tif,Fishing,1,file,NovaSAR_dataset/2tfa6x37oerz2lyiw6hp47058/Data/NovaSAR_01_50361_grd_13_231204_085004_HH_11/ship_patches_uint8/NovaSAR_01_50361_grd_13_231204_085004_HH_11_patch_4_Fishing_uint8.tif,338269,8e60bbd538f5161bd4273d6aeb3fa64c587ead643e4b6457052946536339ffb1
2tfa6x37oerz2lyiw6hp47058/Data/NovaSAR_01_50361_grd_13_231204_085004_HH_11/ship_patches_uint8/NovaSAR_01_50361_grd_13_231204_085004_HH_11_patch_5_Fishing_uint8.tif,Fishing,1,file,NovaSAR_dataset/2tfa6x37oerz2lyiw6hp47058/Data/NovaSAR_01_50361_grd_13_231204_085004_HH_11/ship_patches_uint8/NovaSAR_01_50361_grd_13_231204_085004_HH_11_patch_5_Fishing_uint8.tif,339112,f78e1812a90fbeeb572bb6a0fec5e38112124155ec4ab9583d557ac085064944
2tfa6x37oerz2lyiw6hp47058/Data/NovaSAR_01_50361_grd_13_231204_085004_HH_11/ship_patches_uint8/NovaSAR_01_50361_grd_13_231204_085004_HH_11_patch_7_Fishing_uint8.tif,Fishing,1,file,NovaSAR_dataset/2tfa6x37oerz2lyiw6hp47058/Data/NovaSAR_01_50361_grd_13_231204_085004_HH_11/ship_patches_uint8/NovaSAR_01_50361_grd_13_231204_085004_HH_11_patch_7_Fishing_uint8.tif,338120,18b40f474fe54191ce73f9a8579a480a9d2378a924c613a78fc614e806ba7479
2tfa6x37oerz2lyiw6hp47058/Data/NovaSAR_01_50361_grd_13_231204_085004_HH_11/ship_patches_uint8/NovaSAR_01_50361_grd_13_231204_085004_HH_11_patch_9_Tanker_uint8.tif,Tanker,0,file,NovaSAR_dataset/2tfa6x37oerz2lyiw6hp47058/Data/NovaSAR_01_50361_grd_13_231204_085004_HH_11/ship_patches_uint8/NovaSAR_01_50361_grd_13_231204_085004_HH_11_patch_9_Tanker_uint8.tif,335166,5c067054b7ddfe5b87754b74e4b5ef031818e4649a80d9a920dae6bf61d8f92a
2tfa6x37oerz2lyiw6hp47058/Data/NovaSAR_01_50361_grd_13_231204_085010_HH_12/ship_patches_uint8/NovaSAR_01_50361_grd_13_231204_085010_HH_12_patch_2_Tanker_uint8.tif,Tanker,0,file,NovaSAR_dataset/2tfa6x37oerz2lyiw6hp47058/Data/NovaSAR_01_50361_grd_13_231204_085010_HH_12/ship_patches_uint8/NovaSAR_01_50361_grd_13_231204_085010_HH_12_patch_2_Tanker_uint8.tif,336787,b425ad3b05cf2258d5586dc7eb85c91c89e4b293d9c954d2baa8bf70171237c8
2tfa6x37oerz2lyiw6hp47058/Data/NovaSAR_01_50375_grd_13_231204_215829_HH_5/ship_patches_uint8/NovaSAR_01_50375_grd_13_231204_215829_HH_5_patch_1_Cargo_uint8.tif,Cargo,2,file,NovaSAR_dataset/2tfa6x37oerz2lyiw6hp47058/Data/NovaSAR_01_50375_grd_13_231204_215829_HH_5/ship_patches_uint8/NovaSAR_01_50375_grd_13_231204_215829_HH_5_patch_1_Cargo_uint8.tif,333830,6aaab90fad90af39287440ac671da641dc1cac11994a085427c20d425374e816
2tfa6x37oerz2lyiw6hp47058/Data/NovaSAR_01_50375_grd_13_231204_215829_HH_5/ship_patches_uint8/NovaSAR_01_50375_grd_13_231204_215829_HH_5_patch_2_Tanker_uint8.tif,Tanker,0,file,NovaSAR_dataset/2tfa6x37oerz2lyiw6hp47058/Data/NovaSAR_01_50375_grd_13_231204_215829_HH_5/ship_patches_uint8/NovaSAR_01_50375_grd_13_231204_215829_HH_5_patch_2_Tanker_uint8.tif,334045,4dd8129452cefece5f370c9b96a7bc1db483f7c7d76f5c49a36e16aae2133ea8
2tfa6x37oerz2lyiw6hp47058/Data/NovaSAR_01_50375_grd_13_231204_215835_HH_6/ship_patches_uint8/NovaSAR_01_50375_grd_13_231204_215835_HH_6_patch_1_Tanker_uint8.tif,Tanker,0,file,NovaSAR_dataset/2tfa6x37oerz2lyiw6hp47058/Data/NovaSAR_01_50375_grd_13_231204_215835_HH_6/ship_patches_uint8/NovaSAR_01_50375_grd_13_231204_215835_HH_6_patch_1_Tanker_uint8.tif,330110,972556dd59383cf75eaccd6f0cac68d7695fcefab0828efc930b5e983ab65027
2tfa6x37oerz2lyiw6hp47058/Data/NovaSAR_01_50375_grd_13_231204_215835_HH_6/ship_patches_uint8/NovaSAR_01_50375_grd_13_231204_215835_HH_6_patch_2_Cargo_uint8.tif,Cargo,2,file,NovaSAR_dataset/2tfa6x37oerz2lyiw6hp47058/Data/NovaSAR_01_50375_grd_13_231204_215835_HH_6/ship_patches_uint8/NovaSAR_01_50375_grd_13_231204_215835_HH_6_patch_2_Cargo_uint8.tif,332562,053f3c7b60b10be256f50c50a6eea56aae2e87923b8945f6eb597809573a9dcd
2tfa6x37oerz2lyiw6hp47058/Data/NovaSAR_01_50375_grd_13_231204_215835_HH_6/ship_patches_uint8/NovaSAR_01_50375_grd_13_231204_215835_HH_6_patch_3_Cargo_uint8.tif,Cargo,2,file,NovaSAR_dataset/2tfa6x37oerz2lyiw6hp47058/Data/NovaSAR_01_50375_grd_13_231204_215835_HH_6/ship_patches_uint8/NovaSAR_01_50375_grd_13_231204_215835_HH_6_patch_3_Cargo_uint8.tif,329395,8e29941b6227c8f0783a5e48aa66af506df124e632822247da955a3edc2928e0
2tfa6x37oerz2lyiw6hp47058/Data/NovaSAR_01_50375_grd_13_231204_215835_HH_6/ship_patches_uint8/NovaSAR_01_50375_grd_13_231204_215835_HH_6_patch_4_Cargo_uint8.tif,Cargo,2,file,NovaSAR_dataset/2tfa6x37oerz2lyiw6hp47058/Data/NovaSAR_01_50375_grd_13_231204_215835_HH_6/ship_patches_uint8/NovaSAR_01_50375_grd_13_231204_215835_HH_6_patch_4_Cargo_uint8.tif,328358,d6978f51c612f31067716aeb515afd1e87758b0b637d59f51283f48db1dec1ac
2tfa6x37oerz2lyiw6hp47058/Data/NovaSAR_01_50375_grd_13_231204_215835_HH_6/ship_patches_uint8/NovaSAR_01_50375_grd_13_231204_215835_HH_6_patch_6_Cargo_uint8.tif,Cargo,2,file,NovaSAR_dataset/2tfa6x37oerz2lyiw6hp47058/Data/NovaSAR_01_50375_grd_13_231204_215835_HH_6/ship_patches_uint8/NovaSAR_01_50375_grd_13_231204_215835_HH_6_patch_6_Cargo_uint8.tif,333639,db4c8427da9a252a969608c2e696360afc222b5b781e7b92b8fe8b65832cf615
2tfa6x37oerz2lyiw6hp47058/Data/NovaSAR_01_50375_grd_13_231204_215835_HH_6/ship_patches_uint8/NovaSAR_01_50375_grd_13_231204_215835_HH_6_patch_7_Tanker_uint8.tif,Tanker,0,file,NovaSAR_dataset/2tfa6x37oerz2lyiw6hp47058/Data/NovaSAR_01_50375_grd_13_231204_215835_HH_6/ship_patches_uint8/NovaSAR_01_50375_grd_13_231204_215835_HH_6_patch_7_Tanker_uint8.tif,333225,214988312f466b45d7a1062fa6f0387e981de2a4f6bff2440dc0cb9d8504d023
2tfa6x37oerz2lyiw6hp47058/Data/NovaSAR_01_50375_grd_13_231204_215840_HH_7/ship_patches_uint8/NovaSAR_01_50375_grd_13_231204_215840_HH_7_patch_1_Cargo_uint8.tif,Cargo,2,file,NovaSAR_dataset/2tfa6x37oerz2lyiw6hp47058/Data/NovaSAR_01_50375_grd_13_231204_215840_HH_7/ship_patches_uint8/NovaSAR_01_50375_grd_13_231204_215840_HH_7_patch_1_Cargo_uint8.tif,331058,5e84b0569471d7f3beb13cf5833584dbfa43836d74449b19f0bcdb1bf60795c9
2tfa6x37oerz2lyiw6hp47058/Data/NovaSAR_01_50375_grd_13_231204_215840_HH_7/ship_patches_uint8/NovaSAR_01_50375_grd_13_231204_215840_HH_7_patch_2_Cargo_uint8.tif,Cargo,2,file,NovaSAR_dataset/2tfa6x37oerz2lyiw6hp47058/Data/NovaSAR_01_50375_grd_13_231204_215840_HH_7/ship_patches_uint8/NovaSAR_01_50375_grd_13_231204_215840_HH_7_patch_2_Cargo_uint8.tif,330630,f46b577a5d8c9a86509552a5234d0f602b5efdc46144d264d09b17b4295822e3
2tfa6x37oerz2lyiw6hp47058/Data/NovaSAR_01_50375_grd_13_231204_215846_HH_8/ship_patches_uint8/NovaSAR_01_50375_grd_13_231204_215846_HH_8_patch_1_Cargo_uint8.tif,Cargo,2,file,NovaSAR_dataset/2tfa6x37oerz2lyiw6hp47058/Data/NovaSAR_01_50375_grd_13_231204_215846_HH_8/ship_patches_uint8/NovaSAR_01_50375_grd_13_231204_215846_HH_8_patch_1_Cargo_uint8.tif,336069,901d242faa1a6a03c80346a4ff188af0cce293a026699c21d7fb7001e5949dfd
2tfa6x37oerz2lyiw6hp47058/Data/NovaSAR_01_50375_grd_13_231204_215846_HH_8/ship_patches_uint8/NovaSAR_01_50375_grd_13_231204_215846_HH_8_patch_2_Cargo_uint8.tif,Cargo,2,file,NovaSAR_dataset/2tfa6x37oerz2lyiw6hp47058/Data/NovaSAR_01_50375_grd_13_231204_215846_HH_8/ship_patches_uint8/NovaSAR_01_50375_grd_13_231204_215846_HH_8_patch_2_Cargo_uint8.tif,334070,0e13663fe13b2b801d21b51b9349e4e433c09056f55aa2504ed68268f473e716
2tfa6x37oerz2lyiw6hp47058/Data/NovaSAR_01_50375_grd_13_231204_215846_HH_8/ship_patches_uint8/NovaSAR_01_50375_grd_13_231204_215846_HH_8_patch_3_Cargo_uint8.tif,Cargo,2,file,NovaSAR_dataset/2tfa6x37oerz2lyiw6hp47058/Data/NovaSAR_01_50375_grd_13_231204_215846_HH_8/ship_patches_uint8/NovaSAR_01_50375_grd_13_231204_215846_HH_8_patch_3_Cargo_uint8.tif,334512,7a502545fd493801d6335aa88282e80eb21284102337a7940cc6bfab7828b06e
2tfa6x37oerz2lyiw6hp47058/Data/NovaSAR_01_50375_grd_13_231204_215846_HH_8/ship_patches_uint8/NovaSAR_01_50375_grd_13_231204_215846_HH_8_patch_4_Cargo_uint8.tif,Cargo,2,file,NovaSAR_dataset/2tfa6x37oerz2lyiw6hp47058/Data/NovaSAR_01_50375_grd_13_231204_215846_HH_8/ship_patches_uint8/NovaSAR_01_50375_grd_13_231204_215846_HH_8_patch_4_Cargo_uint8.tif,334882,54bd254bb52726884eaaca82270936a55717e086a95b961e4f13c9a78853bf5e
2tfa6x37oerz2lyiw6hp47058/Data/NovaSAR_01_50375_grd_13_231204_215857_HH_10/ship_patches_uint8/NovaSAR_01_50375_grd_13_231204_215857_HH_10_patch_2_Tanker_uint8.tif,Tanker,0,file,NovaSAR_dataset/2tfa6x37oerz2lyiw6hp47058/Data/NovaSAR_01_50375_grd_13_231204_215857_HH_10/ship_patches_uint8/NovaSAR_01_50375_grd_13_231204_215857_HH_10_patch_2_Tanker_uint8.tif,328310,3d297dab1896d04847be9319bed0ecf4314ace302e0b940da58831a8f83f9d34
2tfa6x37oerz2lyiw6hp47058/Data/NovaSAR_01_50375_grd_13_231204_215903_HH_11/ship_patches_uint8/NovaSAR_01_50375_grd_13_231204_215903_HH_11_patch_3_Cargo_uint8.tif,Cargo,2,file,NovaSAR_dataset/2tfa6x37oerz2lyiw6hp47058/Data/NovaSAR_01_50375_grd_13_231204_215903_HH_11/ship_patches_uint8/NovaSAR_01_50375_grd_13_231204_215903_HH_11_patch_3_Cargo_uint8.tif,332673,cfba9d4307de1bdfb23377016329234993f06b489bf0a952ba25594db0e8684d
2tfa6x37oerz2lyiw6hp47058/Data/NovaSAR_01_50375_grd_13_231204_215909_HH_12/ship_patches_uint8/NovaSAR_01_50375_grd_13_231204_215909_HH_12_patch_1_Cargo_uint8.tif,Cargo,2,file,NovaSAR_dataset/2tfa6x37oerz2lyiw6hp47058/Data/NovaSAR_01_50375_grd_13_231204_215909_HH_12/ship_patches_uint8/NovaSAR_01_50375_grd_13_231204_215909_HH_12_patch_1_Cargo_uint8.tif,328480,aa381ea084e0b3b0ecb20360284dd9f9e8f126c8959fb3164307a116763ce7d7
2tfa6x37oerz2lyiw6hp47058/Data/NovaSAR_01_50375_grd_13_231204_215909_HH_12/ship_patches_uint8/NovaSAR_01_50375_grd_13_231204_215909_HH_12_patch_2_Fishing_uint8.tif,Fishing,1,file,NovaSAR_dataset/2tfa6x37oerz2lyiw6hp47058/Data/NovaSAR_01_50375_grd_13_231204_215909_HH_12/ship_patches_uint8/NovaSAR_01_50375_grd_13_231204_215909_HH_12_patch_2_Fishing_uint8.tif,330912,00ac02a4aeef40a530aec03f5d460737d98ee648e7eb26ca094668c01680f311
2tfa6x37oerz2lyiw6hp47058/Data/NovaSAR_01_50375_grd_13_231204_215909_HH_12/ship_patches_uint8/NovaSAR_01_50375_grd_13_231204_215909_HH_12_patch_3_Tanker_uint8.tif,Tanker,0,file,NovaSAR_dataset/2tfa6x37oerz2lyiw6hp47058/Data/NovaSAR_01_50375_grd_13_231204_215909_HH_12/ship_patches_uint8/NovaSAR_01_50375_grd_13_231204_215909_HH_12_patch_3_Tanker_uint8.tif,330998,6c637a01b64f29fc4ddc42f5672d6ec51de13aaea7b03dacd8b7910b22e20ec9
2tfa6x37oerz2lyiw6hp47058/Data/NovaSAR_01_50395_grd_13_231205_085459_HH_2/ship_patches_uint8/NovaSAR_01_50395_grd_13_231205_085459_HH_2_patch_2_Cargo_uint8.tif,Cargo,2,file,NovaSAR_dataset/2tfa6x37oerz2lyiw6hp47058/Data/NovaSAR_01_50395_grd_13_231205_085459_HH_2/ship_patches_uint8/NovaSAR_01_50395_grd_13_231205_085459_HH_2_patch_2_Cargo_uint8.tif,325936,69367708cb899934c820cb64aaac18cd7c43a52e4024ab2fffc87fcc0cc56ec3
2tfa6x37oerz2lyiw6hp47058/Data/NovaSAR_01_50395_grd_13_231205_085459_HH_2/ship_patches_uint8/NovaSAR_01_50395_grd_13_231205_085459_HH_2_patch_3_Cargo_uint8.tif,Cargo,2,file,NovaSAR_dataset/2tfa6x37oerz2lyiw6hp47058/Data/NovaSAR_01_50395_grd_13_231205_085459_HH_2/ship_patches_uint8/NovaSAR_01_50395_grd_13_231205_085459_HH_2_patch_3_Cargo_uint8.tif,323205,93fbe066d5397187046d60c29b9785503afcdcb65dea2abb3927f3ce935af45b
2tfa6x37oerz2lyiw6hp47058/Data/NovaSAR_01_50395_grd_13_231205_085459_HH_2/ship_patches_uint8/NovaSAR_01_50395_grd_13_231205_085459_HH_2_patch_4_Cargo_uint8.tif,Cargo,2,file,NovaSAR_dataset/2tfa6x37oerz2lyiw6hp47058/Data/NovaSAR_01_50395_grd_13_231205_085459_HH_2/ship_patches_uint8/NovaSAR_01_50395_grd_13_231205_085459_HH_2_patch_4_Cargo_uint8.tif,332416,5ba145ef9351ab47db80de04efb2b90fb6dbd321701203f219080017ac0736ec
2tfa6x37oerz2lyiw6hp47058/Data/NovaSAR_01_50395_grd_13_231205_085522_HH_6/ship_patches_uint8/NovaSAR_01_50395_grd_13_231205_085522_HH_6_patch_1_Cargo_uint8.tif,Cargo,2,file,NovaSAR_dataset/2tfa6x37oerz2lyiw6hp47058/Data/NovaSAR_01_50395_grd_13_231205_085522_HH_6/ship_patches_uint8/NovaSAR_01_50395_grd_13_231205_085522_HH_6_patch_1_Cargo_uint8.tif,329974,ae7484025865be92bb74728f0d2fbc087bd72d0000b9c52531b3b77e0922c7ee
2tfa6x37oerz2lyiw6hp47058/Data/NovaSAR_01_50395_grd_13_231205_085522_HH_6/ship_patches_uint8/NovaSAR_01_50395_grd_13_231205_085522_HH_6_patch_2_Cargo_uint8.tif,Cargo,2,file,NovaSAR_dataset/2tfa6x37oerz2lyiw6hp47058/Data/NovaSAR_01_50395_grd_13_231205_085522_HH_6/ship_patches_uint8/NovaSAR_01_50395_grd_13_231205_085522_HH_6_patch_2_Cargo_uint8.tif,323400,54850e92a46a0697c0f87783c2d545536a4a3009150260929ae7fa941a0f8dbf
2tfa6x37oerz2lyiw6hp47058/Data/NovaSAR_01_50395_grd_13_231205_085528_HH_7/ship_patches_uint8/NovaSAR_01_50395_grd_13_231205_085528_HH_7_patch_11_Cargo_uint8.tif,Cargo,2,file,NovaSAR_dataset/2tfa6x37oerz2lyiw6hp47058/Data/NovaSAR_01_50395_grd_13_231205_085528_HH_7/ship_patches_uint8/NovaSAR_01_50395_grd_13_231205_085528_HH_7_patch_11_Cargo_uint8.tif,325067,8bf00640e23e98e8dc32ad2cdd0179d1eeaf3392d7d2d4ad8c6e2ad4fea883ac
2tfa6x37oerz2lyiw6hp47058/Data/NovaSAR_01_50395_grd_13_231205_085528_HH_7/ship_patches_uint8/NovaSAR_01_50395_grd_13_231205_085528_HH_7_patch_1_Cargo_uint8.tif,Cargo,2,file,NovaSAR_dataset/2tfa6x37oerz2lyiw6hp47058/Data/NovaSAR_01_50395_grd_13_231205_085528_HH_7/ship_patches_uint8/NovaSAR_01_50395_grd_13_231205_085528_HH_7_patch_1_Cargo_uint8.tif,323740,b817da8caa25b76910e351fe29137d7d624260e33dce3e3685de75cfc4d3f008
2tfa6x37oerz2lyiw6hp47058/Data/NovaSAR_01_50395_grd_13_231205_085528_HH_7/ship_patches_uint8/NovaSAR_01_50395_grd_13_231205_085528_HH_7_patch_8_Cargo_uint8.tif,Cargo,2,file,NovaSAR_dataset/2tfa6x37oerz2lyiw6hp47058/Data/NovaSAR_01_50395_grd_13_231205_085528_HH_7/ship_patches_uint8/NovaSAR_01_50395_grd_13_231205_085528_HH_7_patch_8_Cargo_uint8.tif,322389,34d3fa4f578caa29e59e1d120b980fd16198d2d71b6d458dda522b2ef6f710a7
2tfa6x37oerz2lyiw6hp47058/Data/NovaSAR_01_50395_grd_13_231205_085533_HH_8/ship_patches_uint8/NovaSAR_01_50395_grd_13_231205_085533_HH_8_patch_2_Cargo_uint8.tif,Cargo,2,file,NovaSAR_dataset/2tfa6x37oerz2lyiw6hp47058/Data/NovaSAR_01_50395_grd_13_231205_085533_HH_8/ship_patches_uint8/NovaSAR_01_50395_grd_13_231205_085533_HH_8_patch_2_Cargo_uint8.tif,329714,f08a3c44bdd0c32748dd8b28a4bb1236abfa7c4dd9466a44fdde1fef49dfbefd
2tfa6x37oerz2lyiw6hp47058/Data/NovaSAR_01_50395_grd_13_231205_085533_HH_8/ship_patches_uint8/NovaSAR_01_50395_grd_13_231205_085533_HH_8_patch_4_Cargo_uint8.tif,Cargo,2,file,NovaSAR_dataset/2tfa6x37oerz2lyiw6hp47058/Data/NovaSAR_01_50395_grd_13_231205_085533_HH_8/ship_patches_uint8/NovaSAR_01_50395_grd_13_231205_085533_HH_8_patch_4_Cargo_uint8.tif,312681,b8bb41869f5ce576208afc59dde5797617804d3bfa919f207cf1a58708cf7e40
2tfa6x37oerz2lyiw6hp47058/Data/NovaSAR_01_50395_grd_13_231205_085550_HH_11/ship_patches_uint8/NovaSAR_01_50395_grd_13_231205_085550_HH_11_patch_12_Fishing_uint8.tif,Fishing,1,file,NovaSAR_dataset/2tfa6x37oerz2lyiw6hp47058/Data/NovaSAR_01_50395_grd_13_231205_085550_HH_11/ship_patches_uint8/NovaSAR_01_50395_grd_13_231205_085550_HH_11_patch_12_Fishing_uint8.tif,334770,e5fe5cc6a23c21f9e4544b9f06b3de5cd1804fc6f57ad870cfff5076fd5d26f9
2tfa6x37oerz2lyiw6hp47058/Data/NovaSAR_01_50395_grd_13_231205_085550_HH_11/ship_patches_uint8/NovaSAR_01_50395_grd_13_231205_085550_HH_11_patch_21_Tanker_uint8.tif,Tanker,0,file,NovaSAR_dataset/2tfa6x37oerz2lyiw6hp47058/Data/NovaSAR_01_50395_grd_13_231205_085550_HH_11/ship_patches_uint8/NovaSAR_01_50395_grd_13_231205_085550_HH_11_patch_21_Tanker_uint8.tif,333528,f4c99fe0029740bbb4322e1ce9d4c50a12eec78dce39dc40c4d33faf9de1de12
2tfa6x37oerz2lyiw6hp47058/Data/NovaSAR_01_50395_grd_13_231205_085550_HH_11/ship_patches_uint8/NovaSAR_01_50395_grd_13_231205_085550_HH_11_patch_23_Cargo_uint8.tif,Cargo,2,file,NovaSAR_dataset/2tfa6x37oerz2lyiw6hp47058/Data/NovaSAR_01_50395_grd_13_231205_085550_HH_11/ship_patches_uint8/NovaSAR_01_50395_grd_13_231205_085550_HH_11_patch_23_Cargo_uint8.tif,334002,130e3335718a64b3437bb2654c6b90da832b7ff98504bb611f020147f8cd7d3a
2tfa6x37oerz2lyiw6hp47058/Data/NovaSAR_01_50395_grd_13_231205_085550_HH_11/ship_patches_uint8/NovaSAR_01_50395_grd_13_231205_085550_HH_11_patch_33_Tanker_uint8.tif,Tanker,0,file,NovaSAR_dataset/2tfa6x37oerz2lyiw6hp47058/Data/NovaSAR_01_50395_grd_13_231205_085550_HH_11/ship_patches_uint8/NovaSAR_01_50395_grd_13_231205_085550_HH_11_patch_33_Tanker_uint8.tif,334022,d3cf5f1ff0d5daba454e4803d16cbd1bbf6e73525147b78d3870a95bc52994a7
2tfa6x37oerz2lyiw6hp47058/Data/NovaSAR_01_50395_grd_13_231205_085550_HH_11/ship_patches_uint8/NovaSAR_01_50395_grd_13_231205_085550_HH_11_patch_3_Tanker_uint8.tif,Tanker,0,file,NovaSAR_dataset/2tfa6x37oerz2lyiw6hp47058/Data/NovaSAR_01_50395_grd_13_231205_085550_HH_11/ship_patches_uint8/NovaSAR_01_50395_grd_13_231205_085550_HH_11_patch_3_Tanker_uint8.tif,291508,6a03d39742d23fefaa37acc7d2a5059eb6931cbc09d456a4f91ef8c2bcdbb47c
2tfa6x37oerz2lyiw6hp47058/Data/NovaSAR_01_50395_grd_13_231205_085550_HH_11/ship_patches_uint8/NovaSAR_01_50395_grd_13_231205_085550_HH_11_patch_6_Fishing_uint8.tif,Fishing,1,file,NovaSAR_dataset/2tfa6x37oerz2lyiw6hp47058/Data/NovaSAR_01_50395_grd_13_231205_085550_HH_11/ship_patches_uint8/NovaSAR_01_50395_grd_13_231205_085550_HH_11_patch_6_Fishing_uint8.tif,333081,4414181425be0ad4b1e81dc755cfdb6bffa22fa3ce74cba83bd5a5433800c195
2tfa6x37oerz2lyiw6hp47058/Data/NovaSAR_01_50395_grd_13_231205_085556_HH_12/ship_patches_uint8/NovaSAR_01_50395_grd_13_231205_085556_HH_12_patch_1_Cargo_uint8.tif,Cargo,2,file,NovaSAR_dataset/2tfa6x37oerz2lyiw6hp47058/Data/NovaSAR_01_50395_grd_13_231205_085556_HH_12/ship_patches_uint8/NovaSAR_01_50395_grd_13_231205_085556_HH_12_patch_1_Cargo_uint8.tif,325152,8382458c36656ea61e80d595cc26bce9b8b95a4a5827e988048d194bb69f1ddb
2tfa6x37oerz2lyiw6hp47058/Data/NovaSAR_01_50395_grd_13_231205_085556_HH_12/ship_patches_uint8/NovaSAR_01_50395_grd_13_231205_085556_HH_12_patch_2_Cargo_uint8.tif,Cargo,2,file,NovaSAR_dataset/2tfa6x37oerz2lyiw6hp47058/Data/NovaSAR_01_50395_grd_13_231205_085556_HH_12/ship_patches_uint8/NovaSAR_01_50395_grd_13_231205_085556_HH_12_patch_2_Cargo_uint8.tif,335319,576f2f68bcca39808617ca9f25eb6a6eb33a499eb2cfb4a8958643232ada143e
2tfa6x37oerz2lyiw6hp47058/Data/NovaSAR_01_50395_grd_13_231205_085556_HH_12/ship_patches_uint8/NovaSAR_01_50395_grd_13_231205_085556_HH_12_patch_3_Cargo_uint8.tif,Cargo,2,file,NovaSAR_dataset/2tfa6x37oerz2lyiw6hp47058/Data/NovaSAR_01_50395_grd_13_231205_085556_HH_12/ship_patches_uint8/NovaSAR_01_50395_grd_13_231205_085556_HH_12_patch_3_Cargo_uint8.tif,317650,bcd332909ea0d463c1f022e757f79deba7d29cf05fd0d28c92ed3b9761688348
2tfa6x37oerz2lyiw6hp47058/Data/NovaSAR_01_50407_grd_13_231205_220404_HH_3/ship_patches_uint8/NovaSAR_01_50407_grd_13_231205_220404_HH_3_patch_1_Fishing_uint8.tif,Fishing,1,file,NovaSAR_dataset/2tfa6x37oerz2lyiw6hp47058/Data/NovaSAR_01_50407_grd_13_231205_220404_HH_3/ship_patches_uint8/NovaSAR_01_50407_grd_13_231205_220404_HH_3_patch_1_Fishing_uint8.tif,336257,63efa60454663d73695920714c708c8b6a3148bccd2000c4e147b373ab5e5f38
2tfa6x37oerz2lyiw6hp47058/Data/NovaSAR_01_50407_grd_13_231205_220404_HH_3/ship_patches_uint8/NovaSAR_01_50407_grd_13_231205_220404_HH_3_patch_2_Tanker_uint8.tif,Tanker,0,file,NovaSAR_dataset/2tfa6x37oerz2lyiw6hp47058/Data/NovaSAR_01_50407_grd_13_231205_220404_HH_3/ship_patches_uint8/NovaSAR_01_50407_grd_13_231205_220404_HH_3_patch_2_Tanker_uint8.tif,336914,235c1d3d83631fd6d29c90c0f2992e2cb2b705f4971fb51ec5ad081c9a1c1a5b
2tfa6x37oerz2lyiw6hp47058/Data/NovaSAR_01_50407_grd_13_231205_220409_HH_4/ship_patches_uint8/NovaSAR_01_50407_grd_13_231205_220409_HH_4_patch_1_Cargo_uint8.tif,Cargo,2,file,NovaSAR_dataset/2tfa6x37oerz2lyiw6hp47058/Data/NovaSAR_01_50407_grd_13_231205_220409_HH_4/ship_patches_uint8/NovaSAR_01_50407_grd_13_231205_220409_HH_4_patch_1_Cargo_uint8.tif,326307,30e964077eba00d80906887098e1e39d35b35b0c36000ededc375b5a83cfd9d0
2tfa6x37oerz2lyiw6hp47058/Data/NovaSAR_01_50407_grd_13_231205_220415_HH_5/ship_patches_uint8/NovaSAR_01_50407_grd_13_231205_220415_HH_5_patch_1_Cargo_uint8.tif,Cargo,2,file,NovaSAR_dataset/2tfa6x37oerz2lyiw6hp47058/Data/NovaSAR_01_50407_grd_13_231205_220415_HH_5/ship_patches_uint8/NovaSAR_01_50407_grd_13_231205_220415_HH_5_patch_1_Cargo_uint8.tif,335726,d22aceed2f37c048311fba70194ce71d7399650fa0cc139d400f9a6c3f15aab8
2tfa6x37oerz2lyiw6hp47058/Data/NovaSAR_01_50407_grd_13_231205_220421_HH_6/ship_patches_uint8/NovaSAR_01_50407_grd_13_231205_220421_HH_6_patch_1_Cargo_uint8.tif,Cargo,2,file,NovaSAR_dataset/2tfa6x37oerz2lyiw6hp47058/Data/NovaSAR_01_50407_grd_13_231205_220421_HH_6/ship_patches_uint8/NovaSAR_01_50407_grd_13_231205_220421_HH_6_patch_1_Cargo_uint8.tif,330173,4c5ab6f172f7d700a051012f9515bb3854cbdb77b79f20c1ad760fc5c3575d63
2tfa6x37oerz2lyiw6hp47058/Data/NovaSAR_01_50407_grd_13_231205_220421_HH_6/ship_patches_uint8/NovaSAR_01_50407_grd_13_231205_220421_HH_6_patch_2_Cargo_uint8.tif,Cargo,2,file,NovaSAR_dataset/2tfa6x37oerz2lyiw6hp47058/Data/NovaSAR_01_50407_grd_13_231205_220421_HH_6/ship_patches_uint8/NovaSAR_01_50407_grd_13_231205_220421_HH_6_patch_2_Cargo_uint8.tif,331916,25f3bd47b94030f9fe453099916fc1d13950af99ce8a5a91460d1d179dd977ba
2tfa6x37oerz2lyiw6hp47058/Data/NovaSAR_01_50407_grd_13_231205_220438_HH_9/ship_patches_uint8/NovaSAR_01_50407_grd_13_231205_220438_HH_9_patch_2_Cargo_uint8.tif,Cargo,2,file,NovaSAR_dataset/2tfa6x37oerz2lyiw6hp47058/Data/NovaSAR_01_50407_grd_13_231205_220438_HH_9/ship_patches_uint8/NovaSAR_01_50407_grd_13_231205_220438_HH_9_patch_2_Cargo_uint8.tif,336428,84214c80143d651626edd6cdc422b6c08d7fcacb18fe9d191e236bdb3fe8a091
2tfa6x37oerz2lyiw6hp47058/Data/NovaSAR_01_50407_grd_13_231205_220506_HH_14/ship_patches_uint8/NovaSAR_01_50407_grd_13_231205_220506_HH_14_patch_1_Cargo_uint8.tif,Cargo,2,file,NovaSAR_dataset/2tfa6x37oerz2lyiw6hp47058/Data/NovaSAR_01_50407_grd_13_231205_220506_HH_14/ship_patches_uint8/NovaSAR_01_50407_grd_13_231205_220506_HH_14_patch_1_Cargo_uint8.tif,329423,6423ceac0368fa39053850bf3e5c263a810a0139da016ab6d7e7de524d932c18
2tfa6x37oerz2lyiw6hp47058/Data/NovaSAR_01_50422_grd_13_231206_090049_HH_3/ship_patches_uint8/NovaSAR_01_50422_grd_13_231206_090049_HH_3_patch_2_Cargo_uint8.tif,Cargo,2,file,NovaSAR_dataset/2tfa6x37oerz2lyiw6hp47058/Data/NovaSAR_01_50422_grd_13_231206_090049_HH_3/ship_patches_uint8/NovaSAR_01_50422_grd_13_231206_090049_HH_3_patch_2_Cargo_uint8.tif,326696,b4632380dca66aa5c82131733c6afbbaf4b7947a7b4bf425cc9ed3817dc1b747
2tfa6x37oerz2lyiw6hp47058/Data/NovaSAR_01_50422_grd_13_231206_090049_HH_3/ship_patches_uint8/NovaSAR_01_50422_grd_13_231206_090049_HH_3_patch_3_Cargo_uint8.tif,Cargo,2,file,NovaSAR_dataset/2tfa6x37oerz2lyiw6hp47058/Data/NovaSAR_01_50422_grd_13_231206_090049_HH_3/ship_patches_uint8/NovaSAR_01_50422_grd_13_231206_090049_HH_3_patch_3_Cargo_uint8.tif,330736,537bae7b8c2bc5330546ff5e29c4f288425a9ddeb1012e235d45f25a70dbd48d
2tfa6x37oerz2lyiw6hp47058/Data/NovaSAR_01_50422_grd_13_231206_090049_HH_3/ship_patches_uint8/NovaSAR_01_50422_grd_13_231206_090049_HH_3_patch_4_Cargo_uint8.tif,Cargo,2,file,NovaSAR_dataset/2tfa6x37oerz2lyiw6hp47058/Data/NovaSAR_01_50422_grd_13_231206_090049_HH_3/ship_patches_uint8/NovaSAR_01_50422_grd_13_231206_090049_HH_3_patch_4_Cargo_uint8.tif,331615,979e42343452d51c22b0ff59a389fb3661a97107cefb9df8f8faf9d53033af1c
2tfa6x37oerz2lyiw6hp47058/Data/NovaSAR_01_50422_grd_13_231206_090049_HH_3/ship_patches_uint8/NovaSAR_01_50422_grd_13_231206_090049_HH_3_patch_5_Cargo_uint8.tif,Cargo,2,file,NovaSAR_dataset/2tfa6x37oerz2lyiw6hp47058/Data/NovaSAR_01_50422_grd_13_231206_090049_HH_3/ship_patches_uint8/NovaSAR_01_50422_grd_13_231206_090049_HH_3_patch_5_Cargo_uint8.tif,329457,5b0d3c77ff599303d95086f2c33461964bf9ab561230ccbe6d4c79dcebe4885b
2tfa6x37oerz2lyiw6hp47058/Data/NovaSAR_01_50422_grd_13_231206_090140_HH_12/ship_patches_uint8/NovaSAR_01_50422_grd_13_231206_090140_HH_12_patch_2_Cargo_uint8.tif,Cargo,2,file,NovaSAR_dataset/2tfa6x37oerz2lyiw6hp47058/Data/NovaSAR_01_50422_grd_13_231206_090140_HH_12/ship_patches_uint8/NovaSAR_01_50422_grd_13_231206_090140_HH_12_patch_2_Cargo_uint8.tif,307744,60a1ce5f71afc5bfae25ec12437da5665ac2530d0b6964d3f2d954f92fc53e95
2tfa6x37oerz2lyiw6hp47058/Data/NovaSAR_01_50422_grd_13_231206_090140_HH_12/ship_patches_uint8/NovaSAR_01_50422_grd_13_231206_090140_HH_12_patch_4_Cargo_uint8.tif,Cargo,2,file,NovaSAR_dataset/2tfa6x37oerz2lyiw6hp47058/Data/NovaSAR_01_50422_grd_13_231206_090140_HH_12/ship_patches_uint8/NovaSAR_01_50422_grd_13_231206_090140_HH_12_patch_4_Cargo_uint8.tif,326338,e10aa90f890283c00ee40653aa252b0ae3c6f3015732ebae10969a8e64c50a69
2tfa6x37oerz2lyiw6hp47058/Data/NovaSAR_01_50454_grd_13_231207_090632_HH_2/ship_patches_uint8/NovaSAR_01_50454_grd_13_231207_090632_HH_2_patch_7_Cargo_uint8.tif,Cargo,2,file,NovaSAR_dataset/2tfa6x37oerz2lyiw6hp47058/Data/NovaSAR_01_50454_grd_13_231207_090632_HH_2/ship_patches_uint8/NovaSAR_01_50454_grd_13_231207_090632_HH_2_patch_7_Cargo_uint8.tif,266219,780e437885f0abc9de221ef5f58c13e7201b4bc1e7767d8566ad54634bd2be74
2tfa6x37oerz2lyiw6hp47058/Data/NovaSAR_01_50454_grd_13_231207_090700_HH_7/ship_patches_uint8/NovaSAR_01_50454_grd_13_231207_090700_HH_7_patch_2_Fishing_uint8.tif,Fishing,1,file,NovaSAR_dataset/2tfa6x37oerz2lyiw6hp47058/Data/NovaSAR_01_50454_grd_13_231207_090700_HH_7/ship_patches_uint8/NovaSAR_01_50454_grd_13_231207_090700_HH_7_patch_2_Fishing_uint8.tif,320212,d1e5faf826194682a78bbc35f6d65b4ef0ac5e516341b8c381f71a9fcb905298
2tfa6x37oerz2lyiw6hp47058/Data/NovaSAR_01_50454_grd_13_231207_090706_HH_8/ship_patches_uint8/NovaSAR_01_50454_grd_13_231207_090706_HH_8_patch_1_Fishing_uint8.tif,Fishing,1,file,NovaSAR_dataset/2tfa6x37oerz2lyiw6hp47058/Data/NovaSAR_01_50454_grd_13_231207_090706_HH_8/ship_patches_uint8/NovaSAR_01_50454_grd_13_231207_090706_HH_8_patch_1_Fishing_uint8.tif,319466,c7ba7659656ad6f05b9cb3def301ae6e4661e7a197db366883c5f72ce5a6fbc8
2tfa6x37oerz2lyiw6hp47058/Data/NovaSAR_01_50454_grd_13_231207_090711_HH_9/ship_patches_uint8/NovaSAR_01_50454_grd_13_231207_090711_HH_9_patch_1_Cargo_uint8.tif,Cargo,2,file,NovaSAR_dataset/2tfa6x37oerz2lyiw6hp47058/Data/NovaSAR_01_50454_grd_13_231207_090711_HH_9/ship_patches_uint8/NovaSAR_01_50454_grd_13_231207_090711_HH_9_patch_1_Cargo_uint8.tif,330106,2afbc903e2cc6ad3ae21388e1aef9d19a4d58e213d7d31b3a77e1a6e5523f5c7
2tfa6x37oerz2lyiw6hp47058/Data/NovaSAR_01_50454_grd_13_231207_090711_HH_9/ship_patches_uint8/NovaSAR_01_50454_grd_13_231207_090711_HH_9_patch_4_Tanker_uint8.tif,Tanker,0,file,NovaSAR_dataset/2tfa6x37oerz2lyiw6hp47058/Data/NovaSAR_01_50454_grd_13_231207_090711_HH_9/ship_patches_uint8/NovaSAR_01_50454_grd_13_231207_090711_HH_9_patch_4_Tanker_uint8.tif,337552,340447a1fc3925a7deb6656807ea485ecba05b0bafa5bfb916cec12fe85aeeac
2tfa6x37oerz2lyiw6hp47058/Data/NovaSAR_01_50454_grd_13_231207_090711_HH_9/ship_patches_uint8/NovaSAR_01_50454_grd_13_231207_090711_HH_9_patch_5_Cargo_uint8.tif,Cargo,2,file,NovaSAR_dataset/2tfa6x37oerz2lyiw6hp47058/Data/NovaSAR_01_50454_grd_13_231207_090711_HH_9/ship_patches_uint8/NovaSAR_01_50454_grd_13_231207_090711_HH_9_patch_5_Cargo_uint8.tif,335913,9711f7771978d7be8790e2bbeb3579b25877d4e84dbff70ec7d3df8864c7055e
2tfa6x37oerz2lyiw6hp47058/Data/NovaSAR_01_50454_grd_13_231207_090711_HH_9/ship_patches_uint8/NovaSAR_01_50454_grd_13_231207_090711_HH_9_patch_6_Tanker_uint8.tif,Tanker,0,file,NovaSAR_dataset/2tfa6x37oerz2lyiw6hp47058/Data/NovaSAR_01_50454_grd_13_231207_090711_HH_9/ship_patches_uint8/NovaSAR_01_50454_grd_13_231207_090711_HH_9_patch_6_Tanker_uint8.tif,331990,ef35a4093c133b256da51d0a6836bfab711b47c04fe7a642b90bf7d41a80d2db
2tfa6x37oerz2lyiw6hp47058/Data/NovaSAR_01_50454_grd_13_231207_090711_HH_9/ship_patches_uint8/NovaSAR_01_50454_grd_13_231207_090711_HH_9_patch_8_Tanker_uint8.tif,Tanker,0,file,NovaSAR_dataset/2tfa6x37oerz2lyiw6hp47058/Data/NovaSAR_01_50454_grd_13_231207_090711_HH_9/ship_patches_uint8/NovaSAR_01_50454_grd_13_231207_090711_HH_9_patch_8_Tanker_uint8.tif,337774,65094282db2f8bd677fe3156420ee3f135124566d9e45d65b166c03b97c76023
2tfa6x37oerz2lyiw6hp47058/Data/NovaSAR_01_50454_grd_13_231207_090717_HH_10/ship_patches_uint8/NovaSAR_01_50454_grd_13_231207_090717_HH_10_patch_1_Fishing_uint8.tif,Fishing,1,file,NovaSAR_dataset/2tfa6x37oerz2lyiw6hp47058/Data/NovaSAR_01_50454_grd_13_231207_090717_HH_10/ship_patches_uint8/NovaSAR_01_50454_grd_13_231207_090717_HH_10_patch_1_Fishing_uint8.tif,333603,65e8f5c7818d64f6564690ac5f86102fe06dc945e4d68954579584dff8d01295
2tfa6x37oerz2lyiw6hp47058/Data/NovaSAR_01_50529_grd_13_231209_222703_HH_3/ship_patches_uint8/NovaSAR_01_50529_grd_13_231209_222703_HH_3_patch_1_Tanker_uint8.tif,Tanker,0,file,NovaSAR_dataset/2tfa6x37oerz2lyiw6hp47058/Data/NovaSAR_01_50529_grd_13_231209_222703_HH_3/ship_patches_uint8/NovaSAR_01_50529_grd_13_231209_222703_HH_3_patch_1_Tanker_uint8.tif,333930,69e9f19eed91f4c08406b349d8d5ec5bb761c1b7ab60366fc1a8daca7aed0c8c
2tfa6x37oerz2lyiw6hp47058/Data/NovaSAR_01_50529_grd_13_231209_222703_HH_3/ship_patches_uint8/NovaSAR_01_50529_grd_13_231209_222703_HH_3_patch_2_Tanker_uint8.tif,Tanker,0,file,NovaSAR_dataset/2tfa6x37oerz2lyiw6hp47058/Data/NovaSAR_01_50529_grd_13_231209_222703_HH_3/ship_patches_uint8/NovaSAR_01_50529_grd_13_231209_222703_HH_3_patch_2_Tanker_uint8.tif,334910,80abf3fa80b0be6a74ed88f06056ae347151c1d7a6b07e31170978f0521e724f
2tfa6x37oerz2lyiw6hp47058/Data/NovaSAR_01_50529_grd_13_231209_222703_HH_3/ship_patches_uint8/NovaSAR_01_50529_grd_13_231209_222703_HH_3_patch_3_Tanker_uint8.tif,Tanker,0,file,NovaSAR_dataset/2tfa6x37oerz2lyiw6hp47058/Data/NovaSAR_01_50529_grd_13_231209_222703_HH_3/ship_patches_uint8/NovaSAR_01_50529_grd_13_231209_222703_HH_3_patch_3_Tanker_uint8.tif,334730,0b331da093dd2e769cdb2145ac0f5180ed4c3ec98de68ba556a0aadb3bc4e2cf
2tfa6x37oerz2lyiw6hp47058/Data/NovaSAR_01_50529_grd_13_231209_222703_HH_3/ship_patches_uint8/NovaSAR_01_50529_grd_13_231209_222703_HH_3_patch_4_Cargo_uint8.tif,Cargo,2,file,NovaSAR_dataset/2tfa6x37oerz2lyiw6hp47058/Data/NovaSAR_01_50529_grd_13_231209_222703_HH_3/ship_patches_uint8/NovaSAR_01_50529_grd_13_231209_222703_HH_3_patch_4_Cargo_uint8.tif,335514,2152517928cfd4d54768083431bf5e317d1e87cd18cd3980c6c53e10d6c386c1
2tfa6x37oerz2lyiw6hp47058/Data/NovaSAR_01_50529_grd_13_231209_222703_HH_3/ship_patches_uint8/NovaSAR_01_50529_grd_13_231209_222703_HH_3_patch_5_Tanker_uint8.tif,Tanker,0,file,NovaSAR_dataset/2tfa6x37oerz2lyiw6hp47058/Data/NovaSAR_01_50529_grd_13_231209_222703_HH_3/ship_patches_uint8/NovaSAR_01_50529_grd_13_231209_222703_HH_3_patch_5_Tanker_uint8.tif,331675,0e268c23ff3fcc82505f6094f9eaae51dbf70601fdb8bb37037bf4274f320dd5
2tfa6x37oerz2lyiw6hp47058/Data/NovaSAR_01_50529_grd_13_231209_222709_HH_4/ship_patches_uint8/NovaSAR_01_50529_grd_13_231209_222709_HH_4_patch_1_Cargo_uint8.tif,Cargo,2,file,NovaSAR_dataset/2tfa6x37oerz2lyiw6hp47058/Data/NovaSAR_01_50529_grd_13_231209_222709_HH_4/ship_patches_uint8/NovaSAR_01_50529_grd_13_231209_222709_HH_4_patch_1_Cargo_uint8.tif,337943,4cdcf6779fb7c8dd27e20c1baf90c6947295d692256c01dd929115dd22707a0c
2tfa6x37oerz2lyiw6hp47058/Data/NovaSAR_01_50529_grd_13_231209_222709_HH_4/ship_patches_uint8/NovaSAR_01_50529_grd_13_231209_222709_HH_4_patch_2_Fishing_uint8.tif,Fishing,1,file,NovaSAR_dataset/2tfa6x37oerz2lyiw6hp47058/Data/NovaSAR_01_50529_grd_13_231209_222709_HH_4/ship_patches_uint8/NovaSAR_01_50529_grd_13_231209_222709_HH_4_patch_2_Fishing_uint8.tif,332136,72d063ce35be42d2765f3cc16b8edefcc49c2fbac2d4fd71b5c62c60302d0d6b
2tfa6x37oerz2lyiw6hp47058/Data/NovaSAR_01_50529_grd_13_231209_222720_HH_6/ship_patches_uint8/NovaSAR_01_50529_grd_13_231209_222720_HH_6_patch_4_Cargo_uint8.tif,Cargo,2,file,NovaSAR_dataset/2tfa6x37oerz2lyiw6hp47058/Data/NovaSAR_01_50529_grd_13_231209_222720_HH_6/ship_patches_uint8/NovaSAR_01_50529_grd_13_231209_222720_HH_6_patch_4_Cargo_uint8.tif,334307,4ab1bc546bac45a09b9b85383dec239cfd0a5eba55c7af95edf6f103b4e22f4f
2tfa6x37oerz2lyiw6hp47058/Data/NovaSAR_01_50529_grd_13_231209_222737_HH_9/ship_patches_uint8/NovaSAR_01_50529_grd_13_231209_222737_HH_9_patch_2_Tanker_uint8.tif,Tanker,0,file,NovaSAR_dataset/2tfa6x37oerz2lyiw6hp47058/Data/NovaSAR_01_50529_grd_13_231209_222737_HH_9/ship_patches_uint8/NovaSAR_01_50529_grd_13_231209_222737_HH_9_patch_2_Tanker_uint8.tif,337094,df3264004a6e84e53422e03ef715fa5b8be2814d7849f4be874b851e3c90a370
2tfa6x37oerz2lyiw6hp47058/Data/NovaSAR_01_50559_grd_13_231210_223237_HH_1/ship_patches_uint8/NovaSAR_01_50559_grd_13_231210_223237_HH_1_patch_1_Fishing_uint8.tif,Fishing,1,file,NovaSAR_dataset/2tfa6x37oerz2lyiw6hp47058/Data/NovaSAR_01_50559_grd_13_231210_223237_HH_1/ship_patches_uint8/NovaSAR_01_50559_grd_13_231210_223237_HH_1_patch_1_Fishing_uint8.tif,326755,6a072caed33747dd1401fad4d781d642608591539994687a3fc0230e8a6a2389
2tfa6x37oerz2lyiw6hp47058/Data/NovaSAR_01_50559_grd_13_231210_223249_HH_3/ship_patches_uint8/NovaSAR_01_50559_grd_13_231210_223249_HH_3_patch_10_Fishing_uint8.tif,Fishing,1,file,NovaSAR_dataset/2tfa6x37oerz2lyiw6hp47058/Data/NovaSAR_01_50559_grd_13_231210_223249_HH_3/ship_patches_uint8/NovaSAR_01_50559_grd_13_231210_223249_HH_3_patch_10_Fishing_uint8.tif,336482,6de65e74c9c16bbd223bde0fc532b5b985786187f2d7a4a23ab2deaf0651bb1f
2tfa6x37oerz2lyiw6hp47058/Data/NovaSAR_01_50559_grd_13_231210_223249_HH_3/ship_patches_uint8/NovaSAR_01_50559_grd_13_231210_223249_HH_3_patch_16_Cargo_uint8.tif,Cargo,2,file,NovaSAR_dataset/2tfa6x37oerz2lyiw6hp47058/Data/NovaSAR_01_50559_grd_13_231210_223249_HH_3/ship_patches_uint8/NovaSAR_01_50559_grd_13_231210_223249_HH_3_patch_16_Cargo_uint8.tif,336056,3e6bbf862114b32c717a8f4aaed5814dec2ee4381b16fbc590ff5ccb9d22fad4
2tfa6x37oerz2lyiw6hp47058/Data/NovaSAR_01_50559_grd_13_231210_223249_HH_3/ship_patches_uint8/NovaSAR_01_50559_grd_13_231210_223249_HH_3_patch_28_Cargo_uint8.tif,Cargo,2,file,NovaSAR_dataset/2tfa6x37oerz2lyiw6hp47058/Data/NovaSAR_01_50559_grd_13_231210_223249_HH_3/ship_patches_uint8/NovaSAR_01_50559_grd_13_231210_223249_HH_3_patch_28_Cargo_uint8.tif,338825,a0d4510de9faedfc77e0e82b56d66d4d18aa93efc037afe669dd137a826399f4
2tfa6x37oerz2lyiw6hp47058/Data/NovaSAR_01_50559_grd_13_231210_223249_HH_3/ship_patches_uint8/NovaSAR_01_50559_grd_13_231210_223249_HH_3_patch_2_Fishing_uint8.tif,Fishing,1,file,NovaSAR_dataset/2tfa6x37oerz2lyiw6hp47058/Data/NovaSAR_01_50559_grd_13_231210_223249_HH_3/ship_patches_uint8/NovaSAR_01_50559_grd_13_231210_223249_HH_3_patch_2_Fishing_uint8.tif,336024,c13d4015826f9311ecdd2f382943d3627556ff12b5b64ece9fc949c8260108f4
2tfa6x37oerz2lyiw6hp47058/Data/NovaSAR_01_50559_grd_13_231210_223249_HH_3/ship_patches_uint8/NovaSAR_01_50559_grd_13_231210_223249_HH_3_patch_36_Fishing_uint8.tif,Fishing,1,file,NovaSAR_dataset/2tfa6x37oerz2lyiw6hp47058/Data/NovaSAR_01_50559_grd_13_231210_223249_HH_3/ship_patches_uint8/NovaSAR_01_50559_grd_13_231210_223249_HH_3_patch_36_Fishing_uint8.tif,331861,c21d1206365eaa2e7bd9d5499d5e9da55210584a5f040913c08235c1228f57d6
2tfa6x37oerz2lyiw6hp47058/Data/NovaSAR_01_50559_grd_13_231210_223249_HH_3/ship_patches_uint8/NovaSAR_01_50559_grd_13_231210_223249_HH_3_patch_6_Fishing_uint8.tif,Fishing,1,file,NovaSAR_dataset/2tfa6x37oerz2lyiw6hp47058/Data/NovaSAR_01_50559_grd_13_231210_223249_HH_3/ship_patches_uint8/NovaSAR_01_50559_grd_13_231210_223249_HH_3_patch_6_Fishing_uint8.tif,327822,73206588ce68d6d5a5bcf493b2e7f079d5a6b3f6541a9458af58ac21b8c215fe
2tfa6x37oerz2lyiw6hp47058/Data/NovaSAR_01_50559_grd_13_231210_223249_HH_3/ship_patches_uint8/NovaSAR_01_50559_grd_13_231210_223249_HH_3_patch_8_Cargo_uint8.tif,Cargo,2,file,NovaSAR_dataset/2tfa6x37oerz2lyiw6hp47058/Data/NovaSAR_01_50559_grd_13_231210_223249_HH_3/ship_patches_uint8/NovaSAR_01_50559_grd_13_231210_223249_HH_3_patch_8_Cargo_uint8.tif,335162,ac35be5bde3c46aa300e2d127967cf7f346c0dacf81998c500962d966e8a0d34
2tfa6x37oerz2lyiw6hp47058/Data/NovaSAR_01_50559_grd_13_231210_223328_HH_10/ship_patches_uint8/NovaSAR_01_50559_grd_13_231210_223328_HH_10_patch_2_Fishing_uint8.tif,Fishing,1,file,NovaSAR_dataset/2tfa6x37oerz2lyiw6hp47058/Data/NovaSAR_01_50559_grd_13_231210_223328_HH_10/ship_patches_uint8/NovaSAR_01_50559_grd_13_231210_223328_HH_10_patch_2_Fishing_uint8.tif,330084,43959b20d43aa7248ae1481366d267f8d9ffe01ac20742766547adc9d4b08215
2tfa6x37oerz2lyiw6hp47058/Data/NovaSAR_01_50559_grd_13_231210_223328_HH_10/ship_patches_uint8/NovaSAR_01_50559_grd_13_231210_223328_HH_10_patch_6_Fishing_uint8.tif,Fishing,1,file,NovaSAR_dataset/2tfa6x37oerz2lyiw6hp47058/Data/NovaSAR_01_50559_grd_13_231210_223328_HH_10/ship_patches_uint8/NovaSAR_01_50559_grd_13_231210_223328_HH_10_patch_6_Fishing_uint8.tif,333414,ab109ce827ad0f54c4fd15295b069c2d168dc768bfb791e2875742064ac454ff
2tfa6x37oerz2lyiw6hp47058/Data/NovaSAR_01_50559_grd_13_231210_223328_HH_10/ship_patches_uint8/NovaSAR_01_50559_grd_13_231210_223328_HH_10_patch_8_Fishing_uint8.tif,Fishing,1,file,NovaSAR_dataset/2tfa6x37oerz2lyiw6hp47058/Data/NovaSAR_01_50559_grd_13_231210_223328_HH_10/ship_patches_uint8/NovaSAR_01_50559_grd_13_231210_223328_HH_10_patch_8_Fishing_uint8.tif,334075,523f02576306ef4f8a7acc481adebb9af4525af59b270894777658aa07eb93e5
2tfa6x37oerz2lyiw6hp47058/Data/NovaSAR_01_50588_grd_13_231211_223823_HH_2/ship_patches_uint8/NovaSAR_01_50588_grd_13_231211_223823_HH_2_patch_2_Tanker_uint8.tif,Tanker,0,file,NovaSAR_dataset/2tfa6x37oerz2lyiw6hp47058/Data/NovaSAR_01_50588_grd_13_231211_223823_HH_2/ship_patches_uint8/NovaSAR_01_50588_grd_13_231211_223823_HH_2_patch_2_Tanker_uint8.tif,269564,304a7fbcf33d06200e73adc2384851a35dc042e9f2259a96bb704592b5695e33
2tfa6x37oerz2lyiw6hp47058/Data/NovaSAR_01_50588_grd_13_231211_223827_HH_3/ship_patches_uint8/NovaSAR_01_50588_grd_13_231211_223827_HH_3_patch_1_Cargo_uint8.tif,Cargo,2,file,NovaSAR_dataset/2tfa6x37oerz2lyiw6hp47058/Data/NovaSAR_01_50588_grd_13_231211_223827_HH_3/ship_patches_uint8/NovaSAR_01_50588_grd_13_231211_223827_HH_3_patch_1_Cargo_uint8.tif,282063,9d43a657b07cfb285eade402502d1f87292fcbeb4adaa571e98e0cf96f9c16d7
2tfa6x37oerz2lyiw6hp47058/Data/NovaSAR_01_50588_grd_13_231211_223827_HH_3/ship_patches_uint8/NovaSAR_01_50588_grd_13_231211_223827_HH_3_patch_2_Tanker_uint8.tif,Tanker,0,file,NovaSAR_dataset/2tfa6x37oerz2lyiw6hp47058/Data/NovaSAR_01_50588_grd_13_231211_223827_HH_3/ship_patches_uint8/NovaSAR_01_50588_grd_13_231211_223827_HH_3_patch_2_Tanker_uint8.tif,282470,fe24d0fe505fc504bd7b6aae045db24fc31140988677a126d475af3e6fb74484
2tfa6x37oerz2lyiw6hp47058/Data/NovaSAR_01_50588_grd_13_231211_223831_HH_4/ship_patches_uint8/NovaSAR_01_50588_grd_13_231211_223831_HH_4_patch_1_Fishing_uint8.tif,Fishing,1,file,NovaSAR_dataset/2tfa6x37oerz2lyiw6hp47058/Data/NovaSAR_01_50588_grd_13_231211_223831_HH_4/ship_patches_uint8/NovaSAR_01_50588_grd_13_231211_223831_HH_4_patch_1_Fishing_uint8.tif,282839,3713059e8086a9d728642ad587d36617ed3bc3330ba33f935559ef5da6036b8b
2tfa6x37oerz2lyiw6hp47058/Data/NovaSAR_01_50588_grd_13_231211_223831_HH_4/ship_patches_uint8/NovaSAR_01_50588_grd_13_231211_223831_HH_4_patch_2_Cargo_uint8.tif,Cargo,2,file,NovaSAR_dataset/2tfa6x37oerz2lyiw6hp47058/Data/NovaSAR_01_50588_grd_13_231211_223831_HH_4/ship_patches_uint8/NovaSAR_01_50588_grd_13_231211_223831_HH_4_patch_2_Cargo_uint8.tif,248017,930a700b47899ec5636e173c16929cda1477a176f6833a62ff46b112c826f04d
2tfa6x37oerz2lyiw6hp47058/Data/NovaSAR_01_50588_grd_13_231211_223831_HH_4/ship_patches_uint8/NovaSAR_01_50588_grd_13_231211_223831_HH_4_patch_3_Fishing_uint8.tif,Fishing,1,file,NovaSAR_dataset/2tfa6x37oerz2lyiw6hp47058/Data/NovaSAR_01_50588_grd_13_231211_223831_HH_4/ship_patches_uint8/NovaSAR_01_50588_grd_13_231211_223831_HH_4_patch_3_Fishing_uint8.tif,283486,89749e97763c030588bf81a2c2ce1e5ee743ce1168975871c347144d5639913e
2tfa6x37oerz2lyiw6hp47058/Data/NovaSAR_01_50617_grd_13_231212_224416_HH_3/ship_patches_uint8/NovaSAR_01_50617_grd_13_231212_224416_HH_3_patch_1_Cargo_uint8.tif,Cargo,2,file,NovaSAR_dataset/2tfa6x37oerz2lyiw6hp47058/Data/NovaSAR_01_50617_grd_13_231212_224416_HH_3/ship_patches_uint8/NovaSAR_01_50617_grd_13_231212_224416_HH_3_patch_1_Cargo_uint8.tif,298592,1ebedf912a7c47e3efebdedcad1433b031b5ccda8390d370e8c28b22f51c8e8b
2tfa6x37oerz2lyiw6hp47058/Data/NovaSAR_01_50617_grd_13_231212_224416_HH_3/ship_patches_uint8/NovaSAR_01_50617_grd_13_231212_224416_HH_3_patch_2_Fishing_uint8.tif,Fishing,1,file,NovaSAR_dataset/2tfa6x37oerz2lyiw6hp47058/Data/NovaSAR_01_50617_grd_13_231212_224416_HH_3/ship_patches_uint8/NovaSAR_01_50617_grd_13_231212_224416_HH_3_patch_2_Fishing_uint8.tif,294491,dd7461724a9a4862ead4f30d08041b5dcf969be37321270afc0f8f459901ca15
2tfa6x37oerz2lyiw6hp47058/Data/NovaSAR_01_50617_grd_13_231212_224420_HH_4/ship_patches_uint8/NovaSAR_01_50617_grd_13_231212_224420_HH_4_patch_1_Fishing_uint8.tif,Fishing,1,file,NovaSAR_dataset/2tfa6x37oerz2lyiw6hp47058/Data/NovaSAR_01_50617_grd_13_231212_224420_HH_4/ship_patches_uint8/NovaSAR_01_50617_grd_13_231212_224420_HH_4_patch_1_Fishing_uint8.tif,313748,4263b7249940561b5cd5c3168085e2f6bb49f7a8c0187daaa79a62e5aa9b17ad
2tfa6x37oerz2lyiw6hp47058/Data/NovaSAR_01_50617_grd_13_231212_224420_HH_4/ship_patches_uint8/NovaSAR_01_50617_grd_13_231212_224420_HH_4_patch_2_Tanker_uint8.tif,Tanker,0,file,NovaSAR_dataset/2tfa6x37oerz2lyiw6hp47058/Data/NovaSAR_01_50617_grd_13_231212_224420_HH_4/ship_patches_uint8/NovaSAR_01_50617_grd_13_231212_224420_HH_4_patch_2_Tanker_uint8.tif,317112,384e6787e074c4a2c8bfcc69651a7c257cbced6c3ce29aad1d81397c17f1f87a
2tfa6x37oerz2lyiw6hp47058/Data/NovaSAR_01_50617_grd_13_231212_224420_HH_4/ship_patches_uint8/NovaSAR_01_50617_grd_13_231212_224420_HH_4_patch_3_Fishing_uint8.tif,Fishing,1,file,NovaSAR_dataset/2tfa6x37oerz2lyiw6hp47058/Data/NovaSAR_01_50617_grd_13_231212_224420_HH_4/ship_patches_uint8/NovaSAR_01_50617_grd_13_231212_224420_HH_4_patch_3_Fishing_uint8.tif,303416,939c962b9160bdcc33653d0d958af7a3b957e26606e23353602de6f7472930a0
2tfa6x37oerz2lyiw6hp47058/Data/NovaSAR_01_50617_grd_13_231212_224424_HH_5/ship_patches_uint8/NovaSAR_01_50617_grd_13_231212_224424_HH_5_patch_2_Cargo_uint8.tif,Cargo,2,file,NovaSAR_dataset/2tfa6x37oerz2lyiw6hp47058/Data/NovaSAR_01_50617_grd_13_231212_224424_HH_5/ship_patches_uint8/NovaSAR_01_50617_grd_13_231212_224424_HH_5_patch_2_Cargo_uint8.tif,318382,815df471abb04dfce9c1f25f289a4d2f575d77aa8f7c53bfca07b132d682f2b8
2tfa6x37oerz2lyiw6hp47058/Data/NovaSAR_01_50617_grd_13_231212_224424_HH_5/ship_patches_uint8/NovaSAR_01_50617_grd_13_231212_224424_HH_5_patch_3_Fishing_uint8.tif,Fishing,1,file,NovaSAR_dataset/2tfa6x37oerz2lyiw6hp47058/Data/NovaSAR_01_50617_grd_13_231212_224424_HH_5/ship_patches_uint8/NovaSAR_01_50617_grd_13_231212_224424_HH_5_patch_3_Fishing_uint8.tif,314188,8978abe0dd0e8469b8f6417eda24081b3fba4101177b18d53ad9de5704e525ca
2tfa6x37oerz2lyiw6hp47058/Data/NovaSAR_01_50617_grd_13_231212_224424_HH_5/ship_patches_uint8/NovaSAR_01_50617_grd_13_231212_224424_HH_5_patch_4_Fishing_uint8.tif,Fishing,1,file,NovaSAR_dataset/2tfa6x37oerz2lyiw6hp47058/Data/NovaSAR_01_50617_grd_13_231212_224424_HH_5/ship_patches_uint8/NovaSAR_01_50617_grd_13_231212_224424_HH_5_patch_4_Fishing_uint8.tif,312662,267b03950c1cb0ba6307b3fcccda16d7bf99b5cf7a15d3edb20afb038b787eca
2tfa6x37oerz2lyiw6hp47058/Data/NovaSAR_01_50617_grd_13_231212_224424_HH_5/ship_patches_uint8/NovaSAR_01_50617_grd_13_231212_224424_HH_5_patch_5_Fishing_uint8.tif,Fishing,1,file,NovaSAR_dataset/2tfa6x37oerz2lyiw6hp47058/Data/NovaSAR_01_50617_grd_13_231212_224424_HH_5/ship_patches_uint8/NovaSAR_01_50617_grd_13_231212_224424_HH_5_patch_5_Fishing_uint8.tif,313797,4542e10e0e37ae4d352feab2ddfacd2c686f08298d188f08a9b7e065a2f040e1
2tfa6x37oerz2lyiw6hp47058/Data/NovaSAR_01_50617_grd_13_231212_224445_HH_10/ship_patches_uint8/NovaSAR_01_50617_grd_13_231212_224445_HH_10_patch_1_Fishing_uint8.tif,Fishing,1,file,NovaSAR_dataset/2tfa6x37oerz2lyiw6hp47058/Data/NovaSAR_01_50617_grd_13_231212_224445_HH_10/ship_patches_uint8/NovaSAR_01_50617_grd_13_231212_224445_HH_10_patch_1_Fishing_uint8.tif,288217,0573e6ac0f3d8d25134a5bd81860d769f75a4d44ca13d6251d94d6bdda7eb4f6
2tfa6x37oerz2lyiw6hp47058/Data/NovaSAR_01_50648_grd_13_231213_225010_HH_5/ship_patches_uint8/NovaSAR_01_50648_grd_13_231213_225010_HH_5_patch_1_Fishing_uint8.tif,Fishing,1,file,NovaSAR_dataset/2tfa6x37oerz2lyiw6hp47058/Data/NovaSAR_01_50648_grd_13_231213_225010_HH_5/ship_patches_uint8/NovaSAR_01_50648_grd_13_231213_225010_HH_5_patch_1_Fishing_uint8.tif,292713,f43fa5fb940afc378e49972ff4dd4ab356968676fb31d6c207dd38ad7380b34c
2tfa6x37oerz2lyiw6hp47058/Data/NovaSAR_01_50648_grd_13_231213_225014_HH_6/ship_patches_uint8/NovaSAR_01_50648_grd_13_231213_225014_HH_6_patch_1_Cargo_uint8.tif,Cargo,2,file,NovaSAR_dataset/2tfa6x37oerz2lyiw6hp47058/Data/NovaSAR_01_50648_grd_13_231213_225014_HH_6/ship_patches_uint8/NovaSAR_01_50648_grd_13_231213_225014_HH_6_patch_1_Cargo_uint8.tif,290399,b472515f0075913815522791f9df1b2b77c91e96bcbf042a98617bea0591f705
2tfa6x37oerz2lyiw6hp47058/Data/NovaSAR_01_50692_grd_13_231215_081656_HH_1/ship_patches_uint8/NovaSAR_01_50692_grd_13_231215_081656_HH_1_patch_1_Cargo_uint8.tif,Cargo,2,file,NovaSAR_dataset/2tfa6x37oerz2lyiw6hp47058/Data/NovaSAR_01_50692_grd_13_231215_081656_HH_1/ship_patches_uint8/NovaSAR_01_50692_grd_13_231215_081656_HH_1_patch_1_Cargo_uint8.tif,299996,0e919eb2438083fcd5a2c0ec8938d696ee39e466fefec4102d2f781ead6f3e9f
2tfa6x37oerz2lyiw6hp47058/Data/NovaSAR_01_50692_grd_13_231215_081704_HH_3/ship_patches_uint8/NovaSAR_01_50692_grd_13_231215_081704_HH_3_patch_1_Cargo_uint8.tif,Cargo,2,file,NovaSAR_dataset/2tfa6x37oerz2lyiw6hp47058/Data/NovaSAR_01_50692_grd_13_231215_081704_HH_3/ship_patches_uint8/NovaSAR_01_50692_grd_13_231215_081704_HH_3_patch_1_Cargo_uint8.tif,293400,1500b292cede8cffe5512e8a4190b9554ae4eb16bf7ea1baf968f68bb9b480f3
2tfa6x37oerz2lyiw6hp47058/Data/NovaSAR_01_50692_grd_13_231215_081704_HH_3/ship_patches_uint8/NovaSAR_01_50692_grd_13_231215_081704_HH_3_patch_2_Cargo_uint8.tif,Cargo,2,file,NovaSAR_dataset/2tfa6x37oerz2lyiw6hp47058/Data/NovaSAR_01_50692_grd_13_231215_081704_HH_3/ship_patches_uint8/NovaSAR_01_50692_grd_13_231215_081704_HH_3_patch_2_Cargo_uint8.tif,297257,e66dddb880abfd86300863501123aa597b6b0abb635e5a911916a94264d408f5
2tfa6x37oerz2lyiw6hp47058/Data/NovaSAR_01_50692_grd_13_231215_081704_HH_3/ship_patches_uint8/NovaSAR_01_50692_grd_13_231215_081704_HH_3_patch_3_Cargo_uint8.tif,Cargo,2,file,NovaSAR_dataset/2tfa6x37oerz2lyiw6hp47058/Data/NovaSAR_01_50692_grd_13_231215_081704_HH_3/ship_patches_uint8/NovaSAR_01_50692_grd_13_231215_081704_HH_3_patch_3_Cargo_uint8.tif,295596,34301b16fb421f785cc96897b3245be0264a0d2914a736d074778f3f821f7144
2tfa6x37oerz2lyiw6hp47058/Data/NovaSAR_01_50692_grd_13_231215_081708_HH_4/ship_patches_uint8/NovaSAR_01_50692_grd_13_231215_081708_HH_4_patch_5_Tanker_uint8.tif,Tanker,0,file,NovaSAR_dataset/2tfa6x37oerz2lyiw6hp47058/Data/NovaSAR_01_50692_grd_13_231215_081708_HH_4/ship_patches_uint8/NovaSAR_01_50692_grd_13_231215_081708_HH_4_patch_5_Tanker_uint8.tif,307280,97477865cb0c2fbc9f6e5b8ff5fe89c5568455c9b2f5d18103dde1ede6654450
2tfa6x37oerz2lyiw6hp47058/Data/NovaSAR_01_50692_grd_13_231215_081708_HH_4/ship_patches_uint8/NovaSAR_01_50692_grd_13_231215_081708_HH_4_patch_6_Tanker_uint8.tif,Tanker,0,file,NovaSAR_dataset/2tfa6x37oerz2lyiw6hp47058/Data/NovaSAR_01_50692_grd_13_231215_081708_HH_4/ship_patches_uint8/NovaSAR_01_50692_grd_13_231215_081708_HH_4_patch_6_Tanker_uint8.tif,298029,e5c1985003c06737d6d944861f6935d31a47ceea42b306d51573465f24fcbc19
2tfa6x37oerz2lyiw6hp47058/Data/NovaSAR_01_50692_grd_13_231215_081708_HH_4/ship_patches_uint8/NovaSAR_01_50692_grd_13_231215_081708_HH_4_patch_7_Tanker_uint8.tif,Tanker,0,file,NovaSAR_dataset/2tfa6x37oerz2lyiw6hp47058/Data/NovaSAR_01_50692_grd_13_231215_081708_HH_4/ship_patches_uint8/NovaSAR_01_50692_grd_13_231215_081708_HH_4_patch_7_Tanker_uint8.tif,296064,6423c022eb6d4944562db65c73fedc8b966b04776e0338f988afce218fae1fae
2tfa6x37oerz2lyiw6hp47058/Data/NovaSAR_01_50692_grd_13_231215_081721_HH_7/ship_patches_uint8/NovaSAR_01_50692_grd_13_231215_081721_HH_7_patch_5_Fishing_uint8.tif,Fishing,1,file,NovaSAR_dataset/2tfa6x37oerz2lyiw6hp47058/Data/NovaSAR_01_50692_grd_13_231215_081721_HH_7/ship_patches_uint8/NovaSAR_01_50692_grd_13_231215_081721_HH_7_patch_5_Fishing_uint8.tif,295617,19e5c1bcdc8a49e02140da7ff13872de226c0c341acfdfbca1f75e55518df6bb
2tfa6x37oerz2lyiw6hp47058/Data/NovaSAR_01_50692_grd_13_231215_081729_HH_9/ship_patches_uint8/NovaSAR_01_50692_grd_13_231215_081729_HH_9_patch_1_Tanker_uint8.tif,Tanker,0,file,NovaSAR_dataset/2tfa6x37oerz2lyiw6hp47058/Data/NovaSAR_01_50692_grd_13_231215_081729_HH_9/ship_patches_uint8/NovaSAR_01_50692_grd_13_231215_081729_HH_9_patch_1_Tanker_uint8.tif,206675,6dd0e06222516f39309349acf8231919b19cf3da6b863b4226269b9259525736
2tfa6x37oerz2lyiw6hp47058/Data/NovaSAR_01_50692_grd_13_231215_081729_HH_9/ship_patches_uint8/NovaSAR_01_50692_grd_13_231215_081729_HH_9_patch_2_Tanker_uint8.tif,Tanker,0,file,NovaSAR_dataset/2tfa6x37oerz2lyiw6hp47058/Data/NovaSAR_01_50692_grd_13_231215_081729_HH_9/ship_patches_uint8/NovaSAR_01_50692_grd_13_231215_081729_HH_9_patch_2_Tanker_uint8.tif,289477,f510b2406d578660650c03e5edcc5990efb3370d722f617e2fe661f3c0d0fbff
2tfa6x37oerz2lyiw6hp47058/Data/NovaSAR_01_50692_grd_13_231215_081729_HH_9/ship_patches_uint8/NovaSAR_01_50692_grd_13_231215_081729_HH_9_patch_3_Tanker_uint8.tif,Tanker,0,file,NovaSAR_dataset/2tfa6x37oerz2lyiw6hp47058/Data/NovaSAR_01_50692_grd_13_231215_081729_HH_9/ship_patches_uint8/NovaSAR_01_50692_grd_13_231215_081729_HH_9_patch_3_Tanker_uint8.tif,159581,408809d61ead82f74327a25147d3c7ae23fc3903a4a2c8911f87fae581479476
2tfa6x37oerz2lyiw6hp47058/Data/NovaSAR_01_50692_grd_13_231215_081729_HH_9/ship_patches_uint8/NovaSAR_01_50692_grd_13_231215_081729_HH_9_patch_4_Tanker_uint8.tif,Tanker,0,file,NovaSAR_dataset/2tfa6x37oerz2lyiw6hp47058/Data/NovaSAR_01_50692_grd_13_231215_081729_HH_9/ship_patches_uint8/NovaSAR_01_50692_grd_13_231215_081729_HH_9_patch_4_Tanker_uint8.tif,233664,e43681a0f9de3194d614512da3506c8adaa6fdfe13fe27b33d092706f109eff5
2tfa6x37oerz2lyiw6hp47058/Data/NovaSAR_01_50692_grd_13_231215_081729_HH_9/ship_patches_uint8/NovaSAR_01_50692_grd_13_231215_081729_HH_9_patch_5_Cargo_uint8.tif,Cargo,2,file,NovaSAR_dataset/2tfa6x37oerz2lyiw6hp47058/Data/NovaSAR_01_50692_grd_13_231215_081729_HH_9/ship_patches_uint8/NovaSAR_01_50692_grd_13_231215_081729_HH_9_patch_5_Cargo_uint8.tif,301570,26dd32c0c455c63bef240600b8dbae358d11c33b3b7d4355575bad20d4889eda
2tfa6x37oerz2lyiw6hp47058/Data/NovaSAR_01_50692_grd_13_231215_081729_HH_9/ship_patches_uint8/NovaSAR_01_50692_grd_13_231215_081729_HH_9_patch_6_Cargo_uint8.tif,Cargo,2,file,NovaSAR_dataset/2tfa6x37oerz2lyiw6hp47058/Data/NovaSAR_01_50692_grd_13_231215_081729_HH_9/ship_patches_uint8/NovaSAR_01_50692_grd_13_231215_081729_HH_9_patch_6_Cargo_uint8.tif,201664,143fbf7e18861c2897cec1ae60a97aff862ad063ad046ce120c9d649f15b11e9
2tfa6x37oerz2lyiw6hp47058/Data/NovaSAR_01_50692_grd_13_231215_081729_HH_9/ship_patches_uint8/NovaSAR_01_50692_grd_13_231215_081729_HH_9_patch_7_Cargo_uint8.tif,Cargo,2,file,NovaSAR_dataset/2tfa6x37oerz2lyiw6hp47058/Data/NovaSAR_01_50692_grd_13_231215_081729_HH_9/ship_patches_uint8/NovaSAR_01_50692_grd_13_231215_081729_HH_9_patch_7_Cargo_uint8.tif,210518,078f289584c1f3fb14312ec7e52566e9a9ebfc3ad76d8d6d8cf7d485f7bd47d2
2tfa6x37oerz2lyiw6hp47058/Data/NovaSAR_01_50692_grd_13_231215_081729_HH_9/ship_patches_uint8/NovaSAR_01_50692_grd_13_231215_081729_HH_9_patch_8_Tanker_uint8.tif,Tanker,0,file,NovaSAR_dataset/2tfa6x37oerz2lyiw6hp47058/Data/NovaSAR_01_50692_grd_13_231215_081729_HH_9/ship_patches_uint8/NovaSAR_01_50692_grd_13_231215_081729_HH_9_patch_8_Tanker_uint8.tif,242757,70db9e0622e9500b43296e77af44f68de10e8d99d0af40c3668f96e83590cf35
2tfa6x37oerz2lyiw6hp47058/Data/NovaSAR_01_50751_grd_13_231217_082822_HH_2/ship_patches_uint8/NovaSAR_01_50751_grd_13_231217_082822_HH_2_patch_2_Cargo_uint8.tif,Cargo,2,file,NovaSAR_dataset/2tfa6x37oerz2lyiw6hp47058/Data/NovaSAR_01_50751_grd_13_231217_082822_HH_2/ship_patches_uint8/NovaSAR_01_50751_grd_13_231217_082822_HH_2_patch_2_Cargo_uint8.tif,337373,e2684da92b5c0e5655b0f60a6548465a6f71fc2bd7bdb05b594caccda7f4eeac
2tfa6x37oerz2lyiw6hp47058/Data/NovaSAR_01_50751_grd_13_231217_082822_HH_2/ship_patches_uint8/NovaSAR_01_50751_grd_13_231217_082822_HH_2_patch_3_Tanker_uint8.tif,Tanker,0,file,NovaSAR_dataset/2tfa6x37oerz2lyiw6hp47058/Data/NovaSAR_01_50751_grd_13_231217_082822_HH_2/ship_patches_uint8/NovaSAR_01_50751_grd_13_231217_082822_HH_2_patch_3_Tanker_uint8.tif,336194,1d356ad56033f9f15ec28584da04c6e5cab5afe7b4be7054a06b70a392992211
2tfa6x37oerz2lyiw6hp47058/Data/NovaSAR_01_50751_grd_13_231217_082822_HH_2/ship_patches_uint8/NovaSAR_01_50751_grd_13_231217_082822_HH_2_patch_4_Cargo_uint8.tif,Cargo,2,file,NovaSAR_dataset/2tfa6x37oerz2lyiw6hp47058/Data/NovaSAR_01_50751_grd_13_231217_082822_HH_2/ship_patches_uint8/NovaSAR_01_50751_grd_13_231217_082822_HH_2_patch_4_Cargo_uint8.tif,335994,c4eb64b001495cb1edb307d48ef20d7b3888fc6902a00288241e89cd241d7485
2tfa6x37oerz2lyiw6hp47058/Data/NovaSAR_01_50751_grd_13_231217_082822_HH_2/ship_patches_uint8/NovaSAR_01_50751_grd_13_231217_082822_HH_2_patch_5_Cargo_uint8.tif,Cargo,2,file,NovaSAR_dataset/2tfa6x37oerz2lyiw6hp47058/Data/NovaSAR_01_50751_grd_13_231217_082822_HH_2/ship_patches_uint8/NovaSAR_01_50751_grd_13_231217_082822_HH_2_patch_5_Cargo_uint8.tif,339123,a1b09bf087c8a4ef558048f6f6551f916b96f7dd7ed6a5f78e25bd0ba3648c79
2tfa6x37oerz2lyiw6hp47058/Data/NovaSAR_01_50751_grd_13_231217_082828_HH_3/ship_patches_uint8/NovaSAR_01_50751_grd_13_231217_082828_HH_3_patch_7_Cargo_uint8.tif,Cargo,2,file,NovaSAR_dataset/2tfa6x37oerz2lyiw6hp47058/Data/NovaSAR_01_50751_grd_13_231217_082828_HH_3/ship_patches_uint8/NovaSAR_01_50751_grd_13_231217_082828_HH_3_patch_7_Cargo_uint8.tif,334024,0f28ed2b2acfc2e62774fe022af5cd4d8fd2eea772f279e51b37ccf8c1aa5daa
2tfa6x37oerz2lyiw6hp47058/Data/NovaSAR_01_50751_grd_13_231217_082851_HH_7/ship_patches_uint8/NovaSAR_01_50751_grd_13_231217_082851_HH_7_patch_1_Cargo_uint8.tif,Cargo,2,file,NovaSAR_dataset/2tfa6x37oerz2lyiw6hp47058/Data/NovaSAR_01_50751_grd_13_231217_082851_HH_7/ship_patches_uint8/NovaSAR_01_50751_grd_13_231217_082851_HH_7_patch_1_Cargo_uint8.tif,336434,ad59aa4eaf73c6acfdb56e6f5622cb93441c12228849ccc504eab2d81293b2fb
2tfa6x37oerz2lyiw6hp47058/Data/NovaSAR_01_50751_grd_13_231217_082856_HH_8/ship_patches_uint8/NovaSAR_01_50751_grd_13_231217_082856_HH_8_patch_1_Cargo_uint8.tif,Cargo,2,file,NovaSAR_dataset/2tfa6x37oerz2lyiw6hp47058/Data/NovaSAR_01_50751_grd_13_231217_082856_HH_8/ship_patches_uint8/NovaSAR_01_50751_grd_13_231217_082856_HH_8_patch_1_Cargo_uint8.tif,333837,6455457d239389b098e7e9d392f2b479dc1461b4828850bf7ab7408a68ad82c4
2tfa6x37oerz2lyiw6hp47058/Data/NovaSAR_01_50751_grd_13_231217_082856_HH_8/ship_patches_uint8/NovaSAR_01_50751_grd_13_231217_082856_HH_8_patch_2_Cargo_uint8.tif,Cargo,2,file,NovaSAR_dataset/2tfa6x37oerz2lyiw6hp47058/Data/NovaSAR_01_50751_grd_13_231217_082856_HH_8/ship_patches_uint8/NovaSAR_01_50751_grd_13_231217_082856_HH_8_patch_2_Cargo_uint8.tif,336354,6d5de227f658b33cd402fcc22cda3efc314bf45c97d467e5715c017eefc634d9
2tfa6x37oerz2lyiw6hp47058/Data/NovaSAR_01_50751_grd_13_231217_082856_HH_8/ship_patches_uint8/NovaSAR_01_50751_grd_13_231217_082856_HH_8_patch_3_Cargo_uint8.tif,Cargo,2,file,NovaSAR_dataset/2tfa6x37oerz2lyiw6hp47058/Data/NovaSAR_01_50751_grd_13_231217_082856_HH_8/ship_patches_uint8/NovaSAR_01_50751_grd_13_231217_082856_HH_8_patch_3_Cargo_uint8.tif,336660,07b9f3c8b3b0ac5ce091d62579395120a04782a7b76da081b3e01d10067a4972
2tfa6x37oerz2lyiw6hp47058/Data/NovaSAR_01_50751_grd_13_231217_082856_HH_8/ship_patches_uint8/NovaSAR_01_50751_grd_13_231217_082856_HH_8_patch_5_Cargo_uint8.tif,Cargo,2,file,NovaSAR_dataset/2tfa6x37oerz2lyiw6hp47058/Data/NovaSAR_01_50751_grd_13_231217_082856_HH_8/ship_patches_uint8/NovaSAR_01_50751_grd_13_231217_082856_HH_8_patch_5_Cargo_uint8.tif,334909,a1f8e8d8cfc4ef9ae4492fa531278d16a7101dff9afb0f7e3e4425bd3e7f2929
2tfa6x37oerz2lyiw6hp47058/Data/NovaSAR_01_50751_grd_13_231217_082908_HH_10/ship_patches_uint8/NovaSAR_01_50751_grd_13_231217_082908_HH_10_patch_1_Cargo_uint8.tif,Cargo,2,file,NovaSAR_dataset/2tfa6x37oerz2lyiw6hp47058/Data/NovaSAR_01_50751_grd_13_231217_082908_HH_10/ship_patches_uint8/NovaSAR_01_50751_grd_13_231217_082908_HH_10_patch_1_Cargo_uint8.tif,338006,8ab56bd7d38d7e91b063a5f6b21b21e16abe9623b81da81cacf5f9abd7bd8e88
2tfa6x37oerz2lyiw6hp47058/Data/NovaSAR_01_50751_grd_13_231217_082908_HH_10/ship_patches_uint8/NovaSAR_01_50751_grd_13_231217_082908_HH_10_patch_8_Cargo_uint8.tif,Cargo,2,file,NovaSAR_dataset/2tfa6x37oerz2lyiw6hp47058/Data/NovaSAR_01_50751_grd_13_231217_082908_HH_10/ship_patches_uint8/NovaSAR_01_50751_grd_13_231217_082908_HH_10_patch_8_Cargo_uint8.tif,339350,c4773fed2093c6b7f82fd4424e528e3e3441fe8da3b89e50addb2e374f210ae1
2tfa6x37oerz2lyiw6hp47058/Data/NovaSAR_01_50751_grd_13_231217_082913_HH_11/ship_patches_uint8/NovaSAR_01_50751_grd_13_231217_082913_HH_11_patch_1_Tanker_uint8.tif,Tanker,0,file,NovaSAR_dataset/2tfa6x37oerz2lyiw6hp47058/Data/NovaSAR_01_50751_grd_13_231217_082913_HH_11/ship_patches_uint8/NovaSAR_01_50751_grd_13_231217_082913_HH_11_patch_1_Tanker_uint8.tif,324157,0b2a89f50621e1fec840245b8c74dc50d68051e5dd79b5f6b970dea94897e28a
2tfa6x37oerz2lyiw6hp47058/Data/NovaSAR_01_50751_grd_13_231217_082913_HH_11/ship_patches_uint8/NovaSAR_01_50751_grd_13_231217_082913_HH_11_patch_2_Cargo_uint8.tif,Cargo,2,file,NovaSAR_dataset/2tfa6x37oerz2lyiw6hp47058/Data/NovaSAR_01_50751_grd_13_231217_082913_HH_11/ship_patches_uint8/NovaSAR_01_50751_grd_13_231217_082913_HH_11_patch_2_Cargo_uint8.tif,321389,d4d0b3f6ebedc0ef681181e322784a06196618945ef00d7f600d6fc84427a7cf
2tfa6x37oerz2lyiw6hp47058/Data/NovaSAR_01_50751_grd_13_231217_082913_HH_11/ship_patches_uint8/NovaSAR_01_50751_grd_13_231217_082913_HH_11_patch_3_Tanker_uint8.tif,Tanker,0,file,NovaSAR_dataset/2tfa6x37oerz2lyiw6hp47058/Data/NovaSAR_01_50751_grd_13_231217_082913_HH_11/ship_patches_uint8/NovaSAR_01_50751_grd_13_231217_082913_HH_11_patch_3_Tanker_uint8.tif,325036,f2fcbcaa7d0adc3be6fdec105d09cd4af180c71792fe3d4da99c66cfe332852c
2tfa6x37oerz2lyiw6hp47058/Data/NovaSAR_01_50751_grd_13_231217_082913_HH_11/ship_patches_uint8/NovaSAR_01_50751_grd_13_231217_082913_HH_11_patch_4_Cargo_uint8.tif,Cargo,2,file,NovaSAR_dataset/2tfa6x37oerz2lyiw6hp47058/Data/NovaSAR_01_50751_grd_13_231217_082913_HH_11/ship_patches_uint8/NovaSAR_01_50751_grd_13_231217_082913_HH_11_patch_4_Cargo_uint8.tif,325675,08f1ba665da4158b71a9c2f95b4c0c41ce19497a7de82ab1c88f99eaa54440f3
2tfa6x37oerz2lyiw6hp47058/Data/NovaSAR_01_50751_grd_13_231217_082913_HH_11/ship_patches_uint8/NovaSAR_01_50751_grd_13_231217_082913_HH_11_patch_5_Cargo_uint8.tif,Cargo,2,file,NovaSAR_dataset/2tfa6x37oerz2lyiw6hp47058/Data/NovaSAR_01_50751_grd_13_231217_082913_HH_11/ship_patches_uint8/NovaSAR_01_50751_grd_13_231217_082913_HH_11_patch_5_Cargo_uint8.tif,308809,78cc796c6e58493666c494a7c0b3565a2ea3ca7c7fa4f0ddadbb3396e57f77f8
2tfa6x37oerz2lyiw6hp47058/Data/NovaSAR_01_50751_grd_13_231217_082919_HH_12/ship_patches_uint8/NovaSAR_01_50751_grd_13_231217_082919_HH_12_patch_1_Fishing_uint8.tif,Fishing,1,file,NovaSAR_dataset/2tfa6x37oerz2lyiw6hp47058/Data/NovaSAR_01_50751_grd_13_231217_082919_HH_12/ship_patches_uint8/NovaSAR_01_50751_grd_13_231217_082919_HH_12_patch_1_Fishing_uint8.tif,325135,d4fb2fe827590835287474a1116faa0a9f262042a0d57fcc600fc80cdee16d03
2tfa6x37oerz2lyiw6hp47058/Data/NovaSAR_01_50782_grd_13_231218_083410_HH_4/ship_patches_uint8/NovaSAR_01_50782_grd_13_231218_083410_HH_4_patch_1_Cargo_uint8.tif,Cargo,2,file,NovaSAR_dataset/2tfa6x37oerz2lyiw6hp47058/Data/NovaSAR_01_50782_grd_13_231218_083410_HH_4/ship_patches_uint8/NovaSAR_01_50782_grd_13_231218_083410_HH_4_patch_1_Cargo_uint8.tif,330299,65c2d85f9d1f3759e5ca9b478f402c16e33f31067bd3053686086f410fef72b8
2tfa6x37oerz2lyiw6hp47058/Data/NovaSAR_01_50782_grd_13_231218_083416_HH_5/ship_patches_uint8/NovaSAR_01_50782_grd_13_231218_083416_HH_5_patch_1_Cargo_uint8.tif,Cargo,2,file,NovaSAR_dataset/2tfa6x37oerz2lyiw6hp47058/Data/NovaSAR_01_50782_grd_13_231218_083416_HH_5/ship_patches_uint8/NovaSAR_01_50782_grd_13_231218_083416_HH_5_patch_1_Cargo_uint8.tif,333965,78dd2701f2bb2ce1967848b0f46a5ea0812e002ea8dc15acfb19b7f6bf92c024
2tfa6x37oerz2lyiw6hp47058/Data/NovaSAR_01_50782_grd_13_231218_083506_HH_14/ship_patches_uint8/NovaSAR_01_50782_grd_13_231218_083506_HH_14_patch_1_Cargo_uint8.tif,Cargo,2,file,NovaSAR_dataset/2tfa6x37oerz2lyiw6hp47058/Data/NovaSAR_01_50782_grd_13_231218_083506_HH_14/ship_patches_uint8/NovaSAR_01_50782_grd_13_231218_083506_HH_14_patch_1_Cargo_uint8.tif,323120,3e0eea51c80bb196535cdcd87e9e2be19073cff3c14920c03792c0411edb300a
2tfa6x37oerz2lyiw6hp47058/Data/NovaSAR_01_50782_grd_13_231218_083506_HH_14/ship_patches_uint8/NovaSAR_01_50782_grd_13_231218_083506_HH_14_patch_4_Fishing_uint8.tif,Fishing,1,file,NovaSAR_dataset/2tfa6x37oerz2lyiw6hp47058/Data/NovaSAR_01_50782_grd_13_231218_083506_HH_14/ship_patches_uint8/NovaSAR_01_50782_grd_13_231218_083506_HH_14_patch_4_Fishing_uint8.tif,326769,26cc70ce5ff2789e078b74ad747806b1ce5c28382096d7e772c7f8a911a54406
2tfa6x37oerz2lyiw6hp47058/Data/NovaSAR_01_50782_grd_13_231218_083506_HH_14/ship_patches_uint8/NovaSAR_01_50782_grd_13_231218_083506_HH_14_patch_5_Tanker_uint8.tif,Tanker,0,file,NovaSAR_dataset/2tfa6x37oerz2lyiw6hp47058/Data/NovaSAR_01_50782_grd_13_231218_083506_HH_14/ship_patches_uint8/NovaSAR_01_50782_grd_13_231218_083506_HH_14_patch_5_Tanker_uint8.tif,323602,537ff8993f445ea28198a8b14bd44bb537b13e06d7f5051d1a04f97c98c3e418
2tfa6x37oerz2lyiw6hp47058/Data/NovaSAR_01_50812_grd_13_231219_083957_HH_1/ship_patches_uint8/NovaSAR_01_50812_grd_13_231219_083957_HH_1_patch_1_Cargo_uint8.tif,Cargo,2,file,NovaSAR_dataset/2tfa6x37oerz2lyiw6hp47058/Data/NovaSAR_01_50812_grd_13_231219_083957_HH_1/ship_patches_uint8/NovaSAR_01_50812_grd_13_231219_083957_HH_1_patch_1_Cargo_uint8.tif,237828,5e6c948c7214b291025d73bda27b75d9a5816154d44c5b29e1cc3b08a89aefa4
2tfa6x37oerz2lyiw6hp47058/Data/NovaSAR_01_50812_grd_13_231219_084037_HH_8/ship_patches_uint8/NovaSAR_01_50812_grd_13_231219_084037_HH_8_patch_1_Tanker_uint8.tif,Tanker,0,file,NovaSAR_dataset/2tfa6x37oerz2lyiw6hp47058/Data/NovaSAR_01_50812_grd_13_231219_084037_HH_8/ship_patches_uint8/NovaSAR_01_50812_grd_13_231219_084037_HH_8_patch_1_Tanker_uint8.tif,330719,bc6302b222f40c4bfdfe2af16c9bb2c7a212a6ccb8b1204a9ff9a8df2df92b4e
2tfa6x37oerz2lyiw6hp47058/Data/NovaSAR_01_50824_grd_13_231219_214925_HH_3/ship_patches_uint8/NovaSAR_01_50824_grd_13_231219_214925_HH_3_patch_15_Cargo_uint8.tif,Cargo,2,file,NovaSAR_dataset/2tfa6x37oerz2lyiw6hp47058/Data/NovaSAR_01_50824_grd_13_231219_214925_HH_3/ship_patches_uint8/NovaSAR_01_50824_grd_13_231219_214925_HH_3_patch_15_Cargo_uint8.tif,245712,e9356958513be9cdcee72cc9ccca4fdde235f0b83fe8e389dc9c2f9a56d03783
2tfa6x37oerz2lyiw6hp47058/Data/NovaSAR_01_50824_grd_13_231219_214925_HH_3/ship_patches_uint8/NovaSAR_01_50824_grd_13_231219_214925_HH_3_patch_6_Cargo_uint8.tif,Cargo,2,file,NovaSAR_dataset/2tfa6x37oerz2lyiw6hp47058/Data/NovaSAR_01_50824_grd_13_231219_214925_HH_3/ship_patches_uint8/NovaSAR_01_50824_grd_13_231219_214925_HH_3_patch_6_Cargo_uint8.tif,318913,e80b04c3956dc36e6fc607bdc0af1aa24bd055f1d31a34bf1cef2eefc37d7f1f
2tfa6x37oerz2lyiw6hp47058/Data/NovaSAR_01_50824_grd_13_231219_214925_HH_3/ship_patches_uint8/NovaSAR_01_50824_grd_13_231219_214925_HH_3_patch_8_Cargo_uint8.tif,Cargo,2,file,NovaSAR_dataset/2tfa6x37oerz2lyiw6hp47058/Data/NovaSAR_01_50824_grd_13_231219_214925_HH_3/ship_patches_uint8/NovaSAR_01_50824_grd_13_231219_214925_HH_3_patch_8_Cargo_uint8.tif,307233,884c4ef527208b02128266678556cbfb19a88343fafe3f7a53b85015f5768ad8
2tfa6x37oerz2lyiw6hp47058/Data/NovaSAR_01_50824_grd_13_231219_214925_HH_3/ship_patches_uint8/NovaSAR_01_50824_grd_13_231219_214925_HH_3_patch_9_Fishing_uint8.tif,Fishing,1,file,NovaSAR_dataset/2tfa6x37oerz2lyiw6hp47058/Data/NovaSAR_01_50824_grd_13_231219_214925_HH_3/ship_patches_uint8/NovaSAR_01_50824_grd_13_231219_214925_HH_3_patch_9_Fishing_uint8.tif,319264,fe2f3fe3ab21cc28efcd4b92c2788f8e45fc05c5e3038e6782d078df97c10a2a
2tfa6x37oerz2lyiw6hp47058/Data/NovaSAR_01_50824_grd_13_231219_214930_HH_4/ship_patches_uint8/NovaSAR_01_50824_grd_13_231219_214930_HH_4_patch_1_Tanker_uint8.tif,Tanker,0,file,NovaSAR_dataset/2tfa6x37oerz2lyiw6hp47058/Data/NovaSAR_01_50824_grd_13_231219_214930_HH_4/ship_patches_uint8/NovaSAR_01_50824_grd_13_231219_214930_HH_4_patch_1_Tanker_uint8.tif,298096,444bec50315bc5e68f553e023cceeb9cc7bfa4f8a47055e12c445f611d32fb13
2tfa6x37oerz2lyiw6hp47058/Data/NovaSAR_01_50824_grd_13_231219_214930_HH_4/ship_patches_uint8/NovaSAR_01_50824_grd_13_231219_214930_HH_4_patch_2_Cargo_uint8.tif,Cargo,2,file,NovaSAR_dataset/2tfa6x37oerz2lyiw6hp47058/Data/NovaSAR_01_50824_grd_13_231219_214930_HH_4/ship_patches_uint8/NovaSAR_01_50824_grd_13_231219_214930_HH_4_patch_2_Cargo_uint8.tif,295300,82d30c2705b5a70a89d4df20624d60adcbb6f3fe0a7b5f33e6801d6c64393a2a
2tfa6x37oerz2lyiw6hp47058/Data/NovaSAR_01_50824_grd_13_231219_214930_HH_4/ship_patches_uint8/NovaSAR_01_50824_grd_13_231219_214930_HH_4_patch_3_Cargo_uint8.tif,Cargo,2,file,NovaSAR_dataset/2tfa6x37oerz2lyiw6hp47058/Data/NovaSAR_01_50824_grd_13_231219_214930_HH_4/ship_patches_uint8/NovaSAR_01_50824_grd_13_231219_214930_HH_4_patch_3_Cargo_uint8.tif,325235,b99b1feca39093add4ccd232b63393a7c2739711051f553ed48cac0db56efb78
2tfa6x37oerz2lyiw6hp47058/Data/NovaSAR_01_50824_grd_13_231219_214942_HH_6/ship_patches_uint8/NovaSAR_01_50824_grd_13_231219_214942_HH_6_patch_2_Tanker_uint8.tif,Tanker,0,file,NovaSAR_dataset/2tfa6x37oerz2lyiw6hp47058/Data/NovaSAR_01_50824_grd_13_231219_214942_HH_6/ship_patches_uint8/NovaSAR_01_50824_grd_13_231219_214942_HH_6_patch_2_Tanker_uint8.tif,284289,8b6272695b58977de9ef42337891368d1e5b1fe39f765800440bd352d26723fe
2tfa6x37oerz2lyiw6hp47058/Data/NovaSAR_01_50824_grd_13_231219_214942_HH_6/ship_patches_uint8/NovaSAR_01_50824_grd_13_231219_214942_HH_6_patch_3_Tanker_uint8.tif,Tanker,0,file,NovaSAR_dataset/2tfa6x37oerz2lyiw6hp47058/Data/NovaSAR_01_50824_grd_13_231219_214942_HH_6/ship_patches_uint8/NovaSAR_01_50824_grd_13_231219_214942_HH_6_patch_3_Tanker_uint8.tif,302310,1201b315b93acd121a1b9f615064091fef1765d5bb8289a4510c0593a6c1b1b8
2tfa6x37oerz2lyiw6hp47058/Data/NovaSAR_01_50824_grd_13_231219_214942_HH_6/ship_patches_uint8/NovaSAR_01_50824_grd_13_231219_214942_HH_6_patch_4_Tanker_uint8.tif,Tanker,0,file,NovaSAR_dataset/2tfa6x37oerz2lyiw6hp47058/Data/NovaSAR_01_50824_grd_13_231219_214942_HH_6/ship_patches_uint8/NovaSAR_01_50824_grd_13_231219_214942_HH_6_patch_4_Tanker_uint8.tif,301884,6451d6a9e5d9f25f4cac17989eac1d7afc3b9461d316b18262fe69b0bc23a1fe
2tfa6x37oerz2lyiw6hp47058/Data/NovaSAR_01_50824_grd_13_231219_214942_HH_6/ship_patches_uint8/NovaSAR_01_50824_grd_13_231219_214942_HH_6_patch_7_Cargo_uint8.tif,Cargo,2,file,NovaSAR_dataset/2tfa6x37oerz2lyiw6hp47058/Data/NovaSAR_01_50824_grd_13_231219_214942_HH_6/ship_patches_uint8/NovaSAR_01_50824_grd_13_231219_214942_HH_6_patch_7_Cargo_uint8.tif,299998,a889c5f1ebd4d312ddc0ef53429b9bdd0f1262eb11effa902a1f546b57a3c7c6
2tfa6x37oerz2lyiw6hp47058/Data/NovaSAR_01_50855_grd_13_231220_215440_HH_5/ship_patches_uint8/NovaSAR_01_50855_grd_13_231220_215440_HH_5_patch_2_Tanker_uint8.tif,Tanker,0,file,NovaSAR_dataset/2tfa6x37oerz2lyiw6hp47058/Data/NovaSAR_01_50855_grd_13_231220_215440_HH_5/ship_patches_uint8/NovaSAR_01_50855_grd_13_231220_215440_HH_5_patch_2_Tanker_uint8.tif,302220,dab1c0d60468b061597ceb957a04d50b69af567f31471fe5a7ffda221e212c99
2tfa6x37oerz2lyiw6hp47058/Data/NovaSAR_01_50855_grd_13_231220_215444_HH_6/ship_patches_uint8/NovaSAR_01_50855_grd_13_231220_215444_HH_6_patch_10_Cargo_uint8.tif,Cargo,2,file,NovaSAR_dataset/2tfa6x37oerz2lyiw6hp47058/Data/NovaSAR_01_50855_grd_13_231220_215444_HH_6/ship_patches_uint8/NovaSAR_01_50855_grd_13_231220_215444_HH_6_patch_10_Cargo_uint8.tif,301975,1e67de38d35edf442735536030a657cb8d4c66339a1b487effb9ed477be6f36c
2tfa6x37oerz2lyiw6hp47058/Data/NovaSAR_01_50855_grd_13_231220_215444_HH_6/ship_patches_uint8/NovaSAR_01_50855_grd_13_231220_215444_HH_6_patch_11_Tanker_uint8.tif,Tanker,0,file,NovaSAR_dataset/2tfa6x37oerz2lyiw6hp47058/Data/NovaSAR_01_50855_grd_13_231220_215444_HH_6/ship_patches_uint8/NovaSAR_01_50855_grd_13_231220_215444_HH_6_patch_11_Tanker_uint8.tif,299990,9f7f37c8b37f6207ebcc2a064c3eeea055779b8ff56493551dc1601c6ffcf1e0
2tfa6x37oerz2lyiw6hp47058/Data/NovaSAR_01_50855_grd_13_231220_215444_HH_6/ship_patches_uint8/NovaSAR_01_50855_grd_13_231220_215444_HH_6_patch_1_Cargo_uint8.tif,Cargo,2,file,NovaSAR_dataset/2tfa6x37oerz2lyiw6hp47058/Data/NovaSAR_01_50855_grd_13_231220_215444_HH_6/ship_patches_uint8/NovaSAR_01_50855_grd_13_231220_215444_HH_6_patch_1_Cargo_uint8.tif,293574,f22b5c5b1d4b8646f216f67bf0e402f59ea932a8c030c353e878be61042435b8
2tfa6x37oerz2lyiw6hp47058/Data/NovaSAR_01_50855_grd_13_231220_215444_HH_6/ship_patches_uint8/NovaSAR_01_50855_grd_13_231220_215444_HH_6_patch_3_Tanker_uint8.tif,Tanker,0,file,NovaSAR_dataset/2tfa6x37oerz2lyiw6hp47058/Data/NovaSAR_01_50855_grd_13_231220_215444_HH_6/ship_patches_uint8/NovaSAR_01_50855_grd_13_231220_215444_HH_6_patch_3_Tanker_uint8.tif,250560,cdfb0f44da0c98a652ec53eb92577e77c2affaa18b9f8e53c1617a121e4fb929
2tfa6x37oerz2lyiw6hp47058/Data/NovaSAR_01_50855_grd_13_231220_215444_HH_6/ship_patches_uint8/NovaSAR_01_50855_grd_13_231220_215444_HH_6_patch_4_Cargo_uint8.tif,Cargo,2,file,NovaSAR_dataset/2tfa6x37oerz2lyiw6hp47058/Data/NovaSAR_01_50855_grd_13_231220_215444_HH_6/ship_patches_uint8/NovaSAR_01_50855_grd_13_231220_215444_HH_6_patch_4_Cargo_uint8.tif,250610,0f5c8405bd2bf9584e64fc463b604a1c2007acb3851161d08ba351e9415cd597
2tfa6x37oerz2lyiw6hp47058/Data/NovaSAR_01_50855_grd_13_231220_215444_HH_6/ship_patches_uint8/NovaSAR_01_50855_grd_13_231220_215444_HH_6_patch_5_Cargo_uint8.tif,Cargo,2,file,NovaSAR_dataset/2tfa6x37oerz2lyiw6hp47058/Data/NovaSAR_01_50855_grd_13_231220_215444_HH_6/ship_patches_uint8/NovaSAR_01_50855_grd_13_231220_215444_HH_6_patch_5_Cargo_uint8.tif,284867,bbffbd5df162834524cab4fc94b52a195b57ef4585acf457197fce12a741b801
2tfa6x37oerz2lyiw6hp47058/Data/NovaSAR_01_50855_grd_13_231220_215444_HH_6/ship_patches_uint8/NovaSAR_01_50855_grd_13_231220_215444_HH_6_patch_6_Tanker_uint8.tif,Tanker,0,file,NovaSAR_dataset/2tfa6x37oerz2lyiw6hp47058/Data/NovaSAR_01_50855_grd_13_231220_215444_HH_6/ship_patches_uint8/NovaSAR_01_50855_grd_13_231220_215444_HH_6_patch_6_Tanker_uint8.tif,217304,eb119a75933b15a3ac1c0998c487aac4a26485bfd9e5a9e70ad5042c822df8cf
2tfa6x37oerz2lyiw6hp47058/Data/NovaSAR_01_50855_grd_13_231220_215444_HH_6/ship_patches_uint8/NovaSAR_01_50855_grd_13_231220_215444_HH_6_patch_7_Tanker_uint8.tif,Tanker,0,file,NovaSAR_dataset/2tfa6x37oerz2lyiw6hp47058/Data/NovaSAR_01_50855_grd_13_231220_215444_HH_6/ship_patches_uint8/NovaSAR_01_50855_grd_13_231220_215444_HH_6_patch_7_Tanker_uint8.tif,296931,5f715732352b9a34677ba76661417fe4f668c62a77dc80a054c5e575643df2f8
2tfa6x37oerz2lyiw6hp47058/Data/NovaSAR_01_50855_grd_13_231220_215444_HH_6/ship_patches_uint8/NovaSAR_01_50855_grd_13_231220_215444_HH_6_patch_8_Tanker_uint8.tif,Tanker,0,file,NovaSAR_dataset/2tfa6x37oerz2lyiw6hp47058/Data/NovaSAR_01_50855_grd_13_231220_215444_HH_6/ship_patches_uint8/NovaSAR_01_50855_grd_13_231220_215444_HH_6_patch_8_Tanker_uint8.tif,295589,f213d584bc2e99f6063af08976cefffd67ad64994bf4bcea936216b4d37eef89
2tfa6x37oerz2lyiw6hp47058/Data/NovaSAR_01_50855_grd_13_231220_215444_HH_6/ship_patches_uint8/NovaSAR_01_50855_grd_13_231220_215444_HH_6_patch_9_Tanker_uint8.tif,Tanker,0,file,NovaSAR_dataset/2tfa6x37oerz2lyiw6hp47058/Data/NovaSAR_01_50855_grd_13_231220_215444_HH_6/ship_patches_uint8/NovaSAR_01_50855_grd_13_231220_215444_HH_6_patch_9_Tanker_uint8.tif,286766,becdbe389998fe58add85ab24c22e8291d43d59766e7732832f75a791fb81135
2tfa6x37oerz2lyiw6hp47058/Data/NovaSAR_01_50884_grd_13_231221_220052_HH_1/ship_patches_uint8/NovaSAR_01_50884_grd_13_231221_220052_HH_1_patch_1_Tanker_uint8.tif,Tanker,0,file,NovaSAR_dataset/2tfa6x37oerz2lyiw6hp47058/Data/NovaSAR_01_50884_grd_13_231221_220052_HH_1/ship_patches_uint8/NovaSAR_01_50884_grd_13_231221_220052_HH_1_patch_1_Tanker_uint8.tif,331068,d99fa6f2486cf13ed2a6766a08c034fef127a7200565c6746490851aba0e15e4
2tfa6x37oerz2lyiw6hp47058/Data/NovaSAR_01_50884_grd_13_231221_220052_HH_1/ship_patches_uint8/NovaSAR_01_50884_grd_13_231221_220052_HH_1_patch_2_Tanker_uint8.tif,Tanker,0,file,NovaSAR_dataset/2tfa6x37oerz2lyiw6hp47058/Data/NovaSAR_01_50884_grd_13_231221_220052_HH_1/ship_patches_uint8/NovaSAR_01_50884_grd_13_231221_220052_HH_1_patch_2_Tanker_uint8.tif,328632,3f22c7b8f5852d6decb8bc2a20aa172585db0f62e7c5654e402ca72b84a1ff1b
2tfa6x37oerz2lyiw6hp47058/Data/NovaSAR_01_50884_grd_13_231221_220052_HH_1/ship_patches_uint8/NovaSAR_01_50884_grd_13_231221_220052_HH_1_patch_3_Cargo_uint8.tif,Cargo,2,file,NovaSAR_dataset/2tfa6x37oerz2lyiw6hp47058/Data/NovaSAR_01_50884_grd_13_231221_220052_HH_1/ship_patches_uint8/NovaSAR_01_50884_grd_13_231221_220052_HH_1_patch_3_Cargo_uint8.tif,330617,ae9721d1fdcc5c15198f60d91edb0341141c42e95f328664b170061d28c0ab62
2tfa6x37oerz2lyiw6hp47058/Data/NovaSAR_01_50884_grd_13_231221_220058_HH_2/ship_patches_uint8/NovaSAR_01_50884_grd_13_231221_220058_HH_2_patch_1_Tanker_uint8.tif,Tanker,0,file,NovaSAR_dataset/2tfa6x37oerz2lyiw6hp47058/Data/NovaSAR_01_50884_grd_13_231221_220058_HH_2/ship_patches_uint8/NovaSAR_01_50884_grd_13_231221_220058_HH_2_patch_1_Tanker_uint8.tif,332550,efa4c9c70476e7fb0d7336af7ec9e8079e16a05f81e7472d0069da5364711b85
2tfa6x37oerz2lyiw6hp47058/Data/NovaSAR_01_50884_grd_13_231221_220058_HH_2/ship_patches_uint8/NovaSAR_01_50884_grd_13_231221_220058_HH_2_patch_4_Tanker_uint8.tif,Tanker,0,file,NovaSAR_dataset/2tfa6x37oerz2lyiw6hp47058/Data/NovaSAR_01_50884_grd_13_231221_220058_HH_2/ship_patches_uint8/NovaSAR_01_50884_grd_13_231221_220058_HH_2_patch_4_Tanker_uint8.tif,329702,451c86dd49005b9eb9549edf8d0d8eeb27c240e8ccebc738309b678477d5d9dc
2tfa6x37oerz2lyiw6hp47058/Data/NovaSAR_01_50884_grd_13_231221_220103_HH_3/ship_patches_uint8/NovaSAR_01_50884_grd_13_231221_220103_HH_3_patch_1_Cargo_uint8.tif,Cargo,2,file,NovaSAR_dataset/2tfa6x37oerz2lyiw6hp47058/Data/NovaSAR_01_50884_grd_13_231221_220103_HH_3/ship_patches_uint8/NovaSAR_01_50884_grd_13_231221_220103_HH_3_patch_1_Cargo_uint8.tif,336191,bbfb92c217f44f09190ea6ab1d916280ee97804a9542ed340844b3e3ab9ad00e
2tfa6x37oerz2lyiw6hp47058/Data/NovaSAR_01_50884_grd_13_231221_220103_HH_3/ship_patches_uint8/NovaSAR_01_50884_grd_13_231221_220103_HH_3_patch_2_Tanker_uint8.tif,Tanker,0,file,NovaSAR_dataset/2tfa6x37oerz2lyiw6hp47058/Data/NovaSAR_01_50884_grd_13_231221_220103_HH_3/ship_patches_uint8/NovaSAR_01_50884_grd_13_231221_220103_HH_3_patch_2_Tanker_uint8.tif,336532,06017ad170a071fb879d84425ed1be5d9bd036fa8275e36752964af22e45f8d2
2tfa6x37oerz2lyiw6hp47058/Data/NovaSAR_01_50884_grd_13_231221_220103_HH_3/ship_patches_uint8/NovaSAR_01_50884_grd_13_231221_220103_HH_3_patch_3_Tanker_uint8.tif,Tanker,0,file,NovaSAR_dataset/2tfa6x37oerz2lyiw6hp47058/Data/NovaSAR_01_50884_grd_13_231221_220103_HH_3/ship_patches_uint8/NovaSAR_01_50884_grd_13_231221_220103_HH_3_patch_3_Tanker_uint8.tif,334246,6b62fd78eddd1531813ba20b39939fa54d801a99139308ca429385fe56e5b7bd
2tfa6x37oerz2lyiw6hp47058/Data/NovaSAR_01_50884_grd_13_231221_220103_HH_3/ship_patches_uint8/NovaSAR_01_50884_grd_13_231221_220103_HH_3_patch_4_Cargo_uint8.tif,Cargo,2,file,NovaSAR_dataset/2tfa6x37oerz2lyiw6hp47058/Data/NovaSAR_01_50884_grd_13_231221_220103_HH_3/ship_patches_uint8/NovaSAR_01_50884_grd_13_231221_220103_HH_3_patch_4_Cargo_uint8.tif,336361,9497def260a451924b9776a2531eef9bb595077a21dca2073ccd04003ae7f7cf
2tfa6x37oerz2lyiw6hp47058/Data/NovaSAR_01_50884_grd_13_231221_220115_HH_5/ship_patches_uint8/NovaSAR_01_50884_grd_13_231221_220115_HH_5_patch_3_Tanker_uint8.tif,Tanker,0,file,NovaSAR_dataset/2tfa6x37oerz2lyiw6hp47058/Data/NovaSAR_01_50884_grd_13_231221_220115_HH_5/ship_patches_uint8/NovaSAR_01_50884_grd_13_231221_220115_HH_5_patch_3_Tanker_uint8.tif,333139,1b00cf46dc9d97371cb9156e588941d2108dab0d2584ccd3d8280f21828af9fd
2tfa6x37oerz2lyiw6hp47058/Data/NovaSAR_01_50884_grd_13_231221_220115_HH_5/ship_patches_uint8/NovaSAR_01_50884_grd_13_231221_220115_HH_5_patch_4_Cargo_uint8.tif,Cargo,2,file,NovaSAR_dataset/2tfa6x37oerz2lyiw6hp47058/Data/NovaSAR_01_50884_grd_13_231221_220115_HH_5/ship_patches_uint8/NovaSAR_01_50884_grd_13_231221_220115_HH_5_patch_4_Cargo_uint8.tif,334739,cfbe1b4ef954863b9ffda88e6f086ff549125b4dfc7afb675c32b58f1e3ee86b
2tfa6x37oerz2lyiw6hp47058/Data/NovaSAR_01_50884_grd_13_231221_220115_HH_5/ship_patches_uint8/NovaSAR_01_50884_grd_13_231221_220115_HH_5_patch_5_Cargo_uint8.tif,Cargo,2,file,NovaSAR_dataset/2tfa6x37oerz2lyiw6hp47058/Data/NovaSAR_01_50884_grd_13_231221_220115_HH_5/ship_patches_uint8/NovaSAR_01_50884_grd_13_231221_220115_HH_5_patch_5_Cargo_uint8.tif,332357,824a7e152efe903bff8b84d5d5d55f214b487b8431618a6719ae8a94b1a79115
2tfa6x37oerz2lyiw6hp47058/Data/NovaSAR_01_50902_grd_13_231222_085704_HH_1/ship_patches_uint8/NovaSAR_01_50902_grd_13_231222_085704_HH_1_patch_1_Cargo_uint8.tif,Cargo,2,file,NovaSAR_dataset/2tfa6x37oerz2lyiw6hp47058/Data/NovaSAR_01_50902_grd_13_231222_085704_HH_1/ship_patches_uint8/NovaSAR_01_50902_grd_13_231222_085704_HH_1_patch_1_Cargo_uint8.tif,319988,3d8b24210e6be83d1e09d90210a1ceb1af50536c13baecefea0167be10a4e333
2tfa6x37oerz2lyiw6hp47058/Data/NovaSAR_01_50902_grd_13_231222_085708_HH_2/ship_patches_uint8/NovaSAR_01_50902_grd_13_231222_085708_HH_2_patch_1_Cargo_uint8.tif,Cargo,2,file,NovaSAR_dataset/2tfa6x37oerz2lyiw6hp47058/Data/NovaSAR_01_50902_grd_13_231222_085708_HH_2/ship_patches_uint8/NovaSAR_01_50902_grd_13_231222_085708_HH_2_patch_1_Cargo_uint8.tif,316144,ea3b591e6cfaa25eee765e39378151956caac670bd6831cb93b70806c8ac016d
2tfa6x37oerz2lyiw6hp47058/Data/NovaSAR_01_50902_grd_13_231222_085708_HH_2/ship_patches_uint8/NovaSAR_01_50902_grd_13_231222_085708_HH_2_patch_2_Cargo_uint8.tif,Cargo,2,file,NovaSAR_dataset/2tfa6x37oerz2lyiw6hp47058/Data/NovaSAR_01_50902_grd_13_231222_085708_HH_2/ship_patches_uint8/NovaSAR_01_50902_grd_13_231222_085708_HH_2_patch_2_Cargo_uint8.tif,314791,57f8427bc89e7bca31cc7202c582c85e9f7fca40e54c4510c35dc09b2cda6387
2tfa6x37oerz2lyiw6hp47058/Data/NovaSAR_01_50902_grd_13_231222_085738_HH_9/ship_patches_uint8/NovaSAR_01_50902_grd_13_231222_085738_HH_9_patch_1_Tanker_uint8.tif,Tanker,0,file,NovaSAR_dataset/2tfa6x37oerz2lyiw6hp47058/Data/NovaSAR_01_50902_grd_13_231222_085738_HH_9/ship_patches_uint8/NovaSAR_01_50902_grd_13_231222_085738_HH_9_patch_1_Tanker_uint8.tif,266140,5b4f88e38681cbcac795edb3ed1756391c17025724ffdb4a640b2c9d8d54b14e
2tfa6x37oerz2lyiw6hp47058/Data/NovaSAR_01_50902_grd_13_231222_085751_HH_12/ship_patches_uint8/NovaSAR_01_50902_grd_13_231222_085751_HH_12_patch_1_Cargo_uint8.tif,Cargo,2,file,NovaSAR_dataset/2tfa6x37oerz2lyiw6hp47058/Data/NovaSAR_01_50902_grd_13_231222_085751_HH_12/ship_patches_uint8/NovaSAR_01_50902_grd_13_231222_085751_HH_12_patch_1_Cargo_uint8.tif,187384,036e4ffd707f1b701e0d901e72cee760e5f7073b7a8e666d0d49ad97d9eb3ddd
2tfa6x37oerz2lyiw6hp47058/Data/NovaSAR_01_50902_grd_13_231222_085751_HH_12/ship_patches_uint8/NovaSAR_01_50902_grd_13_231222_085751_HH_12_patch_2_Tanker_uint8.tif,Tanker,0,file,NovaSAR_dataset/2tfa6x37oerz2lyiw6hp47058/Data/NovaSAR_01_50902_grd_13_231222_085751_HH_12/ship_patches_uint8/NovaSAR_01_50902_grd_13_231222_085751_HH_12_patch_2_Tanker_uint8.tif,293372,85ea77368cef8c6e2c4337e2fac17d8fdb1ee0ec10d1a042c0fa07124fd0ece9
2tfa6x37oerz2lyiw6hp47058/Data/NovaSAR_01_50902_grd_13_231222_085751_HH_12/ship_patches_uint8/NovaSAR_01_50902_grd_13_231222_085751_HH_12_patch_3_Tanker_uint8.tif,Tanker,0,file,NovaSAR_dataset/2tfa6x37oerz2lyiw6hp47058/Data/NovaSAR_01_50902_grd_13_231222_085751_HH_12/ship_patches_uint8/NovaSAR_01_50902_grd_13_231222_085751_HH_12_patch_3_Tanker_uint8.tif,243402,fbf66e0f35cba6fb38cf48fff16a3e726394335b02aee78966592a4d5d54f8dd
2tfa6x37oerz2lyiw6hp47058/Data/NovaSAR_01_50902_grd_13_231222_085755_HH_13/ship_patches_uint8/NovaSAR_01_50902_grd_13_231222_085755_HH_13_patch_1_Cargo_uint8.tif,Cargo,2,file,NovaSAR_dataset/2tfa6x37oerz2lyiw6hp47058/Data/NovaSAR_01_50902_grd_13_231222_085755_HH_13/ship_patches_uint8/NovaSAR_01_50902_grd_13_231222_085755_HH_13_patch_1_Cargo_uint8.tif,296114,db98e7d79f93a932a987cc3642e471a44208b3988c3f88d9e76c5a922123a41e
2tfa6x37oerz2lyiw6hp47058/Data/NovaSAR_01_50902_grd_13_231222_085755_HH_13/ship_patches_uint8/NovaSAR_01_50902_grd_13_231222_085755_HH_13_patch_2_Cargo_uint8.tif,Cargo,2,file,NovaSAR_dataset/2tfa6x37oerz2lyiw6hp47058/Data/NovaSAR_01_50902_grd_13_231222_085755_HH_13/ship_patches_uint8/NovaSAR_01_50902_grd_13_231222_085755_HH_13_patch_2_Cargo_uint8.tif,294631,21f83102f30ce420f5c1fd35b66145ebea913bf2278871b26d134a4568512cff
2tfa6x37oerz2lyiw6hp47058/Data/NovaSAR_01_50902_grd_13_231222_085759_HH_14/ship_patches_uint8/NovaSAR_01_50902_grd_13_231222_085759_HH_14_patch_1_Cargo_uint8.tif,Cargo,2,file,NovaSAR_dataset/2tfa6x37oerz2lyiw6hp47058/Data/NovaSAR_01_50902_grd_13_231222_085759_HH_14/ship_patches_uint8/NovaSAR_01_50902_grd_13_231222_085759_HH_14_patch_1_Cargo_uint8.tif,297247,7e9dfe676b57ba50924edecb5eee5d4e4a1af028d01c7094a693864f13dfb41e
2tfa6x37oerz2lyiw6hp47058/Data/NovaSAR_01_50941_grd_13_231223_221227_HH_1/ship_patches_uint8/NovaSAR_01_50941_grd_13_231223_221227_HH_1_patch_1_Cargo_uint8.tif,Cargo,2,file,NovaSAR_dataset/2tfa6x37oerz2lyiw6hp47058/Data/NovaSAR_01_50941_grd_13_231223_221227_HH_1/ship_patches_uint8/NovaSAR_01_50941_grd_13_231223_221227_HH_1_patch_1_Cargo_uint8.tif,298319,3a04638bbca8cd868abe24e84147d53bb37f5215a4fc0fbb8867f8dc25215c78
2tfa6x37oerz2lyiw6hp47058/Data/NovaSAR_01_50941_grd_13_231223_221238_HH_3/ship_patches_uint8/NovaSAR_01_50941_grd_13_231223_221238_HH_3_patch_1_Cargo_uint8.tif,Cargo,2,file,NovaSAR_dataset/2tfa6x37oerz2lyiw6hp47058/Data/NovaSAR_01_50941_grd_13_231223_221238_HH_3/ship_patches_uint8/NovaSAR_01_50941_grd_13_231223_221238_HH_3_patch_1_Cargo_uint8.tif,338657,9289fe6dd2b886ed077b1498cd60ed04a5285fb7205363a9e742b714a89f7422
2tfa6x37oerz2lyiw6hp47058/Data/NovaSAR_01_50941_grd_13_231223_221238_HH_3/ship_patches_uint8/NovaSAR_01_50941_grd_13_231223_221238_HH_3_patch_2_Cargo_uint8.tif,Cargo,2,file,NovaSAR_dataset/2tfa6x37oerz2lyiw6hp47058/Data/NovaSAR_01_50941_grd_13_231223_221238_HH_3/ship_patches_uint8/NovaSAR_01_50941_grd_13_231223_221238_HH_3_patch_2_Cargo_uint8.tif,338043,45e2be3201d66bf4af558ce536ada94d41b5220d018b51ccf0d9688afc7ccf1f
2tfa6x37oerz2lyiw6hp47058/Data/NovaSAR_01_50941_grd_13_231223_221238_HH_3/ship_patches_uint8/NovaSAR_01_50941_grd_13_231223_221238_HH_3_patch_4_Cargo_uint8.tif,Cargo,2,file,NovaSAR_dataset/2tfa6x37oerz2lyiw6hp47058/Data/NovaSAR_01_50941_grd_13_231223_221238_HH_3/ship_patches_uint8/NovaSAR_01_50941_grd_13_231223_221238_HH_3_patch_4_Cargo_uint8.tif,336505,5e8d6c404028153b55ff7ccab0f4ac2e34cb432afe73e04e857350af3568e0f0
2tfa6x37oerz2lyiw6hp47058/Data/NovaSAR_01_51025_grd_13_231226_222900_HH_2/ship_patches_uint8/NovaSAR_01_51025_grd_13_231226_222900_HH_2_patch_1_Fishing_uint8.tif,Fishing,1,file,NovaSAR_dataset/2tfa6x37oerz2lyiw6hp47058/Data/NovaSAR_01_51025_grd_13_231226_222900_HH_2/ship_patches_uint8/NovaSAR_01_51025_grd_13_231226_222900_HH_2_patch_1_Fishing_uint8.tif,331043,f152c760b87c87d3cfdb8ca9662c00d7f517d12e0d30ab2093c9c67e65b1e4a9
2tfa6x37oerz2lyiw6hp47058/Data/NovaSAR_01_51025_grd_13_231226_222906_HH_3/ship_patches_uint8/NovaSAR_01_51025_grd_13_231226_222906_HH_3_patch_1_Tanker_uint8.tif,Tanker,0,file,NovaSAR_dataset/2tfa6x37oerz2lyiw6hp47058/Data/NovaSAR_01_51025_grd_13_231226_222906_HH_3/ship_patches_uint8/NovaSAR_01_51025_grd_13_231226_222906_HH_3_patch_1_Tanker_uint8.tif,329035,d82bf87c0028bf9b5ca3a91bf100afd8c6edbfa9cba27ea8a0febeeffb482fea
2tfa6x37oerz2lyiw6hp47058/Data/NovaSAR_01_51025_grd_13_231226_222906_HH_3/ship_patches_uint8/NovaSAR_01_51025_grd_13_231226_222906_HH_3_patch_3_Fishing_uint8.tif,Fishing,1,file,NovaSAR_dataset/2tfa6x37oerz2lyiw6hp47058/Data/NovaSAR_01_51025_grd_13_231226_222906_HH_3/ship_patches_uint8/NovaSAR_01_51025_grd_13_231226_222906_HH_3_patch_3_Fishing_uint8.tif,332563,97eab3990ada80679bdd7764d67489b81b2c0366dcc2160c561bc6f0df32996d
2tfa6x37oerz2lyiw6hp47058/Data/NovaSAR_01_51025_grd_13_231226_222906_HH_3/ship_patches_uint8/NovaSAR_01_51025_grd_13_231226_222906_HH_3_patch_4_Cargo_uint8.tif,Cargo,2,file,NovaSAR_dataset/2tfa6x37oerz2lyiw6hp47058/Data/NovaSAR_01_51025_grd_13_231226_222906_HH_3/ship_patches_uint8/NovaSAR_01_51025_grd_13_231226_222906_HH_3_patch_4_Cargo_uint8.tif,332269,92fcd6f1444639d534799f61f0e764769e5df79246529403798ce82f975d9550
2tfa6x37oerz2lyiw6hp47058/Data/NovaSAR_01_51025_grd_13_231226_222906_HH_3/ship_patches_uint8/NovaSAR_01_51025_grd_13_231226_222906_HH_3_patch_5_Cargo_uint8.tif,Cargo,2,file,NovaSAR_dataset/2tfa6x37oerz2lyiw6hp47058/Data/NovaSAR_01_51025_grd_13_231226_222906_HH_3/ship_patches_uint8/NovaSAR_01_51025_grd_13_231226_222906_HH_3_patch_5_Cargo_uint8.tif,328000,cdb3c7c7ba45cb73940b2742fb1ff2412a11ddca20ef95cfc70c23f41d9a48c5
2tfa6x37oerz2lyiw6hp47058/Data/NovaSAR_01_51025_grd_13_231226_222912_HH_4/ship_patches_uint8/NovaSAR_01_51025_grd_13_231226_222912_HH_4_patch_2_Cargo_uint8.tif,Cargo,2,file,NovaSAR_dataset/2tfa6x37oerz2lyiw6hp47058/Data/NovaSAR_01_51025_grd_13_231226_222912_HH_4/ship_patches_uint8/NovaSAR_01_51025_grd_13_231226_222912_HH_4_patch_2_Cargo_uint8.tif,329114,7e3beda5905cdc19774a6ecf7bf2d9994f6cc62f608d451edceffae809435419
2tfa6x37oerz2lyiw6hp47058/Data/NovaSAR_01_51025_grd_13_231226_223003_HH_13/ship_patches_uint8/NovaSAR_01_51025_grd_13_231226_223003_HH_13_patch_2_Fishing_uint8.tif,Fishing,1,file,NovaSAR_dataset/2tfa6x37oerz2lyiw6hp47058/Data/NovaSAR_01_51025_grd_13_231226_223003_HH_13/ship_patches_uint8/NovaSAR_01_51025_grd_13_231226_223003_HH_13_patch_2_Fishing_uint8.tif,246651,36425d367ff33b918ca27d0b0fefc6cb1204dff9f1dd73ffeda0ba45451fc046
2tfa6x37oerz2lyiw6hp47058/Data/NovaSAR_01_51025_grd_13_231226_223003_HH_13/ship_patches_uint8/NovaSAR_01_51025_grd_13_231226_223003_HH_13_patch_3_Cargo_uint8.tif,Cargo,2,file,NovaSAR_dataset/2tfa6x37oerz2lyiw6hp47058/Data/NovaSAR_01_51025_grd_13_231226_223003_HH_13/ship_patches_uint8/NovaSAR_01_51025_grd_13_231226_223003_HH_13_patch_3_Cargo_uint8.tif,245369,9ec151733a70de1aa4827ff93538dd48063393198890c4d44b1c24f9cfd1209b
2tfa6x37oerz2lyiw6hp47058/Data/NovaSAR_01_51025_grd_13_231226_223003_HH_13/ship_patches_uint8/NovaSAR_01_51025_grd_13_231226_223003_HH_13_patch_4_Cargo_uint8.tif,Cargo,2,file,NovaSAR_dataset/2tfa6x37oerz2lyiw6hp47058/Data/NovaSAR_01_51025_grd_13_231226_223003_HH_13/ship_patches_uint8/NovaSAR_01_51025_grd_13_231226_223003_HH_13_patch_4_Cargo_uint8.tif,248559,6870e37929ff4ea7f3d00320be9cb3f8f4b8f8565a070f6ed324c8f6cd38325d
2tfa6x37oerz2lyiw6hp47058/Data/NovaSAR_01_51053_grd_13_231227_223515_HH_9/ship_patches_uint8/NovaSAR_01_51053_grd_13_231227_223515_HH_9_patch_1_Cargo_uint8.tif,Cargo,2,file,NovaSAR_dataset/2tfa6x37oerz2lyiw6hp47058/Data/NovaSAR_01_51053_grd_13_231227_223515_HH_9/ship_patches_uint8/NovaSAR_01_51053_grd_13_231227_223515_HH_9_patch_1_Cargo_uint8.tif,290153,4dbf2dfa0c6682a9394a766623bfca84b9e2934ed13ba1ab96f3f3a96a8716df
2tfa6x37oerz2lyiw6hp47058/Data/NovaSAR_01_51053_grd_13_231227_223523_HH_11/ship_patches_uint8/NovaSAR_01_51053_grd_13_231227_223523_HH_11_patch_1_Cargo_uint8.tif,Cargo,2,file,NovaSAR_dataset/2tfa6x37oerz2lyiw6hp47058/Data/NovaSAR_01_51053_grd_13_231227_223523_HH_11/ship_patches_uint8/NovaSAR_01_51053_grd_13_231227_223523_HH_11_patch_1_Cargo_uint8.tif,303118,6dc9c7678f56dcdbe3097e67ee9b47a05ec06d534353a36478d32c3a2b3cdd38
2tfa6x37oerz2lyiw6hp47058/Data/NovaSAR_01_51147_grd_13_231231_081318_HH_8/ship_patches_uint8/NovaSAR_01_51147_grd_13_231231_081318_HH_8_patch_1_Cargo_uint8.tif,Cargo,2,file,NovaSAR_dataset/2tfa6x37oerz2lyiw6hp47058/Data/NovaSAR_01_51147_grd_13_231231_081318_HH_8/ship_patches_uint8/NovaSAR_01_51147_grd_13_231231_081318_HH_8_patch_1_Cargo_uint8.tif,257158,397fc9ad64f05f572e16ec9a155128b0996fbcc58c0d64a5beacdce7b3e45b2e
2tfa6x37oerz2lyiw6hp47058/Data/NovaSAR_01_51147_grd_13_231231_081326_HH_10/ship_patches_uint8/NovaSAR_01_51147_grd_13_231231_081326_HH_10_patch_1_Cargo_uint8.tif,Cargo,2,file,NovaSAR_dataset/2tfa6x37oerz2lyiw6hp47058/Data/NovaSAR_01_51147_grd_13_231231_081326_HH_10/ship_patches_uint8/NovaSAR_01_51147_grd_13_231231_081326_HH_10_patch_1_Cargo_uint8.tif,259721,fdc2c574c36891436e9a1b5ecbc6736ee6f99bd1168b90aa0c5e1aa9251884cd
2tfa6x37oerz2lyiw6hp47058/Data/NovaSAR_01_51147_grd_13_231231_081330_HH_11/ship_patches_uint8/NovaSAR_01_51147_grd_13_231231_081330_HH_11_patch_1_Cargo_uint8.tif,Cargo,2,file,NovaSAR_dataset/2tfa6x37oerz2lyiw6hp47058/Data/NovaSAR_01_51147_grd_13_231231_081330_HH_11/ship_patches_uint8/NovaSAR_01_51147_grd_13_231231_081330_HH_11_patch_1_Cargo_uint8.tif,239797,7b52bb10289ada295ea2015d02c449079f00df9e036d772aab8b0309c9f6807b
2tfa6x37oerz2lyiw6hp47058/Data/NovaSAR_01_51147_grd_13_231231_081330_HH_11/ship_patches_uint8/NovaSAR_01_51147_grd_13_231231_081330_HH_11_patch_3_Cargo_uint8.tif,Cargo,2,file,NovaSAR_dataset/2tfa6x37oerz2lyiw6hp47058/Data/NovaSAR_01_51147_grd_13_231231_081330_HH_11/ship_patches_uint8/NovaSAR_01_51147_grd_13_231231_081330_HH_11_patch_3_Cargo_uint8.tif,212940,f1f6508d5dfa284417070649fceeb8be715456ce4260b2b7d821397d63aad345
2tfa6x37oerz2lyiw6hp47058/Data/NovaSAR_01_51147_grd_13_231231_081334_HH_12/ship_patches_uint8/NovaSAR_01_51147_grd_13_231231_081334_HH_12_patch_1_Cargo_uint8.tif,Cargo,2,file,NovaSAR_dataset/2tfa6x37oerz2lyiw6hp47058/Data/NovaSAR_01_51147_grd_13_231231_081334_HH_12/ship_patches_uint8/NovaSAR_01_51147_grd_13_231231_081334_HH_12_patch_1_Cargo_uint8.tif,252120,6f9f8dbfb9d2880a0b7fe3e51920cbd271d83eac69211246d5b55e27b19ade70
2tfa6x37oerz2lyiw6hp47058/Data/NovaSAR_01_51147_grd_13_231231_081338_HH_13/ship_patches_uint8/NovaSAR_01_51147_grd_13_231231_081338_HH_13_patch_1_Cargo_uint8.tif,Cargo,2,file,NovaSAR_dataset/2tfa6x37oerz2lyiw6hp47058/Data/NovaSAR_01_51147_grd_13_231231_081338_HH_13/ship_patches_uint8/NovaSAR_01_51147_grd_13_231231_081338_HH_13_patch_1_Cargo_uint8.tif,259442,6132e1bef34e20a1987770f4a5e78c178e3d8da06a914ed588248116e21b8ffd
2tfa6x37oerz2lyiw6hp47058/Data/NovaSAR_01_51147_grd_13_231231_081342_HH_14/ship_patches_uint8/NovaSAR_01_51147_grd_13_231231_081342_HH_14_patch_1_Tanker_uint8.tif,Tanker,0,file,NovaSAR_dataset/2tfa6x37oerz2lyiw6hp47058/Data/NovaSAR_01_51147_grd_13_231231_081342_HH_14/ship_patches_uint8/NovaSAR_01_51147_grd_13_231231_081342_HH_14_patch_1_Tanker_uint8.tif,244795,c0d4e4ae420cbf3f56b3d923f65a6419ffc7866221ddc96af90049ca45e2bcb0
2tfa6x37oerz2lyiw6hp47058/Data/NovaSAR_01_51147_grd_13_231231_081350_HH_16/ship_patches_uint8/NovaSAR_01_51147_grd_13_231231_081350_HH_16_patch_1_Tanker_uint8.tif,Tanker,0,file,NovaSAR_dataset/2tfa6x37oerz2lyiw6hp47058/Data/NovaSAR_01_51147_grd_13_231231_081350_HH_16/ship_patches_uint8/NovaSAR_01_51147_grd_13_231231_081350_HH_16_patch_1_Tanker_uint8.tif,172346,c9acd48860efbeb5932c84f2ebb777f519a2e8829734bb1d00c461c4f3cf30f0
2tfa6x37oerz2lyiw6hp47058/Data/NovaSAR_01_51147_grd_13_231231_081350_HH_16/ship_patches_uint8/NovaSAR_01_51147_grd_13_231231_081350_HH_16_patch_2_Cargo_uint8.tif,Cargo,2,file,NovaSAR_dataset/2tfa6x37oerz2lyiw6hp47058/Data/NovaSAR_01_51147_grd_13_231231_081350_HH_16/ship_patches_uint8/NovaSAR_01_51147_grd_13_231231_081350_HH_16_patch_2_Cargo_uint8.tif,146054,ff5f88ef71b4bb433649211cecf4da6e8dce3820142ded793bbfe884ca76db76
2tfa6x37oerz2lyiw6hp47058/Data/NovaSAR_01_51147_grd_13_231231_081358_HH_18/ship_patches_uint8/NovaSAR_01_51147_grd_13_231231_081358_HH_18_patch_1_Tanker_uint8.tif,Tanker,0,file,NovaSAR_dataset/2tfa6x37oerz2lyiw6hp47058/Data/NovaSAR_01_51147_grd_13_231231_081358_HH_18/ship_patches_uint8/NovaSAR_01_51147_grd_13_231231_081358_HH_18_patch_1_Tanker_uint8.tif,268866,64a7d5262b018fe285979e9d1170e29839e0f649938d933a5899882919987956
2tfa6x37oerz2lyiw6hp47058/Data/NovaSAR_01_51147_grd_13_231231_081358_HH_18/ship_patches_uint8/NovaSAR_01_51147_grd_13_231231_081358_HH_18_patch_2_Tanker_uint8.tif,Tanker,0,file,NovaSAR_dataset/2tfa6x37oerz2lyiw6hp47058/Data/NovaSAR_01_51147_grd_13_231231_081358_HH_18/ship_patches_uint8/NovaSAR_01_51147_grd_13_231231_081358_HH_18_patch_2_Tanker_uint8.tif,263565,a9b53cf69d2b97d3aa5f7ab051363bc4f71122f0f076c618fe2ed324a6398b26
2tfa6x37oerz2lyiw6hp47058/Data/NovaSAR_01_51147_grd_13_231231_081358_HH_18/ship_patches_uint8/NovaSAR_01_51147_grd_13_231231_081358_HH_18_patch_3_Tanker_uint8.tif,Tanker,0,file,NovaSAR_dataset/2tfa6x37oerz2lyiw6hp47058/Data/NovaSAR_01_51147_grd_13_231231_081358_HH_18/ship_patches_uint8/NovaSAR_01_51147_grd_13_231231_081358_HH_18_patch_3_Tanker_uint8.tif,194878,5dc44e5edcebb74d0a1d40dc7aa2535771cd5f5e9be10ec0c20f7c69f1d611df
2tfa6x37oerz2lyiw6hp47058/Data/NovaSAR_01_51147_grd_13_231231_081402_HH_19/ship_patches_uint8/NovaSAR_01_51147_grd_13_231231_081402_HH_19_patch_1_Cargo_uint8.tif,Cargo,2,file,NovaSAR_dataset/2tfa6x37oerz2lyiw6hp47058/Data/NovaSAR_01_51147_grd_13_231231_081402_HH_19/ship_patches_uint8/NovaSAR_01_51147_grd_13_231231_081402_HH_19_patch_1_Cargo_uint8.tif,268325,215c9dc41907dba28c8d134d57032538499e92924f54e0ff77621d2789c23b07
2tfa6x37oerz2lyiw6hp47058/Data/NovaSAR_01_51202_grd_13_240102_082503_HH_7/ship_patches_uint8/NovaSAR_01_51202_grd_13_240102_082503_HH_7_patch_1_Tanker_uint8.tif,Tanker,0,file,NovaSAR_dataset/2tfa6x37oerz2lyiw6hp47058/Data/NovaSAR_01_51202_grd_13_240102_082503_HH_7/ship_patches_uint8/NovaSAR_01_51202_grd_13_240102_082503_HH_7_patch_1_Tanker_uint8.tif,323900,521c4cdacaa305d084bb547dbfe3bbc262001a728144866accd2db439321b5e6
2tfa6x37oerz2lyiw6hp47058/Data/NovaSAR_01_51202_grd_13_240102_082509_HH_8/ship_patches_uint8/NovaSAR_01_51202_grd_13_240102_082509_HH_8_patch_1_Cargo_uint8.tif,Cargo,2,file,NovaSAR_dataset/2tfa6x37oerz2lyiw6hp47058/Data/NovaSAR_01_51202_grd_13_240102_082509_HH_8/ship_patches_uint8/NovaSAR_01_51202_grd_13_240102_082509_HH_8_patch_1_Cargo_uint8.tif,320736,e74134cf65f401215083af301cf4297bc7d1a8e817a99b9255dc941bbb31bdf7
2tfa6x37oerz2lyiw6hp47058/Data/NovaSAR_01_51202_grd_13_240102_082515_HH_9/ship_patches_uint8/NovaSAR_01_51202_grd_13_240102_082515_HH_9_patch_1_Cargo_uint8.tif,Cargo,2,file,NovaSAR_dataset/2tfa6x37oerz2lyiw6hp47058/Data/NovaSAR_01_51202_grd_13_240102_082515_HH_9/ship_patches_uint8/NovaSAR_01_51202_grd_13_240102_082515_HH_9_patch_1_Cargo_uint8.tif,329248,4a569b0996a937323992567f527f36a2559364df2b2350f6ddb4664153d8bcc1
2tfa6x37oerz2lyiw6hp47058/Data/NovaSAR_01_51202_grd_13_240102_082520_HH_10/ship_patches_uint8/NovaSAR_01_51202_grd_13_240102_082520_HH_10_patch_1_Cargo_uint8.tif,Cargo,2,file,NovaSAR_dataset/2tfa6x37oerz2lyiw6hp47058/Data/NovaSAR_01_51202_grd_13_240102_082520_HH_10/ship_patches_uint8/NovaSAR_01_51202_grd_13_240102_082520_HH_10_patch_1_Cargo_uint8.tif,330899,5db48b4bb8da412e763e7dc09b92a0484192687121451d5c5b685bfa064245eb
2tfa6x37oerz2lyiw6hp47058/Data/NovaSAR_01_51202_grd_13_240102_082532_HH_12/ship_patches_uint8/NovaSAR_01_51202_grd_13_240102_082532_HH_12_patch_1_Cargo_uint8.tif,Cargo,2,file,NovaSAR_dataset/2tfa6x37oerz2lyiw6hp47058/Data/NovaSAR_01_51202_grd_13_240102_082532_HH_12/ship_patches_uint8/NovaSAR_01_51202_grd_13_240102_082532_HH_12_patch_1_Cargo_uint8.tif,329840,08c5f8defcb3a0440977570cb54c22e319f935f202eb4e31b20fa0992dda2f7e
2tfa6x37oerz2lyiw6hp47058/Data/NovaSAR_01_51202_grd_13_240102_082532_HH_12/ship_patches_uint8/NovaSAR_01_51202_grd_13_240102_082532_HH_12_patch_2_Fishing_uint8.tif,Fishing,1,file,NovaSAR_dataset/2tfa6x37oerz2lyiw6hp47058/Data/NovaSAR_01_51202_grd_13_240102_082532_HH_12/ship_patches_uint8/NovaSAR_01_51202_grd_13_240102_082532_HH_12_patch_2_Fishing_uint8.tif,327108,eb306d93c70f504ed64777d0b2f8ba7986e335d4a82a9943f58475ece5d739f6
2tfa6x37oerz2lyiw6hp47058/Data/NovaSAR_01_51202_grd_13_240102_082532_HH_12/ship_patches_uint8/NovaSAR_01_51202_grd_13_240102_082532_HH_12_patch_3_Cargo_uint8.tif,Cargo,2,file,NovaSAR_dataset/2tfa6x37oerz2lyiw6hp47058/Data/NovaSAR_01_51202_grd_13_240102_082532_HH_12/ship_patches_uint8/NovaSAR_01_51202_grd_13_240102_082532_HH_12_patch_3_Cargo_uint8.tif,327434,dc0e16cfe0921d4e893c392054473e82387ad42833efc9c502dc771d3f0ce620
2tfa6x37oerz2lyiw6hp47058/Data/NovaSAR_01_51202_grd_13_240102_082532_HH_12/ship_patches_uint8/NovaSAR_01_51202_grd_13_240102_082532_HH_12_patch_4_Tanker_uint8.tif,Tanker,0,file,NovaSAR_dataset/2tfa6x37oerz2lyiw6hp47058/Data/NovaSAR_01_51202_grd_13_240102_082532_HH_12/ship_patches_uint8/NovaSAR_01_51202_grd_13_240102_082532_HH_12_patch_4_Tanker_uint8.tif,326587,c396b88a29235f4f2a9da615480742e2840d89f582499bd667c8ccb25ca9289d
2tfa6x37oerz2lyiw6hp47058/Data/NovaSAR_01_51202_grd_13_240102_082532_HH_12/ship_patches_uint8/NovaSAR_01_51202_grd_13_240102_082532_HH_12_patch_5_Cargo_uint8.tif,Cargo,2,file,NovaSAR_dataset/2tfa6x37oerz2lyiw6hp47058/Data/NovaSAR_01_51202_grd_13_240102_082532_HH_12/ship_patches_uint8/NovaSAR_01_51202_grd_13_240102_082532_HH_12_patch_5_Cargo_uint8.tif,328329,3cb27f0ec3f82187b5b97542c761f0256825ba98c8519a94cbcad488c6abb0a3
2tfa6x37oerz2lyiw6hp47058/Data/NovaSAR_01_51235_grd_13_240103_083017_HH_2/ship_patches_uint8/NovaSAR_01_51235_grd_13_240103_083017_HH_2_patch_1_Cargo_uint8.tif,Cargo,2,file,NovaSAR_dataset/2tfa6x37oerz2lyiw6hp47058/Data/NovaSAR_01_51235_grd_13_240103_083017_HH_2/ship_patches_uint8/NovaSAR_01_51235_grd_13_240103_083017_HH_2_patch_1_Cargo_uint8.tif,336613,f5d4b010a09f9e81ab7ce2fe78b482a4bbc0bdfe4049c192c2af6b03573a91ae
2tfa6x37oerz2lyiw6hp47058/Data/NovaSAR_01_51235_grd_13_240103_083017_HH_2/ship_patches_uint8/NovaSAR_01_51235_grd_13_240103_083017_HH_2_patch_2_Cargo_uint8.tif,Cargo,2,file,NovaSAR_dataset/2tfa6x37oerz2lyiw6hp47058/Data/NovaSAR_01_51235_grd_13_240103_083017_HH_2/ship_patches_uint8/NovaSAR_01_51235_grd_13_240103_083017_HH_2_patch_2_Cargo_uint8.tif,335918,977c47794d80a508a446b01fc329bc3ca9570e25ff3d6b94ee038d2a6ce9adb2
2tfa6x37oerz2lyiw6hp47058/Data/NovaSAR_01_51235_grd_13_240103_083028_HH_4/ship_patches_uint8/NovaSAR_01_51235_grd_13_240103_083028_HH_4_patch_1_Cargo_uint8.tif,Cargo,2,file,NovaSAR_dataset/2tfa6x37oerz2lyiw6hp47058/Data/NovaSAR_01_51235_grd_13_240103_083028_HH_4/ship_patches_uint8/NovaSAR_01_51235_grd_13_240103_083028_HH_4_patch_1_Cargo_uint8.tif,336652,3ce95e934c0f3ebd5ea0787bc41370ae690502832bd434745cadb1c78810476c
2tfa6x37oerz2lyiw6hp47058/Data/NovaSAR_01_51235_grd_13_240103_083034_HH_5/ship_patches_uint8/NovaSAR_01_51235_grd_13_240103_083034_HH_5_patch_2_Tanker_uint8.tif,Tanker,0,file,NovaSAR_dataset/2tfa6x37oerz2lyiw6hp47058/Data/NovaSAR_01_51235_grd_13_240103_083034_HH_5/ship_patches_uint8/NovaSAR_01_51235_grd_13_240103_083034_HH_5_patch_2_Tanker_uint8.tif,336034,b89d780bd4edeb96fdad1af909f0c60be8fcd3edc34cbaec2c3ab8d0ed96b141
2tfa6x37oerz2lyiw6hp47058/Data/NovaSAR_01_51235_grd_13_240103_083034_HH_5/ship_patches_uint8/NovaSAR_01_51235_grd_13_240103_083034_HH_5_patch_3_Cargo_uint8.tif,Cargo,2,file,NovaSAR_dataset/2tfa6x37oerz2lyiw6hp47058/Data/NovaSAR_01_51235_grd_13_240103_083034_HH_5/ship_patches_uint8/NovaSAR_01_51235_grd_13_240103_083034_HH_5_patch_3_Cargo_uint8.tif,335348,df246f9b0e0223468b8faf41b1f419c3f18183e0ea23fc88717282a4a8e34983
2tfa6x37oerz2lyiw6hp47058/Data/NovaSAR_01_51235_grd_13_240103_083034_HH_5/ship_patches_uint8/NovaSAR_01_51235_grd_13_240103_083034_HH_5_patch_5_Tanker_uint8.tif,Tanker,0,file,NovaSAR_dataset/2tfa6x37oerz2lyiw6hp47058/Data/NovaSAR_01_51235_grd_13_240103_083034_HH_5/ship_patches_uint8/NovaSAR_01_51235_grd_13_240103_083034_HH_5_patch_5_Tanker_uint8.tif,331360,8923d47558ba37d610586baeab653a82453f3c38e69b408b4a7c1b115551a880
2tfa6x37oerz2lyiw6hp47058/Data/NovaSAR_01_51235_grd_13_240103_083040_HH_6/ship_patches_uint8/NovaSAR_01_51235_grd_13_240103_083040_HH_6_patch_2_Tanker_uint8.tif,Tanker,0,file,NovaSAR_dataset/2tfa6x37oerz2lyiw6hp47058/Data/NovaSAR_01_51235_grd_13_240103_083040_HH_6/ship_patches_uint8/NovaSAR_01_51235_grd_13_240103_083040_HH_6_patch_2_Tanker_uint8.tif,334962,3cbf98afbd0b2498e289515edd9ee1c1894752593fea956199a91a015ad51026
2tfa6x37oerz2lyiw6hp47058/Data/NovaSAR_01_51235_grd_13_240103_083040_HH_6/ship_patches_uint8/NovaSAR_01_51235_grd_13_240103_083040_HH_6_patch_3_Cargo_uint8.tif,Cargo,2,file,NovaSAR_dataset/2tfa6x37oerz2lyiw6hp47058/Data/NovaSAR_01_51235_grd_13_240103_083040_HH_6/ship_patches_uint8/NovaSAR_01_51235_grd_13_240103_083040_HH_6_patch_3_Cargo_uint8.tif,335551,4b62f0a87ceee701216349c51ef9be3f9fe746ccc59a6f041d3a7709a8d8803b
2tfa6x37oerz2lyiw6hp47058/Data/NovaSAR_01_51291_grd_13_240105_084158_HH_4/ship_patches_uint8/NovaSAR_01_51291_grd_13_240105_084158_HH_4_patch_1_Fishing_uint8.tif,Fishing,1,file,NovaSAR_dataset/2tfa6x37oerz2lyiw6hp47058/Data/NovaSAR_01_51291_grd_13_240105_084158_HH_4/ship_patches_uint8/NovaSAR_01_51291_grd_13_240105_084158_HH_4_patch_1_Fishing_uint8.tif,338809,20f6730df08a6a86d0e9470d87f671c0d9204bd0d0e16388f547e08de74d4d4e
2tfa6x37oerz2lyiw6hp47058/Data/NovaSAR_01_51291_grd_13_240105_084158_HH_4/ship_patches_uint8/NovaSAR_01_51291_grd_13_240105_084158_HH_4_patch_2_Fishing_uint8.tif,Fishing,1,file,NovaSAR_dataset/2tfa6x37oerz2lyiw6hp47058/Data/NovaSAR_01_51291_grd_13_240105_084158_HH_4/ship_patches_uint8/NovaSAR_01_51291_grd_13_240105_084158_HH_4_patch_2_Fishing_uint8.tif,335296,5fcdc66bc1dc5ed00e338f7e01dc666169959b69c6885f6ef0fe5f3f3806a83d
2tfa6x37oerz2lyiw6hp47058/Data/NovaSAR_01_51291_grd_13_240105_084158_HH_4/ship_patches_uint8/NovaSAR_01_51291_grd_13_240105_084158_HH_4_patch_6_Fishing_uint8.tif,Fishing,1,file,NovaSAR_dataset/2tfa6x37oerz2lyiw6hp47058/Data/NovaSAR_01_51291_grd_13_240105_084158_HH_4/ship_patches_uint8/NovaSAR_01_51291_grd_13_240105_084158_HH_4_patch_6_Fishing_uint8.tif,339329,221cdb550084f64eebb7571094a7b21f1d3930879fa685fb19f1b6dba4e0823c
2tfa6x37oerz2lyiw6hp47058/Data/NovaSAR_01_51306_grd_13_240105_215120_HH_2/ship_patches_uint8/NovaSAR_01_51306_grd_13_240105_215120_HH_2_patch_5_Tanker_uint8.tif,Tanker,0,file,NovaSAR_dataset/2tfa6x37oerz2lyiw6hp47058/Data/NovaSAR_01_51306_grd_13_240105_215120_HH_2/ship_patches_uint8/NovaSAR_01_51306_grd_13_240105_215120_HH_2_patch_5_Tanker_uint8.tif,335160,026a53a2ad2b81083e0af0460a98ff80484291b3f1b97a47b3f3074c8de3cf11
2tfa6x37oerz2lyiw6hp47058/Data/NovaSAR_01_51306_grd_13_240105_215132_HH_4/ship_patches_uint8/NovaSAR_01_51306_grd_13_240105_215132_HH_4_patch_1_Cargo_uint8.tif,Cargo,2,file,NovaSAR_dataset/2tfa6x37oerz2lyiw6hp47058/Data/NovaSAR_01_51306_grd_13_240105_215132_HH_4/ship_patches_uint8/NovaSAR_01_51306_grd_13_240105_215132_HH_4_patch_1_Cargo_uint8.tif,328666,f92b0ab7cad62ad169866ab904e1886d4ce293862aea2dbf0dec918fe14ec701
2tfa6x37oerz2lyiw6hp47058/Data/NovaSAR_01_51306_grd_13_240105_215132_HH_4/ship_patches_uint8/NovaSAR_01_51306_grd_13_240105_215132_HH_4_patch_2_Cargo_uint8.tif,Cargo,2,file,NovaSAR_dataset/2tfa6x37oerz2lyiw6hp47058/Data/NovaSAR_01_51306_grd_13_240105_215132_HH_4/ship_patches_uint8/NovaSAR_01_51306_grd_13_240105_215132_HH_4_patch_2_Cargo_uint8.tif,329889,d70aacb3c3d135081b0e15c223bf1dc29db1e42fcb30ecc0daf8617565f9baa8
2tfa6x37oerz2lyiw6hp47058/Data/NovaSAR_01_51306_grd_13_240105_215132_HH_4/ship_patches_uint8/NovaSAR_01_51306_grd_13_240105_215132_HH_4_patch_3_Cargo_uint8.tif,Cargo,2,file,NovaSAR_dataset/2tfa6x37oerz2lyiw6hp47058/Data/NovaSAR_01_51306_grd_13_240105_215132_HH_4/ship_patches_uint8/NovaSAR_01_51306_grd_13_240105_215132_HH_4_patch_3_Cargo_uint8.tif,328391,a42306d54d34a4a64484f8f927a6524718bb4d0aee186194a7c16daf2f50a65f
2tfa6x37oerz2lyiw6hp47058/Data/NovaSAR_01_51306_grd_13_240105_215132_HH_4/ship_patches_uint8/NovaSAR_01_51306_grd_13_240105_215132_HH_4_patch_4_Cargo_uint8.tif,Cargo,2,file,NovaSAR_dataset/2tfa6x37oerz2lyiw6hp47058/Data/NovaSAR_01_51306_grd_13_240105_215132_HH_4/ship_patches_uint8/NovaSAR_01_51306_grd_13_240105_215132_HH_4_patch_4_Cargo_uint8.tif,331142,63ab412f3241035537ec06fe3128dbf7121329658f87d39967d595f1132b3b51
2tfa6x37oerz2lyiw6hp47058/Data/NovaSAR_01_51306_grd_13_240105_215132_HH_4/ship_patches_uint8/NovaSAR_01_51306_grd_13_240105_215132_HH_4_patch_5_Cargo_uint8.tif,Cargo,2,file,NovaSAR_dataset/2tfa6x37oerz2lyiw6hp47058/Data/NovaSAR_01_51306_grd_13_240105_215132_HH_4/ship_patches_uint8/NovaSAR_01_51306_grd_13_240105_215132_HH_4_patch_5_Cargo_uint8.tif,330597,9d6f1401ba5fe8d7488c9343ce35d8164f4b78e567fdac9102ab8dc6ad9dc455
2tfa6x37oerz2lyiw6hp47058/Data/NovaSAR_01_51351_grd_13_240107_085307_HH_1/ship_patches_uint8/NovaSAR_01_51351_grd_13_240107_085307_HH_1_patch_1_Cargo_uint8.tif,Cargo,2,file,NovaSAR_dataset/2tfa6x37oerz2lyiw6hp47058/Data/NovaSAR_01_51351_grd_13_240107_085307_HH_1/ship_patches_uint8/NovaSAR_01_51351_grd_13_240107_085307_HH_1_patch_1_Cargo_uint8.tif,320108,bb2b4ca580c257379438140a1d0945fbc0b4236abacd3e6c632ab4b6b32e1e60
2tfa6x37oerz2lyiw6hp47058/Data/NovaSAR_01_51351_grd_13_240107_085307_HH_1/ship_patches_uint8/NovaSAR_01_51351_grd_13_240107_085307_HH_1_patch_2_Tanker_uint8.tif,Tanker,0,file,NovaSAR_dataset/2tfa6x37oerz2lyiw6hp47058/Data/NovaSAR_01_51351_grd_13_240107_085307_HH_1/ship_patches_uint8/NovaSAR_01_51351_grd_13_240107_085307_HH_1_patch_2_Tanker_uint8.tif,322184,81e79b95856d5c4880cbc537c95b7d606aa9302a7e2026ad2dc33d10930b7fa5
2tfa6x37oerz2lyiw6hp47058/Data/NovaSAR_01_51351_grd_13_240107_085307_HH_1/ship_patches_uint8/NovaSAR_01_51351_grd_13_240107_085307_HH_1_patch_3_Cargo_uint8.tif,Cargo,2,file,NovaSAR_dataset/2tfa6x37oerz2lyiw6hp47058/Data/NovaSAR_01_51351_grd_13_240107_085307_HH_1/ship_patches_uint8/NovaSAR_01_51351_grd_13_240107_085307_HH_1_patch_3_Cargo_uint8.tif,317758,428ac402f29f67525c0f7dd6d306c6b7c99f472746829e139c0480e5ead20ef5
2tfa6x37oerz2lyiw6hp47058/Data/NovaSAR_01_51351_grd_13_240107_085307_HH_1/ship_patches_uint8/NovaSAR_01_51351_grd_13_240107_085307_HH_1_patch_4_Cargo_uint8.tif,Cargo,2,file,NovaSAR_dataset/2tfa6x37oerz2lyiw6hp47058/Data/NovaSAR_01_51351_grd_13_240107_085307_HH_1/ship_patches_uint8/NovaSAR_01_51351_grd_13_240107_085307_HH_1_patch_4_Cargo_uint8.tif,318332,a3e8e7bc12fc1ca4dad76fe8a3c37f9d962d86a5c342d8508c94b600b6a4cf97
2tfa6x37oerz2lyiw6hp47058/Data/NovaSAR_01_51351_grd_13_240107_085307_HH_1/ship_patches_uint8/NovaSAR_01_51351_grd_13_240107_085307_HH_1_patch_5_Cargo_uint8.tif,Cargo,2,file,NovaSAR_dataset/2tfa6x37oerz2lyiw6hp47058/Data/NovaSAR_01_51351_grd_13_240107_085307_HH_1/ship_patches_uint8/NovaSAR_01_51351_grd_13_240107_085307_HH_1_patch_5_Cargo_uint8.tif,320128,9f8db4ba104237917cc34504a7488fd191ffc09d30a0d8748944bd76da0818ab
2tfa6x37oerz2lyiw6hp47058/Data/NovaSAR_01_51351_grd_13_240107_085307_HH_1/ship_patches_uint8/NovaSAR_01_51351_grd_13_240107_085307_HH_1_patch_7_Cargo_uint8.tif,Cargo,2,file,NovaSAR_dataset/2tfa6x37oerz2lyiw6hp47058/Data/NovaSAR_01_51351_grd_13_240107_085307_HH_1/ship_patches_uint8/NovaSAR_01_51351_grd_13_240107_085307_HH_1_patch_7_Cargo_uint8.tif,316187,f57e7ba73c230a23c6f0918ac235801cf647aa367d4b2d5d3dd60743bdf8ed06
2tfa6x37oerz2lyiw6hp47058/Data/NovaSAR_01_51351_grd_13_240107_085335_HH_6/ship_patches_uint8/NovaSAR_01_51351_grd_13_240107_085335_HH_6_patch_1_Cargo_uint8.tif,Cargo,2,file,NovaSAR_dataset/2tfa6x37oerz2lyiw6hp47058/Data/NovaSAR_01_51351_grd_13_240107_085335_HH_6/ship_patches_uint8/NovaSAR_01_51351_grd_13_240107_085335_HH_6_patch_1_Cargo_uint8.tif,314539,0482cda570f2e8509955e26e8f4a152e87325bebe330934ac01153eeed1193fa
2tfa6x37oerz2lyiw6hp47058/Data/NovaSAR_01_51351_grd_13_240107_085335_HH_6/ship_patches_uint8/NovaSAR_01_51351_grd_13_240107_085335_HH_6_patch_2_Cargo_uint8.tif,Cargo,2,file,NovaSAR_dataset/2tfa6x37oerz2lyiw6hp47058/Data/NovaSAR_01_51351_grd_13_240107_085335_HH_6/ship_patches_uint8/NovaSAR_01_51351_grd_13_240107_085335_HH_6_patch_2_Cargo_uint8.tif,323860,ace4b3079a83ac555a69c6fa3e185af488d40b827475b725a2f74d11de521675
2tfa6x37oerz2lyiw6hp47058/Data/NovaSAR_01_51351_grd_13_240107_085341_HH_7/ship_patches_uint8/NovaSAR_01_51351_grd_13_240107_085341_HH_7_patch_1_Tanker_uint8.tif,Tanker,0,file,NovaSAR_dataset/2tfa6x37oerz2lyiw6hp47058/Data/NovaSAR_01_51351_grd_13_240107_085341_HH_7/ship_patches_uint8/NovaSAR_01_51351_grd_13_240107_085341_HH_7_patch_1_Tanker_uint8.tif,326179,9445714469c7b943458938caee516d4d3303199636a07c478bee8711100d3473
2tfa6x37oerz2lyiw6hp47058/Data/NovaSAR_01_51351_grd_13_240107_085358_HH_10/ship_patches_uint8/NovaSAR_01_51351_grd_13_240107_085358_HH_10_patch_1_Cargo_uint8.tif,Cargo,2,file,NovaSAR_dataset/2tfa6x37oerz2lyiw6hp47058/Data/NovaSAR_01_51351_grd_13_240107_085358_HH_10/ship_patches_uint8/NovaSAR_01_51351_grd_13_240107_085358_HH_10_patch_1_Cargo_uint8.tif,310392,84241b8ebd2a7c9064d3450ec8dabf2b69d855aa85df47ec348d80cc9f6fbae5
2tfa6x37oerz2lyiw6hp47058/Data/NovaSAR_01_51351_grd_13_240107_085358_HH_10/ship_patches_uint8/NovaSAR_01_51351_grd_13_240107_085358_HH_10_patch_2_Cargo_uint8.tif,Cargo,2,file,NovaSAR_dataset/2tfa6x37oerz2lyiw6hp47058/Data/NovaSAR_01_51351_grd_13_240107_085358_HH_10/ship_patches_uint8/NovaSAR_01_51351_grd_13_240107_085358_HH_10_patch_2_Cargo_uint8.tif,270835,8bd483602b4e614384d9f1944dec6d387719734bfc8fd5a55b65b7089f950f5e
2tfa6x37oerz2lyiw6hp47058/Data/NovaSAR_01_51351_grd_13_240107_085358_HH_10/ship_patches_uint8/NovaSAR_01_51351_grd_13_240107_085358_HH_10_patch_3_Cargo_uint8.tif,Cargo,2,file,NovaSAR_dataset/2tfa6x37oerz2lyiw6hp47058/Data/NovaSAR_01_51351_grd_13_240107_085358_HH_10/ship_patches_uint8/NovaSAR_01_51351_grd_13_240107_085358_HH_10_patch_3_Cargo_uint8.tif,314511,6c7e3421f6f3b2471aa200c596f87a3cda4ec09e1b0567ba08ebce0e23c296d5
2tfa6x37oerz2lyiw6hp47058/Data/NovaSAR_01_51481_grd_13_240111_222543_HH_2/ship_patches_uint8/NovaSAR_01_51481_grd_13_240111_222543_HH_2_patch_1_Cargo_uint8.tif,Cargo,2,file,NovaSAR_dataset/2tfa6x37oerz2lyiw6hp47058/Data/NovaSAR_01_51481_grd_13_240111_222543_HH_2/ship_patches_uint8/NovaSAR_01_51481_grd_13_240111_222543_HH_2_patch_1_Cargo_uint8.tif,286551,d02debbfe53c885c003ec194858aa4eaab59b1c58e656191162b0e01142b98c5
2tfa6x37oerz2lyiw6hp47058/Data/NovaSAR_01_51481_grd_13_240111_222549_HH_3/ship_patches_uint8/NovaSAR_01_51481_grd_13_240111_222549_HH_3_patch_4_Tanker_uint8.tif,Tanker,0,file,NovaSAR_dataset/2tfa6x37oerz2lyiw6hp47058/Data/NovaSAR_01_51481_grd_13_240111_222549_HH_3/ship_patches_uint8/NovaSAR_01_51481_grd_13_240111_222549_HH_3_patch_4_Tanker_uint8.tif,300703,a278b3212d3de6caa571c731a859b398c9f5e1b3a8aceb82c7c562ec079765d3
2tfa6x37oerz2lyiw6hp47058/Data/NovaSAR_01_51481_grd_13_240111_222600_HH_5/ship_patches_uint8/NovaSAR_01_51481_grd_13_240111_222600_HH_5_patch_1_Tanker_uint8.tif,Tanker,0,file,NovaSAR_dataset/2tfa6x37oerz2lyiw6hp47058/Data/NovaSAR_01_51481_grd_13_240111_222600_HH_5/ship_patches_uint8/NovaSAR_01_51481_grd_13_240111_222600_HH_5_patch_1_Tanker_uint8.tif,296431,4e1f11a3fef72cd26f84f2a9fe0952aa461a61e93a43f907d6b9d66269d8ce30
2tfa6x37oerz2lyiw6hp47058/Data/NovaSAR_01_51676_grd_13_240118_082047_HH_3/ship_patches_uint8/NovaSAR_01_51676_grd_13_240118_082047_HH_3_patch_1_Cargo_uint8.tif,Cargo,2,file,NovaSAR_dataset/2tfa6x37oerz2lyiw6hp47058/Data/NovaSAR_01_51676_grd_13_240118_082047_HH_3/ship_patches_uint8/NovaSAR_01_51676_grd_13_240118_082047_HH_3_patch_1_Cargo_uint8.tif,331486,4504aacdaff8782b8df64e9ffb781248e7c7f2f6c592aba702b93469f4970fe3
2tfa6x37oerz2lyiw6hp47058/Data/NovaSAR_01_51676_grd_13_240118_082047_HH_3/ship_patches_uint8/NovaSAR_01_51676_grd_13_240118_082047_HH_3_patch_2_Tanker_uint8.tif,Tanker,0,file,NovaSAR_dataset/2tfa6x37oerz2lyiw6hp47058/Data/NovaSAR_01_51676_grd_13_240118_082047_HH_3/ship_patches_uint8/NovaSAR_01_51676_grd_13_240118_082047_HH_3_patch_2_Tanker_uint8.tif,330169,3eca553be56dbc96bdbcd20686f301af15bdb5976b8233003b6e6abeacece874
2tfa6x37oerz2lyiw6hp47058/Data/NovaSAR_01_51676_grd_13_240118_082047_HH_3/ship_patches_uint8/NovaSAR_01_51676_grd_13_240118_082047_HH_3_patch_3_Cargo_uint8.tif,Cargo,2,file,NovaSAR_dataset/2tfa6x37oerz2lyiw6hp47058/Data/NovaSAR_01_51676_grd_13_240118_082047_HH_3/ship_patches_uint8/NovaSAR_01_51676_grd_13_240118_082047_HH_3_patch_3_Cargo_uint8.tif,333451,71b81a09c58b5461b96e3c7cc1b39ed0442161945663418a029b8820c334929f
2tfa6x37oerz2lyiw6hp47058/Data/NovaSAR_01_51676_grd_13_240118_082047_HH_3/ship_patches_uint8/NovaSAR_01_51676_grd_13_240118_082047_HH_3_patch_4_Cargo_uint8.tif,Cargo,2,file,NovaSAR_dataset/2tfa6x37oerz2lyiw6hp47058/Data/NovaSAR_01_51676_grd_13_240118_082047_HH_3/ship_patches_uint8/NovaSAR_01_51676_grd_13_240118_082047_HH_3_patch_4_Cargo_uint8.tif,333786,e5028584c2e21f313aa1cc6214003eff9a500e398484db160e4bb6cdd53872aa
2tfa6x37oerz2lyiw6hp47058/Data/NovaSAR_01_51676_grd_13_240118_082047_HH_3/ship_patches_uint8/NovaSAR_01_51676_grd_13_240118_082047_HH_3_patch_6_Cargo_uint8.tif,Cargo,2,file,NovaSAR_dataset/2tfa6x37oerz2lyiw6hp47058/Data/NovaSAR_01_51676_grd_13_240118_082047_HH_3/ship_patches_uint8/NovaSAR_01_51676_grd_13_240118_082047_HH_3_patch_6_Cargo_uint8.tif,334899,cab6d1325fac846d9aa58cc885f2698c5f3be37e1c55e66e4939262091144594
2tfa6x37oerz2lyiw6hp47058/Data/NovaSAR_01_51676_grd_13_240118_082047_HH_3/ship_patches_uint8/NovaSAR_01_51676_grd_13_240118_082047_HH_3_patch_7_Cargo_uint8.tif,Cargo,2,file,NovaSAR_dataset/2tfa6x37oerz2lyiw6hp47058/Data/NovaSAR_01_51676_grd_13_240118_082047_HH_3/ship_patches_uint8/NovaSAR_01_51676_grd_13_240118_082047_HH_3_patch_7_Cargo_uint8.tif,331493,ddfb4c3dc8efaa926be9e3ab9cbabbbc2cb69916a242bc5eeacb7c8e5482e375
2tfa6x37oerz2lyiw6hp47058/Data/NovaSAR_01_51676_grd_13_240118_082058_HH_5/ship_patches_uint8/NovaSAR_01_51676_grd_13_240118_082058_HH_5_patch_11_Cargo_uint8.tif,Cargo,2,file,NovaSAR_dataset/2tfa6x37oerz2lyiw6hp47058/Data/NovaSAR_01_51676_grd_13_240118_082058_HH_5/ship_patches_uint8/NovaSAR_01_51676_grd_13_240118_082058_HH_5_patch_11_Cargo_uint8.tif,321270,e108a36af02674815fbcf0a83d716139294760a5f590457acc23e8c21fcb7fac
2tfa6x37oerz2lyiw6hp47058/Data/NovaSAR_01_51676_grd_13_240118_082058_HH_5/ship_patches_uint8/NovaSAR_01_51676_grd_13_240118_082058_HH_5_patch_12_Cargo_uint8.tif,Cargo,2,file,NovaSAR_dataset/2tfa6x37oerz2lyiw6hp47058/Data/NovaSAR_01_51676_grd_13_240118_082058_HH_5/ship_patches_uint8/NovaSAR_01_51676_grd_13_240118_082058_HH_5_patch_12_Cargo_uint8.tif,322897,66f066b8455d208b879b3333506f5625eeee0887d6f1fc464cb08dfd315a3a54
2tfa6x37oerz2lyiw6hp47058/Data/NovaSAR_01_51676_grd_13_240118_082058_HH_5/ship_patches_uint8/NovaSAR_01_51676_grd_13_240118_082058_HH_5_patch_15_Cargo_uint8.tif,Cargo,2,file,NovaSAR_dataset/2tfa6x37oerz2lyiw6hp47058/Data/NovaSAR_01_51676_grd_13_240118_082058_HH_5/ship_patches_uint8/NovaSAR_01_51676_grd_13_240118_082058_HH_5_patch_15_Cargo_uint8.tif,335729,4ac66820e5e4f75ea0b3293a364a0ebd022e360d09c34f089a340ac554b1620a
2tfa6x37oerz2lyiw6hp47058/Data/NovaSAR_01_51676_grd_13_240118_082058_HH_5/ship_patches_uint8/NovaSAR_01_51676_grd_13_240118_082058_HH_5_patch_1_Tanker_uint8.tif,Tanker,0,file,NovaSAR_dataset/2tfa6x37oerz2lyiw6hp47058/Data/NovaSAR_01_51676_grd_13_240118_082058_HH_5/ship_patches_uint8/NovaSAR_01_51676_grd_13_240118_082058_HH_5_patch_1_Tanker_uint8.tif,330224,7c927f6ff79c08fd3a07ff7b45219e75dd71b4adfbd4b8e3b1f8de0d5f7bede8
2tfa6x37oerz2lyiw6hp47058/Data/NovaSAR_01_51676_grd_13_240118_082058_HH_5/ship_patches_uint8/NovaSAR_01_51676_grd_13_240118_082058_HH_5_patch_20_Tanker_uint8.tif,Tanker,0,file,NovaSAR_dataset/2tfa6x37oerz2lyiw6hp47058/Data/NovaSAR_01_51676_grd_13_240118_082058_HH_5/ship_patches_uint8/NovaSAR_01_51676_grd_13_240118_082058_HH_5_patch_20_Tanker_uint8.tif,324746,54a298e9df3e0d989236130d67bf08e2fc419bb967c25abcc84da0a8f08935b8
2tfa6x37oerz2lyiw6hp47058/Data/NovaSAR_01_51676_grd_13_240118_082058_HH_5/ship_patches_uint8/NovaSAR_01_51676_grd_13_240118_082058_HH_5_patch_23_Cargo_uint8.tif,Cargo,2,file,NovaSAR_dataset/2tfa6x37oerz2lyiw6hp47058/Data/NovaSAR_01_51676_grd_13_240118_082058_HH_5/ship_patches_uint8/NovaSAR_01_51676_grd_13_240118_082058_HH_5_patch_23_Cargo_uint8.tif,336037,d3496ccdd7203875d372a73a5d9b6014f3f097cd4d0ec37a45f2bab147929d27
2tfa6x37oerz2lyiw6hp47058/Data/NovaSAR_01_51676_grd_13_240118_082058_HH_5/ship_patches_uint8/NovaSAR_01_51676_grd_13_240118_082058_HH_5_patch_4_Cargo_uint8.tif,Cargo,2,file,NovaSAR_dataset/2tfa6x37oerz2lyiw6hp47058/Data/NovaSAR_01_51676_grd_13_240118_082058_HH_5/ship_patches_uint8/NovaSAR_01_51676_grd_13_240118_082058_HH_5_patch_4_Cargo_uint8.tif,336524,fa51a4c3466ac89c65de67b94b4f5cd7ddcaccd5d7eeab794e79ed0ca72cc91c
2tfa6x37oerz2lyiw6hp47058/Data/NovaSAR_01_51676_grd_13_240118_082058_HH_5/ship_patches_uint8/NovaSAR_01_51676_grd_13_240118_082058_HH_5_patch_6_Tanker_uint8.tif,Tanker,0,file,NovaSAR_dataset/2tfa6x37oerz2lyiw6hp47058/Data/NovaSAR_01_51676_grd_13_240118_082058_HH_5/ship_patches_uint8/NovaSAR_01_51676_grd_13_240118_082058_HH_5_patch_6_Tanker_uint8.tif,333425,2dd5902cd001d09f6887593bc24a4a07fcf5c4ba8878332572f8bd5b31bdf87f
2tfa6x37oerz2lyiw6hp47058/Data/NovaSAR_01_51676_grd_13_240118_082104_HH_6/ship_patches_uint8/NovaSAR_01_51676_grd_13_240118_082104_HH_6_patch_10_Tanker_uint8.tif,Tanker,0,file,NovaSAR_dataset/2tfa6x37oerz2lyiw6hp47058/Data/NovaSAR_01_51676_grd_13_240118_082104_HH_6/ship_patches_uint8/NovaSAR_01_51676_grd_13_240118_082104_HH_6_patch_10_Tanker_uint8.tif,335898,43aacf8e5bb78ca75ce0a24fc95d97c53cad3b6039f583f6c77e5642b4f4d9b3
2tfa6x37oerz2lyiw6hp47058/Data/NovaSAR_01_51676_grd_13_240118_082104_HH_6/ship_patches_uint8/NovaSAR_01_51676_grd_13_240118_082104_HH_6_patch_14_Cargo_uint8.tif,Cargo,2,file,NovaSAR_dataset/2tfa6x37oerz2lyiw6hp47058/Data/NovaSAR_01_51676_grd_13_240118_082104_HH_6/ship_patches_uint8/NovaSAR_01_51676_grd_13_240118_082104_HH_6_patch_14_Cargo_uint8.tif,297090,ce9c3df0ac10459da13dc146eac529e5c9941c949e85bdbcb1f742384a3953c4
2tfa6x37oerz2lyiw6hp47058/Data/NovaSAR_01_51676_grd_13_240118_082104_HH_6/ship_patches_uint8/NovaSAR_01_51676_grd_13_240118_082104_HH_6_patch_1_Tanker_uint8.tif,Tanker,0,file,NovaSAR_dataset/2tfa6x37oerz2lyiw6hp47058/Data/NovaSAR_01_51676_grd_13_240118_082104_HH_6/ship_patches_uint8/NovaSAR_01_51676_grd_13_240118_082104_HH_6_patch_1_Tanker_uint8.tif,329195,55a923edd9c8f732c675e1f92f4fc926fb34762a8d9c0f2b8997d26539b12400
2tfa6x37oerz2lyiw6hp47058/Data/NovaSAR_01_51676_grd_13_240118_082104_HH_6/ship_patches_uint8/NovaSAR_01_51676_grd_13_240118_082104_HH_6_patch_9_Tanker_uint8.tif,Tanker,0,file,NovaSAR_dataset/2tfa6x37oerz2lyiw6hp47058/Data/NovaSAR_01_51676_grd_13_240118_082104_HH_6/ship_patches_uint8/NovaSAR_01_51676_grd_13_240118_082104_HH_6_patch_9_Tanker_uint8.tif,327453,80827788778bf9e4f3b40a804a96d6db7c33254d8621e9098da98a0db97c9319
2tfa6x37oerz2lyiw6hp47058/Data/NovaSAR_01_51676_grd_13_240118_082110_HH_7/ship_patches_uint8/NovaSAR_01_51676_grd_13_240118_082110_HH_7_patch_1_Cargo_uint8.tif,Cargo,2,file,NovaSAR_dataset/2tfa6x37oerz2lyiw6hp47058/Data/NovaSAR_01_51676_grd_13_240118_082110_HH_7/ship_patches_uint8/NovaSAR_01_51676_grd_13_240118_082110_HH_7_patch_1_Cargo_uint8.tif,328244,d3a99e8c5840536580fe72fb9743d7ac6f2025387839bcbe16303d9b2caa7756
2tfa6x37oerz2lyiw6hp47058/Data/NovaSAR_01_51676_grd_13_240118_082115_HH_8/ship_patches_uint8/NovaSAR_01_51676_grd_13_240118_082115_HH_8_patch_1_Cargo_uint8.tif,Cargo,2,file,NovaSAR_dataset/2tfa6x37oerz2lyiw6hp47058/Data/NovaSAR_01_51676_grd_13_240118_082115_HH_8/ship_patches_uint8/NovaSAR_01_51676_grd_13_240118_082115_HH_8_patch_1_Cargo_uint8.tif,307611,a92ed049ceb447f47b9019f921bf4b8b29d28ad5422a941ca41594f219a00366
2tfa6x37oerz2lyiw6hp47058/Data/NovaSAR_01_51676_grd_13_240118_082115_HH_8/ship_patches_uint8/NovaSAR_01_51676_grd_13_240118_082115_HH_8_patch_2_Cargo_uint8.tif,Cargo,2,file,NovaSAR_dataset/2tfa6x37oerz2lyiw6hp47058/Data/NovaSAR_01_51676_grd_13_240118_082115_HH_8/ship_patches_uint8/NovaSAR_01_51676_grd_13_240118_082115_HH_8_patch_2_Cargo_uint8.tif,320184,9b87763e2d2c03938805c8bda2bf1f5f41cf010c6be5a22e03d25b221bf1f05a
2tfa6x37oerz2lyiw6hp47058/Data/NovaSAR_01_51676_grd_13_240118_082115_HH_8/ship_patches_uint8/NovaSAR_01_51676_grd_13_240118_082115_HH_8_patch_3_Tanker_uint8.tif,Tanker,0,file,NovaSAR_dataset/2tfa6x37oerz2lyiw6hp47058/Data/NovaSAR_01_51676_grd_13_240118_082115_HH_8/ship_patches_uint8/NovaSAR_01_51676_grd_13_240118_082115_HH_8_patch_3_Tanker_uint8.tif,320147,c7e3df4be2a72ff178514be5fdb8e3f3e7abff522cf687359359069227a2d72b
2tfa6x37oerz2lyiw6hp47058/Data/NovaSAR_01_51676_grd_13_240118_082115_HH_8/ship_patches_uint8/NovaSAR_01_51676_grd_13_240118_082115_HH_8_patch_4_Fishing_uint8.tif,Fishing,1,file,NovaSAR_dataset/2tfa6x37oerz2lyiw6hp47058/Data/NovaSAR_01_51676_grd_13_240118_082115_HH_8/ship_patches_uint8/NovaSAR_01_51676_grd_13_240118_082115_HH_8_patch_4_Fishing_uint8.tif,327052,674341300e8329266c6ffdf04c0d20bba68149c25fad36343fd605d045938e27
2tfa6x37oerz2lyiw6hp47058/Data/NovaSAR_01_51676_grd_13_240118_082121_HH_9/ship_patches_uint8/NovaSAR_01_51676_grd_13_240118_082121_HH_9_patch_1_Cargo_uint8.tif,Cargo,2,file,NovaSAR_dataset/2tfa6x37oerz2lyiw6hp47058/Data/NovaSAR_01_51676_grd_13_240118_082121_HH_9/ship_patches_uint8/NovaSAR_01_51676_grd_13_240118_082121_HH_9_patch_1_Cargo_uint8.tif,291690,01d2187dd3f200afd8366ef9bb9b291431516fe832a3d42d6cceafd7fe29b29f
2tfa6x37oerz2lyiw6hp47058/Data/NovaSAR_01_51676_grd_13_240118_082121_HH_9/ship_patches_uint8/NovaSAR_01_51676_grd_13_240118_082121_HH_9_patch_2_Fishing_uint8.tif,Fishing,1,file,NovaSAR_dataset/2tfa6x37oerz2lyiw6hp47058/Data/NovaSAR_01_51676_grd_13_240118_082121_HH_9/ship_patches_uint8/NovaSAR_01_51676_grd_13_240118_082121_HH_9_patch_2_Fishing_uint8.tif,306681,2026b250282c464a7e73ea8300796115e829a0cfd059fbdbf54c69ee1ab996e8
2tfa6x37oerz2lyiw6hp47058/Data/NovaSAR_01_51676_grd_13_240118_082121_HH_9/ship_patches_uint8/NovaSAR_01_51676_grd_13_240118_082121_HH_9_patch_3_Fishing_uint8.tif,Fishing,1,file,NovaSAR_dataset/2tfa6x37oerz2lyiw6hp47058/Data/NovaSAR_01_51676_grd_13_240118_082121_HH_9/ship_patches_uint8/NovaSAR_01_51676_grd_13_240118_082121_HH_9_patch_3_Fishing_uint8.tif,270443,c643de340e7e1a8bed324546f6e882ede90e89c78d4de931a4faad4e7c64856f
2tfa6x37oerz2lyiw6hp47058/Data/NovaSAR_01_51707_grd_13_240119_082623_HH_2/ship_patches_uint8/NovaSAR_01_51707_grd_13_240119_082623_HH_2_patch_2_Cargo_uint8.tif,Cargo,2,file,NovaSAR_dataset/2tfa6x37oerz2lyiw6hp47058/Data/NovaSAR_01_51707_grd_13_240119_082623_HH_2/ship_patches_uint8/NovaSAR_01_51707_grd_13_240119_082623_HH_2_patch_2_Cargo_uint8.tif,331106,15391ea104a2c6c6bdf89b795ca96b8d3dab400a93f3b4de3caf4a01b2224c8e
2tfa6x37oerz2lyiw6hp47058/Data/NovaSAR_01_51707_grd_13_240119_082634_HH_4/ship_patches_uint8/NovaSAR_01_51707_grd_13_240119_082634_HH_4_patch_1_Cargo_uint8.tif,Cargo,2,file,NovaSAR_dataset/2tfa6x37oerz2lyiw6hp47058/Data/NovaSAR_01_51707_grd_13_240119_082634_HH_4/ship_patches_uint8/NovaSAR_01_51707_grd_13_240119_082634_HH_4_patch_1_Cargo_uint8.tif,327885,6ce97f8ea2a09240358d3c79bdabd7b763b19b1ae930366a271d3b6fceb542e9
2tfa6x37oerz2lyiw6hp47058/Data/NovaSAR_01_51707_grd_13_240119_082714_HH_11/ship_patches_uint8/NovaSAR_01_51707_grd_13_240119_082714_HH_11_patch_1_Cargo_uint8.tif,Cargo,2,file,NovaSAR_dataset/2tfa6x37oerz2lyiw6hp47058/Data/NovaSAR_01_51707_grd_13_240119_082714_HH_11/ship_patches_uint8/NovaSAR_01_51707_grd_13_240119_082714_HH_11_patch_1_Cargo_uint8.tif,321295,e10eb9b721773e865550d51e7eb4f05463e277f0c0d80ee73e7cccebad8bb930
2tfa6x37oerz2lyiw6hp47058/Data/NovaSAR_01_51707_grd_13_240119_082720_HH_12/ship_patches_uint8/NovaSAR_01_51707_grd_13_240119_082720_HH_12_patch_1_Fishing_uint8.tif,Fishing,1,file,NovaSAR_dataset/2tfa6x37oerz2lyiw6hp47058/Data/NovaSAR_01_51707_grd_13_240119_082720_HH_12/ship_patches_uint8/NovaSAR_01_51707_grd_13_240119_082720_HH_12_patch_1_Fishing_uint8.tif,326984,c12a08612a027f39c2fbb76c3bd22ff64bc0bac96fc9ce41c8d7746a598ea0ad
2tfa6x37oerz2lyiw6hp47058/Data/NovaSAR_01_51738_grd_13_240120_083213_HH_4/ship_patches_uint8/NovaSAR_01_51738_grd_13_240120_083213_HH_4_patch_1_Cargo_uint8.tif,Cargo,2,file,NovaSAR_dataset/2tfa6x37oerz2lyiw6hp47058/Data/NovaSAR_01_51738_grd_13_240120_083213_HH_4/ship_patches_uint8/NovaSAR_01_51738_grd_13_240120_083213_HH_4_patch_1_Cargo_uint8.tif,330168,0d1c7775cf05919651a54f3c510d6fcc0e66e340d3c1768d3107ec51669d20fa
2tfa6x37oerz2lyiw6hp47058/Data/NovaSAR_01_51738_grd_13_240120_083252_HH_11/ship_patches_uint8/NovaSAR_01_51738_grd_13_240120_083252_HH_11_patch_1_Cargo_uint8.tif,Cargo,2,file,NovaSAR_dataset/2tfa6x37oerz2lyiw6hp47058/Data/NovaSAR_01_51738_grd_13_240120_083252_HH_11/ship_patches_uint8/NovaSAR_01_51738_grd_13_240120_083252_HH_11_patch_1_Cargo_uint8.tif,290867,bd86e547ac51602ab010c2c3d5e2ad1ab4688618384e67139636afb23f6ed75e
2tfa6x37oerz2lyiw6hp47058/Data/NovaSAR_01_51738_grd_13_240120_083258_HH_12/ship_patches_uint8/NovaSAR_01_51738_grd_13_240120_083258_HH_12_patch_1_Cargo_uint8.tif,Cargo,2,file,NovaSAR_dataset/2tfa6x37oerz2lyiw6hp47058/Data/NovaSAR_01_51738_grd_13_240120_083258_HH_12/ship_patches_uint8/NovaSAR_01_51738_grd_13_240120_083258_HH_12_patch_1_Cargo_uint8.tif,324442,e133996307b7f21cfeb3678923458137137cd89c1e796039a0f830b7b5a1c872
2tfa6x37oerz2lyiw6hp47058/Data/NovaSAR_01_51738_grd_13_240120_083258_HH_12/ship_patches_uint8/NovaSAR_01_51738_grd_13_240120_083258_HH_12_patch_2_Cargo_uint8.tif,Cargo,2,file,NovaSAR_dataset/2tfa6x37oerz2lyiw6hp47058/Data/NovaSAR_01_51738_grd_13_240120_083258_HH_12/ship_patches_uint8/NovaSAR_01_51738_grd_13_240120_083258_HH_12_patch_2_Cargo_uint8.tif,324597,020733ecc6c94cbcc46f5119d9f87255be35012003e014c4aac6f43dc05c8354
2tfa6x37oerz2lyiw6hp47058/Data/NovaSAR_01_51738_grd_13_240120_083309_HH_14/ship_patches_uint8/NovaSAR_01_51738_grd_13_240120_083309_HH_14_patch_2_Fishing_uint8.tif,Fishing,1,file,NovaSAR_dataset/2tfa6x37oerz2lyiw6hp47058/Data/NovaSAR_01_51738_grd_13_240120_083309_HH_14/ship_patches_uint8/NovaSAR_01_51738_grd_13_240120_083309_HH_14_patch_2_Fishing_uint8.tif,322970,8b86ba0a673f6905af633ad15dd69d745119118c11c8a62567bb7a8be8cbe39d
2tfa6x37oerz2lyiw6hp47058/Data/NovaSAR_01_51768_grd_13_240121_083807_HH_4/ship_patches_uint8/NovaSAR_01_51768_grd_13_240121_083807_HH_4_patch_1_Fishing_uint8.tif,Fishing,1,file,NovaSAR_dataset/2tfa6x37oerz2lyiw6hp47058/Data/NovaSAR_01_51768_grd_13_240121_083807_HH_4/ship_patches_uint8/NovaSAR_01_51768_grd_13_240121_083807_HH_4_patch_1_Fishing_uint8.tif,329699,797a754408c3172d005400407b52d873b6a9249d3e7482ad7090e84b7dd67728
2tfa6x37oerz2lyiw6hp47058/Data/NovaSAR_01_51768_grd_13_240121_083807_HH_4/ship_patches_uint8/NovaSAR_01_51768_grd_13_240121_083807_HH_4_patch_3_Fishing_uint8.tif,Fishing,1,file,NovaSAR_dataset/2tfa6x37oerz2lyiw6hp47058/Data/NovaSAR_01_51768_grd_13_240121_083807_HH_4/ship_patches_uint8/NovaSAR_01_51768_grd_13_240121_083807_HH_4_patch_3_Fishing_uint8.tif,333282,4fa9a79ab9d701f027ef3c9b450e580ba7c4458d9baacc8be8154808f0f2bec3
2tfa6x37oerz2lyiw6hp47058/Data/NovaSAR_01_51864_grd_13_240124_085509_HH_3/ship_patches_uint8/NovaSAR_01_51864_grd_13_240124_085509_HH_3_patch_2_Cargo_uint8.tif,Cargo,2,file,NovaSAR_dataset/2tfa6x37oerz2lyiw6hp47058/Data/NovaSAR_01_51864_grd_13_240124_085509_HH_3/ship_patches_uint8/NovaSAR_01_51864_grd_13_240124_085509_HH_3_patch_2_Cargo_uint8.tif,322687,73ca3617ed48f3f97127437987954908f3c36ce3d9519dd9432e432f8bacc179
2tfa6x37oerz2lyiw6hp47058/Data/NovaSAR_01_51864_grd_13_240124_085509_HH_3/ship_patches_uint8/NovaSAR_01_51864_grd_13_240124_085509_HH_3_patch_3_Tanker_uint8.tif,Tanker,0,file,NovaSAR_dataset/2tfa6x37oerz2lyiw6hp47058/Data/NovaSAR_01_51864_grd_13_240124_085509_HH_3/ship_patches_uint8/NovaSAR_01_51864_grd_13_240124_085509_HH_3_patch_3_Tanker_uint8.tif,321749,9676d7efa3e84508c699bb6d47570d2ce8569b1cc485edb3b78d2130a432d52a
2tfa6x37oerz2lyiw6hp47058/Data/NovaSAR_01_51864_grd_13_240124_085509_HH_3/ship_patches_uint8/NovaSAR_01_51864_grd_13_240124_085509_HH_3_patch_4_Cargo_uint8.tif,Cargo,2,file,NovaSAR_dataset/2tfa6x37oerz2lyiw6hp47058/Data/NovaSAR_01_51864_grd_13_240124_085509_HH_3/ship_patches_uint8/NovaSAR_01_51864_grd_13_240124_085509_HH_3_patch_4_Cargo_uint8.tif,326643,56e88b0d536de28e4dfa433a7ada7656421bde6809e84191ddb068467776b7ef
2tfa6x37oerz2lyiw6hp47058/Data/NovaSAR_01_51864_grd_13_240124_085514_HH_4/ship_patches_uint8/NovaSAR_01_51864_grd_13_240124_085514_HH_4_patch_4_Cargo_uint8.tif,Cargo,2,file,NovaSAR_dataset/2tfa6x37oerz2lyiw6hp47058/Data/NovaSAR_01_51864_grd_13_240124_085514_HH_4/ship_patches_uint8/NovaSAR_01_51864_grd_13_240124_085514_HH_4_patch_4_Cargo_uint8.tif,335917,f40f66dde2de43ca456757fe40da304fa99f2cde4ec5c170c92612f7c20e711e
2tfa6x37oerz2lyiw6hp47058/Data/NovaSAR_01_51864_grd_13_240124_085514_HH_4/ship_patches_uint8/NovaSAR_01_51864_grd_13_240124_085514_HH_4_patch_6_Tanker_uint8.tif,Tanker,0,file,NovaSAR_dataset/2tfa6x37oerz2lyiw6hp47058/Data/NovaSAR_01_51864_grd_13_240124_085514_HH_4/ship_patches_uint8/NovaSAR_01_51864_grd_13_240124_085514_HH_4_patch_6_Tanker_uint8.tif,331505,71aacb12f68639609d058f35e1a43e188899a1491a2ccdd47ae4cf53b619ab21
2tfa6x37oerz2lyiw6hp47058/Data/NovaSAR_01_51864_grd_13_240124_085514_HH_4/ship_patches_uint8/NovaSAR_01_51864_grd_13_240124_085514_HH_4_patch_8_Cargo_uint8.tif,Cargo,2,file,NovaSAR_dataset/2tfa6x37oerz2lyiw6hp47058/Data/NovaSAR_01_51864_grd_13_240124_085514_HH_4/ship_patches_uint8/NovaSAR_01_51864_grd_13_240124_085514_HH_4_patch_8_Cargo_uint8.tif,334766,12d405c373d5d5eb0e73248cb0295deb12add24873a75a92298d9e829586d889
2tfa6x37oerz2lyiw6hp47058/Data/NovaSAR_01_51864_grd_13_240124_085600_HH_12/ship_patches_uint8/NovaSAR_01_51864_grd_13_240124_085600_HH_12_patch_1_Cargo_uint8.tif,Cargo,2,file,NovaSAR_dataset/2tfa6x37oerz2lyiw6hp47058/Data/NovaSAR_01_51864_grd_13_240124_085600_HH_12/ship_patches_uint8/NovaSAR_01_51864_grd_13_240124_085600_HH_12_patch_1_Cargo_uint8.tif,325248,e7c7c0ebf084b23c3da656b997ae4646f2be356da517e46425a3d3ce541a9a32
2tfa6x37oerz2lyiw6hp47058/Data/NovaSAR_01_51864_grd_13_240124_085606_HH_13/ship_patches_uint8/NovaSAR_01_51864_grd_13_240124_085606_HH_13_patch_1_Tanker_uint8.tif,Tanker,0,file,NovaSAR_dataset/2tfa6x37oerz2lyiw6hp47058/Data/NovaSAR_01_51864_grd_13_240124_085606_HH_13/ship_patches_uint8/NovaSAR_01_51864_grd_13_240124_085606_HH_13_patch_1_Tanker_uint8.tif,321555,f25231b086629f3102058972fdb523a6aba4e0d75f1a6c05145183530b9f34fd
2tfa6x37oerz2lyiw6hp47058/Data/NovaSAR_01_52000_grd_13_240128_222704_HH_1/ship_patches_uint8/NovaSAR_01_52000_grd_13_240128_222704_HH_1_patch_3_Cargo_uint8.tif,Cargo,2,file,NovaSAR_dataset/2tfa6x37oerz2lyiw6hp47058/Data/NovaSAR_01_52000_grd_13_240128_222704_HH_1/ship_patches_uint8/NovaSAR_01_52000_grd_13_240128_222704_HH_1_patch_3_Cargo_uint8.tif,322313,660f6524ab0493cc2277fea8d952d291617533afad84a544d99e107b3b214c61
2tfa6x37oerz2lyiw6hp47058/Data/NovaSAR_01_52000_grd_13_240128_222709_HH_2/ship_patches_uint8/NovaSAR_01_52000_grd_13_240128_222709_HH_2_patch_1_Cargo_uint8.tif,Cargo,2,file,NovaSAR_dataset/2tfa6x37oerz2lyiw6hp47058/Data/NovaSAR_01_52000_grd_13_240128_222709_HH_2/ship_patches_uint8/NovaSAR_01_52000_grd_13_240128_222709_HH_2_patch_1_Cargo_uint8.tif,326474,644fa665e0450d399c3e939b4f78f388d370a4304025330ff1ff6c4e2b6bbe67
2tfa6x37oerz2lyiw6hp47058/Data/NovaSAR_01_52000_grd_13_240128_222709_HH_2/ship_patches_uint8/NovaSAR_01_52000_grd_13_240128_222709_HH_2_patch_2_Cargo_uint8.tif,Cargo,2,file,NovaSAR_dataset/2tfa6x37oerz2lyiw6hp47058/Data/NovaSAR_01_52000_grd_13_240128_222709_HH_2/ship_patches_uint8/NovaSAR_01_52000_grd_13_240128_222709_HH_2_patch_2_Cargo_uint8.tif,329648,79cdf16d4d3425a7defb7e755abdd99133290d8af693b547f6ee943713090a31
2tfa6x37oerz2lyiw6hp47058/Data/NovaSAR_01_52000_grd_13_240128_222709_HH_2/ship_patches_uint8/NovaSAR_01_52000_grd_13_240128_222709_HH_2_patch_4_Cargo_uint8.tif,Cargo,2,file,NovaSAR_dataset/2tfa6x37oerz2lyiw6hp47058/Data/NovaSAR_01_52000_grd_13_240128_222709_HH_2/ship_patches_uint8/NovaSAR_01_52000_grd_13_240128_222709_HH_2_patch_4_Cargo_uint8.tif,334102,c3c4d51e653e7600884f6f969c22cd05a3d75b478c7386abfdcf47f29cca1a88
2tfa6x37oerz2lyiw6hp47058/Data/NovaSAR_01_52000_grd_13_240128_222709_HH_2/ship_patches_uint8/NovaSAR_01_52000_grd_13_240128_222709_HH_2_patch_5_Cargo_uint8.tif,Cargo,2,file,NovaSAR_dataset/2tfa6x37oerz2lyiw6hp47058/Data/NovaSAR_01_52000_grd_13_240128_222709_HH_2/ship_patches_uint8/NovaSAR_01_52000_grd_13_240128_222709_HH_2_patch_5_Cargo_uint8.tif,330814,09c83017e61c5f2e80369dce7c73756909188ba82f1c6cc685ff612c708763ce
2tfa6x37oerz2lyiw6hp47058/Data/NovaSAR_01_52000_grd_13_240128_222709_HH_2/ship_patches_uint8/NovaSAR_01_52000_grd_13_240128_222709_HH_2_patch_6_Cargo_uint8.tif,Cargo,2,file,NovaSAR_dataset/2tfa6x37oerz2lyiw6hp47058/Data/NovaSAR_01_52000_grd_13_240128_222709_HH_2/ship_patches_uint8/NovaSAR_01_52000_grd_13_240128_222709_HH_2_patch_6_Cargo_uint8.tif,333063,79971b4b31fb4b9a52e7ce7a70945ac00a517be4c129015529933dd2470236fa
2tfa6x37oerz2lyiw6hp47058/Data/NovaSAR_01_52000_grd_13_240128_222715_HH_3/ship_patches_uint8/NovaSAR_01_52000_grd_13_240128_222715_HH_3_patch_2_Cargo_uint8.tif,Cargo,2,file,NovaSAR_dataset/2tfa6x37oerz2lyiw6hp47058/Data/NovaSAR_01_52000_grd_13_240128_222715_HH_3/ship_patches_uint8/NovaSAR_01_52000_grd_13_240128_222715_HH_3_patch_2_Cargo_uint8.tif,326182,cc5e77af97abd5df49fae3d3f3bf584713d4653ab16f7d87ff095cd1b4501205
2tfa6x37oerz2lyiw6hp47058/Data/NovaSAR_01_52000_grd_13_240128_222715_HH_3/ship_patches_uint8/NovaSAR_01_52000_grd_13_240128_222715_HH_3_patch_3_Cargo_uint8.tif,Cargo,2,file,NovaSAR_dataset/2tfa6x37oerz2lyiw6hp47058/Data/NovaSAR_01_52000_grd_13_240128_222715_HH_3/ship_patches_uint8/NovaSAR_01_52000_grd_13_240128_222715_HH_3_patch_3_Cargo_uint8.tif,313721,c615dd91de95deb775b0231bdb32e75130adf9aef08fc5315228fc433380f5c1
2tfa6x37oerz2lyiw6hp47058/Data/NovaSAR_01_52000_grd_13_240128_222720_HH_4/ship_patches_uint8/NovaSAR_01_52000_grd_13_240128_222720_HH_4_patch_1_Cargo_uint8.tif,Cargo,2,file,NovaSAR_dataset/2tfa6x37oerz2lyiw6hp47058/Data/NovaSAR_01_52000_grd_13_240128_222720_HH_4/ship_patches_uint8/NovaSAR_01_52000_grd_13_240128_222720_HH_4_patch_1_Cargo_uint8.tif,325618,d950e69ed4ed8002bf8e746250602da9a35aea10287e412dac8f8d9c7d8d0a3c
2tfa6x37oerz2lyiw6hp47058/Data/NovaSAR_01_52000_grd_13_240128_222737_HH_7/ship_patches_uint8/NovaSAR_01_52000_grd_13_240128_222737_HH_7_patch_1_Cargo_uint8.tif,Cargo,2,file,NovaSAR_dataset/2tfa6x37oerz2lyiw6hp47058/Data/NovaSAR_01_52000_grd_13_240128_222737_HH_7/ship_patches_uint8/NovaSAR_01_52000_grd_13_240128_222737_HH_7_patch_1_Cargo_uint8.tif,305142,52a02d9d9a762fac5c671713dd542acdcd8a4020ad0ca7bb7bd82da757e48f2a
2tfa6x37oerz2lyiw6hp47058/Data/NovaSAR_01_52000_grd_13_240128_222737_HH_7/ship_patches_uint8/NovaSAR_01_52000_grd_13_240128_222737_HH_7_patch_2_Cargo_uint8.tif,Cargo,2,file,NovaSAR_dataset/2tfa6x37oerz2lyiw6hp47058/Data/NovaSAR_01_52000_grd_13_240128_222737_HH_7/ship_patches_uint8/NovaSAR_01_52000_grd_13_240128_222737_HH_7_patch_2_Cargo_uint8.tif,309616,9ac2f8465df5cb271198aaa8c7b33cf6ed9e5a8570d0cd00003cffbd0f78da9d
2tfa6x37oerz2lyiw6hp47058/Data/NovaSAR_01_52195_grd_13_240204_082241_HH_3/ship_patches_uint8/NovaSAR_01_52195_grd_13_240204_082241_HH_3_patch_1_Cargo_uint8.tif,Cargo,2,file,NovaSAR_dataset/2tfa6x37oerz2lyiw6hp47058/Data/NovaSAR_01_52195_grd_13_240204_082241_HH_3/ship_patches_uint8/NovaSAR_01_52195_grd_13_240204_082241_HH_3_patch_1_Cargo_uint8.tif,330824,ac45a23c1210f9addeb1d43dc08b65c5248dff30241e65f30600dc2d3cc79e0d
2tfa6x37oerz2lyiw6hp47058/Data/NovaSAR_01_52195_grd_13_240204_082241_HH_3/ship_patches_uint8/NovaSAR_01_52195_grd_13_240204_082241_HH_3_patch_2_Cargo_uint8.tif,Cargo,2,file,NovaSAR_dataset/2tfa6x37oerz2lyiw6hp47058/Data/NovaSAR_01_52195_grd_13_240204_082241_HH_3/ship_patches_uint8/NovaSAR_01_52195_grd_13_240204_082241_HH_3_patch_2_Cargo_uint8.tif,326782,4ce8f5872f569f42014d2377f9537fd8f14e650c4523637563e3a8f76ba405ba
2tfa6x37oerz2lyiw6hp47058/Data/NovaSAR_01_52195_grd_13_240204_082253_HH_5/ship_patches_uint8/NovaSAR_01_52195_grd_13_240204_082253_HH_5_patch_1_Cargo_uint8.tif,Cargo,2,file,NovaSAR_dataset/2tfa6x37oerz2lyiw6hp47058/Data/NovaSAR_01_52195_grd_13_240204_082253_HH_5/ship_patches_uint8/NovaSAR_01_52195_grd_13_240204_082253_HH_5_patch_1_Cargo_uint8.tif,335872,90016e0b6ae77c92bea4f351c52d413c1ddd084efa1362bf7e19add97449144b
2tfa6x37oerz2lyiw6hp47058/Data/NovaSAR_01_52195_grd_13_240204_082253_HH_5/ship_patches_uint8/NovaSAR_01_52195_grd_13_240204_082253_HH_5_patch_2_Cargo_uint8.tif,Cargo,2,file,NovaSAR_dataset/2tfa6x37oerz2lyiw6hp47058/Data/NovaSAR_01_52195_grd_13_240204_082253_HH_5/ship_patches_uint8/NovaSAR_01_52195_grd_13_240204_082253_HH_5_patch_2_Cargo_uint8.tif,335265,d548e012142fae30edfda4bc0640f14e5a7e4a583354984c1fc4432fb2701504
2tfa6x37oerz2lyiw6hp47058/Data/NovaSAR_01_52222_grd_13_240205_082824_HH_2/ship_patches_uint8/NovaSAR_01_52222_grd_13_240205_082824_HH_2_patch_5_Cargo_uint8.tif,Cargo,2,file,NovaSAR_dataset/2tfa6x37oerz2lyiw6hp47058/Data/NovaSAR_01_52222_grd_13_240205_082824_HH_2/ship_patches_uint8/NovaSAR_01_52222_grd_13_240205_082824_HH_2_patch_5_Cargo_uint8.tif,329256,8f2fab1a97e77074068be7ad4d16bcf6de77b1e2402861f318b4f5fc50ddfba7
2tfa6x37oerz2lyiw6hp47058/Data/NovaSAR_01_52222_grd_13_240205_082824_HH_2/ship_patches_uint8/NovaSAR_01_52222_grd_13_240205_082824_HH_2_patch_9_Cargo_uint8.tif,Cargo,2,file,NovaSAR_dataset/2tfa6x37oerz2lyiw6hp47058/Data/NovaSAR_01_52222_grd_13_240205_082824_HH_2/ship_patches_uint8/NovaSAR_01_52222_grd_13_240205_082824_HH_2_patch_9_Cargo_uint8.tif,334157,e13636553eeac962fbb5415b0ddf5b889ad7b3bcc156aa0d01acbcd79268469b
2tfa6x37oerz2lyiw6hp47058/Data/NovaSAR_01_52222_grd_13_240205_082915_HH_11/ship_patches_uint8/NovaSAR_01_52222_grd_13_240205_082915_HH_11_patch_12_Cargo_uint8.tif,Cargo,2,file,NovaSAR_dataset/2tfa6x37oerz2lyiw6hp47058/Data/NovaSAR_01_52222_grd_13_240205_082915_HH_11/ship_patches_uint8/NovaSAR_01_52222_grd_13_240205_082915_HH_11_patch_12_Cargo_uint8.tif,325633,30c5dbbbb9e9f849f718f62f8a9f06bff8aa8f08b091860c5f51fbc63612a898
2tfa6x37oerz2lyiw6hp47058/Data/NovaSAR_01_52222_grd_13_240205_082921_HH_12/ship_patches_uint8/NovaSAR_01_52222_grd_13_240205_082921_HH_12_patch_1_Tanker_uint8.tif,Tanker,0,file,NovaSAR_dataset/2tfa6x37oerz2lyiw6hp47058/Data/NovaSAR_01_52222_grd_13_240205_082921_HH_12/ship_patches_uint8/NovaSAR_01_52222_grd_13_240205_082921_HH_12_patch_1_Tanker_uint8.tif,328740,97ced389e4e3969e1875049adf48db1b2203a655d8ee561a5f154e77bb30fc57
2tfa6x37oerz2lyiw6hp47058/Data/NovaSAR_01_52222_grd_13_240205_082921_HH_12/ship_patches_uint8/NovaSAR_01_52222_grd_13_240205_082921_HH_12_patch_2_Tanker_uint8.tif,Tanker,0,file,NovaSAR_dataset/2tfa6x37oerz2lyiw6hp47058/Data/NovaSAR_01_52222_grd_13_240205_082921_HH_12/ship_patches_uint8/NovaSAR_01_52222_grd_13_240205_082921_HH_12_patch_2_Tanker_uint8.tif,328698,1a4921a021b3521fc4117dcef45616b5d1fb6916fa00d47b2966489e1f8f775f
2tfa6x37oerz2lyiw6hp47058/Data/NovaSAR_01_52222_grd_13_240205_082921_HH_12/ship_patches_uint8/NovaSAR_01_52222_grd_13_240205_082921_HH_12_patch_3_Cargo_uint8.tif,Cargo,2,file,NovaSAR_dataset/2tfa6x37oerz2lyiw6hp47058/Data/NovaSAR_01_52222_grd_13_240205_082921_HH_12/ship_patches_uint8/NovaSAR_01_52222_grd_13_240205_082921_HH_12_patch_3_Cargo_uint8.tif,323918,19e684d421c0a225b122e45f5cb9f6d3a9d4fcfcf0d14265700cca28b4285f7b
2tfa6x37oerz2lyiw6hp47058/Data/NovaSAR_01_52222_grd_13_240205_082921_HH_12/ship_patches_uint8/NovaSAR_01_52222_grd_13_240205_082921_HH_12_patch_4_Tanker_uint8.tif,Tanker,0,file,NovaSAR_dataset/2tfa6x37oerz2lyiw6hp47058/Data/NovaSAR_01_52222_grd_13_240205_082921_HH_12/ship_patches_uint8/NovaSAR_01_52222_grd_13_240205_082921_HH_12_patch_4_Tanker_uint8.tif,324292,7fb6f674bd53f5468558ca2e7dc6c3b6293fd002f84570a1c94ba6ab1d100bc1
2tfa6x37oerz2lyiw6hp47058/Data/NovaSAR_01_52222_grd_13_240205_082921_HH_12/ship_patches_uint8/NovaSAR_01_52222_grd_13_240205_082921_HH_12_patch_5_Fishing_uint8.tif,Fishing,1,file,NovaSAR_dataset/2tfa6x37oerz2lyiw6hp47058/Data/NovaSAR_01_52222_grd_13_240205_082921_HH_12/ship_patches_uint8/NovaSAR_01_52222_grd_13_240205_082921_HH_12_patch_5_Fishing_uint8.tif,324468,75a3f1c2e62d864abe8ea812104f0bf8b0d86d7099f37dde09a84d0343b3db47
2tfa6x37oerz2lyiw6hp47058/Data/NovaSAR_01_52652_grd_13_240219_081301_HH_3/ship_patches_uint8/NovaSAR_01_52652_grd_13_240219_081301_HH_3_patch_2_Tanker_uint8.tif,Tanker,0,file,NovaSAR_dataset/2tfa6x37oerz2lyiw6hp47058/Data/NovaSAR_01_52652_grd_13_240219_081301_HH_3/ship_patches_uint8/NovaSAR_01_52652_grd_13_240219_081301_HH_3_patch_2_Tanker_uint8.tif,305708,b4dff5722eda251a2886e669c0b725fe053311c735f54b02956c13215ba476d5
2tfa6x37oerz2lyiw6hp47058/Data/NovaSAR_01_52652_grd_13_240219_081305_HH_4/ship_patches_uint8/NovaSAR_01_52652_grd_13_240219_081305_HH_4_patch_2_Tanker_uint8.tif,Tanker,0,file,NovaSAR_dataset/2tfa6x37oerz2lyiw6hp47058/Data/NovaSAR_01_52652_grd_13_240219_081305_HH_4/ship_patches_uint8/NovaSAR_01_52652_grd_13_240219_081305_HH_4_patch_2_Tanker_uint8.tif,230013,a302f381b201dcd745eb63f55f9ead9dfcbd1499beee505b4a691a486eeb862f
2tfa6x37oerz2lyiw6hp47058/Data/NovaSAR_01_52652_grd_13_240219_081308_HH_5/ship_patches_uint8/NovaSAR_01_52652_grd_13_240219_081308_HH_5_patch_1_Cargo_uint8.tif,Cargo,2,file,NovaSAR_dataset/2tfa6x37oerz2lyiw6hp47058/Data/NovaSAR_01_52652_grd_13_240219_081308_HH_5/ship_patches_uint8/NovaSAR_01_52652_grd_13_240219_081308_HH_5_patch_1_Cargo_uint8.tif,296514,098a23b37a5741f3fde1d7a607a3c357c31fafbf3d264dc493b653203004a03b
2tfa6x37oerz2lyiw6hp47058/Data/NovaSAR_01_52652_grd_13_240219_081312_HH_6/ship_patches_uint8/NovaSAR_01_52652_grd_13_240219_081312_HH_6_patch_1_Cargo_uint8.tif,Cargo,2,file,NovaSAR_dataset/2tfa6x37oerz2lyiw6hp47058/Data/NovaSAR_01_52652_grd_13_240219_081312_HH_6/ship_patches_uint8/NovaSAR_01_52652_grd_13_240219_081312_HH_6_patch_1_Cargo_uint8.tif,291901,fd31992eb73cde21f8a49b57efb04204db71942f814e46cd5e0abb8fed62de8e
2tfa6x37oerz2lyiw6hp47058/Data/NovaSAR_01_52709_grd_13_240221_082425_HH_2/ship_patches_uint8/NovaSAR_01_52709_grd_13_240221_082425_HH_2_patch_2_Tanker_uint8.tif,Tanker,0,file,NovaSAR_dataset/2tfa6x37oerz2lyiw6hp47058/Data/NovaSAR_01_52709_grd_13_240221_082425_HH_2/ship_patches_uint8/NovaSAR_01_52709_grd_13_240221_082425_HH_2_patch_2_Tanker_uint8.tif,332435,170dcb97f5f9ad17a96269cc6cde5ada400af5284ea4ee582d9b726c90b2d200
2tfa6x37oerz2lyiw6hp47058/Data/NovaSAR_01_52781_grd_13_240223_214512_HH_7/ship_patches_uint8/NovaSAR_01_52781_grd_13_240223_214512_HH_7_patch_1_Cargo_uint8.tif,Cargo,2,file,NovaSAR_dataset/2tfa6x37oerz2lyiw6hp47058/Data/NovaSAR_01_52781_grd_13_240223_214512_HH_7/ship_patches_uint8/NovaSAR_01_52781_grd_13_240223_214512_HH_7_patch_1_Cargo_uint8.tif,277947,12b57c8bcfb8ae63eca32a0152ec2dbb55ec1b52510771cf2c6554d899f2f04d
2tfa6x37oerz2lyiw6hp47058/Data/NovaSAR_01_52781_grd_13_240223_214548_HH_16/ship_patches_uint8/NovaSAR_01_52781_grd_13_240223_214548_HH_16_patch_10_Tanker_uint8.tif,Tanker,0,file,NovaSAR_dataset/2tfa6x37oerz2lyiw6hp47058/Data/NovaSAR_01_52781_grd_13_240223_214548_HH_16/ship_patches_uint8/NovaSAR_01_52781_grd_13_240223_214548_HH_16_patch_10_Tanker_uint8.tif,262058,16bfbc2041e311003d56d9661a4476fb30046ce64e1d8813de8e492cae3afa62
2tfa6x37oerz2lyiw6hp47058/Data/NovaSAR_01_52808_grd_13_240224_215106_HH_1/ship_patches_uint8/NovaSAR_01_52808_grd_13_240224_215106_HH_1_patch_1_Cargo_uint8.tif,Cargo,2,file,NovaSAR_dataset/2tfa6x37oerz2lyiw6hp47058/Data/NovaSAR_01_52808_grd_13_240224_215106_HH_1/ship_patches_uint8/NovaSAR_01_52808_grd_13_240224_215106_HH_1_patch_1_Cargo_uint8.tif,337218,38aba7806f8e8f167691076684b2ced9d38b4083d22fb30a3c2f57f56eff0ff8
2tfa6x37oerz2lyiw6hp47058/Data/NovaSAR_01_52808_grd_13_240224_215112_HH_2/ship_patches_uint8/NovaSAR_01_52808_grd_13_240224_215112_HH_2_patch_15_Cargo_uint8.tif,Cargo,2,file,NovaSAR_dataset/2tfa6x37oerz2lyiw6hp47058/Data/NovaSAR_01_52808_grd_13_240224_215112_HH_2/ship_patches_uint8/NovaSAR_01_52808_grd_13_240224_215112_HH_2_patch_15_Cargo_uint8.tif,327250,73301ed64b857e43f3a1431c3eed461a11f1dd953757477b14f9bb01e4ebb411
2tfa6x37oerz2lyiw6hp47058/Data/NovaSAR_01_52808_grd_13_240224_215112_HH_2/ship_patches_uint8/NovaSAR_01_52808_grd_13_240224_215112_HH_2_patch_20_Cargo_uint8.tif,Cargo,2,file,NovaSAR_dataset/2tfa6x37oerz2lyiw6hp47058/Data/NovaSAR_01_52808_grd_13_240224_215112_HH_2/ship_patches_uint8/NovaSAR_01_52808_grd_13_240224_215112_HH_2_patch_20_Cargo_uint8.tif,333361,13e316fcb7c545230d7a5cff430e16cf09fbd71ee168b1fcab32f68591b90d12
2tfa6x37oerz2lyiw6hp47058/Data/NovaSAR_01_52808_grd_13_240224_215112_HH_2/ship_patches_uint8/NovaSAR_01_52808_grd_13_240224_215112_HH_2_patch_23_Tanker_uint8.tif,Tanker,0,file,NovaSAR_dataset/2tfa6x37oerz2lyiw6hp47058/Data/NovaSAR_01_52808_grd_13_240224_215112_HH_2/ship_patches_uint8/NovaSAR_01_52808_grd_13_240224_215112_HH_2_patch_23_Tanker_uint8.tif,334277,16e32c990fddd696c32f938bd5eb0d055532b3ff370bb40889a284fac9f8d789
2tfa6x37oerz2lyiw6hp47058/Data/NovaSAR_01_52808_grd_13_240224_215112_HH_2/ship_patches_uint8/NovaSAR_01_52808_grd_13_240224_215112_HH_2_patch_24_Cargo_uint8.tif,Cargo,2,file,NovaSAR_dataset/2tfa6x37oerz2lyiw6hp47058/Data/NovaSAR_01_52808_grd_13_240224_215112_HH_2/ship_patches_uint8/NovaSAR_01_52808_grd_13_240224_215112_HH_2_patch_24_Cargo_uint8.tif,334737,773323dee4b93014acaaf951cb16eb4f0077b9e5b326631538a007d90ae99748
2tfa6x37oerz2lyiw6hp47058/Data/NovaSAR_01_52808_grd_13_240224_215112_HH_2/ship_patches_uint8/NovaSAR_01_52808_grd_13_240224_215112_HH_2_patch_32_Cargo_uint8.tif,Cargo,2,file,NovaSAR_dataset/2tfa6x37oerz2lyiw6hp47058/Data/NovaSAR_01_52808_grd_13_240224_215112_HH_2/ship_patches_uint8/NovaSAR_01_52808_grd_13_240224_215112_HH_2_patch_32_Cargo_uint8.tif,334347,4a902ec93a15784386c5d1a24cf47bb9c5b1bd714ef22a51603835c55911a0a9
2tfa6x37oerz2lyiw6hp47058/Data/NovaSAR_01_52808_grd_13_240224_215112_HH_2/ship_patches_uint8/NovaSAR_01_52808_grd_13_240224_215112_HH_2_patch_6_Cargo_uint8.tif,Cargo,2,file,NovaSAR_dataset/2tfa6x37oerz2lyiw6hp47058/Data/NovaSAR_01_52808_grd_13_240224_215112_HH_2/ship_patches_uint8/NovaSAR_01_52808_grd_13_240224_215112_HH_2_patch_6_Cargo_uint8.tif,335804,5cec9d05fdcf92b2c7700a864fb2eb0f9bfb47452b04a387029c42cd9f76716b
2tfa6x37oerz2lyiw6hp47058/Data/NovaSAR_01_52815_grd_13_240225_084722_HH_1/ship_patches_uint8/NovaSAR_01_52815_grd_13_240225_084722_HH_1_patch_1_Tanker_uint8.tif,Tanker,0,file,NovaSAR_dataset/2tfa6x37oerz2lyiw6hp47058/Data/NovaSAR_01_52815_grd_13_240225_084722_HH_1/ship_patches_uint8/NovaSAR_01_52815_grd_13_240225_084722_HH_1_patch_1_Tanker_uint8.tif,195516,63ceb2845fb10afbebaaabc49828756ba1bac4218620bd2f44fd2e22110ed215
2tfa6x37oerz2lyiw6hp47058/Data/NovaSAR_01_52815_grd_13_240225_084722_HH_1/ship_patches_uint8/NovaSAR_01_52815_grd_13_240225_084722_HH_1_patch_3_Tanker_uint8.tif,Tanker,0,file,NovaSAR_dataset/2tfa6x37oerz2lyiw6hp47058/Data/NovaSAR_01_52815_grd_13_240225_084722_HH_1/ship_patches_uint8/NovaSAR_01_52815_grd_13_240225_084722_HH_1_patch_3_Tanker_uint8.tif,309082,02635ddb618f8c287f17e9e87368825bedab51baf0b93734111248f6a90f9cb2
2tfa6x37oerz2lyiw6hp47058/Data/NovaSAR_01_52815_grd_13_240225_084722_HH_1/ship_patches_uint8/NovaSAR_01_52815_grd_13_240225_084722_HH_1_patch_4_Cargo_uint8.tif,Cargo,2,file,NovaSAR_dataset/2tfa6x37oerz2lyiw6hp47058/Data/NovaSAR_01_52815_grd_13_240225_084722_HH_1/ship_patches_uint8/NovaSAR_01_52815_grd_13_240225_084722_HH_1_patch_4_Cargo_uint8.tif,250376,64ce9a9bdea3fdb2375319017844cd38ad19f869478fc4d1cd765892d2a9d392
2tfa6x37oerz2lyiw6hp47058/Data/NovaSAR_01_52815_grd_13_240225_084734_HH_3/ship_patches_uint8/NovaSAR_01_52815_grd_13_240225_084734_HH_3_patch_1_Cargo_uint8.tif,Cargo,2,file,NovaSAR_dataset/2tfa6x37oerz2lyiw6hp47058/Data/NovaSAR_01_52815_grd_13_240225_084734_HH_3/ship_patches_uint8/NovaSAR_01_52815_grd_13_240225_084734_HH_3_patch_1_Cargo_uint8.tif,303187,fc9db2d9c6e5334c0f151fe2c3a639cdd8e95789923fad7a866ea05bef256da2
2tfa6x37oerz2lyiw6hp47058/Data/NovaSAR_01_52815_grd_13_240225_084734_HH_3/ship_patches_uint8/NovaSAR_01_52815_grd_13_240225_084734_HH_3_patch_2_Tanker_uint8.tif,Tanker,0,file,NovaSAR_dataset/2tfa6x37oerz2lyiw6hp47058/Data/NovaSAR_01_52815_grd_13_240225_084734_HH_3/ship_patches_uint8/NovaSAR_01_52815_grd_13_240225_084734_HH_3_patch_2_Tanker_uint8.tif,285543,c0dd5138fa29029c3ff7a5adbc4feb93ecfc8c9505d3d152f8f9ce0edbb058f4
2tfa6x37oerz2lyiw6hp47058/Data/NovaSAR_01_52815_grd_13_240225_084734_HH_3/ship_patches_uint8/NovaSAR_01_52815_grd_13_240225_084734_HH_3_patch_4_Cargo_uint8.tif,Cargo,2,file,NovaSAR_dataset/2tfa6x37oerz2lyiw6hp47058/Data/NovaSAR_01_52815_grd_13_240225_084734_HH_3/ship_patches_uint8/NovaSAR_01_52815_grd_13_240225_084734_HH_3_patch_4_Cargo_uint8.tif,311733,b64ba9c4448cdb52004bbd80008d1b6a602a988ce2ed4b00ff393a713df40e94
2tfa6x37oerz2lyiw6hp47058/Data/NovaSAR_01_52815_grd_13_240225_084739_HH_4/ship_patches_uint8/NovaSAR_01_52815_grd_13_240225_084739_HH_4_patch_28_Cargo_uint8.tif,Cargo,2,file,NovaSAR_dataset/2tfa6x37oerz2lyiw6hp47058/Data/NovaSAR_01_52815_grd_13_240225_084739_HH_4/ship_patches_uint8/NovaSAR_01_52815_grd_13_240225_084739_HH_4_patch_28_Cargo_uint8.tif,244226,c2038b91efed28e1815b49200ae29c64ea8b4c03848736e73ce408a5fc2804b6
2tfa6x37oerz2lyiw6hp47058/Data/NovaSAR_01_53540_grd_13_240411_082452_HH_3/ship_patches_uint8/NovaSAR_01_53540_grd_13_240411_082452_HH_3_patch_11_Cargo_uint8.tif,Cargo,2,file,NovaSAR_dataset/2tfa6x37oerz2lyiw6hp47058/Data/NovaSAR_01_53540_grd_13_240411_082452_HH_3/ship_patches_uint8/NovaSAR_01_53540_grd_13_240411_082452_HH_3_patch_11_Cargo_uint8.tif,338041,065491bbe398cf7d2482b3488e65d78c3ae3ae60fc9fe815c2651466b1316948
2tfa6x37oerz2lyiw6hp47058/Data/NovaSAR_01_53540_grd_13_240411_082452_HH_3/ship_patches_uint8/NovaSAR_01_53540_grd_13_240411_082452_HH_3_patch_18_Tanker_uint8.tif,Tanker,0,file,NovaSAR_dataset/2tfa6x37oerz2lyiw6hp47058/Data/NovaSAR_01_53540_grd_13_240411_082452_HH_3/ship_patches_uint8/NovaSAR_01_53540_grd_13_240411_082452_HH_3_patch_18_Tanker_uint8.tif,332128,34e4326d3edeb88b8f4c37bb900fa9e9c94b77d6f88247c0ab49f87cd76a6b1a
2tfa6x37oerz2lyiw6hp47058/Data/NovaSAR_01_53540_grd_13_240411_082452_HH_3/ship_patches_uint8/NovaSAR_01_53540_grd_13_240411_082452_HH_3_patch_4_Cargo_uint8.tif,Cargo,2,file,NovaSAR_dataset/2tfa6x37oerz2lyiw6hp47058/Data/NovaSAR_01_53540_grd_13_240411_082452_HH_3/ship_patches_uint8/NovaSAR_01_53540_grd_13_240411_082452_HH_3_patch_4_Cargo_uint8.tif,336118,62fd8cab0b1da3c70e5de0bf7538c4ee75f65cd9b60aa17f16cedefaefced038
2tfa6x37oerz2lyiw6hp47058/Data/NovaSAR_01_53540_grd_13_240411_082452_HH_3/ship_patches_uint8/NovaSAR_01_53540_grd_13_240411_082452_HH_3_patch_9_Tanker_uint8.tif,Tanker,0,file,NovaSAR_dataset/2tfa6x37oerz2lyiw6hp47058/Data/NovaSAR_01_53540_grd_13_240411_082452_HH_3/ship_patches_uint8/NovaSAR_01_53540_grd_13_240411_082452_HH_3_patch_9_Tanker_uint8.tif,336706,389a4f78bc552b319cb8e0f494f14d8921afc0563ec6d67f16fd15ad06f342d5
2tfa6x37oerz2lyiw6hp47058/Data/NovaSAR_01_53540_grd_13_240411_082503_HH_5/ship_patches_uint8/NovaSAR_01_53540_grd_13_240411_082503_HH_5_patch_12_Cargo_uint8.tif,Cargo,2,file,NovaSAR_dataset/2tfa6x37oerz2lyiw6hp47058/Data/NovaSAR_01_53540_grd_13_240411_082503_HH_5/ship_patches_uint8/NovaSAR_01_53540_grd_13_240411_082503_HH_5_patch_12_Cargo_uint8.tif,334842,6e34f90599fd3fb827950541a533ab150fe6df60b9327b491e0c44bf2ebe20b7
2tfa6x37oerz2lyiw6hp47058/Data/NovaSAR_01_53540_grd_13_240411_082503_HH_5/ship_patches_uint8/NovaSAR_01_53540_grd_13_240411_082503_HH_5_patch_4_Cargo_uint8.tif,Cargo,2,file,NovaSAR_dataset/2tfa6x37oerz2lyiw6hp47058/Data/NovaSAR_01_53540_grd_13_240411_082503_HH_5/ship_patches_uint8/NovaSAR_01_53540_grd_13_240411_082503_HH_5_patch_4_Cargo_uint8.tif,328659,d7fd075fc5f53eea7eb089ba52e89c5bbb362a43cac55fff6e2484a931366f6e
2tfa6x37oerz2lyiw6hp47058/Data/NovaSAR_01_53540_grd_13_240411_082503_HH_5/ship_patches_uint8/NovaSAR_01_53540_grd_13_240411_082503_HH_5_patch_6_Cargo_uint8.tif,Cargo,2,file,NovaSAR_dataset/2tfa6x37oerz2lyiw6hp47058/Data/NovaSAR_01_53540_grd_13_240411_082503_HH_5/ship_patches_uint8/NovaSAR_01_53540_grd_13_240411_082503_HH_5_patch_6_Cargo_uint8.tif,336437,5798d4c6a9dd9d7001e93342b4a0af92c3a3f7e9df244a3b915ff11d9527e91c
2tfa6x37oerz2lyiw6hp47058/Data/NovaSAR_01_53540_grd_13_240411_082503_HH_5/ship_patches_uint8/NovaSAR_01_53540_grd_13_240411_082503_HH_5_patch_9_Tanker_uint8.tif,Tanker,0,file,NovaSAR_dataset/2tfa6x37oerz2lyiw6hp47058/Data/NovaSAR_01_53540_grd_13_240411_082503_HH_5/ship_patches_uint8/NovaSAR_01_53540_grd_13_240411_082503_HH_5_patch_9_Tanker_uint8.tif,336811,e11f3ba15318379f1aa495bf80bd6683c5656f2fe23071ee4638351d926492fb
2tfa6x37oerz2lyiw6hp47058/Data/NovaSAR_01_53540_grd_13_240411_082508_HH_6/ship_patches_uint8/NovaSAR_01_53540_grd_13_240411_082508_HH_6_patch_1_Cargo_uint8.tif,Cargo,2,file,NovaSAR_dataset/2tfa6x37oerz2lyiw6hp47058/Data/NovaSAR_01_53540_grd_13_240411_082508_HH_6/ship_patches_uint8/NovaSAR_01_53540_grd_13_240411_082508_HH_6_patch_1_Cargo_uint8.tif,334585,3a4035997766e0ca5a750909b21d775dc54081184df33ab0ebad729aeb45fd49
2tfa6x37oerz2lyiw6hp47058/Data/NovaSAR_01_53540_grd_13_240411_082508_HH_6/ship_patches_uint8/NovaSAR_01_53540_grd_13_240411_082508_HH_6_patch_3_Tanker_uint8.tif,Tanker,0,file,NovaSAR_dataset/2tfa6x37oerz2lyiw6hp47058/Data/NovaSAR_01_53540_grd_13_240411_082508_HH_6/ship_patches_uint8/NovaSAR_01_53540_grd_13_240411_082508_HH_6_patch_3_Tanker_uint8.tif,324475,faa6f5bd5403011cb892b8ae3b166e47b64bdc103a80ec1a53d7860981a204bc
2tfa6x37oerz2lyiw6hp47058/Data/NovaSAR_01_53540_grd_13_240411_082508_HH_6/ship_patches_uint8/NovaSAR_01_53540_grd_13_240411_082508_HH_6_patch_6_Tanker_uint8.tif,Tanker,0,file,NovaSAR_dataset/2tfa6x37oerz2lyiw6hp47058/Data/NovaSAR_01_53540_grd_13_240411_082508_HH_6/ship_patches_uint8/NovaSAR_01_53540_grd_13_240411_082508_HH_6_patch_6_Tanker_uint8.tif,320690,1294dca8842de40920bc1f2583b166f5fa5f75ad3e25c4f4c9004020f9618e20
2tfa6x37oerz2lyiw6hp47058/Data/NovaSAR_01_53540_grd_13_240411_082514_HH_7/ship_patches_uint8/NovaSAR_01_53540_grd_13_240411_082514_HH_7_patch_2_Cargo_uint8.tif,Cargo,2,file,NovaSAR_dataset/2tfa6x37oerz2lyiw6hp47058/Data/NovaSAR_01_53540_grd_13_240411_082514_HH_7/ship_patches_uint8/NovaSAR_01_53540_grd_13_240411_082514_HH_7_patch_2_Cargo_uint8.tif,338300,6b870d4c4e284c421d95dfd0deff87ef6cf32632c21465d7d5152ce45b057eb4
2tfa6x37oerz2lyiw6hp47058/Data/NovaSAR_01_53540_grd_13_240411_082542_HH_12/ship_patches_uint8/NovaSAR_01_53540_grd_13_240411_082542_HH_12_patch_14_Cargo_uint8.tif,Cargo,2,file,NovaSAR_dataset/2tfa6x37oerz2lyiw6hp47058/Data/NovaSAR_01_53540_grd_13_240411_082542_HH_12/ship_patches_uint8/NovaSAR_01_53540_grd_13_240411_082542_HH_12_patch_14_Cargo_uint8.tif,326349,ca30c81a3c98d73034d46bee04b8269425662da9783e0ddc813380d55eaa54be
2tfa6x37oerz2lyiw6hp47058/Data/NovaSAR_01_53540_grd_13_240411_082542_HH_12/ship_patches_uint8/NovaSAR_01_53540_grd_13_240411_082542_HH_12_patch_17_Cargo_uint8.tif,Cargo,2,file,NovaSAR_dataset/2tfa6x37oerz2lyiw6hp47058/Data/NovaSAR_01_53540_grd_13_240411_082542_HH_12/ship_patches_uint8/NovaSAR_01_53540_grd_13_240411_082542_HH_12_patch_17_Cargo_uint8.tif,326778,1776f0c03c6d413c4e12d6f7a19e4b0ac86a2c0fd0ced1ae5bca17196bad6c85
2tfa6x37oerz2lyiw6hp47058/Data/NovaSAR_01_53540_grd_13_240411_082542_HH_12/ship_patches_uint8/NovaSAR_01_53540_grd_13_240411_082542_HH_12_patch_1_Tanker_uint8.tif,Tanker,0,file,NovaSAR_dataset/2tfa6x37oerz2lyiw6hp47058/Data/NovaSAR_01_53540_grd_13_240411_082542_HH_12/ship_patches_uint8/NovaSAR_01_53540_grd_13_240411_082542_HH_12_patch_1_Tanker_uint8.tif,324564,1b1260ef9fbff90eee4804791308d170068c4058911e34981b42d02b36c71cc4
2tfa6x37oerz2lyiw6hp47058/Data/NovaSAR_01_53540_grd_13_240411_082542_HH_12/ship_patches_uint8/NovaSAR_01_53540_grd_13_240411_082542_HH_12_patch_6_Cargo_uint8.tif,Cargo,2,file,NovaSAR_dataset/2tfa6x37oerz2lyiw6hp47058/Data/NovaSAR_01_53540_grd_13_240411_082542_HH_12/ship_patches_uint8/NovaSAR_01_53540_grd_13_240411_082542_HH_12_patch_6_Cargo_uint8.tif,325692,e1baee33f80d4edd6918cb30219e2a333551923f1ea82887c7e6d7e6c499b785
2tfa6x37oerz2lyiw6hp47058/Data/NovaSAR_01_53556_grd_13_240412_083040_HH_2/ship_patches_uint8/NovaSAR_01_53556_grd_13_240412_083040_HH_2_patch_1_Fishing_uint8.tif,Fishing,1,file,NovaSAR_dataset/2tfa6x37oerz2lyiw6hp47058/Data/NovaSAR_01_53556_grd_13_240412_083040_HH_2/ship_patches_uint8/NovaSAR_01_53556_grd_13_240412_083040_HH_2_patch_1_Fishing_uint8.tif,327118,7bf815434160ef194f1f883d481465f5ef6613cc9494f776e4f03ecb8a878eda
2tfa6x37oerz2lyiw6hp47058/Data/NovaSAR_01_53556_grd_13_240412_083057_HH_5/ship_patches_uint8/NovaSAR_01_53556_grd_13_240412_083057_HH_5_patch_2_Cargo_uint8.tif,Cargo,2,file,NovaSAR_dataset/2tfa6x37oerz2lyiw6hp47058/Data/NovaSAR_01_53556_grd_13_240412_083057_HH_5/ship_patches_uint8/NovaSAR_01_53556_grd_13_240412_083057_HH_5_patch_2_Cargo_uint8.tif,336057,66b792867b30270347d5952dda635e67bb38a9b045d4642ab0606b92440eaded
2tfa6x37oerz2lyiw6hp47058/Data/NovaSAR_01_53556_grd_13_240412_083125_HH_10/ship_patches_uint8/NovaSAR_01_53556_grd_13_240412_083125_HH_10_patch_1_Tanker_uint8.tif,Tanker,0,file,NovaSAR_dataset/2tfa6x37oerz2lyiw6hp47058/Data/NovaSAR_01_53556_grd_13_240412_083125_HH_10/ship_patches_uint8/NovaSAR_01_53556_grd_13_240412_083125_HH_10_patch_1_Tanker_uint8.tif,328359,698a18cb59b13e200638b92c43a12627ab243886771634b1ff690db1362566a4
2tfa6x37oerz2lyiw6hp47058/Data/NovaSAR_01_53556_grd_13_240412_083125_HH_10/ship_patches_uint8/NovaSAR_01_53556_grd_13_240412_083125_HH_10_patch_2_Tanker_uint8.tif,Tanker,0,file,NovaSAR_dataset/2tfa6x37oerz2lyiw6hp47058/Data/NovaSAR_01_53556_grd_13_240412_083125_HH_10/ship_patches_uint8/NovaSAR_01_53556_grd_13_240412_083125_HH_10_patch_2_Tanker_uint8.tif,333302,bce58748a81e6d76f0be983251195d709df55de0b2b709f4dc95aeceecfb98d7
2tfa6x37oerz2lyiw6hp47058/Data/NovaSAR_01_53556_grd_13_240412_083130_HH_11/ship_patches_uint8/NovaSAR_01_53556_grd_13_240412_083130_HH_11_patch_1_Fishing_uint8.tif,Fishing,1,file,NovaSAR_dataset/2tfa6x37oerz2lyiw6hp47058/Data/NovaSAR_01_53556_grd_13_240412_083130_HH_11/ship_patches_uint8/NovaSAR_01_53556_grd_13_240412_083130_HH_11_patch_1_Fishing_uint8.tif,329577,4447c51c05151cfe8a202a980c237d09ba7980ec114b62dc4ed85402c0cbec9c
2tfa6x37oerz2lyiw6hp47058/Data/NovaSAR_01_53556_grd_13_240412_083130_HH_11/ship_patches_uint8/NovaSAR_01_53556_grd_13_240412_083130_HH_11_patch_2_Cargo_uint8.tif,Cargo,2,file,NovaSAR_dataset/2tfa6x37oerz2lyiw6hp47058/Data/NovaSAR_01_53556_grd_13_240412_083130_HH_11/ship_patches_uint8/NovaSAR_01_53556_grd_13_240412_083130_HH_11_patch_2_Cargo_uint8.tif,333070,8e6a27b308589a7dcc91793216436f76eb6e819ce0689c02c0a6b064eea4d4d9
2tfa6x37oerz2lyiw6hp47058/Data/NovaSAR_01_53556_grd_13_240412_083130_HH_11/ship_patches_uint8/NovaSAR_01_53556_grd_13_240412_083130_HH_11_patch_3_Cargo_uint8.tif,Cargo,2,file,NovaSAR_dataset/2tfa6x37oerz2lyiw6hp47058/Data/NovaSAR_01_53556_grd_13_240412_083130_HH_11/ship_patches_uint8/NovaSAR_01_53556_grd_13_240412_083130_HH_11_patch_3_Cargo_uint8.tif,333218,d307ea0e36a3f09d92966db9525eac5a995cea583b1758f5837ccf29eaf48609
2tfa6x37oerz2lyiw6hp47058/Data/NovaSAR_01_53571_grd_13_240413_083630_HH_4/ship_patches_uint8/NovaSAR_01_53571_grd_13_240413_083630_HH_4_patch_6_Fishing_uint8.tif,Fishing,1,file,NovaSAR_dataset/2tfa6x37oerz2lyiw6hp47058/Data/NovaSAR_01_53571_grd_13_240413_083630_HH_4/ship_patches_uint8/NovaSAR_01_53571_grd_13_240413_083630_HH_4_patch_6_Fishing_uint8.tif,336808,19cbea1be589d9d89617e38fef6ad1993147a25158772d9168664aa92397bfc7
2tfa6x37oerz2lyiw6hp47058/Data/NovaSAR_01_53571_grd_13_240413_083630_HH_4/ship_patches_uint8/NovaSAR_01_53571_grd_13_240413_083630_HH_4_patch_7_Fishing_uint8.tif,Fishing,1,file,NovaSAR_dataset/2tfa6x37oerz2lyiw6hp47058/Data/NovaSAR_01_53571_grd_13_240413_083630_HH_4/ship_patches_uint8/NovaSAR_01_53571_grd_13_240413_083630_HH_4_patch_7_Fishing_uint8.tif,337182,0bdb8deedd56cfbcc33138866f643b82ca996871e07b81cf490415f974af2f03
2tfa6x37oerz2lyiw6hp47058/Data/NovaSAR_01_53571_grd_13_240413_083636_HH_5/ship_patches_uint8/NovaSAR_01_53571_grd_13_240413_083636_HH_5_patch_2_Fishing_uint8.tif,Fishing,1,file,NovaSAR_dataset/2tfa6x37oerz2lyiw6hp47058/Data/NovaSAR_01_53571_grd_13_240413_083636_HH_5/ship_patches_uint8/NovaSAR_01_53571_grd_13_240413_083636_HH_5_patch_2_Fishing_uint8.tif,334621,7c9389e264c3791d5fd93529dbfafde02f0208a3e5897f76073a15da66260121
2tfa6x37oerz2lyiw6hp47058/Data/NovaSAR_01_53571_grd_13_240413_083641_HH_6/ship_patches_uint8/NovaSAR_01_53571_grd_13_240413_083641_HH_6_patch_1_Fishing_uint8.tif,Fishing,1,file,NovaSAR_dataset/2tfa6x37oerz2lyiw6hp47058/Data/NovaSAR_01_53571_grd_13_240413_083641_HH_6/ship_patches_uint8/NovaSAR_01_53571_grd_13_240413_083641_HH_6_patch_1_Fishing_uint8.tif,334499,7cdb595b48440590d036c2b9bb613f771a9aa4faefb2753e61f293827e7c6686
2tfa6x37oerz2lyiw6hp47058/Data/NovaSAR_01_53571_grd_13_240413_083641_HH_6/ship_patches_uint8/NovaSAR_01_53571_grd_13_240413_083641_HH_6_patch_2_Fishing_uint8.tif,Fishing,1,file,NovaSAR_dataset/2tfa6x37oerz2lyiw6hp47058/Data/NovaSAR_01_53571_grd_13_240413_083641_HH_6/ship_patches_uint8/NovaSAR_01_53571_grd_13_240413_083641_HH_6_patch_2_Fishing_uint8.tif,334790,4740702081b3382169d743de78288e78c63b9eeb0dfab1d7e46fae25799570d0
2tfa6x37oerz2lyiw6hp47058/Data/NovaSAR_01_53571_grd_13_240413_083641_HH_6/ship_patches_uint8/NovaSAR_01_53571_grd_13_240413_083641_HH_6_patch_3_Fishing_uint8.tif,Fishing,1,file,NovaSAR_dataset/2tfa6x37oerz2lyiw6hp47058/Data/NovaSAR_01_53571_grd_13_240413_083641_HH_6/ship_patches_uint8/NovaSAR_01_53571_grd_13_240413_083641_HH_6_patch_3_Fishing_uint8.tif,335878,f62e6aca13192dcd92d2a3a920d74827f6c9ffe47211c9c4b201f9f7aa2e6ceb
2tfa6x37oerz2lyiw6hp47058/Data/NovaSAR_01_53571_grd_13_240413_083641_HH_6/ship_patches_uint8/NovaSAR_01_53571_grd_13_240413_083641_HH_6_patch_4_Fishing_uint8.tif,Fishing,1,file,NovaSAR_dataset/2tfa6x37oerz2lyiw6hp47058/Data/NovaSAR_01_53571_grd_13_240413_083641_HH_6/ship_patches_uint8/NovaSAR_01_53571_grd_13_240413_083641_HH_6_patch_4_Fishing_uint8.tif,335392,558630dce5e17b89d0fd41e779f532b29e34f308f363ccca2be3db8c106d4eac
2tfa6x37oerz2lyiw6hp47058/Data/NovaSAR_01_53571_grd_13_240413_083641_HH_6/ship_patches_uint8/NovaSAR_01_53571_grd_13_240413_083641_HH_6_patch_5_Fishing_uint8.tif,Fishing,1,file,NovaSAR_dataset/2tfa6x37oerz2lyiw6hp47058/Data/NovaSAR_01_53571_grd_13_240413_083641_HH_6/ship_patches_uint8/NovaSAR_01_53571_grd_13_240413_083641_HH_6_patch_5_Fishing_uint8.tif,334895,7e959de642360876b8bcf3ae7f9f45f1022c0bb108c43bd277a0dddc30490f0d
2tfa6x37oerz2lyiw6hp47058/Data/NovaSAR_01_53571_grd_13_240413_083641_HH_6/ship_patches_uint8/NovaSAR_01_53571_grd_13_240413_083641_HH_6_patch_6_Fishing_uint8.tif,Fishing,1,file,NovaSAR_dataset/2tfa6x37oerz2lyiw6hp47058/Data/NovaSAR_01_53571_grd_13_240413_083641_HH_6/ship_patches_uint8/NovaSAR_01_53571_grd_13_240413_083641_HH_6_patch_6_Fishing_uint8.tif,334501,2cae6d731793749a1a8343d54039628fd19646fd138b36992aaf3bfc85fd08ef
2tfa6x37oerz2lyiw6hp47058/Data/NovaSAR_01_53571_grd_13_240413_083641_HH_6/ship_patches_uint8/NovaSAR_01_53571_grd_13_240413_083641_HH_6_patch_7_Fishing_uint8.tif,Fishing,1,file,NovaSAR_dataset/2tfa6x37oerz2lyiw6hp47058/Data/NovaSAR_01_53571_grd_13_240413_083641_HH_6/ship_patches_uint8/NovaSAR_01_53571_grd_13_240413_083641_HH_6_patch_7_Fishing_uint8.tif,335757,5e7d31adf952d53198f896734d3d806b2848d3d53d4cb05902b5677cb59041f8
2tfa6x37oerz2lyiw6hp47058/Data/NovaSAR_01_53571_grd_13_240413_083641_HH_6/ship_patches_uint8/NovaSAR_01_53571_grd_13_240413_083641_HH_6_patch_8_Fishing_uint8.tif,Fishing,1,file,NovaSAR_dataset/2tfa6x37oerz2lyiw6hp47058/Data/NovaSAR_01_53571_grd_13_240413_083641_HH_6/ship_patches_uint8/NovaSAR_01_53571_grd_13_240413_083641_HH_6_patch_8_Fishing_uint8.tif,336125,baabffa03b3c4046b5c6810a593704716f0ab223b744718dccdf79f31c685ea6
2tfa6x37oerz2lyiw6hp47058/Data/NovaSAR_01_53571_grd_13_240413_083641_HH_6/ship_patches_uint8/NovaSAR_01_53571_grd_13_240413_083641_HH_6_patch_9_Fishing_uint8.tif,Fishing,1,file,NovaSAR_dataset/2tfa6x37oerz2lyiw6hp47058/Data/NovaSAR_01_53571_grd_13_240413_083641_HH_6/ship_patches_uint8/NovaSAR_01_53571_grd_13_240413_083641_HH_6_patch_9_Fishing_uint8.tif,335064,0c5fd6e4b1b96d61cf0b3a24a447b3f0ed6f414d1fdcfa581120091017418568
2tfa6x37oerz2lyiw6hp47058/Data/NovaSAR_01_53571_grd_13_240413_083653_HH_8/ship_patches_uint8/NovaSAR_01_53571_grd_13_240413_083653_HH_8_patch_1_Fishing_uint8.tif,Fishing,1,file,NovaSAR_dataset/2tfa6x37oerz2lyiw6hp47058/Data/NovaSAR_01_53571_grd_13_240413_083653_HH_8/ship_patches_uint8/NovaSAR_01_53571_grd_13_240413_083653_HH_8_patch_1_Fishing_uint8.tif,332605,b432accfc179906f78ddb3b0c9048a75df344613511dcce27c61f7f4e727725e
2tfa6x37oerz2lyiw6hp47058/Data/NovaSAR_01_53590_grd_13_240414_084203_HH_2/ship_patches_uint8/NovaSAR_01_53590_grd_13_240414_084203_HH_2_patch_1_Cargo_uint8.tif,Cargo,2,file,NovaSAR_dataset/2tfa6x37oerz2lyiw6hp47058/Data/NovaSAR_01_53590_grd_13_240414_084203_HH_2/ship_patches_uint8/NovaSAR_01_53590_grd_13_240414_084203_HH_2_patch_1_Cargo_uint8.tif,331084,a6dbbc6da8d130ed45e331d27c3db8644413b628a118ccd41a9343572309022a
2tfa6x37oerz2lyiw6hp47058/Data/NovaSAR_01_53590_grd_13_240414_084203_HH_2/ship_patches_uint8/NovaSAR_01_53590_grd_13_240414_084203_HH_2_patch_2_Cargo_uint8.tif,Cargo,2,file,NovaSAR_dataset/2tfa6x37oerz2lyiw6hp47058/Data/NovaSAR_01_53590_grd_13_240414_084203_HH_2/ship_patches_uint8/NovaSAR_01_53590_grd_13_240414_084203_HH_2_patch_2_Cargo_uint8.tif,330932,33afa326df9c7e2aeb0a4141cb2a8d58508adf6a473b66c38d3367c2537a334d
2tfa6x37oerz2lyiw6hp47058/Data/NovaSAR_01_53590_grd_13_240414_084203_HH_2/ship_patches_uint8/NovaSAR_01_53590_grd_13_240414_084203_HH_2_patch_3_Cargo_uint8.tif,Cargo,2,file,NovaSAR_dataset/2tfa6x37oerz2lyiw6hp47058/Data/NovaSAR_01_53590_grd_13_240414_084203_HH_2/ship_patches_uint8/NovaSAR_01_53590_grd_13_240414_084203_HH_2_patch_3_Cargo_uint8.tif,325748,aef202b29d698e7597ec226ccfd105c966a1baee610dc24759fd86979d203c64
2tfa6x37oerz2lyiw6hp47058/Data/NovaSAR_01_53590_grd_13_240414_084215_HH_4/ship_patches_uint8/NovaSAR_01_53590_grd_13_240414_084215_HH_4_patch_1_Cargo_uint8.tif,Cargo,2,file,NovaSAR_dataset/2tfa6x37oerz2lyiw6hp47058/Data/NovaSAR_01_53590_grd_13_240414_084215_HH_4/ship_patches_uint8/NovaSAR_01_53590_grd_13_240414_084215_HH_4_patch_1_Cargo_uint8.tif,319995,f7aeac5d6dd840e884af067efc976c4790f54cb9b19b9973f6fc464bcca1d381
2tfa6x37oerz2lyiw6hp47058/Data/NovaSAR_01_53590_grd_13_240414_084215_HH_4/ship_patches_uint8/NovaSAR_01_53590_grd_13_240414_084215_HH_4_patch_3_Cargo_uint8.tif,Cargo,2,file,NovaSAR_dataset/2tfa6x37oerz2lyiw6hp47058/Data/NovaSAR_01_53590_grd_13_240414_084215_HH_4/ship_patches_uint8/NovaSAR_01_53590_grd_13_240414_084215_HH_4_patch_3_Cargo_uint8.tif,329859,838ad1b7d51dfb59f0512d17143de1b2cdfee12c9ec22dc4a0f87aaa8a397faa
2tfa6x37oerz2lyiw6hp47058/Data/NovaSAR_01_53590_grd_13_240414_084215_HH_4/ship_patches_uint8/NovaSAR_01_53590_grd_13_240414_084215_HH_4_patch_4_Cargo_uint8.tif,Cargo,2,file,NovaSAR_dataset/2tfa6x37oerz2lyiw6hp47058/Data/NovaSAR_01_53590_grd_13_240414_084215_HH_4/ship_patches_uint8/NovaSAR_01_53590_grd_13_240414_084215_HH_4_patch_4_Cargo_uint8.tif,331711,4713e694286d44aa226d3e76f2a1fd6aa0b8516490b566cc1603d76fdc9716dc
2tfa6x37oerz2lyiw6hp47058/Data/NovaSAR_01_53590_grd_13_240414_084226_HH_6/ship_patches_uint8/NovaSAR_01_53590_grd_13_240414_084226_HH_6_patch_11_Tanker_uint8.tif,Tanker,0,file,NovaSAR_dataset/2tfa6x37oerz2lyiw6hp47058/Data/NovaSAR_01_53590_grd_13_240414_084226_HH_6/ship_patches_uint8/NovaSAR_01_53590_grd_13_240414_084226_HH_6_patch_11_Tanker_uint8.tif,330258,0d9f9955aa7d2f47a1a133d0350c9af6d849985d8ea30d8dd8657b18ffcac757
2tfa6x37oerz2lyiw6hp47058/Data/NovaSAR_01_53590_grd_13_240414_084226_HH_6/ship_patches_uint8/NovaSAR_01_53590_grd_13_240414_084226_HH_6_patch_3_Cargo_uint8.tif,Cargo,2,file,NovaSAR_dataset/2tfa6x37oerz2lyiw6hp47058/Data/NovaSAR_01_53590_grd_13_240414_084226_HH_6/ship_patches_uint8/NovaSAR_01_53590_grd_13_240414_084226_HH_6_patch_3_Cargo_uint8.tif,325271,d348e2121f6cf7286458db1e9784684ad7338fbcf0e13785d8968d8a5587b55b
2tfa6x37oerz2lyiw6hp47058/Data/NovaSAR_01_53590_grd_13_240414_084226_HH_6/ship_patches_uint8/NovaSAR_01_53590_grd_13_240414_084226_HH_6_patch_7_Cargo_uint8.tif,Cargo,2,file,NovaSAR_dataset/2tfa6x37oerz2lyiw6hp47058/Data/NovaSAR_01_53590_grd_13_240414_084226_HH_6/ship_patches_uint8/NovaSAR_01_53590_grd_13_240414_084226_HH_6_patch_7_Cargo_uint8.tif,325725,f23390eaddf8a5c52cc05d28d2ce81477f4f4a2900659e05ff91c731c7e7640f
2tfa6x37oerz2lyiw6hp47058/Data/NovaSAR_01_53590_grd_13_240414_084232_HH_7/ship_patches_uint8/NovaSAR_01_53590_grd_13_240414_084232_HH_7_patch_1_Cargo_uint8.tif,Cargo,2,file,NovaSAR_dataset/2tfa6x37oerz2lyiw6hp47058/Data/NovaSAR_01_53590_grd_13_240414_084232_HH_7/ship_patches_uint8/NovaSAR_01_53590_grd_13_240414_084232_HH_7_patch_1_Cargo_uint8.tif,324719,72e8f7f2f5a220af9ed245cae36d81f5529028f29efe3cfed28eb63bf2716586
2tfa6x37oerz2lyiw6hp47058/Data/NovaSAR_01_53590_grd_13_240414_084232_HH_7/ship_patches_uint8/NovaSAR_01_53590_grd_13_240414_084232_HH_7_patch_2_Tanker_uint8.tif,Tanker,0,file,NovaSAR_dataset/2tfa6x37oerz2lyiw6hp47058/Data/NovaSAR_01_53590_grd_13_240414_084232_HH_7/ship_patches_uint8/NovaSAR_01_53590_grd_13_240414_084232_HH_7_patch_2_Tanker_uint8.tif,314273,4d96d3946d333e2a39efcbb697c8918ffe23df430a9a96c2bab492162f7e53a0
2tfa6x37oerz2lyiw6hp47058/Data/NovaSAR_01_53590_grd_13_240414_084232_HH_7/ship_patches_uint8/NovaSAR_01_53590_grd_13_240414_084232_HH_7_patch_3_Tanker_uint8.tif,Tanker,0,file,NovaSAR_dataset/2tfa6x37oerz2lyiw6hp47058/Data/NovaSAR_01_53590_grd_13_240414_084232_HH_7/ship_patches_uint8/NovaSAR_01_53590_grd_13_240414_084232_HH_7_patch_3_Tanker_uint8.tif,320638,3135ad68c9b0aac52ac66af534fffad9de32acf8d0b223019f9d156aa5cb089f
2tfa6x37oerz2lyiw6hp47058/Data/NovaSAR_01_53590_grd_13_240414_084232_HH_7/ship_patches_uint8/NovaSAR_01_53590_grd_13_240414_084232_HH_7_patch_4_Cargo_uint8.tif,Cargo,2,file,NovaSAR_dataset/2tfa6x37oerz2lyiw6hp47058/Data/NovaSAR_01_53590_grd_13_240414_084232_HH_7/ship_patches_uint8/NovaSAR_01_53590_grd_13_240414_084232_HH_7_patch_4_Cargo_uint8.tif,325369,424816d58696baabf3664f1f2830f598fbf06b82f094b7b64afc23ad9750e5ab
2tfa6x37oerz2lyiw6hp47058/Data/NovaSAR_01_53590_grd_13_240414_084237_HH_8/ship_patches_uint8/NovaSAR_01_53590_grd_13_240414_084237_HH_8_patch_1_Cargo_uint8.tif,Cargo,2,file,NovaSAR_dataset/2tfa6x37oerz2lyiw6hp47058/Data/NovaSAR_01_53590_grd_13_240414_084237_HH_8/ship_patches_uint8/NovaSAR_01_53590_grd_13_240414_084237_HH_8_patch_1_Cargo_uint8.tif,327734,3d064203f9a2430a6edf49e4297f0057742f94c3fb4639f290ad8a8f5a6f28ac
2tfa6x37oerz2lyiw6hp47058/Data/NovaSAR_01_53590_grd_13_240414_084237_HH_8/ship_patches_uint8/NovaSAR_01_53590_grd_13_240414_084237_HH_8_patch_2_Cargo_uint8.tif,Cargo,2,file,NovaSAR_dataset/2tfa6x37oerz2lyiw6hp47058/Data/NovaSAR_01_53590_grd_13_240414_084237_HH_8/ship_patches_uint8/NovaSAR_01_53590_grd_13_240414_084237_HH_8_patch_2_Cargo_uint8.tif,330472,a48abb4a107fc8a3b4c7d3af31746c91b15292d98312ae18d01d2e5bfcc6423d
2tfa6x37oerz2lyiw6hp47058/Data/NovaSAR_01_53590_grd_13_240414_084237_HH_8/ship_patches_uint8/NovaSAR_01_53590_grd_13_240414_084237_HH_8_patch_3_Tanker_uint8.tif,Tanker,0,file,NovaSAR_dataset/2tfa6x37oerz2lyiw6hp47058/Data/NovaSAR_01_53590_grd_13_240414_084237_HH_8/ship_patches_uint8/NovaSAR_01_53590_grd_13_240414_084237_HH_8_patch_3_Tanker_uint8.tif,326995,351784f454cb9e3de302c319b08490fffa5422716ae3e50efa18161bbaad3900
2tfa6x37oerz2lyiw6hp47058/Data/NovaSAR_01_53590_grd_13_240414_084237_HH_8/ship_patches_uint8/NovaSAR_01_53590_grd_13_240414_084237_HH_8_patch_4_Cargo_uint8.tif,Cargo,2,file,NovaSAR_dataset/2tfa6x37oerz2lyiw6hp47058/Data/NovaSAR_01_53590_grd_13_240414_084237_HH_8/ship_patches_uint8/NovaSAR_01_53590_grd_13_240414_084237_HH_8_patch_4_Cargo_uint8.tif,327775,41a08b8dde549d1a25af5578667438332c167f4ef2a07ff1a7e2d1ae28173595
2tfa6x37oerz2lyiw6hp47058/Data/NovaSAR_01_53590_grd_13_240414_084243_HH_9/ship_patches_uint8/NovaSAR_01_53590_grd_13_240414_084243_HH_9_patch_1_Cargo_uint8.tif,Cargo,2,file,NovaSAR_dataset/2tfa6x37oerz2lyiw6hp47058/Data/NovaSAR_01_53590_grd_13_240414_084243_HH_9/ship_patches_uint8/NovaSAR_01_53590_grd_13_240414_084243_HH_9_patch_1_Cargo_uint8.tif,331425,5f3614597c1a295ed6465d51c39b0415c200981b8d95bae1521a52ac06f35fc2
2tfa6x37oerz2lyiw6hp47058/Data/NovaSAR_01_53590_grd_13_240414_084249_HH_10/ship_patches_uint8/NovaSAR_01_53590_grd_13_240414_084249_HH_10_patch_1_Tanker_uint8.tif,Tanker,0,file,NovaSAR_dataset/2tfa6x37oerz2lyiw6hp47058/Data/NovaSAR_01_53590_grd_13_240414_084249_HH_10/ship_patches_uint8/NovaSAR_01_53590_grd_13_240414_084249_HH_10_patch_1_Tanker_uint8.tif,328316,9cf2ea6e73c18b52ca1df1a0c85d2cfad89553e66dc7987b8a26ee87c6cbdc12
2tfa6x37oerz2lyiw6hp47058/Data/NovaSAR_01_53590_grd_13_240414_084249_HH_10/ship_patches_uint8/NovaSAR_01_53590_grd_13_240414_084249_HH_10_patch_2_Tanker_uint8.tif,Tanker,0,file,NovaSAR_dataset/2tfa6x37oerz2lyiw6hp47058/Data/NovaSAR_01_53590_grd_13_240414_084249_HH_10/ship_patches_uint8/NovaSAR_01_53590_grd_13_240414_084249_HH_10_patch_2_Tanker_uint8.tif,328692,1ad7e38100cc2a50d3a79827ed854515194ab993b16c14d91cbbd73fe9183097
2tfa6x37oerz2lyiw6hp47058/Data/NovaSAR_01_53590_grd_13_240414_084254_HH_11/ship_patches_uint8/NovaSAR_01_53590_grd_13_240414_084254_HH_11_patch_4_Tanker_uint8.tif,Tanker,0,file,NovaSAR_dataset/2tfa6x37oerz2lyiw6hp47058/Data/NovaSAR_01_53590_grd_13_240414_084254_HH_11/ship_patches_uint8/NovaSAR_01_53590_grd_13_240414_084254_HH_11_patch_4_Tanker_uint8.tif,307329,d3ad52d9a8467d4bd08851d551042e36e121044d0984f36443195992da4bc8a2
2tfa6x37oerz2lyiw6hp47058/Data/NovaSAR_01_53605_grd_13_240415_084751_HH_3/ship_patches_uint8/NovaSAR_01_53605_grd_13_240415_084751_HH_3_patch_5_Cargo_uint8.tif,Cargo,2,file,NovaSAR_dataset/2tfa6x37oerz2lyiw6hp47058/Data/NovaSAR_01_53605_grd_13_240415_084751_HH_3/ship_patches_uint8/NovaSAR_01_53605_grd_13_240415_084751_HH_3_patch_5_Cargo_uint8.tif,305809,505eefd32219130914e236c259ec8cb659968d0218794e4e1e86a33a90b891fd
2tfa6x37oerz2lyiw6hp47058/Data/NovaSAR_01_53605_grd_13_240415_084756_HH_4/ship_patches_uint8/NovaSAR_01_53605_grd_13_240415_084756_HH_4_patch_2_Cargo_uint8.tif,Cargo,2,file,NovaSAR_dataset/2tfa6x37oerz2lyiw6hp47058/Data/NovaSAR_01_53605_grd_13_240415_084756_HH_4/ship_patches_uint8/NovaSAR_01_53605_grd_13_240415_084756_HH_4_patch_2_Cargo_uint8.tif,332214,b19bc21e24eb0aa85a868efb31593bb15615e49af5c07406da78af808708fdc1
2tfa6x37oerz2lyiw6hp47058/Data/NovaSAR_01_53605_grd_13_240415_084756_HH_4/ship_patches_uint8/NovaSAR_01_53605_grd_13_240415_084756_HH_4_patch_3_Tanker_uint8.tif,Tanker,0,file,NovaSAR_dataset/2tfa6x37oerz2lyiw6hp47058/Data/NovaSAR_01_53605_grd_13_240415_084756_HH_4/ship_patches_uint8/NovaSAR_01_53605_grd_13_240415_084756_HH_4_patch_3_Tanker_uint8.tif,317592,8667a3544e42bc326d1f2a8ca207b276a1ca6462f31f09e4e01075d4f8a6f32a
2tfa6x37oerz2lyiw6hp47058/Data/NovaSAR_01_53605_grd_13_240415_084802_HH_5/ship_patches_uint8/NovaSAR_01_53605_grd_13_240415_084802_HH_5_patch_10_Cargo_uint8.tif,Cargo,2,file,NovaSAR_dataset/2tfa6x37oerz2lyiw6hp47058/Data/NovaSAR_01_53605_grd_13_240415_084802_HH_5/ship_patches_uint8/NovaSAR_01_53605_grd_13_240415_084802_HH_5_patch_10_Cargo_uint8.tif,328758,613783c553445bdc45dfa57915ead1df6d212cff88e956937800602f4269f31b
2tfa6x37oerz2lyiw6hp47058/Data/NovaSAR_01_53605_grd_13_240415_084802_HH_5/ship_patches_uint8/NovaSAR_01_53605_grd_13_240415_084802_HH_5_patch_2_Cargo_uint8.tif,Cargo,2,file,NovaSAR_dataset/2tfa6x37oerz2lyiw6hp47058/Data/NovaSAR_01_53605_grd_13_240415_084802_HH_5/ship_patches_uint8/NovaSAR_01_53605_grd_13_240415_084802_HH_5_patch_2_Cargo_uint8.tif,317752,0028b6b7f88199a0263aa6161a71c25f9afc6a2a9f443115951758026be0b0f3
2tfa6x37oerz2lyiw6hp47058/Data/NovaSAR_01_53605_grd_13_240415_084802_HH_5/ship_patches_uint8/NovaSAR_01_53605_grd_13_240415_084802_HH_5_patch_5_Cargo_uint8.tif,Cargo,2,file,NovaSAR_dataset/2tfa6x37oerz2lyiw6hp47058/Data/NovaSAR_01_53605_grd_13_240415_084802_HH_5/ship_patches_uint8/NovaSAR_01_53605_grd_13_240415_084802_HH_5_patch_5_Cargo_uint8.tif,331903,8ccd9cf4379b6b0e246570753499356673307bb61b94d5b9428d1de7dc26e5c7
2tfa6x37oerz2lyiw6hp47058/Data/NovaSAR_01_53605_grd_13_240415_084802_HH_5/ship_patches_uint8/NovaSAR_01_53605_grd_13_240415_084802_HH_5_patch_6_Cargo_uint8.tif,Cargo,2,file,NovaSAR_dataset/2tfa6x37oerz2lyiw6hp47058/Data/NovaSAR_01_53605_grd_13_240415_084802_HH_5/ship_patches_uint8/NovaSAR_01_53605_grd_13_240415_084802_HH_5_patch_6_Cargo_uint8.tif,330409,9c7034307dd0de001df9e5d843c6088065c9f107de2a7c6fd2993752255c00c5
2tfa6x37oerz2lyiw6hp47058/Data/NovaSAR_01_53605_grd_13_240415_084802_HH_5/ship_patches_uint8/NovaSAR_01_53605_grd_13_240415_084802_HH_5_patch_7_Cargo_uint8.tif,Cargo,2,file,NovaSAR_dataset/2tfa6x37oerz2lyiw6hp47058/Data/NovaSAR_01_53605_grd_13_240415_084802_HH_5/ship_patches_uint8/NovaSAR_01_53605_grd_13_240415_084802_HH_5_patch_7_Cargo_uint8.tif,330662,58738665277fe39603d61dd62ce056364f7cb718ee17f2aa105a6333be3f7f6b
2tfa6x37oerz2lyiw6hp47058/Data/NovaSAR_01_53605_grd_13_240415_084802_HH_5/ship_patches_uint8/NovaSAR_01_53605_grd_13_240415_084802_HH_5_patch_9_Cargo_uint8.tif,Cargo,2,file,NovaSAR_dataset/2tfa6x37oerz2lyiw6hp47058/Data/NovaSAR_01_53605_grd_13_240415_084802_HH_5/ship_patches_uint8/NovaSAR_01_53605_grd_13_240415_084802_HH_5_patch_9_Cargo_uint8.tif,331226,a5358a4843f2a8378d2ce6399c3d962f0cefefa446b3672b57a73bb1f844b3c0
2tfa6x37oerz2lyiw6hp47058/Data/NovaSAR_01_53605_grd_13_240415_084808_HH_6/ship_patches_uint8/NovaSAR_01_53605_grd_13_240415_084808_HH_6_patch_1_Tanker_uint8.tif,Tanker,0,file,NovaSAR_dataset/2tfa6x37oerz2lyiw6hp47058/Data/NovaSAR_01_53605_grd_13_240415_084808_HH_6/ship_patches_uint8/NovaSAR_01_53605_grd_13_240415_084808_HH_6_patch_1_Tanker_uint8.tif,321628,5d87e267477a81aae91d4fa78e6d00b598bf6a37c1665aa30541042a5588d3df
2tfa6x37oerz2lyiw6hp47058/Data/NovaSAR_01_53605_grd_13_240415_084808_HH_6/ship_patches_uint8/NovaSAR_01_53605_grd_13_240415_084808_HH_6_patch_3_Cargo_uint8.tif,Cargo,2,file,NovaSAR_dataset/2tfa6x37oerz2lyiw6hp47058/Data/NovaSAR_01_53605_grd_13_240415_084808_HH_6/ship_patches_uint8/NovaSAR_01_53605_grd_13_240415_084808_HH_6_patch_3_Cargo_uint8.tif,337601,2fa7d875be518465818eaebf7c57e87117a24d3f90afd26727a42efc01a14139
2tfa6x37oerz2lyiw6hp47058/Data/NovaSAR_01_53605_grd_13_240415_084808_HH_6/ship_patches_uint8/NovaSAR_01_53605_grd_13_240415_084808_HH_6_patch_4_Cargo_uint8.tif,Cargo,2,file,NovaSAR_dataset/2tfa6x37oerz2lyiw6hp47058/Data/NovaSAR_01_53605_grd_13_240415_084808_HH_6/ship_patches_uint8/NovaSAR_01_53605_grd_13_240415_084808_HH_6_patch_4_Cargo_uint8.tif,325675,50db9542a933688ebf0a0009c113c607b5783106f601e9e9729d0aeba88466db
2tfa6x37oerz2lyiw6hp47058/Data/NovaSAR_01_53605_grd_13_240415_084842_HH_12/ship_patches_uint8/NovaSAR_01_53605_grd_13_240415_084842_HH_12_patch_1_Fishing_uint8.tif,Fishing,1,file,NovaSAR_dataset/2tfa6x37oerz2lyiw6hp47058/Data/NovaSAR_01_53605_grd_13_240415_084842_HH_12/ship_patches_uint8/NovaSAR_01_53605_grd_13_240415_084842_HH_12_patch_1_Fishing_uint8.tif,335136,29ef9c94f2a622425c8e59d5394f1d8276b874b356a7460f7c1865d6e42a511c
2tfa6x37oerz2lyiw6hp47058/Data/NovaSAR_01_53605_grd_13_240415_084842_HH_12/ship_patches_uint8/NovaSAR_01_53605_grd_13_240415_084842_HH_12_patch_2_Cargo_uint8.tif,Cargo,2,file,NovaSAR_dataset/2tfa6x37oerz2lyiw6hp47058/Data/NovaSAR_01_53605_grd_13_240415_084842_HH_12/ship_patches_uint8/NovaSAR_01_53605_grd_13_240415_084842_HH_12_patch_2_Cargo_uint8.tif,332090,7a0eddf6061a7a7bf79a53d32d4885d8652fd38e0028c1c7b4b8dadf27c7b10e
2tfa6x37oerz2lyiw6hp47058/Data/NovaSAR_01_53605_grd_13_240415_084842_HH_12/ship_patches_uint8/NovaSAR_01_53605_grd_13_240415_084842_HH_12_patch_3_Fishing_uint8.tif,Fishing,1,file,NovaSAR_dataset/2tfa6x37oerz2lyiw6hp47058/Data/NovaSAR_01_53605_grd_13_240415_084842_HH_12/ship_patches_uint8/NovaSAR_01_53605_grd_13_240415_084842_HH_12_patch_3_Fishing_uint8.tif,334235,8f1192fd0341a17e4c973727697e73c947bbf0d5fc788771c1672bd79aba8d38
2tfa6x37oerz2lyiw6hp47058/Data/NovaSAR_01_53605_grd_13_240415_084842_HH_12/ship_patches_uint8/NovaSAR_01_53605_grd_13_240415_084842_HH_12_patch_4_Fishing_uint8.tif,Fishing,1,file,NovaSAR_dataset/2tfa6x37oerz2lyiw6hp47058/Data/NovaSAR_01_53605_grd_13_240415_084842_HH_12/ship_patches_uint8/NovaSAR_01_53605_grd_13_240415_084842_HH_12_patch_4_Fishing_uint8.tif,334583,d82943d559b9e01f28f55dd4dbcbf5322e07cad73ec12893c934cfeb7c4791cc
2tfa6x37oerz2lyiw6hp47058/Data/NovaSAR_01_53605_grd_13_240415_084842_HH_12/ship_patches_uint8/NovaSAR_01_53605_grd_13_240415_084842_HH_12_patch_5_Fishing_uint8.tif,Fishing,1,file,NovaSAR_dataset/2tfa6x37oerz2lyiw6hp47058/Data/NovaSAR_01_53605_grd_13_240415_084842_HH_12/ship_patches_uint8/NovaSAR_01_53605_grd_13_240415_084842_HH_12_patch_5_Fishing_uint8.tif,334816,5f0f25c077aae794508d5502a7c6a954542dc8ca17fc9ee57ed12162bcfeed35
2tfa6x37oerz2lyiw6hp47058/Data/NovaSAR_01_53605_grd_13_240415_084842_HH_12/ship_patches_uint8/NovaSAR_01_53605_grd_13_240415_084842_HH_12_patch_6_Fishing_uint8.tif,Fishing,1,file,NovaSAR_dataset/2tfa6x37oerz2lyiw6hp47058/Data/NovaSAR_01_53605_grd_13_240415_084842_HH_12/ship_patches_uint8/NovaSAR_01_53605_grd_13_240415_084842_HH_12_patch_6_Fishing_uint8.tif,333756,32a331effc6fb99e079bbb2486ad7ceeb4179c0c8580640b6071b781f71d1c8f
2tfa6x37oerz2lyiw6hp47058/Data/NovaSAR_01_53605_grd_13_240415_084842_HH_12/ship_patches_uint8/NovaSAR_01_53605_grd_13_240415_084842_HH_12_patch_7_Cargo_uint8.tif,Cargo,2,file,NovaSAR_dataset/2tfa6x37oerz2lyiw6hp47058/Data/NovaSAR_01_53605_grd_13_240415_084842_HH_12/ship_patches_uint8/NovaSAR_01_53605_grd_13_240415_084842_HH_12_patch_7_Cargo_uint8.tif,325974,af19e2e352087f4e22c962020bf6ee56677c01ab3d3665071d9de3ab92d9e8a8
2tfa6x37oerz2lyiw6hp47058/Data/NovaSAR_01_53605_grd_13_240415_084842_HH_12/ship_patches_uint8/NovaSAR_01_53605_grd_13_240415_084842_HH_12_patch_8_Fishing_uint8.tif,Fishing,1,file,NovaSAR_dataset/2tfa6x37oerz2lyiw6hp47058/Data/NovaSAR_01_53605_grd_13_240415_084842_HH_12/ship_patches_uint8/NovaSAR_01_53605_grd_13_240415_084842_HH_12_patch_8_Fishing_uint8.tif,332283,83ff54a2702f62d1adefcfc438b1c464afc34f05a52b985dbe9c3ad6579346cd
2tfa6x37oerz2lyiw6hp47058/Data/NovaSAR_01_53605_grd_13_240415_084847_HH_13/ship_patches_uint8/NovaSAR_01_53605_grd_13_240415_084847_HH_13_patch_1_Fishing_uint8.tif,Fishing,1,file,NovaSAR_dataset/2tfa6x37oerz2lyiw6hp47058/Data/NovaSAR_01_53605_grd_13_240415_084847_HH_13/ship_patches_uint8/NovaSAR_01_53605_grd_13_240415_084847_HH_13_patch_1_Fishing_uint8.tif,318122,72104608c573ce491bfb381ad98cfdb75d3b0174b3f316b09df21b6df717ff92
2tfa6x37oerz2lyiw6hp47058/Data/NovaSAR_01_53605_grd_13_240415_084847_HH_13/ship_patches_uint8/NovaSAR_01_53605_grd_13_240415_084847_HH_13_patch_2_Fishing_uint8.tif,Fishing,1,file,NovaSAR_dataset/2tfa6x37oerz2lyiw6hp47058/Data/NovaSAR_01_53605_grd_13_240415_084847_HH_13/ship_patches_uint8/NovaSAR_01_53605_grd_13_240415_084847_HH_13_patch_2_Fishing_uint8.tif,327014,17134fc2d1a82901dafe8af45ec0c64b88a6dffb7989523f38c1d34f443384b8
2tfa6x37oerz2lyiw6hp47058/Data/NovaSAR_01_53611_grd_13_240415_215650_HH_2/ship_patches_uint8/NovaSAR_01_53611_grd_13_240415_215650_HH_2_patch_1_Fishing_uint8.tif,Fishing,1,file,NovaSAR_dataset/2tfa6x37oerz2lyiw6hp47058/Data/NovaSAR_01_53611_grd_13_240415_215650_HH_2/ship_patches_uint8/NovaSAR_01_53611_grd_13_240415_215650_HH_2_patch_1_Fishing_uint8.tif,338600,7225a68b1a99e341c93ad2a2f2bf8ab899291df6622136557a0b0a85da07aca2
2tfa6x37oerz2lyiw6hp47058/Data/NovaSAR_01_53611_grd_13_240415_215650_HH_2/ship_patches_uint8/NovaSAR_01_53611_grd_13_240415_215650_HH_2_patch_2_Fishing_uint8.tif,Fishing,1,file,NovaSAR_dataset/2tfa6x37oerz2lyiw6hp47058/Data/NovaSAR_01_53611_grd_13_240415_215650_HH_2/ship_patches_uint8/NovaSAR_01_53611_grd_13_240415_215650_HH_2_patch_2_Fishing_uint8.tif,338171,7843bf5671623b9155285cd962e98fbd6d6b36db299b2d901a9f45897474ae41
2tfa6x37oerz2lyiw6hp47058/Data/NovaSAR_01_53611_grd_13_240415_215650_HH_2/ship_patches_uint8/NovaSAR_01_53611_grd_13_240415_215650_HH_2_patch_3_Fishing_uint8.tif,Fishing,1,file,NovaSAR_dataset/2tfa6x37oerz2lyiw6hp47058/Data/NovaSAR_01_53611_grd_13_240415_215650_HH_2/ship_patches_uint8/NovaSAR_01_53611_grd_13_240415_215650_HH_2_patch_3_Fishing_uint8.tif,339304,9d4d6ddd85479af11572010670d6ea4f17a730f3417d30001c2a939ae9068ec3
2tfa6x37oerz2lyiw6hp47058/Data/NovaSAR_01_53611_grd_13_240415_215702_HH_4/ship_patches_uint8/NovaSAR_01_53611_grd_13_240415_215702_HH_4_patch_7_Fishing_uint8.tif,Fishing,1,file,NovaSAR_dataset/2tfa6x37oerz2lyiw6hp47058/Data/NovaSAR_01_53611_grd_13_240415_215702_HH_4/ship_patches_uint8/NovaSAR_01_53611_grd_13_240415_215702_HH_4_patch_7_Fishing_uint8.tif,335784,12b57e93b923b5a5fa7c10343c39f033d03db0ebbfd178d2e6706633636e1bed
2tfa6x37oerz2lyiw6hp47058/Data/NovaSAR_01_53611_grd_13_240415_215730_HH_9/ship_patches_uint8/NovaSAR_01_53611_grd_13_240415_215730_HH_9_patch_1_Cargo_uint8.tif,Cargo,2,file,NovaSAR_dataset/2tfa6x37oerz2lyiw6hp47058/Data/NovaSAR_01_53611_grd_13_240415_215730_HH_9/ship_patches_uint8/NovaSAR_01_53611_grd_13_240415_215730_HH_9_patch_1_Cargo_uint8.tif,321795,9ac77a47b6e485a1bb4173cde5d440bfd18452092a19a7a71d929c2807e26a1b
2tfa6x37oerz2lyiw6hp47058/Data/NovaSAR_01_53622_grd_13_240416_085334_HH_3/ship_patches_uint8/NovaSAR_01_53622_grd_13_240416_085334_HH_3_patch_1_Tanker_uint8.tif,Tanker,0,file,NovaSAR_dataset/2tfa6x37oerz2lyiw6hp47058/Data/NovaSAR_01_53622_grd_13_240416_085334_HH_3/ship_patches_uint8/NovaSAR_01_53622_grd_13_240416_085334_HH_3_patch_1_Tanker_uint8.tif,286070,051fa4c3bcb1a9377728370839a1cc832d8fb8f87321dac964ec7906ac43db6c
2tfa6x37oerz2lyiw6hp47058/Data/NovaSAR_01_53622_grd_13_240416_085343_HH_5/ship_patches_uint8/NovaSAR_01_53622_grd_13_240416_085343_HH_5_patch_1_Tanker_uint8.tif,Tanker,0,file,NovaSAR_dataset/2tfa6x37oerz2lyiw6hp47058/Data/NovaSAR_01_53622_grd_13_240416_085343_HH_5/ship_patches_uint8/NovaSAR_01_53622_grd_13_240416_085343_HH_5_patch_1_Tanker_uint8.tif,285057,07ea53296bea4ed9040583290d4deb9367f4eb08d86c73a134399645517b8f2f
2tfa6x37oerz2lyiw6hp47058/Data/NovaSAR_01_53622_grd_13_240416_085347_HH_6/ship_patches_uint8/NovaSAR_01_53622_grd_13_240416_085347_HH_6_patch_1_Tanker_uint8.tif,Tanker,0,file,NovaSAR_dataset/2tfa6x37oerz2lyiw6hp47058/Data/NovaSAR_01_53622_grd_13_240416_085347_HH_6/ship_patches_uint8/NovaSAR_01_53622_grd_13_240416_085347_HH_6_patch_1_Tanker_uint8.tif,270753,d19096bab2b6719cd0f7be4e316e223b0cf693b9e32252578b7360e9a1dd2b42
2tfa6x37oerz2lyiw6hp47058/Data/NovaSAR_01_53622_grd_13_240416_085347_HH_6/ship_patches_uint8/NovaSAR_01_53622_grd_13_240416_085347_HH_6_patch_3_Cargo_uint8.tif,Cargo,2,file,NovaSAR_dataset/2tfa6x37oerz2lyiw6hp47058/Data/NovaSAR_01_53622_grd_13_240416_085347_HH_6/ship_patches_uint8/NovaSAR_01_53622_grd_13_240416_085347_HH_6_patch_3_Cargo_uint8.tif,279952,f2ca380134ba382f8dc71c7b2ded54a2c475cba1e398b5609994a1ca335fa9a0
2tfa6x37oerz2lyiw6hp47058/Data/NovaSAR_01_53622_grd_13_240416_085347_HH_6/ship_patches_uint8/NovaSAR_01_53622_grd_13_240416_085347_HH_6_patch_4_Cargo_uint8.tif,Cargo,2,file,NovaSAR_dataset/2tfa6x37oerz2lyiw6hp47058/Data/NovaSAR_01_53622_grd_13_240416_085347_HH_6/ship_patches_uint8/NovaSAR_01_53622_grd_13_240416_085347_HH_6_patch_4_Cargo_uint8.tif,279326,fe76a699a3bc8f55a6cb5f4a3c7d220bbf6df180817514aee17d3e5565355355
2tfa6x37oerz2lyiw6hp47058/Data/NovaSAR_01_53622_grd_13_240416_085347_HH_6/ship_patches_uint8/NovaSAR_01_53622_grd_13_240416_085347_HH_6_patch_5_Cargo_uint8.tif,Cargo,2,file,NovaSAR_dataset/2tfa6x37oerz2lyiw6hp47058/Data/NovaSAR_01_53622_grd_13_240416_085347_HH_6/ship_patches_uint8/NovaSAR_01_53622_grd_13_240416_085347_HH_6_patch_5_Cargo_uint8.tif,279169,ef7e4cb92d6ae235bc98469beaecef9642d7ed0a84ec4e98a56eb0c443dd146b
2tfa6x37oerz2lyiw6hp47058/Data/NovaSAR_01_53622_grd_13_240416_085351_HH_7/ship_patches_uint8/NovaSAR_01_53622_grd_13_240416_085351_HH_7_patch_1_Tanker_uint8.tif,Tanker,0,file,NovaSAR_dataset/2tfa6x37oerz2lyiw6hp47058/Data/NovaSAR_01_53622_grd_13_240416_085351_HH_7/ship_patches_uint8/NovaSAR_01_53622_grd_13_240416_085351_HH_7_patch_1_Tanker_uint8.tif,263925,7ff2b2e688ee83fd4f1cfc6ea64d3849aafdf1f25b14c2005aab894eed8325a1
2tfa6x37oerz2lyiw6hp47058/Data/NovaSAR_01_53622_grd_13_240416_085351_HH_7/ship_patches_uint8/NovaSAR_01_53622_grd_13_240416_085351_HH_7_patch_3_Tanker_uint8.tif,Tanker,0,file,NovaSAR_dataset/2tfa6x37oerz2lyiw6hp47058/Data/NovaSAR_01_53622_grd_13_240416_085351_HH_7/ship_patches_uint8/NovaSAR_01_53622_grd_13_240416_085351_HH_7_patch_3_Tanker_uint8.tif,261400,5e75db3bb69dfaf1cd61c23a177aee582ce8fd16d0554ad83aa93ab0f7a0f058
2tfa6x37oerz2lyiw6hp47058/Data/NovaSAR_01_53622_grd_13_240416_085356_HH_8/ship_patches_uint8/NovaSAR_01_53622_grd_13_240416_085356_HH_8_patch_1_Cargo_uint8.tif,Cargo,2,file,NovaSAR_dataset/2tfa6x37oerz2lyiw6hp47058/Data/NovaSAR_01_53622_grd_13_240416_085356_HH_8/ship_patches_uint8/NovaSAR_01_53622_grd_13_240416_085356_HH_8_patch_1_Cargo_uint8.tif,297484,4866be7d5a507eb81e60c0961303137e74395568315badd52acd0b971d2d215f
2tfa6x37oerz2lyiw6hp47058/Data/NovaSAR_01_53622_grd_13_240416_085356_HH_8/ship_patches_uint8/NovaSAR_01_53622_grd_13_240416_085356_HH_8_patch_2_Cargo_uint8.tif,Cargo,2,file,NovaSAR_dataset/2tfa6x37oerz2lyiw6hp47058/Data/NovaSAR_01_53622_grd_13_240416_085356_HH_8/ship_patches_uint8/NovaSAR_01_53622_grd_13_240416_085356_HH_8_patch_2_Cargo_uint8.tif,297661,d67bdd9e4504fec9f5f92d3998a42d8f260885f24a1001c0bbb64fa3e1d49ad5
2tfa6x37oerz2lyiw6hp47058/Data/NovaSAR_01_53622_grd_13_240416_085356_HH_8/ship_patches_uint8/NovaSAR_01_53622_grd_13_240416_085356_HH_8_patch_3_Tanker_uint8.tif,Tanker,0,file,NovaSAR_dataset/2tfa6x37oerz2lyiw6hp47058/Data/NovaSAR_01_53622_grd_13_240416_085356_HH_8/ship_patches_uint8/NovaSAR_01_53622_grd_13_240416_085356_HH_8_patch_3_Tanker_uint8.tif,303831,dd91bcc45a05e4b115ab51e8da47668ba5e5663a93b683e5d2c8b3ff5164da3a
2tfa6x37oerz2lyiw6hp47058/Data/NovaSAR_01_53622_grd_13_240416_085426_HH_15/ship_patches_uint8/NovaSAR_01_53622_grd_13_240416_085426_HH_15_patch_1_Fishing_uint8.tif,Fishing,1,file,NovaSAR_dataset/2tfa6x37oerz2lyiw6hp47058/Data/NovaSAR_01_53622_grd_13_240416_085426_HH_15/ship_patches_uint8/NovaSAR_01_53622_grd_13_240416_085426_HH_15_patch_1_Fishing_uint8.tif,287543,179284a7b8ea661f68f12b0852ee27e1950af91129aea7a2af466763578d036b
2tfa6x37oerz2lyiw6hp47058/Data/NovaSAR_01_53635_grd_13_240417_085920_HH_3/ship_patches_uint8/NovaSAR_01_53635_grd_13_240417_085920_HH_3_patch_4_Cargo_uint8.tif,Cargo,2,file,NovaSAR_dataset/2tfa6x37oerz2lyiw6hp47058/Data/NovaSAR_01_53635_grd_13_240417_085920_HH_3/ship_patches_uint8/NovaSAR_01_53635_grd_13_240417_085920_HH_3_patch_4_Cargo_uint8.tif,316097,309d0a588709816772bcb8b55bd1b41e1e9c73776b469b2576aa59aed73f2a48
2tfa6x37oerz2lyiw6hp47058/Data/NovaSAR_01_53635_grd_13_240417_085937_HH_6/ship_patches_uint8/NovaSAR_01_53635_grd_13_240417_085937_HH_6_patch_4_Fishing_uint8.tif,Fishing,1,file,NovaSAR_dataset/2tfa6x37oerz2lyiw6hp47058/Data/NovaSAR_01_53635_grd_13_240417_085937_HH_6/ship_patches_uint8/NovaSAR_01_53635_grd_13_240417_085937_HH_6_patch_4_Fishing_uint8.tif,318644,712a8c8d2344971d7278a73bd239c8f451f044da5584eac49b39c3889166cd7a
2tfa6x37oerz2lyiw6hp47058/Data/NovaSAR_01_53635_grd_13_240417_085954_HH_9/ship_patches_uint8/NovaSAR_01_53635_grd_13_240417_085954_HH_9_patch_1_Fishing_uint8.tif,Fishing,1,file,NovaSAR_dataset/2tfa6x37oerz2lyiw6hp47058/Data/NovaSAR_01_53635_grd_13_240417_085954_HH_9/ship_patches_uint8/NovaSAR_01_53635_grd_13_240417_085954_HH_9_patch_1_Fishing_uint8.tif,332765,cfce3c2e05172d14ef7731438977302c97cc4e61ce8701f902a947ada89f13c4
2tfa6x37oerz2lyiw6hp47058/Data/NovaSAR_01_53635_grd_13_240417_085954_HH_9/ship_patches_uint8/NovaSAR_01_53635_grd_13_240417_085954_HH_9_patch_3_Cargo_uint8.tif,Cargo,2,file,NovaSAR_dataset/2tfa6x37oerz2lyiw6hp47058/Data/NovaSAR_01_53635_grd_13_240417_085954_HH_9/ship_patches_uint8/NovaSAR_01_53635_grd_13_240417_085954_HH_9_patch_3_Cargo_uint8.tif,327874,cd33d7c2f2a9f855ac86decfcf7ae169bb22758dbdffe1708b83dde0c8f2f801
2tfa6x37oerz2lyiw6hp47058/Data/NovaSAR_01_53635_grd_13_240417_090000_HH_10/ship_patches_uint8/NovaSAR_01_53635_grd_13_240417_090000_HH_10_patch_2_Cargo_uint8.tif,Cargo,2,file,NovaSAR_dataset/2tfa6x37oerz2lyiw6hp47058/Data/NovaSAR_01_53635_grd_13_240417_090000_HH_10/ship_patches_uint8/NovaSAR_01_53635_grd_13_240417_090000_HH_10_patch_2_Cargo_uint8.tif,333708,17368058f63e7c53847dcd01dcbb5df4825dcb2a0cde9c76180522681dec2658
2tfa6x37oerz2lyiw6hp47058/Data/NovaSAR_01_53635_grd_13_240417_090000_HH_10/ship_patches_uint8/NovaSAR_01_53635_grd_13_240417_090000_HH_10_patch_3_Tanker_uint8.tif,Tanker,0,file,NovaSAR_dataset/2tfa6x37oerz2lyiw6hp47058/Data/NovaSAR_01_53635_grd_13_240417_090000_HH_10/ship_patches_uint8/NovaSAR_01_53635_grd_13_240417_090000_HH_10_patch_3_Tanker_uint8.tif,320736,8ff47e24a160b7a6b70daaf0d5b03d5355dd200818c3df72747bb828b71d241c
2tfa6x37oerz2lyiw6hp47058/Data/NovaSAR_01_53635_grd_13_240417_090000_HH_10/ship_patches_uint8/NovaSAR_01_53635_grd_13_240417_090000_HH_10_patch_4_Tanker_uint8.tif,Tanker,0,file,NovaSAR_dataset/2tfa6x37oerz2lyiw6hp47058/Data/NovaSAR_01_53635_grd_13_240417_090000_HH_10/ship_patches_uint8/NovaSAR_01_53635_grd_13_240417_090000_HH_10_patch_4_Tanker_uint8.tif,326383,30eac1246c7ceb1066ee114fef4784e7d238eb01fad4ade0e5e5371bc269a537
2tfa6x37oerz2lyiw6hp47058/Data/NovaSAR_01_53674_grd_13_240419_221954_HH_2/ship_patches_uint8/NovaSAR_01_53674_grd_13_240419_221954_HH_2_patch_1_Cargo_uint8.tif,Cargo,2,file,NovaSAR_dataset/2tfa6x37oerz2lyiw6hp47058/Data/NovaSAR_01_53674_grd_13_240419_221954_HH_2/ship_patches_uint8/NovaSAR_01_53674_grd_13_240419_221954_HH_2_patch_1_Cargo_uint8.tif,314136,d26effcf2eb21128117475ad1eff26308cdb1198918b647bbf5ffa8b8d7b2576
2tfa6x37oerz2lyiw6hp47058/Data/NovaSAR_01_53674_grd_13_240419_221954_HH_2/ship_patches_uint8/NovaSAR_01_53674_grd_13_240419_221954_HH_2_patch_2_Tanker_uint8.tif,Tanker,0,file,NovaSAR_dataset/2tfa6x37oerz2lyiw6hp47058/Data/NovaSAR_01_53674_grd_13_240419_221954_HH_2/ship_patches_uint8/NovaSAR_01_53674_grd_13_240419_221954_HH_2_patch_2_Tanker_uint8.tif,313917,8c024de801c89ae1275c806b47ab587ffd8a1876c40299e566290a3860834190
2tfa6x37oerz2lyiw6hp47058/Data/NovaSAR_01_53674_grd_13_240419_221954_HH_2/ship_patches_uint8/NovaSAR_01_53674_grd_13_240419_221954_HH_2_patch_3_Cargo_uint8.tif,Cargo,2,file,NovaSAR_dataset/2tfa6x37oerz2lyiw6hp47058/Data/NovaSAR_01_53674_grd_13_240419_221954_HH_2/ship_patches_uint8/NovaSAR_01_53674_grd_13_240419_221954_HH_2_patch_3_Cargo_uint8.tif,322944,4427dd2cc34647f75e4a724e8acc4b9b248d743c57126406663274fa05c8037f
2tfa6x37oerz2lyiw6hp47058/Data/NovaSAR_01_53674_grd_13_240419_221959_HH_3/ship_patches_uint8/NovaSAR_01_53674_grd_13_240419_221959_HH_3_patch_1_Cargo_uint8.tif,Cargo,2,file,NovaSAR_dataset/2tfa6x37oerz2lyiw6hp47058/Data/NovaSAR_01_53674_grd_13_240419_221959_HH_3/ship_patches_uint8/NovaSAR_01_53674_grd_13_240419_221959_HH_3_patch_1_Cargo_uint8.tif,318774,02e5644e342c6a3250d94421f9fc10990d4bc4302c1b4e3cf0d63843b7f2311a
2tfa6x37oerz2lyiw6hp47058/Data/NovaSAR_01_53674_grd_13_240419_221959_HH_3/ship_patches_uint8/NovaSAR_01_53674_grd_13_240419_221959_HH_3_patch_5_Fishing_uint8.tif,Fishing,1,file,NovaSAR_dataset/2tfa6x37oerz2lyiw6hp47058/Data/NovaSAR_01_53674_grd_13_240419_221959_HH_3/ship_patches_uint8/NovaSAR_01_53674_grd_13_240419_221959_HH_3_patch_5_Fishing_uint8.tif,320909,6c99db8ccfd5d9808ce4cf5a6c6918856327c4b430bfc4356e168d8f1c287090
2tfa6x37oerz2lyiw6hp47058/Data/NovaSAR_01_53674_grd_13_240419_221959_HH_3/ship_patches_uint8/NovaSAR_01_53674_grd_13_240419_221959_HH_3_patch_6_Tanker_uint8.tif,Tanker,0,file,NovaSAR_dataset/2tfa6x37oerz2lyiw6hp47058/Data/NovaSAR_01_53674_grd_13_240419_221959_HH_3/ship_patches_uint8/NovaSAR_01_53674_grd_13_240419_221959_HH_3_patch_6_Tanker_uint8.tif,327543,55037efdf6f8b4d453ce71f52ef0f576b467dccc04e076a9b565c1a8bc8bafcf
2tfa6x37oerz2lyiw6hp47058/Data/NovaSAR_01_53674_grd_13_240419_222005_HH_4/ship_patches_uint8/NovaSAR_01_53674_grd_13_240419_222005_HH_4_patch_1_Cargo_uint8.tif,Cargo,2,file,NovaSAR_dataset/2tfa6x37oerz2lyiw6hp47058/Data/NovaSAR_01_53674_grd_13_240419_222005_HH_4/ship_patches_uint8/NovaSAR_01_53674_grd_13_240419_222005_HH_4_patch_1_Cargo_uint8.tif,327254,ee20dbc0c2eafaf120cc4de82c801dc67b932edf992993895c0e2994f0cc515f
2tfa6x37oerz2lyiw6hp47058/Data/NovaSAR_01_53674_grd_13_240419_222011_HH_5/ship_patches_uint8/NovaSAR_01_53674_grd_13_240419_222011_HH_5_patch_10_Tanker_uint8.tif,Tanker,0,file,NovaSAR_dataset/2tfa6x37oerz2lyiw6hp47058/Data/NovaSAR_01_53674_grd_13_240419_222011_HH_5/ship_patches_uint8/NovaSAR_01_53674_grd_13_240419_222011_HH_5_patch_10_Tanker_uint8.tif,297019,039687dc8fe954ae40848317acd5dd779aa1c6a73e79db898ca65be8c0a598be
2tfa6x37oerz2lyiw6hp47058/Data/NovaSAR_01_53674_grd_13_240419_222011_HH_5/ship_patches_uint8/NovaSAR_01_53674_grd_13_240419_222011_HH_5_patch_11_Tanker_uint8.tif,Tanker,0,file,NovaSAR_dataset/2tfa6x37oerz2lyiw6hp47058/Data/NovaSAR_01_53674_grd_13_240419_222011_HH_5/ship_patches_uint8/NovaSAR_01_53674_grd_13_240419_222011_HH_5_patch_11_Tanker_uint8.tif,307559,1d6ab9a8d5be36c9ce165df3be74b095428bc2fa4fcfba06f99698aafd0ccdcb
2tfa6x37oerz2lyiw6hp47058/Data/NovaSAR_01_53674_grd_13_240419_222011_HH_5/ship_patches_uint8/NovaSAR_01_53674_grd_13_240419_222011_HH_5_patch_1_Cargo_uint8.tif,Cargo,2,file,NovaSAR_dataset/2tfa6x37oerz2lyiw6hp47058/Data/NovaSAR_01_53674_grd_13_240419_222011_HH_5/ship_patches_uint8/NovaSAR_01_53674_grd_13_240419_222011_HH_5_patch_1_Cargo_uint8.tif,322073,2ed9208078d50059fc492f8b7c92a44b12720f1cbb7d13e582cb09d8bd84d0c7
2tfa6x37oerz2lyiw6hp47058/Data/NovaSAR_01_53674_grd_13_240419_222011_HH_5/ship_patches_uint8/NovaSAR_01_53674_grd_13_240419_222011_HH_5_patch_3_Cargo_uint8.tif,Cargo,2,file,NovaSAR_dataset/2tfa6x37oerz2lyiw6hp47058/Data/NovaSAR_01_53674_grd_13_240419_222011_HH_5/ship_patches_uint8/NovaSAR_01_53674_grd_13_240419_222011_HH_5_patch_3_Cargo_uint8.tif,334784,41a62a2794783e41f24bef71554b0b12a06d876b070081260e1e87134ee7c934
2tfa6x37oerz2lyiw6hp47058/Data/NovaSAR_01_53674_grd_13_240419_222011_HH_5/ship_patches_uint8/NovaSAR_01_53674_grd_13_240419_222011_HH_5_patch_5_Cargo_uint8.tif,Cargo,2,file,NovaSAR_dataset/2tfa6x37oerz2lyiw6hp47058/Data/NovaSAR_01_53674_grd_13_240419_222011_HH_5/ship_patches_uint8/NovaSAR_01_53674_grd_13_240419_222011_HH_5_patch_5_Cargo_uint8.tif,330982,6ac10f0e410945ddb7f87ca7eb6116873dde1f8db396631159e3eb15566d27b2
2tfa6x37oerz2lyiw6hp47058/Data/NovaSAR_01_53674_grd_13_240419_222011_HH_5/ship_patches_uint8/NovaSAR_01_53674_grd_13_240419_222011_HH_5_patch_6_Cargo_uint8.tif,Cargo,2,file,NovaSAR_dataset/2tfa6x37oerz2lyiw6hp47058/Data/NovaSAR_01_53674_grd_13_240419_222011_HH_5/ship_patches_uint8/NovaSAR_01_53674_grd_13_240419_222011_HH_5_patch_6_Cargo_uint8.tif,329189,4e6718ebabb3a85fb73b82ce7093abc612c4111abb1479d944ee5168a40cfe48
2tfa6x37oerz2lyiw6hp47058/Data/NovaSAR_01_53674_grd_13_240419_222011_HH_5/ship_patches_uint8/NovaSAR_01_53674_grd_13_240419_222011_HH_5_patch_7_Cargo_uint8.tif,Cargo,2,file,NovaSAR_dataset/2tfa6x37oerz2lyiw6hp47058/Data/NovaSAR_01_53674_grd_13_240419_222011_HH_5/ship_patches_uint8/NovaSAR_01_53674_grd_13_240419_222011_HH_5_patch_7_Cargo_uint8.tif,306364,27f96ccdb981beb6925637f976fa24f53637624dddcb6eb5838a9bc73237cf82
2tfa6x37oerz2lyiw6hp47058/Data/NovaSAR_01_53674_grd_13_240419_222011_HH_5/ship_patches_uint8/NovaSAR_01_53674_grd_13_240419_222011_HH_5_patch_8_Cargo_uint8.tif,Cargo,2,file,NovaSAR_dataset/2tfa6x37oerz2lyiw6hp47058/Data/NovaSAR_01_53674_grd_13_240419_222011_HH_5/ship_patches_uint8/NovaSAR_01_53674_grd_13_240419_222011_HH_5_patch_8_Cargo_uint8.tif,173070,dd8dfb59aed0c0028019727087f313275601eb35d6e3cb76ec222dc7ebe75b08
2tfa6x37oerz2lyiw6hp47058/Data/NovaSAR_01_53674_grd_13_240419_222011_HH_5/ship_patches_uint8/NovaSAR_01_53674_grd_13_240419_222011_HH_5_patch_9_Tanker_uint8.tif,Tanker,0,file,NovaSAR_dataset/2tfa6x37oerz2lyiw6hp47058/Data/NovaSAR_01_53674_grd_13_240419_222011_HH_5/ship_patches_uint8/NovaSAR_01_53674_grd_13_240419_222011_HH_5_patch_9_Tanker_uint8.tif,328347,8ddb473ad23b846eaaebbd9b147727ef26740dd5f8ef8ce7764e6010dfc91ec8
2tfa6x37oerz2lyiw6hp47058/Data/NovaSAR_01_53689_grd_13_240420_222536_HH_3/ship_patches_uint8/NovaSAR_01_53689_grd_13_240420_222536_HH_3_patch_1_Cargo_uint8.tif,Cargo,2,file,NovaSAR_dataset/2tfa6x37oerz2lyiw6hp47058/Data/NovaSAR_01_53689_grd_13_240420_222536_HH_3/ship_patches_uint8/NovaSAR_01_53689_grd_13_240420_222536_HH_3_patch_1_Cargo_uint8.tif,285360,8d11a8ffd41d16c80524f3de1224c400cb234e3a0d7c48a5b9e8c11d85e0983a
2tfa6x37oerz2lyiw6hp47058/Data/NovaSAR_01_53689_grd_13_240420_222536_HH_3/ship_patches_uint8/NovaSAR_01_53689_grd_13_240420_222536_HH_3_patch_2_Tanker_uint8.tif,Tanker,0,file,NovaSAR_dataset/2tfa6x37oerz2lyiw6hp47058/Data/NovaSAR_01_53689_grd_13_240420_222536_HH_3/ship_patches_uint8/NovaSAR_01_53689_grd_13_240420_222536_HH_3_patch_2_Tanker_uint8.tif,284847,2f6790ec78c7ea0758ca28fd882f958af869eab7164b7907d558647a69a51de4
2tfa6x37oerz2lyiw6hp47058/Data/NovaSAR_01_53689_grd_13_240420_222536_HH_3/ship_patches_uint8/NovaSAR_01_53689_grd_13_240420_222536_HH_3_patch_3_Fishing_uint8.tif,Fishing,1,file,NovaSAR_dataset/2tfa6x37oerz2lyiw6hp47058/Data/NovaSAR_01_53689_grd_13_240420_222536_HH_3/ship_patches_uint8/NovaSAR_01_53689_grd_13_240420_222536_HH_3_patch_3_Fishing_uint8.tif,280692,06e1df8d61075e153854c130e857fdb4b2d36f061a77695d05ce1335e103539b
2tfa6x37oerz2lyiw6hp47058/Data/NovaSAR_01_53689_grd_13_240420_222536_HH_3/ship_patches_uint8/NovaSAR_01_53689_grd_13_240420_222536_HH_3_patch_4_Cargo_uint8.tif,Cargo,2,file,NovaSAR_dataset/2tfa6x37oerz2lyiw6hp47058/Data/NovaSAR_01_53689_grd_13_240420_222536_HH_3/ship_patches_uint8/NovaSAR_01_53689_grd_13_240420_222536_HH_3_patch_4_Cargo_uint8.tif,285493,1719a571047a3ece2eb97237e95081d33797451066372bc0b16cfe962a74db90
2tfa6x37oerz2lyiw6hp47058/Data/NovaSAR_01_53689_grd_13_240420_222542_HH_4/ship_patches_uint8/NovaSAR_01_53689_grd_13_240420_222542_HH_4_patch_3_Cargo_uint8.tif,Cargo,2,file,NovaSAR_dataset/2tfa6x37oerz2lyiw6hp47058/Data/NovaSAR_01_53689_grd_13_240420_222542_HH_4/ship_patches_uint8/NovaSAR_01_53689_grd_13_240420_222542_HH_4_patch_3_Cargo_uint8.tif,287818,8dcffed521b002d8e63af7d4c8363cf95ecadbf637efabdea98d7a9016d044cc
2tfa6x37oerz2lyiw6hp47058/Data/NovaSAR_01_53689_grd_13_240420_222548_HH_5/ship_patches_uint8/NovaSAR_01_53689_grd_13_240420_222548_HH_5_patch_1_Cargo_uint8.tif,Cargo,2,file,NovaSAR_dataset/2tfa6x37oerz2lyiw6hp47058/Data/NovaSAR_01_53689_grd_13_240420_222548_HH_5/ship_patches_uint8/NovaSAR_01_53689_grd_13_240420_222548_HH_5_patch_1_Cargo_uint8.tif,299803,f43c4d052d7179f8c64447fb680b81ad2a3a3534e9000087c1296fa02f910b77
2tfa6x37oerz2lyiw6hp47058/Data/NovaSAR_01_53689_grd_13_240420_222553_HH_6/ship_patches_uint8/NovaSAR_01_53689_grd_13_240420_222553_HH_6_patch_1_Cargo_uint8.tif,Cargo,2,file,NovaSAR_dataset/2tfa6x37oerz2lyiw6hp47058/Data/NovaSAR_01_53689_grd_13_240420_222553_HH_6/ship_patches_uint8/NovaSAR_01_53689_grd_13_240420_222553_HH_6_patch_1_Cargo_uint8.tif,293073,4fea40e05955e929f1cad39e55f6e2da3e6a85e92d0d5db15cd3084a27033306
2tfa6x37oerz2lyiw6hp47058/Data/NovaSAR_01_53689_grd_13_240420_222610_HH_9/ship_patches_uint8/NovaSAR_01_53689_grd_13_240420_222610_HH_9_patch_5_Cargo_uint8.tif,Cargo,2,file,NovaSAR_dataset/2tfa6x37oerz2lyiw6hp47058/Data/NovaSAR_01_53689_grd_13_240420_222610_HH_9/ship_patches_uint8/NovaSAR_01_53689_grd_13_240420_222610_HH_9_patch_5_Cargo_uint8.tif,262555,167db30b0e5e877a0db316c0c79e3586b8c0f17f366f1b9a8cf4b9091c0ef476
2tfa6x37oerz2lyiw6hp47058/Data/NovaSAR_01_53689_grd_13_240420_222627_HH_12/ship_patches_uint8/NovaSAR_01_53689_grd_13_240420_222627_HH_12_patch_3_Cargo_uint8.tif,Cargo,2,file,NovaSAR_dataset/2tfa6x37oerz2lyiw6hp47058/Data/NovaSAR_01_53689_grd_13_240420_222627_HH_12/ship_patches_uint8/NovaSAR_01_53689_grd_13_240420_222627_HH_12_patch_3_Cargo_uint8.tif,256050,34b4b813af61eda987904b611692ba89f7d9000affec5ab4081f4f20595d9891
2tfa6x37oerz2lyiw6hp47058/Data/NovaSAR_01_53689_grd_13_240420_222638_HH_14/ship_patches_uint8/NovaSAR_01_53689_grd_13_240420_222638_HH_14_patch_1_Cargo_uint8.tif,Cargo,2,file,NovaSAR_dataset/2tfa6x37oerz2lyiw6hp47058/Data/NovaSAR_01_53689_grd_13_240420_222638_HH_14/ship_patches_uint8/NovaSAR_01_53689_grd_13_240420_222638_HH_14_patch_1_Cargo_uint8.tif,203708,94fc5e7e9969db91c5a0db75559e3aaba9ad63d59d6395a75571553f6ab98438
2tfa6x37oerz2lyiw6hp47058/Data/NovaSAR_01_53757_grd_13_240425_080939_HH_3/ship_patches_uint8/NovaSAR_01_53757_grd_13_240425_080939_HH_3_patch_1_Tanker_uint8.tif,Tanker,0,file,NovaSAR_dataset/2tfa6x37oerz2lyiw6hp47058/Data/NovaSAR_01_53757_grd_13_240425_080939_HH_3/ship_patches_uint8/NovaSAR_01_53757_grd_13_240425_080939_HH_3_patch_1_Tanker_uint8.tif,258192,d6343ab85f8a34d737b97fa74d0ed426f0058437d8a43bda37f8d06d438deaf4
2tfa6x37oerz2lyiw6hp47058/Data/NovaSAR_01_53757_grd_13_240425_080939_HH_3/ship_patches_uint8/NovaSAR_01_53757_grd_13_240425_080939_HH_3_patch_2_Cargo_uint8.tif,Cargo,2,file,NovaSAR_dataset/2tfa6x37oerz2lyiw6hp47058/Data/NovaSAR_01_53757_grd_13_240425_080939_HH_3/ship_patches_uint8/NovaSAR_01_53757_grd_13_240425_080939_HH_3_patch_2_Cargo_uint8.tif,285265,59b9aae8d63c285a91b53dfcb2a5a3857531dfa9b18d9787970c9144bb224485
2tfa6x37oerz2lyiw6hp47058/Data/NovaSAR_01_53757_grd_13_240425_080945_HH_4/ship_patches_uint8/NovaSAR_01_53757_grd_13_240425_080945_HH_4_patch_3_Tanker_uint8.tif,Tanker,0,file,NovaSAR_dataset/2tfa6x37oerz2lyiw6hp47058/Data/NovaSAR_01_53757_grd_13_240425_080945_HH_4/ship_patches_uint8/NovaSAR_01_53757_grd_13_240425_080945_HH_4_patch_3_Tanker_uint8.tif,321377,96774c1b9d1e283a8a2f04fe841c878b1c35056a38687ea6be5c15ad8def99f1
2tfa6x37oerz2lyiw6hp47058/Data/NovaSAR_01_53757_grd_13_240425_081008_HH_8/ship_patches_uint8/NovaSAR_01_53757_grd_13_240425_081008_HH_8_patch_1_Fishing_uint8.tif,Fishing,1,file,NovaSAR_dataset/2tfa6x37oerz2lyiw6hp47058/Data/NovaSAR_01_53757_grd_13_240425_081008_HH_8/ship_patches_uint8/NovaSAR_01_53757_grd_13_240425_081008_HH_8_patch_1_Fishing_uint8.tif,290585,b43ffe77a00f333b51fa9eb64c5752ceda406e80df011a6dc4ffafa85b6798a4
2tfa6x37oerz2lyiw6hp47058/Data/NovaSAR_01_53772_grd_13_240426_081521_HH_2/ship_patches_uint8/NovaSAR_01_53772_grd_13_240426_081521_HH_2_patch_1_Cargo_uint8.tif,Cargo,2,file,NovaSAR_dataset/2tfa6x37oerz2lyiw6hp47058/Data/NovaSAR_01_53772_grd_13_240426_081521_HH_2/ship_patches_uint8/NovaSAR_01_53772_grd_13_240426_081521_HH_2_patch_1_Cargo_uint8.tif,237554,2bdc06f89ab289f05ce86695c23b4a8455b9dba76d9658da6e75f785fc0cba74
2tfa6x37oerz2lyiw6hp47058/Data/NovaSAR_01_53772_grd_13_240426_081533_HH_4/ship_patches_uint8/NovaSAR_01_53772_grd_13_240426_081533_HH_4_patch_10_Cargo_uint8.tif,Cargo,2,file,NovaSAR_dataset/2tfa6x37oerz2lyiw6hp47058/Data/NovaSAR_01_53772_grd_13_240426_081533_HH_4/ship_patches_uint8/NovaSAR_01_53772_grd_13_240426_081533_HH_4_patch_10_Cargo_uint8.tif,335877,cdbeaddf07dece108bed13254f6b9de3de7531fd4b6e90ce5c78f97c7ba849c3
2tfa6x37oerz2lyiw6hp47058/Data/NovaSAR_01_53772_grd_13_240426_081533_HH_4/ship_patches_uint8/NovaSAR_01_53772_grd_13_240426_081533_HH_4_patch_11_Cargo_uint8.tif,Cargo,2,file,NovaSAR_dataset/2tfa6x37oerz2lyiw6hp47058/Data/NovaSAR_01_53772_grd_13_240426_081533_HH_4/ship_patches_uint8/NovaSAR_01_53772_grd_13_240426_081533_HH_4_patch_11_Cargo_uint8.tif,336511,588faa1e1a49ef099d1f8a3b119618e66e0e9820cd63edb4b5d13d7a2b89713a
2tfa6x37oerz2lyiw6hp47058/Data/NovaSAR_01_53772_grd_13_240426_081533_HH_4/ship_patches_uint8/NovaSAR_01_53772_grd_13_240426_081533_HH_4_patch_3_Cargo_uint8.tif,Cargo,2,file,NovaSAR_dataset/2tfa6x37oerz2lyiw6hp47058/Data/NovaSAR_01_53772_grd_13_240426_081533_HH_4/ship_patches_uint8/NovaSAR_01_53772_grd_13_240426_081533_HH_4_patch_3_Cargo_uint8.tif,333078,8f0066ce4473b027398514e812914c2e64a30c04d9ce831823349f19fea2afb1
2tfa6x37oerz2lyiw6hp47058/Data/NovaSAR_01_53772_grd_13_240426_081533_HH_4/ship_patches_uint8/NovaSAR_01_53772_grd_13_240426_081533_HH_4_patch_4_Tanker_uint8.tif,Tanker,0,file,NovaSAR_dataset/2tfa6x37oerz2lyiw6hp47058/Data/NovaSAR_01_53772_grd_13_240426_081533_HH_4/ship_patches_uint8/NovaSAR_01_53772_grd_13_240426_081533_HH_4_patch_4_Tanker_uint8.tif,327563,22c759d685eae40e675ca4c1ace160b22f4a96a5cf7c997b79715a3d3bed884a
2tfa6x37oerz2lyiw6hp47058/Data/NovaSAR_01_53772_grd_13_240426_081533_HH_4/ship_patches_uint8/NovaSAR_01_53772_grd_13_240426_081533_HH_4_patch_5_Tanker_uint8.tif,Tanker,0,file,NovaSAR_dataset/2tfa6x37oerz2lyiw6hp47058/Data/NovaSAR_01_53772_grd_13_240426_081533_HH_4/ship_patches_uint8/NovaSAR_01_53772_grd_13_240426_081533_HH_4_patch_5_Tanker_uint8.tif,327375,8005e4cf97121deb741b0e441e9ce267a4fe359fc321b9a15bb81b497973f9d2
2tfa6x37oerz2lyiw6hp47058/Data/NovaSAR_01_53772_grd_13_240426_081533_HH_4/ship_patches_uint8/NovaSAR_01_53772_grd_13_240426_081533_HH_4_patch_6_Cargo_uint8.tif,Cargo,2,file,NovaSAR_dataset/2tfa6x37oerz2lyiw6hp47058/Data/NovaSAR_01_53772_grd_13_240426_081533_HH_4/ship_patches_uint8/NovaSAR_01_53772_grd_13_240426_081533_HH_4_patch_6_Cargo_uint8.tif,329358,7a4c25533dcd8aace5a5f28b95cac36654039ceda0fc5c2d97075085a93221d4
2tfa6x37oerz2lyiw6hp47058/Data/NovaSAR_01_53772_grd_13_240426_081533_HH_4/ship_patches_uint8/NovaSAR_01_53772_grd_13_240426_081533_HH_4_patch_8_Cargo_uint8.tif,Cargo,2,file,NovaSAR_dataset/2tfa6x37oerz2lyiw6hp47058/Data/NovaSAR_01_53772_grd_13_240426_081533_HH_4/ship_patches_uint8/NovaSAR_01_53772_grd_13_240426_081533_HH_4_patch_8_Cargo_uint8.tif,334283,be74b4807e63140e53fb4f0a8c46d1dea9e53efbb83ee5148056bf067ca89fec
2tfa6x37oerz2lyiw6hp47058/Data/NovaSAR_01_53772_grd_13_240426_081538_HH_5/ship_patches_uint8/NovaSAR_01_53772_grd_13_240426_081538_HH_5_patch_1_Cargo_uint8.tif,Cargo,2,file,NovaSAR_dataset/2tfa6x37oerz2lyiw6hp47058/Data/NovaSAR_01_53772_grd_13_240426_081538_HH_5/ship_patches_uint8/NovaSAR_01_53772_grd_13_240426_081538_HH_5_patch_1_Cargo_uint8.tif,333060,78abc37f76522abef0b439acc58de9569f7f0029f1e0ec02adf760a925fd130f
2tfa6x37oerz2lyiw6hp47058/Data/NovaSAR_01_53772_grd_13_240426_081538_HH_5/ship_patches_uint8/NovaSAR_01_53772_grd_13_240426_081538_HH_5_patch_22_Cargo_uint8.tif,Cargo,2,file,NovaSAR_dataset/2tfa6x37oerz2lyiw6hp47058/Data/NovaSAR_01_53772_grd_13_240426_081538_HH_5/ship_patches_uint8/NovaSAR_01_53772_grd_13_240426_081538_HH_5_patch_22_Cargo_uint8.tif,336462,4fc4aad2b05c439da6a32dc253261da1666bd184cf3f995e02c5811a62d2c1d0
2tfa6x37oerz2lyiw6hp47058/Data/NovaSAR_01_53772_grd_13_240426_081544_HH_6/ship_patches_uint8/NovaSAR_01_53772_grd_13_240426_081544_HH_6_patch_1_Cargo_uint8.tif,Cargo,2,file,NovaSAR_dataset/2tfa6x37oerz2lyiw6hp47058/Data/NovaSAR_01_53772_grd_13_240426_081544_HH_6/ship_patches_uint8/NovaSAR_01_53772_grd_13_240426_081544_HH_6_patch_1_Cargo_uint8.tif,332189,a418daa8d3703de6521b9e0079b9bb05f3de1cbcf39c4e4b863b6fbc50239111
2tfa6x37oerz2lyiw6hp47058/Data/NovaSAR_01_53772_grd_13_240426_081544_HH_6/ship_patches_uint8/NovaSAR_01_53772_grd_13_240426_081544_HH_6_patch_7_Cargo_uint8.tif,Cargo,2,file,NovaSAR_dataset/2tfa6x37oerz2lyiw6hp47058/Data/NovaSAR_01_53772_grd_13_240426_081544_HH_6/ship_patches_uint8/NovaSAR_01_53772_grd_13_240426_081544_HH_6_patch_7_Cargo_uint8.tif,281393,d9c6d14bb4d802d1b3573d160dfb09c3593a6d348d71956d861a2a55d36401d9
2tfa6x37oerz2lyiw6hp47058/Data/NovaSAR_01_53772_grd_13_240426_081550_HH_7/ship_patches_uint8/NovaSAR_01_53772_grd_13_240426_081550_HH_7_patch_1_Cargo_uint8.tif,Cargo,2,file,NovaSAR_dataset/2tfa6x37oerz2lyiw6hp47058/Data/NovaSAR_01_53772_grd_13_240426_081550_HH_7/ship_patches_uint8/NovaSAR_01_53772_grd_13_240426_081550_HH_7_patch_1_Cargo_uint8.tif,319658,971ab945ca54ee3de07234dcb6644d5e4e4ac77676fac253c740bb427b380621
2tfa6x37oerz2lyiw6hp47058/Data/NovaSAR_01_53772_grd_13_240426_081555_HH_8/ship_patches_uint8/NovaSAR_01_53772_grd_13_240426_081555_HH_8_patch_1_Tanker_uint8.tif,Tanker,0,file,NovaSAR_dataset/2tfa6x37oerz2lyiw6hp47058/Data/NovaSAR_01_53772_grd_13_240426_081555_HH_8/ship_patches_uint8/NovaSAR_01_53772_grd_13_240426_081555_HH_8_patch_1_Tanker_uint8.tif,334865,aec258d38e00f16bdc4d4a03d75b6bef1becbd8c5aea5b2ae183c74eed379b71
2tfa6x37oerz2lyiw6hp47058/Data/NovaSAR_01_53772_grd_13_240426_081555_HH_8/ship_patches_uint8/NovaSAR_01_53772_grd_13_240426_081555_HH_8_patch_2_Cargo_uint8.tif,Cargo,2,file,NovaSAR_dataset/2tfa6x37oerz2lyiw6hp47058/Data/NovaSAR_01_53772_grd_13_240426_081555_HH_8/ship_patches_uint8/NovaSAR_01_53772_grd_13_240426_081555_HH_8_patch_2_Cargo_uint8.tif,289364,7d2e2d20922a79affb814a2453339224f264810cd9c8e681b69eaebd46a582bf
2tfa6x37oerz2lyiw6hp47058/Data/NovaSAR_01_53772_grd_13_240426_081555_HH_8/ship_patches_uint8/NovaSAR_01_53772_grd_13_240426_081555_HH_8_patch_3_Cargo_uint8.tif,Cargo,2,file,NovaSAR_dataset/2tfa6x37oerz2lyiw6hp47058/Data/NovaSAR_01_53772_grd_13_240426_081555_HH_8/ship_patches_uint8/NovaSAR_01_53772_grd_13_240426_081555_HH_8_patch_3_Cargo_uint8.tif,302427,182bbfe12fc2a3ac7f581c436902575e6e522069606cd9796932d2d81a913326
2tfa6x37oerz2lyiw6hp47058/Data/NovaSAR_01_53772_grd_13_240426_081601_HH_9/ship_patches_uint8/NovaSAR_01_53772_grd_13_240426_081601_HH_9_patch_1_Tanker_uint8.tif,Tanker,0,file,NovaSAR_dataset/2tfa6x37oerz2lyiw6hp47058/Data/NovaSAR_01_53772_grd_13_240426_081601_HH_9/ship_patches_uint8/NovaSAR_01_53772_grd_13_240426_081601_HH_9_patch_1_Tanker_uint8.tif,251049,2ee5907083e8ca7f9ff52c47703898677e7baa28c26315b3772d1bd1d1a7f50b
2tfa6x37oerz2lyiw6hp47058/Data/NovaSAR_01_53772_grd_13_240426_081601_HH_9/ship_patches_uint8/NovaSAR_01_53772_grd_13_240426_081601_HH_9_patch_3_Tanker_uint8.tif,Tanker,0,file,NovaSAR_dataset/2tfa6x37oerz2lyiw6hp47058/Data/NovaSAR_01_53772_grd_13_240426_081601_HH_9/ship_patches_uint8/NovaSAR_01_53772_grd_13_240426_081601_HH_9_patch_3_Tanker_uint8.tif,308028,d0dea09fcd2991a4e41c2d850a5339cd21b2b8c99520ff81aada1d303d512394
2tfa6x37oerz2lyiw6hp47058/Data/NovaSAR_01_53772_grd_13_240426_081601_HH_9/ship_patches_uint8/NovaSAR_01_53772_grd_13_240426_081601_HH_9_patch_4_Cargo_uint8.tif,Cargo,2,file,NovaSAR_dataset/2tfa6x37oerz2lyiw6hp47058/Data/NovaSAR_01_53772_grd_13_240426_081601_HH_9/ship_patches_uint8/NovaSAR_01_53772_grd_13_240426_081601_HH_9_patch_4_Cargo_uint8.tif,317716,052eb62c6f4688006e9b82ce8840079d2fd04b5b421496ecabd0f0ee93e4109e
2tfa6x37oerz2lyiw6hp47058/Data/NovaSAR_01_53772_grd_13_240426_081601_HH_9/ship_patches_uint8/NovaSAR_01_53772_grd_13_240426_081601_HH_9_patch_5_Cargo_uint8.tif,Cargo,2,file,NovaSAR_dataset/2tfa6x37oerz2lyiw6hp47058/Data/NovaSAR_01_53772_grd_13_240426_081601_HH_9/ship_patches_uint8/NovaSAR_01_53772_grd_13_240426_081601_HH_9_patch_5_Cargo_uint8.tif,323730,166eaedd896075cd883c7fde9970f23b05108b7642f02445d755f680edc63931
2tfa6x37oerz2lyiw6hp47058/Data/NovaSAR_01_53772_grd_13_240426_081606_HH_10/ship_patches_uint8/NovaSAR_01_53772_grd_13_240426_081606_HH_10_patch_10_Tanker_uint8.tif,Tanker,0,file,NovaSAR_dataset/2tfa6x37oerz2lyiw6hp47058/Data/NovaSAR_01_53772_grd_13_240426_081606_HH_10/ship_patches_uint8/NovaSAR_01_53772_grd_13_240426_081606_HH_10_patch_10_Tanker_uint8.tif,235237,cb1ceb62442293b4395cafb4eeab4e52b6539c7d84cd23740468bf566b0cf050
2tfa6x37oerz2lyiw6hp47058/Data/NovaSAR_01_53772_grd_13_240426_081606_HH_10/ship_patches_uint8/NovaSAR_01_53772_grd_13_240426_081606_HH_10_patch_1_Tanker_uint8.tif,Tanker,0,file,NovaSAR_dataset/2tfa6x37oerz2lyiw6hp47058/Data/NovaSAR_01_53772_grd_13_240426_081606_HH_10/ship_patches_uint8/NovaSAR_01_53772_grd_13_240426_081606_HH_10_patch_1_Tanker_uint8.tif,295610,43a93f98b51998ea7ea40743bbf9b027ed6e582a78f1b8ecc6b9ef5dd163a2ff
2tfa6x37oerz2lyiw6hp47058/Data/NovaSAR_01_53772_grd_13_240426_081606_HH_10/ship_patches_uint8/NovaSAR_01_53772_grd_13_240426_081606_HH_10_patch_2_Tanker_uint8.tif,Tanker,0,file,NovaSAR_dataset/2tfa6x37oerz2lyiw6hp47058/Data/NovaSAR_01_53772_grd_13_240426_081606_HH_10/ship_patches_uint8/NovaSAR_01_53772_grd_13_240426_081606_HH_10_patch_2_Tanker_uint8.tif,311937,f75ebe66244da927a2edb447b7eb39f46a41078d3e6eface6aba797184ad6b58
2tfa6x37oerz2lyiw6hp47058/Data/NovaSAR_01_53772_grd_13_240426_081606_HH_10/ship_patches_uint8/NovaSAR_01_53772_grd_13_240426_081606_HH_10_patch_3_Cargo_uint8.tif,Cargo,2,file,NovaSAR_dataset/2tfa6x37oerz2lyiw6hp47058/Data/NovaSAR_01_53772_grd_13_240426_081606_HH_10/ship_patches_uint8/NovaSAR_01_53772_grd_13_240426_081606_HH_10_patch_3_Cargo_uint8.tif,303255,442400f8c1f056954c1e9d7a6ab9413ec3f6fcdb600d5a9057dd5b7754ed6812
2tfa6x37oerz2lyiw6hp47058/Data/NovaSAR_01_53772_grd_13_240426_081606_HH_10/ship_patches_uint8/NovaSAR_01_53772_grd_13_240426_081606_HH_10_patch_4_Cargo_uint8.tif,Cargo,2,file,NovaSAR_dataset/2tfa6x37oerz2lyiw6hp47058/Data/NovaSAR_01_53772_grd_13_240426_081606_HH_10/ship_patches_uint8/NovaSAR_01_53772_grd_13_240426_081606_HH_10_patch_4_Cargo_uint8.tif,337101,d6d8c230ed08d6848a02c43765b6718ae5aa0878efc99f88f625db79084f8e01
2tfa6x37oerz2lyiw6hp47058/Data/NovaSAR_01_53772_grd_13_240426_081606_HH_10/ship_patches_uint8/NovaSAR_01_53772_grd_13_240426_081606_HH_10_patch_6_Tanker_uint8.tif,Tanker,0,file,NovaSAR_dataset/2tfa6x37oerz2lyiw6hp47058/Data/NovaSAR_01_53772_grd_13_240426_081606_HH_10/ship_patches_uint8/NovaSAR_01_53772_grd_13_240426_081606_HH_10_patch_6_Tanker_uint8.tif,295803,b96dd335ca11d63badb8b824ba1c506137d9a03cce772bd0f15648a6b29f1869
2tfa6x37oerz2lyiw6hp47058/Data/NovaSAR_01_53772_grd_13_240426_081606_HH_10/ship_patches_uint8/NovaSAR_01_53772_grd_13_240426_081606_HH_10_patch_7_Cargo_uint8.tif,Cargo,2,file,NovaSAR_dataset/2tfa6x37oerz2lyiw6hp47058/Data/NovaSAR_01_53772_grd_13_240426_081606_HH_10/ship_patches_uint8/NovaSAR_01_53772_grd_13_240426_081606_HH_10_patch_7_Cargo_uint8.tif,311907,d4fa2f8934d23236d13299ff34513e377b2ee4a0ed81bd242ff1229ef5d9e7b2
2tfa6x37oerz2lyiw6hp47058/Data/NovaSAR_01_53772_grd_13_240426_081606_HH_10/ship_patches_uint8/NovaSAR_01_53772_grd_13_240426_081606_HH_10_patch_8_Tanker_uint8.tif,Tanker,0,file,NovaSAR_dataset/2tfa6x37oerz2lyiw6hp47058/Data/NovaSAR_01_53772_grd_13_240426_081606_HH_10/ship_patches_uint8/NovaSAR_01_53772_grd_13_240426_081606_HH_10_patch_8_Tanker_uint8.tif,324105,2bcc995818159f6dbf1956ff79b01263edddfa2d8177b2022681798a944e0c91
2tfa6x37oerz2lyiw6hp47058/Data/NovaSAR_01_53772_grd_13_240426_081606_HH_10/ship_patches_uint8/NovaSAR_01_53772_grd_13_240426_081606_HH_10_patch_9_Tanker_uint8.tif,Tanker,0,file,NovaSAR_dataset/2tfa6x37oerz2lyiw6hp47058/Data/NovaSAR_01_53772_grd_13_240426_081606_HH_10/ship_patches_uint8/NovaSAR_01_53772_grd_13_240426_081606_HH_10_patch_9_Tanker_uint8.tif,311358,73b7897c5aa1e234404363044af7931093dcad62c14161b653ed894cb4d42074
2tfa6x37oerz2lyiw6hp47058/Data/NovaSAR_01_53772_grd_13_240426_081612_HH_11/ship_patches_uint8/NovaSAR_01_53772_grd_13_240426_081612_HH_11_patch_1_Cargo_uint8.tif,Cargo,2,file,NovaSAR_dataset/2tfa6x37oerz2lyiw6hp47058/Data/NovaSAR_01_53772_grd_13_240426_081612_HH_11/ship_patches_uint8/NovaSAR_01_53772_grd_13_240426_081612_HH_11_patch_1_Cargo_uint8.tif,332588,908603be5af953c07dc4f2f117d9e397129d197cdf29cf40e170f46bd632de19
2tfa6x37oerz2lyiw6hp47058/Data/NovaSAR_01_53789_grd_13_240427_082102_HH_2/ship_patches_uint8/NovaSAR_01_53789_grd_13_240427_082102_HH_2_patch_1_Tanker_uint8.tif,Tanker,0,file,NovaSAR_dataset/2tfa6x37oerz2lyiw6hp47058/Data/NovaSAR_01_53789_grd_13_240427_082102_HH_2/ship_patches_uint8/NovaSAR_01_53789_grd_13_240427_082102_HH_2_patch_1_Tanker_uint8.tif,280443,3dd0b55afbde5c533432f6963dcfc690ffee81a6eab1dde74cafc9cf858ff2e6
2tfa6x37oerz2lyiw6hp47058/Data/NovaSAR_01_53789_grd_13_240427_082102_HH_2/ship_patches_uint8/NovaSAR_01_53789_grd_13_240427_082102_HH_2_patch_2_Cargo_uint8.tif,Cargo,2,file,NovaSAR_dataset/2tfa6x37oerz2lyiw6hp47058/Data/NovaSAR_01_53789_grd_13_240427_082102_HH_2/ship_patches_uint8/NovaSAR_01_53789_grd_13_240427_082102_HH_2_patch_2_Cargo_uint8.tif,337354,e40dc6141a8e9438826748ba6f50f24d0131d64c55772d102dca6e78204e52de
2tfa6x37oerz2lyiw6hp47058/Data/NovaSAR_01_53789_grd_13_240427_082108_HH_3/ship_patches_uint8/NovaSAR_01_53789_grd_13_240427_082108_HH_3_patch_1_Tanker_uint8.tif,Tanker,0,file,NovaSAR_dataset/2tfa6x37oerz2lyiw6hp47058/Data/NovaSAR_01_53789_grd_13_240427_082108_HH_3/ship_patches_uint8/NovaSAR_01_53789_grd_13_240427_082108_HH_3_patch_1_Tanker_uint8.tif,314792,b0cc232458533073780135460aeccb2b14c68358c773b8e6a2cb62fe07170be9
2tfa6x37oerz2lyiw6hp47058/Data/NovaSAR_01_53789_grd_13_240427_082108_HH_3/ship_patches_uint8/NovaSAR_01_53789_grd_13_240427_082108_HH_3_patch_3_Cargo_uint8.tif,Cargo,2,file,NovaSAR_dataset/2tfa6x37oerz2lyiw6hp47058/Data/NovaSAR_01_53789_grd_13_240427_082108_HH_3/ship_patches_uint8/NovaSAR_01_53789_grd_13_240427_082108_HH_3_patch_3_Cargo_uint8.tif,338905,96c738d74e83b99f684d427e82c0f71d7a3f3cf178c293a3e168f5be7857c786
2tfa6x37oerz2lyiw6hp47058/Data/NovaSAR_01_53789_grd_13_240427_082130_HH_7/ship_patches_uint8/NovaSAR_01_53789_grd_13_240427_082130_HH_7_patch_1_Tanker_uint8.tif,Tanker,0,file,NovaSAR_dataset/2tfa6x37oerz2lyiw6hp47058/Data/NovaSAR_01_53789_grd_13_240427_082130_HH_7/ship_patches_uint8/NovaSAR_01_53789_grd_13_240427_082130_HH_7_patch_1_Tanker_uint8.tif,312702,ae9e783b8b52ff78cdc716c09168683907956e86b61869727977817bc0cdff8e
2tfa6x37oerz2lyiw6hp47058/Data/NovaSAR_01_53789_grd_13_240427_082130_HH_7/ship_patches_uint8/NovaSAR_01_53789_grd_13_240427_082130_HH_7_patch_3_Fishing_uint8.tif,Fishing,1,file,NovaSAR_dataset/2tfa6x37oerz2lyiw6hp47058/Data/NovaSAR_01_53789_grd_13_240427_082130_HH_7/ship_patches_uint8/NovaSAR_01_53789_grd_13_240427_082130_HH_7_patch_3_Fishing_uint8.tif,326354,8efdcc34496ea8321f05643006f1088a3a761e1b17c315153bdb5ddf8321dae2
2tfa6x37oerz2lyiw6hp47058/Data/NovaSAR_01_53789_grd_13_240427_082147_HH_10/ship_patches_uint8/NovaSAR_01_53789_grd_13_240427_082147_HH_10_patch_1_Cargo_uint8.tif,Cargo,2,file,NovaSAR_dataset/2tfa6x37oerz2lyiw6hp47058/Data/NovaSAR_01_53789_grd_13_240427_082147_HH_10/ship_patches_uint8/NovaSAR_01_53789_grd_13_240427_082147_HH_10_patch_1_Cargo_uint8.tif,335097,3adc8eff178a44919a6ae5bde0dfbb0da681ba569c4bc971a0ca4cbe65651525
2tfa6x37oerz2lyiw6hp47058/Data/NovaSAR_01_53789_grd_13_240427_082158_HH_12/ship_patches_uint8/NovaSAR_01_53789_grd_13_240427_082158_HH_12_patch_1_Tanker_uint8.tif,Tanker,0,file,NovaSAR_dataset/2tfa6x37oerz2lyiw6hp47058/Data/NovaSAR_01_53789_grd_13_240427_082158_HH_12/ship_patches_uint8/NovaSAR_01_53789_grd_13_240427_082158_HH_12_patch_1_Tanker_uint8.tif,333389,ad07cd768a579ecc5c9a5ae0382ebf39b7170c4f57496560e1cadf5fcae100b5
2tfa6x37oerz2lyiw6hp47058/Data/NovaSAR_01_53789_grd_13_240427_082204_HH_13/ship_patches_uint8/NovaSAR_01_53789_grd_13_240427_082204_HH_13_patch_1_Fishing_uint8.tif,Fishing,1,file,NovaSAR_dataset/2tfa6x37oerz2lyiw6hp47058/Data/NovaSAR_01_53789_grd_13_240427_082204_HH_13/ship_patches_uint8/NovaSAR_01_53789_grd_13_240427_082204_HH_13_patch_1_Fishing_uint8.tif,335942,70644436be33d11a4d686dba075f8aa59ab69f54490765fbc3d6f9c31d757449
2tfa6x37oerz2lyiw6hp47058/Data/NovaSAR_01_53789_grd_13_240427_082204_HH_13/ship_patches_uint8/NovaSAR_01_53789_grd_13_240427_082204_HH_13_patch_2_Fishing_uint8.tif,Fishing,1,file,NovaSAR_dataset/2tfa6x37oerz2lyiw6hp47058/Data/NovaSAR_01_53789_grd_13_240427_082204_HH_13/ship_patches_uint8/NovaSAR_01_53789_grd_13_240427_082204_HH_13_patch_2_Fishing_uint8.tif,336058,9f0a80e26492448f59a80acefb45f20e452008727579e05ec38354ded991cee0
2tfa6x37oerz2lyiw6hp47058/Data/NovaSAR_01_53804_grd_13_240428_082652_HH_3/ship_patches_uint8/NovaSAR_01_53804_grd_13_240428_082652_HH_3_patch_1_Cargo_uint8.tif,Cargo,2,file,NovaSAR_dataset/2tfa6x37oerz2lyiw6hp47058/Data/NovaSAR_01_53804_grd_13_240428_082652_HH_3/ship_patches_uint8/NovaSAR_01_53804_grd_13_240428_082652_HH_3_patch_1_Cargo_uint8.tif,336946,33224e040f4702998f9abd4b1f0a420e650477250816ced36338fe1a2808fb78
2tfa6x37oerz2lyiw6hp47058/Data/NovaSAR_01_53804_grd_13_240428_082652_HH_3/ship_patches_uint8/NovaSAR_01_53804_grd_13_240428_082652_HH_3_patch_5_Cargo_uint8.tif,Cargo,2,file,NovaSAR_dataset/2tfa6x37oerz2lyiw6hp47058/Data/NovaSAR_01_53804_grd_13_240428_082652_HH_3/ship_patches_uint8/NovaSAR_01_53804_grd_13_240428_082652_HH_3_patch_5_Cargo_uint8.tif,335435,27e8f92eb0d58bba1595335005009cb1cf19da6682f2f53d8d17f68f5126315e
2tfa6x37oerz2lyiw6hp47058/Data/NovaSAR_01_53804_grd_13_240428_082652_HH_3/ship_patches_uint8/NovaSAR_01_53804_grd_13_240428_082652_HH_3_patch_7_Cargo_uint8.tif,Cargo,2,file,NovaSAR_dataset/2tfa6x37oerz2lyiw6hp47058/Data/NovaSAR_01_53804_grd_13_240428_082652_HH_3/ship_patches_uint8/NovaSAR_01_53804_grd_13_240428_082652_HH_3_patch_7_Cargo_uint8.tif,337278,ca07cfb1d05330c5f9d53ae9c9d1a34f6105dd1cadbfb5c46f14be12d1ed2a76
2tfa6x37oerz2lyiw6hp47058/Data/NovaSAR_01_53804_grd_13_240428_082737_HH_11/ship_patches_uint8/NovaSAR_01_53804_grd_13_240428_082737_HH_11_patch_1_Fishing_uint8.tif,Fishing,1,file,NovaSAR_dataset/2tfa6x37oerz2lyiw6hp47058/Data/NovaSAR_01_53804_grd_13_240428_082737_HH_11/ship_patches_uint8/NovaSAR_01_53804_grd_13_240428_082737_HH_11_patch_1_Fishing_uint8.tif,336304,dcb2e6ec07b46f25e100a84d4f150499628ebc6a0274b52294a7e31a0274fb73
2tfa6x37oerz2lyiw6hp47058/Data/NovaSAR_01_53804_grd_13_240428_082737_HH_11/ship_patches_uint8/NovaSAR_01_53804_grd_13_240428_082737_HH_11_patch_2_Fishing_uint8.tif,Fishing,1,file,NovaSAR_dataset/2tfa6x37oerz2lyiw6hp47058/Data/NovaSAR_01_53804_grd_13_240428_082737_HH_11/ship_patches_uint8/NovaSAR_01_53804_grd_13_240428_082737_HH_11_patch_2_Fishing_uint8.tif,335465,aee464f43a0a545306a06b44810a4124e6bfb79a28242e4cce3db13ec218dc31
2tfa6x37oerz2lyiw6hp47058/Data/NovaSAR_01_53804_grd_13_240428_082742_HH_12/ship_patches_uint8/NovaSAR_01_53804_grd_13_240428_082742_HH_12_patch_1_Cargo_uint8.tif,Cargo,2,file,NovaSAR_dataset/2tfa6x37oerz2lyiw6hp47058/Data/NovaSAR_01_53804_grd_13_240428_082742_HH_12/ship_patches_uint8/NovaSAR_01_53804_grd_13_240428_082742_HH_12_patch_1_Cargo_uint8.tif,332486,c34d291632390cf12c48404a55fc3238cfa45195fc0303b87295f4644480c747
2tfa6x37oerz2lyiw6hp47058/Data/NovaSAR_01_53804_grd_13_240428_082742_HH_12/ship_patches_uint8/NovaSAR_01_53804_grd_13_240428_082742_HH_12_patch_2_Tanker_uint8.tif,Tanker,0,file,NovaSAR_dataset/2tfa6x37oerz2lyiw6hp47058/Data/NovaSAR_01_53804_grd_13_240428_082742_HH_12/ship_patches_uint8/NovaSAR_01_53804_grd_13_240428_082742_HH_12_patch_2_Tanker_uint8.tif,331474,ed1e66bd7d86155804284eb2bdfccf95d6f1ae8820d3ab4e9b571a893adff357
2tfa6x37oerz2lyiw6hp47058/Data/NovaSAR_01_53804_grd_13_240428_082742_HH_12/ship_patches_uint8/NovaSAR_01_53804_grd_13_240428_082742_HH_12_patch_3_Tanker_uint8.tif,Tanker,0,file,NovaSAR_dataset/2tfa6x37oerz2lyiw6hp47058/Data/NovaSAR_01_53804_grd_13_240428_082742_HH_12/ship_patches_uint8/NovaSAR_01_53804_grd_13_240428_082742_HH_12_patch_3_Tanker_uint8.tif,328284,998aca9fe9abb9de078b252ed85d6bb8500aecb744dbfd51572f774d1b9169c1
2tfa6x37oerz2lyiw6hp47058/Data/NovaSAR_01_53804_grd_13_240428_082742_HH_12/ship_patches_uint8/NovaSAR_01_53804_grd_13_240428_082742_HH_12_patch_4_Fishing_uint8.tif,Fishing,1,file,NovaSAR_dataset/2tfa6x37oerz2lyiw6hp47058/Data/NovaSAR_01_53804_grd_13_240428_082742_HH_12/ship_patches_uint8/NovaSAR_01_53804_grd_13_240428_082742_HH_12_patch_4_Fishing_uint8.tif,333162,de5f9d40afc8f22b40f279eae64c40276781b866e1b3a6ac0791dc6733449a88
2tfa6x37oerz2lyiw6hp47058/Data/NovaSAR_01_53822_grd_13_240429_083302_HH_6/ship_patches_uint8/NovaSAR_01_53822_grd_13_240429_083302_HH_6_patch_14_Fishing_uint8.tif,Fishing,1,file,NovaSAR_dataset/2tfa6x37oerz2lyiw6hp47058/Data/NovaSAR_01_53822_grd_13_240429_083302_HH_6/ship_patches_uint8/NovaSAR_01_53822_grd_13_240429_083302_HH_6_patch_14_Fishing_uint8.tif,324852,6be7a70e68c1a2ecf31d8edc187ff3e5b2ea0e02029217f9d64d59fa897f26ec
2tfa6x37oerz2lyiw6hp47058/Data/NovaSAR_01_53822_grd_13_240429_083302_HH_6/ship_patches_uint8/NovaSAR_01_53822_grd_13_240429_083302_HH_6_patch_16_Fishing_uint8.tif,Fishing,1,file,NovaSAR_dataset/2tfa6x37oerz2lyiw6hp47058/Data/NovaSAR_01_53822_grd_13_240429_083302_HH_6/ship_patches_uint8/NovaSAR_01_53822_grd_13_240429_083302_HH_6_patch_16_Fishing_uint8.tif,324443,7eb600c830ca657275571bbcd959249d4e52cab1e39cb8c4079e5c2c8c408a99
2tfa6x37oerz2lyiw6hp47058/Data/NovaSAR_01_53822_grd_13_240429_083302_HH_6/ship_patches_uint8/NovaSAR_01_53822_grd_13_240429_083302_HH_6_patch_18_Fishing_uint8.tif,Fishing,1,file,NovaSAR_dataset/2tfa6x37oerz2lyiw6hp47058/Data/NovaSAR_01_53822_grd_13_240429_083302_HH_6/ship_patches_uint8/NovaSAR_01_53822_grd_13_240429_083302_HH_6_patch_18_Fishing_uint8.tif,327033,417267e6c1938fe74903d44f9bcfb96d87456aa90a4e1fe988cfd90ee5aa1038
2tfa6x37oerz2lyiw6hp47058/Data/NovaSAR_01_53822_grd_13_240429_083302_HH_6/ship_patches_uint8/NovaSAR_01_53822_grd_13_240429_083302_HH_6_patch_20_Fishing_uint8.tif,Fishing,1,file,NovaSAR_dataset/2tfa6x37oerz2lyiw6hp47058/Data/NovaSAR_01_53822_grd_13_240429_083302_HH_6/ship_patches_uint8/NovaSAR_01_53822_grd_13_240429_083302_HH_6_patch_20_Fishing_uint8.tif,326400,ba42d9c83685bd0fd01f7d405b50ef37f0dc72399bb02b8d73050693c482e507
2tfa6x37oerz2lyiw6hp47058/Data/NovaSAR_01_53845_grd_13_240430_083817_HH_3/ship_patches_uint8/NovaSAR_01_53845_grd_13_240430_083817_HH_3_patch_2_Cargo_uint8.tif,Cargo,2,file,NovaSAR_dataset/2tfa6x37oerz2lyiw6hp47058/Data/NovaSAR_01_53845_grd_13_240430_083817_HH_3/ship_patches_uint8/NovaSAR_01_53845_grd_13_240430_083817_HH_3_patch_2_Cargo_uint8.tif,333572,fd98ae53ad8ee73c30b46bda451acd732ef9364e5be798fcddd46f0e006f47f8
2tfa6x37oerz2lyiw6hp47058/Data/NovaSAR_01_53845_grd_13_240430_083817_HH_3/ship_patches_uint8/NovaSAR_01_53845_grd_13_240430_083817_HH_3_patch_5_Tanker_uint8.tif,Tanker,0,file,NovaSAR_dataset/2tfa6x37oerz2lyiw6hp47058/Data/NovaSAR_01_53845_grd_13_240430_083817_HH_3/ship_patches_uint8/NovaSAR_01_53845_grd_13_240430_083817_HH_3_patch_5_Tanker_uint8.tif,335930,573b74b1aec47ca4ebcc50e9c326dabd8c32e5d826bc483ef438114150ce0f14
2tfa6x37oerz2lyiw6hp47058/Data/NovaSAR_01_53845_grd_13_240430_083822_HH_4/ship_patches_uint8/NovaSAR_01_53845_grd_13_240430_083822_HH_4_patch_2_Cargo_uint8.tif,Cargo,2,file,NovaSAR_dataset/2tfa6x37oerz2lyiw6hp47058/Data/NovaSAR_01_53845_grd_13_240430_083822_HH_4/ship_patches_uint8/NovaSAR_01_53845_grd_13_240430_083822_HH_4_patch_2_Cargo_uint8.tif,334993,2d4d8e4f0c4eb779521ba400c4ac75b4a58a909c13b87c8c20e9391ee6f307e4
2tfa6x37oerz2lyiw6hp47058/Data/NovaSAR_01_53845_grd_13_240430_083822_HH_4/ship_patches_uint8/NovaSAR_01_53845_grd_13_240430_083822_HH_4_patch_4_Tanker_uint8.tif,Tanker,0,file,NovaSAR_dataset/2tfa6x37oerz2lyiw6hp47058/Data/NovaSAR_01_53845_grd_13_240430_083822_HH_4/ship_patches_uint8/NovaSAR_01_53845_grd_13_240430_083822_HH_4_patch_4_Tanker_uint8.tif,335929,20b8a055149d8567a07e90f4fdaed448d10eee2ab8fb5190da026327a0a802d6
2tfa6x37oerz2lyiw6hp47058/Data/NovaSAR_01_53845_grd_13_240430_083828_HH_5/ship_patches_uint8/NovaSAR_01_53845_grd_13_240430_083828_HH_5_patch_14_Tanker_uint8.tif,Tanker,0,file,NovaSAR_dataset/2tfa6x37oerz2lyiw6hp47058/Data/NovaSAR_01_53845_grd_13_240430_083828_HH_5/ship_patches_uint8/NovaSAR_01_53845_grd_13_240430_083828_HH_5_patch_14_Tanker_uint8.tif,335616,41bba0eb1b13ae82a919d86e4d2ea4fbf1b10cfb45eeb9c29beb5408abbc8fb9
2tfa6x37oerz2lyiw6hp47058/Data/NovaSAR_01_53845_grd_13_240430_083828_HH_5/ship_patches_uint8/NovaSAR_01_53845_grd_13_240430_083828_HH_5_patch_15_Cargo_uint8.tif,Cargo,2,file,NovaSAR_dataset/2tfa6x37oerz2lyiw6hp47058/Data/NovaSAR_01_53845_grd_13_240430_083828_HH_5/ship_patches_uint8/NovaSAR_01_53845_grd_13_240430_083828_HH_5_patch_15_Cargo_uint8.tif,334321,aacef39715363872db1494a447f71ec361bb4e51a740d944ce4383b2b085384f
2tfa6x37oerz2lyiw6hp47058/Data/NovaSAR_01_53845_grd_13_240430_083828_HH_5/ship_patches_uint8/NovaSAR_01_53845_grd_13_240430_083828_HH_5_patch_17_Cargo_uint8.tif,Cargo,2,file,NovaSAR_dataset/2tfa6x37oerz2lyiw6hp47058/Data/NovaSAR_01_53845_grd_13_240430_083828_HH_5/ship_patches_uint8/NovaSAR_01_53845_grd_13_240430_083828_HH_5_patch_17_Cargo_uint8.tif,321630,0104ce7bf29320aa8f10651f3b13d5c4803e4dd265c8d5a4828e4037fa289eb0
2tfa6x37oerz2lyiw6hp47058/Data/NovaSAR_01_53845_grd_13_240430_083828_HH_5/ship_patches_uint8/NovaSAR_01_53845_grd_13_240430_083828_HH_5_patch_2_Tanker_uint8.tif,Tanker,0,file,NovaSAR_dataset/2tfa6x37oerz2lyiw6hp47058/Data/NovaSAR_01_53845_grd_13_240430_083828_HH_5/ship_patches_uint8/NovaSAR_01_53845_grd_13_240430_083828_HH_5_patch_2_Tanker_uint8.tif,334317,e800994138d8358e38a8e61a9521d3d982407338247d2bdf912aa8faef305b52
2tfa6x37oerz2lyiw6hp47058/Data/NovaSAR_01_53845_grd_13_240430_083828_HH_5/ship_patches_uint8/NovaSAR_01_53845_grd_13_240430_083828_HH_5_patch_4_Tanker_uint8.tif,Tanker,0,file,NovaSAR_dataset/2tfa6x37oerz2lyiw6hp47058/Data/NovaSAR_01_53845_grd_13_240430_083828_HH_5/ship_patches_uint8/NovaSAR_01_53845_grd_13_240430_083828_HH_5_patch_4_Tanker_uint8.tif,335681,565cc2663472608216e789bdf0abf7cf851d3a588221b781abfa6ef098f64d74
2tfa6x37oerz2lyiw6hp47058/Data/NovaSAR_01_53845_grd_13_240430_083828_HH_5/ship_patches_uint8/NovaSAR_01_53845_grd_13_240430_083828_HH_5_patch_6_Tanker_uint8.tif,Tanker,0,file,NovaSAR_dataset/2tfa6x37oerz2lyiw6hp47058/Data/NovaSAR_01_53845_grd_13_240430_083828_HH_5/ship_patches_uint8/NovaSAR_01_53845_grd_13_240430_083828_HH_5_patch_6_Tanker_uint8.tif,334294,64db88622432add800a07225576a31a34307ca8c9515d36306c285d99dd04c40
2tfa6x37oerz2lyiw6hp47058/Data/NovaSAR_01_53845_grd_13_240430_083834_HH_6/ship_patches_uint8/NovaSAR_01_53845_grd_13_240430_083834_HH_6_patch_13_Cargo_uint8.tif,Cargo,2,file,NovaSAR_dataset/2tfa6x37oerz2lyiw6hp47058/Data/NovaSAR_01_53845_grd_13_240430_083834_HH_6/ship_patches_uint8/NovaSAR_01_53845_grd_13_240430_083834_HH_6_patch_13_Cargo_uint8.tif,332766,7db25480df80343892481f01db514f7ac2e60f516f7237e0abff5a5c320423a9
2tfa6x37oerz2lyiw6hp47058/Data/NovaSAR_01_53845_grd_13_240430_083834_HH_6/ship_patches_uint8/NovaSAR_01_53845_grd_13_240430_083834_HH_6_patch_17_Cargo_uint8.tif,Cargo,2,file,NovaSAR_dataset/2tfa6x37oerz2lyiw6hp47058/Data/NovaSAR_01_53845_grd_13_240430_083834_HH_6/ship_patches_uint8/NovaSAR_01_53845_grd_13_240430_083834_HH_6_patch_17_Cargo_uint8.tif,334189,1c745e09a75bd3e6e43176e3205c7d81f388300383db9ab6668a51b46f11bdc4
2tfa6x37oerz2lyiw6hp47058/Data/NovaSAR_01_53845_grd_13_240430_083834_HH_6/ship_patches_uint8/NovaSAR_01_53845_grd_13_240430_083834_HH_6_patch_20_Cargo_uint8.tif,Cargo,2,file,NovaSAR_dataset/2tfa6x37oerz2lyiw6hp47058/Data/NovaSAR_01_53845_grd_13_240430_083834_HH_6/ship_patches_uint8/NovaSAR_01_53845_grd_13_240430_083834_HH_6_patch_20_Cargo_uint8.tif,316191,400d1c082e2ff93feb9700c1b5d0fa64239de1974c7bd7afb11b98704359afaf
2tfa6x37oerz2lyiw6hp47058/Data/NovaSAR_01_53845_grd_13_240430_083834_HH_6/ship_patches_uint8/NovaSAR_01_53845_grd_13_240430_083834_HH_6_patch_27_Tanker_uint8.tif,Tanker,0,file,NovaSAR_dataset/2tfa6x37oerz2lyiw6hp47058/Data/NovaSAR_01_53845_grd_13_240430_083834_HH_6/ship_patches_uint8/NovaSAR_01_53845_grd_13_240430_083834_HH_6_patch_27_Tanker_uint8.tif,332685,1ce9a440a87bec50f83b53398034d222f4418e8be9fd5ef55f7429b2d95bcbba
2tfa6x37oerz2lyiw6hp47058/Data/NovaSAR_01_53845_grd_13_240430_083834_HH_6/ship_patches_uint8/NovaSAR_01_53845_grd_13_240430_083834_HH_6_patch_4_Cargo_uint8.tif,Cargo,2,file,NovaSAR_dataset/2tfa6x37oerz2lyiw6hp47058/Data/NovaSAR_01_53845_grd_13_240430_083834_HH_6/ship_patches_uint8/NovaSAR_01_53845_grd_13_240430_083834_HH_6_patch_4_Cargo_uint8.tif,333600,24f819008b91accc62359406beef77af8e5b149b552a4f1be212eb2b7abf1fcd
2tfa6x37oerz2lyiw6hp47058/Data/NovaSAR_01_53845_grd_13_240430_083840_HH_7/ship_patches_uint8/NovaSAR_01_53845_grd_13_240430_083840_HH_7_patch_3_Fishing_uint8.tif,Fishing,1,file,NovaSAR_dataset/2tfa6x37oerz2lyiw6hp47058/Data/NovaSAR_01_53845_grd_13_240430_083840_HH_7/ship_patches_uint8/NovaSAR_01_53845_grd_13_240430_083840_HH_7_patch_3_Fishing_uint8.tif,335413,9e529339912573ff5ea86e04686628cc5e1638df53aea00707a507e9cc1cd31a
2tfa6x37oerz2lyiw6hp47058/Data/NovaSAR_01_53845_grd_13_240430_083840_HH_7/ship_patches_uint8/NovaSAR_01_53845_grd_13_240430_083840_HH_7_patch_4_Cargo_uint8.tif,Cargo,2,file,NovaSAR_dataset/2tfa6x37oerz2lyiw6hp47058/Data/NovaSAR_01_53845_grd_13_240430_083840_HH_7/ship_patches_uint8/NovaSAR_01_53845_grd_13_240430_083840_HH_7_patch_4_Cargo_uint8.tif,332697,0a398ad9d992853e648123871c4bd35dc73b22c133293b8be46120115bc4415f
2tfa6x37oerz2lyiw6hp47058/Data/NovaSAR_01_53845_grd_13_240430_083845_HH_8/ship_patches_uint8/NovaSAR_01_53845_grd_13_240430_083845_HH_8_patch_1_Cargo_uint8.tif,Cargo,2,file,NovaSAR_dataset/2tfa6x37oerz2lyiw6hp47058/Data/NovaSAR_01_53845_grd_13_240430_083845_HH_8/ship_patches_uint8/NovaSAR_01_53845_grd_13_240430_083845_HH_8_patch_1_Cargo_uint8.tif,331446,127eb96037f591750df8345217ef86cf91f119247d08cec37100f16ca4c2ddfe
2tfa6x37oerz2lyiw6hp47058/Data/NovaSAR_01_53845_grd_13_240430_083845_HH_8/ship_patches_uint8/NovaSAR_01_53845_grd_13_240430_083845_HH_8_patch_2_Tanker_uint8.tif,Tanker,0,file,NovaSAR_dataset/2tfa6x37oerz2lyiw6hp47058/Data/NovaSAR_01_53845_grd_13_240430_083845_HH_8/ship_patches_uint8/NovaSAR_01_53845_grd_13_240430_083845_HH_8_patch_2_Tanker_uint8.tif,331580,b36eb0c5b8ec06c68fa0b8af330d091213573d71afce708d9e06b836e06553bd
2tfa6x37oerz2lyiw6hp47058/Data/NovaSAR_01_53845_grd_13_240430_083851_HH_9/ship_patches_uint8/NovaSAR_01_53845_grd_13_240430_083851_HH_9_patch_1_Tanker_uint8.tif,Tanker,0,file,NovaSAR_dataset/2tfa6x37oerz2lyiw6hp47058/Data/NovaSAR_01_53845_grd_13_240430_083851_HH_9/ship_patches_uint8/NovaSAR_01_53845_grd_13_240430_083851_HH_9_patch_1_Tanker_uint8.tif,266244,bb5e9245d7c4838abed14b81eacf698cb1e1534d2f2bb0d76e667e1fe443a2eb
2tfa6x37oerz2lyiw6hp47058/Data/NovaSAR_01_53845_grd_13_240430_083851_HH_9/ship_patches_uint8/NovaSAR_01_53845_grd_13_240430_083851_HH_9_patch_2_Fishing_uint8.tif,Fishing,1,file,NovaSAR_dataset/2tfa6x37oerz2lyiw6hp47058/Data/NovaSAR_01_53845_grd_13_240430_083851_HH_9/ship_patches_uint8/NovaSAR_01_53845_grd_13_240430_083851_HH_9_patch_2_Fishing_uint8.tif,336941,3476f717f6b767a2011d83d568597e21bf9eac8bba15b3d2c6ce0745b311a043
2tfa6x37oerz2lyiw6hp47058/Data/NovaSAR_01_53845_grd_13_240430_083851_HH_9/ship_patches_uint8/NovaSAR_01_53845_grd_13_240430_083851_HH_9_patch_3_Cargo_uint8.tif,Cargo,2,file,NovaSAR_dataset/2tfa6x37oerz2lyiw6hp47058/Data/NovaSAR_01_53845_grd_13_240430_083851_HH_9/ship_patches_uint8/NovaSAR_01_53845_grd_13_240430_083851_HH_9_patch_3_Cargo_uint8.tif,335607,772a4bcbfe903803306fe9e73d2a923aafd722c42315099f1ead7d613ee5cba9
2tfa6x37oerz2lyiw6hp47058/Data/NovaSAR_01_53845_grd_13_240430_083851_HH_9/ship_patches_uint8/NovaSAR_01_53845_grd_13_240430_083851_HH_9_patch_4_Fishing_uint8.tif,Fishing,1,file,NovaSAR_dataset/2tfa6x37oerz2lyiw6hp47058/Data/NovaSAR_01_53845_grd_13_240430_083851_HH_9/ship_patches_uint8/NovaSAR_01_53845_grd_13_240430_083851_HH_9_patch_4_Fishing_uint8.tif,337015,3f8f5a4f371e6acaa27ffa435e591c9fe97b9ddd309bef0447ab5c467990362d
2tfa6x37oerz2lyiw6hp47058/Data/NovaSAR_01_53845_grd_13_240430_083857_HH_10/ship_patches_uint8/NovaSAR_01_53845_grd_13_240430_083857_HH_10_patch_1_Cargo_uint8.tif,Cargo,2,file,NovaSAR_dataset/2tfa6x37oerz2lyiw6hp47058/Data/NovaSAR_01_53845_grd_13_240430_083857_HH_10/ship_patches_uint8/NovaSAR_01_53845_grd_13_240430_083857_HH_10_patch_1_Cargo_uint8.tif,328048,7b1ef65ff9d7ed43fdefe92697b1ca8566b1970ac13e6029a0ae011fb36a80fc
2tfa6x37oerz2lyiw6hp47058/Data/NovaSAR_01_53845_grd_13_240430_083857_HH_10/ship_patches_uint8/NovaSAR_01_53845_grd_13_240430_083857_HH_10_patch_2_Tanker_uint8.tif,Tanker,0,file,NovaSAR_dataset/2tfa6x37oerz2lyiw6hp47058/Data/NovaSAR_01_53845_grd_13_240430_083857_HH_10/ship_patches_uint8/NovaSAR_01_53845_grd_13_240430_083857_HH_10_patch_2_Tanker_uint8.tif,328558,1d54115d60ad7d755c88633bf67871605448edf3b5559d47b454daa84300e063
2tfa6x37oerz2lyiw6hp47058/Data/NovaSAR_01_53845_grd_13_240430_083902_HH_11/ship_patches_uint8/NovaSAR_01_53845_grd_13_240430_083902_HH_11_patch_13_Tanker_uint8.tif,Tanker,0,file,NovaSAR_dataset/2tfa6x37oerz2lyiw6hp47058/Data/NovaSAR_01_53845_grd_13_240430_083902_HH_11/ship_patches_uint8/NovaSAR_01_53845_grd_13_240430_083902_HH_11_patch_13_Tanker_uint8.tif,305439,3772cd71f5a65e0fdefb209b57c46eb23a6a860a63d908e00936919e6fc7f8c1
2tfa6x37oerz2lyiw6hp47058/Data/NovaSAR_01_53845_grd_13_240430_083902_HH_11/ship_patches_uint8/NovaSAR_01_53845_grd_13_240430_083902_HH_11_patch_2_Cargo_uint8.tif,Cargo,2,file,NovaSAR_dataset/2tfa6x37oerz2lyiw6hp47058/Data/NovaSAR_01_53845_grd_13_240430_083902_HH_11/ship_patches_uint8/NovaSAR_01_53845_grd_13_240430_083902_HH_11_patch_2_Cargo_uint8.tif,294480,cafefddd30cb446ff020da27cf072990c557d44370ee026a1cdaf25288302c6a
2tfa6x37oerz2lyiw6hp47058/Data/NovaSAR_01_53845_grd_13_240430_083902_HH_11/ship_patches_uint8/NovaSAR_01_53845_grd_13_240430_083902_HH_11_patch_4_Tanker_uint8.tif,Tanker,0,file,NovaSAR_dataset/2tfa6x37oerz2lyiw6hp47058/Data/NovaSAR_01_53845_grd_13_240430_083902_HH_11/ship_patches_uint8/NovaSAR_01_53845_grd_13_240430_083902_HH_11_patch_4_Tanker_uint8.tif,221590,8e7500351e0708c10b8b30a9e804fd8ef9e5655b567fc344752b906f139a3870
2tfa6x37oerz2lyiw6hp47058/Data/NovaSAR_01_53845_grd_13_240430_083902_HH_11/ship_patches_uint8/NovaSAR_01_53845_grd_13_240430_083902_HH_11_patch_5_Cargo_uint8.tif,Cargo,2,file,NovaSAR_dataset/2tfa6x37oerz2lyiw6hp47058/Data/NovaSAR_01_53845_grd_13_240430_083902_HH_11/ship_patches_uint8/NovaSAR_01_53845_grd_13_240430_083902_HH_11_patch_5_Cargo_uint8.tif,250898,63982313efe55b09d8c54a4eec1a0937ea7152e30c2400e383f23ae0b87371dd
2tfa6x37oerz2lyiw6hp47058/Data/NovaSAR_01_53858_grd_13_240501_084358_HH_2/ship_patches_uint8/NovaSAR_01_53858_grd_13_240501_084358_HH_2_patch_2_Cargo_uint8.tif,Cargo,2,file,NovaSAR_dataset/2tfa6x37oerz2lyiw6hp47058/Data/NovaSAR_01_53858_grd_13_240501_084358_HH_2/ship_patches_uint8/NovaSAR_01_53858_grd_13_240501_084358_HH_2_patch_2_Cargo_uint8.tif,335726,e8b072d3a0073f9b14497ac9343bb89a402fa70a176018678ec65ab1ce4db9bf
2tfa6x37oerz2lyiw6hp47058/Data/NovaSAR_01_53858_grd_13_240501_084358_HH_2/ship_patches_uint8/NovaSAR_01_53858_grd_13_240501_084358_HH_2_patch_4_Cargo_uint8.tif,Cargo,2,file,NovaSAR_dataset/2tfa6x37oerz2lyiw6hp47058/Data/NovaSAR_01_53858_grd_13_240501_084358_HH_2/ship_patches_uint8/NovaSAR_01_53858_grd_13_240501_084358_HH_2_patch_4_Cargo_uint8.tif,332387,ff7f4e6dc8e17013d3c1212de9955a1e39c8279735d7dafdaa7889412894493e
2tfa6x37oerz2lyiw6hp47058/Data/NovaSAR_01_53858_grd_13_240501_084358_HH_2/ship_patches_uint8/NovaSAR_01_53858_grd_13_240501_084358_HH_2_patch_5_Cargo_uint8.tif,Cargo,2,file,NovaSAR_dataset/2tfa6x37oerz2lyiw6hp47058/Data/NovaSAR_01_53858_grd_13_240501_084358_HH_2/ship_patches_uint8/NovaSAR_01_53858_grd_13_240501_084358_HH_2_patch_5_Cargo_uint8.tif,332337,106d98f36068758fa7b193d67655272e40845dcc3fc633a8f1189c005d3c6978
2tfa6x37oerz2lyiw6hp47058/Data/NovaSAR_01_53858_grd_13_240501_084358_HH_2/ship_patches_uint8/NovaSAR_01_53858_grd_13_240501_084358_HH_2_patch_6_Tanker_uint8.tif,Tanker,0,file,NovaSAR_dataset/2tfa6x37oerz2lyiw6hp47058/Data/NovaSAR_01_53858_grd_13_240501_084358_HH_2/ship_patches_uint8/NovaSAR_01_53858_grd_13_240501_084358_HH_2_patch_6_Tanker_uint8.tif,332040,4136ad88059fec2bf20bdcec22bb0cc0df010d02482b883d3730024fd4e78a65
2tfa6x37oerz2lyiw6hp47058/Data/NovaSAR_01_53858_grd_13_240501_084358_HH_2/ship_patches_uint8/NovaSAR_01_53858_grd_13_240501_084358_HH_2_patch_7_Tanker_uint8.tif,Tanker,0,file,NovaSAR_dataset/2tfa6x37oerz2lyiw6hp47058/Data/NovaSAR_01_53858_grd_13_240501_084358_HH_2/ship_patches_uint8/NovaSAR_01_53858_grd_13_240501_084358_HH_2_patch_7_Tanker_uint8.tif,331708,c13856f1734b6406c5b9cde6c837c078266c381d0c35e1c83f10bf0f0606310d
2tfa6x37oerz2lyiw6hp47058/Data/NovaSAR_01_53858_grd_13_240501_084426_HH_7/ship_patches_uint8/NovaSAR_01_53858_grd_13_240501_084426_HH_7_patch_1_Tanker_uint8.tif,Tanker,0,file,NovaSAR_dataset/2tfa6x37oerz2lyiw6hp47058/Data/NovaSAR_01_53858_grd_13_240501_084426_HH_7/ship_patches_uint8/NovaSAR_01_53858_grd_13_240501_084426_HH_7_patch_1_Tanker_uint8.tif,327482,00d10f70ebb758e23dda4470561a9887c1fad5437cf16c886ae98343252ac6b6
2tfa6x37oerz2lyiw6hp47058/Data/NovaSAR_01_53858_grd_13_240501_084426_HH_7/ship_patches_uint8/NovaSAR_01_53858_grd_13_240501_084426_HH_7_patch_2_Cargo_uint8.tif,Cargo,2,file,NovaSAR_dataset/2tfa6x37oerz2lyiw6hp47058/Data/NovaSAR_01_53858_grd_13_240501_084426_HH_7/ship_patches_uint8/NovaSAR_01_53858_grd_13_240501_084426_HH_7_patch_2_Cargo_uint8.tif,333130,9207d28640168255f96727c451366414ee2a0247cd65ac21a720ead0456ed573
2tfa6x37oerz2lyiw6hp47058/Data/NovaSAR_01_53858_grd_13_240501_084432_HH_8/ship_patches_uint8/NovaSAR_01_53858_grd_13_240501_084432_HH_8_patch_17_Cargo_uint8.tif,Cargo,2,file,NovaSAR_dataset/2tfa6x37oerz2lyiw6hp47058/Data/NovaSAR_01_53858_grd_13_240501_084432_HH_8/ship_patches_uint8/NovaSAR_01_53858_grd_13_240501_084432_HH_8_patch_17_Cargo_uint8.tif,329753,c1788595a5b3ebd12ec76c6922690265f84dabd00356dd0f1dbd65bf8cdeafcb
2tfa6x37oerz2lyiw6hp47058/Data/NovaSAR_01_53858_grd_13_240501_084437_HH_9/ship_patches_uint8/NovaSAR_01_53858_grd_13_240501_084437_HH_9_patch_1_Cargo_uint8.tif,Cargo,2,file,NovaSAR_dataset/2tfa6x37oerz2lyiw6hp47058/Data/NovaSAR_01_53858_grd_13_240501_084437_HH_9/ship_patches_uint8/NovaSAR_01_53858_grd_13_240501_084437_HH_9_patch_1_Cargo_uint8.tif,334336,1ead12389b2be12743e3974a3b8519d682b0c0a924017a775b34db0217b25b65
2tfa6x37oerz2lyiw6hp47058/Data/NovaSAR_01_53858_grd_13_240501_084443_HH_10/ship_patches_uint8/NovaSAR_01_53858_grd_13_240501_084443_HH_10_patch_2_Cargo_uint8.tif,Cargo,2,file,NovaSAR_dataset/2tfa6x37oerz2lyiw6hp47058/Data/NovaSAR_01_53858_grd_13_240501_084443_HH_10/ship_patches_uint8/NovaSAR_01_53858_grd_13_240501_084443_HH_10_patch_2_Cargo_uint8.tif,332005,f9e80fabadd12211de089a9416c23f846f904fac0ebabe97edd3334f2a15fc62
2tfa6x37oerz2lyiw6hp47058/Data/NovaSAR_01_53858_grd_13_240501_084455_HH_12/ship_patches_uint8/NovaSAR_01_53858_grd_13_240501_084455_HH_12_patch_1_Fishing_uint8.tif,Fishing,1,file,NovaSAR_dataset/2tfa6x37oerz2lyiw6hp47058/Data/NovaSAR_01_53858_grd_13_240501_084455_HH_12/ship_patches_uint8/NovaSAR_01_53858_grd_13_240501_084455_HH_12_patch_1_Fishing_uint8.tif,334536,e9f6be12d8489d5777ebc8811caffeaeb4e2f4ee77e3ceb91501697138e1c58e
2tfa6x37oerz2lyiw6hp47058/Data/NovaSAR_01_53858_grd_13_240501_084455_HH_12/ship_patches_uint8/NovaSAR_01_53858_grd_13_240501_084455_HH_12_patch_2_Cargo_uint8.tif,Cargo,2,file,NovaSAR_dataset/2tfa6x37oerz2lyiw6hp47058/Data/NovaSAR_01_53858_grd_13_240501_084455_HH_12/ship_patches_uint8/NovaSAR_01_53858_grd_13_240501_084455_HH_12_patch_2_Cargo_uint8.tif,335965,dec359d801aa2ebe3a382ff564736804c36d5051c8110281d4e438f48b0482d6
2tfa6x37oerz2lyiw6hp47058/Data/NovaSAR_01_53858_grd_13_240501_084455_HH_12/ship_patches_uint8/NovaSAR_01_53858_grd_13_240501_084455_HH_12_patch_3_Cargo_uint8.tif,Cargo,2,file,NovaSAR_dataset/2tfa6x37oerz2lyiw6hp47058/Data/NovaSAR_01_53858_grd_13_240501_084455_HH_12/ship_patches_uint8/NovaSAR_01_53858_grd_13_240501_084455_HH_12_patch_3_Cargo_uint8.tif,329832,8d09083e25cb02f8eb9b7e3e0976ad25ba8db2dba6858b4cb87d4a168828222e
2tfa6x37oerz2lyiw6hp47058/Data/NovaSAR_01_53858_grd_13_240501_084455_HH_12/ship_patches_uint8/NovaSAR_01_53858_grd_13_240501_084455_HH_12_patch_4_Tanker_uint8.tif,Tanker,0,file,NovaSAR_dataset/2tfa6x37oerz2lyiw6hp47058/Data/NovaSAR_01_53858_grd_13_240501_084455_HH_12/ship_patches_uint8/NovaSAR_01_53858_grd_13_240501_084455_HH_12_patch_4_Tanker_uint8.tif,311892,ec524b13f1e65ab22f23a2030383312e87ec1a8153c85ef0013722dcbe9f17e0
2tfa6x37oerz2lyiw6hp47058/Data/NovaSAR_01_53858_grd_13_240501_084455_HH_12/ship_patches_uint8/NovaSAR_01_53858_grd_13_240501_084455_HH_12_patch_5_Fishing_uint8.tif,Fishing,1,file,NovaSAR_dataset/2tfa6x37oerz2lyiw6hp47058/Data/NovaSAR_01_53858_grd_13_240501_084455_HH_12/ship_patches_uint8/NovaSAR_01_53858_grd_13_240501_084455_HH_12_patch_5_Fishing_uint8.tif,335798,d6874f4f27f64ab50cee3470af47604ca97a021299e712c0b421e16c475a65eb
2tfa6x37oerz2lyiw6hp47058/Data/NovaSAR_01_53858_grd_13_240501_084455_HH_12/ship_patches_uint8/NovaSAR_01_53858_grd_13_240501_084455_HH_12_patch_6_Fishing_uint8.tif,Fishing,1,file,NovaSAR_dataset/2tfa6x37oerz2lyiw6hp47058/Data/NovaSAR_01_53858_grd_13_240501_084455_HH_12/ship_patches_uint8/NovaSAR_01_53858_grd_13_240501_084455_HH_12_patch_6_Fishing_uint8.tif,334389,f4dfeaba5f0b43bec5f70e6b8a1a2bb8004d7ce9dca56e8753e12cab1897ae35
2tfa6x37oerz2lyiw6hp47058/Data/NovaSAR_01_53858_grd_13_240501_084500_HH_13/ship_patches_uint8/NovaSAR_01_53858_grd_13_240501_084500_HH_13_patch_1_Fishing_uint8.tif,Fishing,1,file,NovaSAR_dataset/2tfa6x37oerz2lyiw6hp47058/Data/NovaSAR_01_53858_grd_13_240501_084500_HH_13/ship_patches_uint8/NovaSAR_01_53858_grd_13_240501_084500_HH_13_patch_1_Fishing_uint8.tif,336575,718fbc4c07deff12f47aea2f4323cca606e1afdf7d926fa427b434d66bf27f4b
2tfa6x37oerz2lyiw6hp47058/Data/NovaSAR_01_53873_grd_13_240502_085003_HH_5/ship_patches_uint8/NovaSAR_01_53873_grd_13_240502_085003_HH_5_patch_2_Cargo_uint8.tif,Cargo,2,file,NovaSAR_dataset/2tfa6x37oerz2lyiw6hp47058/Data/NovaSAR_01_53873_grd_13_240502_085003_HH_5/ship_patches_uint8/NovaSAR_01_53873_grd_13_240502_085003_HH_5_patch_2_Cargo_uint8.tif,334916,45d80cb1713ef2f18a054fcb23f14c9541a159f43842295915472cc6a49b9fb3
2tfa6x37oerz2lyiw6hp47058/Data/NovaSAR_01_53873_grd_13_240502_085031_HH_10/ship_patches_uint8/NovaSAR_01_53873_grd_13_240502_085031_HH_10_patch_1_Cargo_uint8.tif,Cargo,2,file,NovaSAR_dataset/2tfa6x37oerz2lyiw6hp47058/Data/NovaSAR_01_53873_grd_13_240502_085031_HH_10/ship_patches_uint8/NovaSAR_01_53873_grd_13_240502_085031_HH_10_patch_1_Cargo_uint8.tif,333728,619092aac8ba6af7ee73ab1fcfa957d5b78428dce6212548037851fa954852ba
2tfa6x37oerz2lyiw6hp47058/Data/NovaSAR_01_53873_grd_13_240502_085037_HH_11/ship_patches_uint8/NovaSAR_01_53873_grd_13_240502_085037_HH_11_patch_1_Tanker_uint8.tif,Tanker,0,file,NovaSAR_dataset/2tfa6x37oerz2lyiw6hp47058/Data/NovaSAR_01_53873_grd_13_240502_085037_HH_11/ship_patches_uint8/NovaSAR_01_53873_grd_13_240502_085037_HH_11_patch_1_Tanker_uint8.tif,330460,8def788cf1820e11985784ae8d68d098901be218905384a8cdbf3a5ccd625a97
2tfa6x37oerz2lyiw6hp47058/Data/NovaSAR_01_53873_grd_13_240502_085037_HH_11/ship_patches_uint8/NovaSAR_01_53873_grd_13_240502_085037_HH_11_patch_2_Tanker_uint8.tif,Tanker,0,file,NovaSAR_dataset/2tfa6x37oerz2lyiw6hp47058/Data/NovaSAR_01_53873_grd_13_240502_085037_HH_11/ship_patches_uint8/NovaSAR_01_53873_grd_13_240502_085037_HH_11_patch_2_Tanker_uint8.tif,332713,bbdccf8a2e55049839454ca5de9e81489ba17b369cbfc12af9ee3647f5e5db98
2tfa6x37oerz2lyiw6hp47058/Data/NovaSAR_01_53873_grd_13_240502_085037_HH_11/ship_patches_uint8/NovaSAR_01_53873_grd_13_240502_085037_HH_11_patch_3_Tanker_uint8.tif,Tanker,0,file,NovaSAR_dataset/2tfa6x37oerz2lyiw6hp47058/Data/NovaSAR_01_53873_grd_13_240502_085037_HH_11/ship_patches_uint8/NovaSAR_01_53873_grd_13_240502_085037_HH_11_patch_3_Tanker_uint8.tif,329226,c3b6c8eee04e9004ad4d2517751ddd96d45bdbb45f3b0a5d90d645898234338f
2tfa6x37oerz2lyiw6hp47058/Data/NovaSAR_01_53880_grd_13_240502_215852_HH_4/ship_patches_uint8/NovaSAR_01_53880_grd_13_240502_215852_HH_4_patch_1_Cargo_uint8.tif,Cargo,2,file,NovaSAR_dataset/2tfa6x37oerz2lyiw6hp47058/Data/NovaSAR_01_53880_grd_13_240502_215852_HH_4/ship_patches_uint8/NovaSAR_01_53880_grd_13_240502_215852_HH_4_patch_1_Cargo_uint8.tif,333657,2665cadc49ffacf13a7ad8d8852676e879e088c5a0eae6f53f907372c9e1d25f
2tfa6x37oerz2lyiw6hp47058/Data/NovaSAR_01_53880_grd_13_240502_215954_HH_15/ship_patches_uint8/NovaSAR_01_53880_grd_13_240502_215954_HH_15_patch_1_Tanker_uint8.tif,Tanker,0,file,NovaSAR_dataset/2tfa6x37oerz2lyiw6hp47058/Data/NovaSAR_01_53880_grd_13_240502_215954_HH_15/ship_patches_uint8/NovaSAR_01_53880_grd_13_240502_215954_HH_15_patch_1_Tanker_uint8.tif,309967,ec79d23fa709ad889e676405b39f7cc991d5188a3deb14e748f9494e3db2e957
2tfa6x37oerz2lyiw6hp47058/Data/NovaSAR_01_53880_grd_13_240502_215954_HH_15/ship_patches_uint8/NovaSAR_01_53880_grd_13_240502_215954_HH_15_patch_2_Cargo_uint8.tif,Cargo,2,file,NovaSAR_dataset/2tfa6x37oerz2lyiw6hp47058/Data/NovaSAR_01_53880_grd_13_240502_215954_HH_15/ship_patches_uint8/NovaSAR_01_53880_grd_13_240502_215954_HH_15_patch_2_Cargo_uint8.tif,278159,729222c1cd8160cadce0d903590eb80033cc06627de3f3432b108610ccbb9ed8
2tfa6x37oerz2lyiw6hp47058/Data/NovaSAR_01_53889_grd_13_240503_085550_HH_6/ship_patches_uint8/NovaSAR_01_53889_grd_13_240503_085550_HH_6_patch_5_Cargo_uint8.tif,Cargo,2,file,NovaSAR_dataset/2tfa6x37oerz2lyiw6hp47058/Data/NovaSAR_01_53889_grd_13_240503_085550_HH_6/ship_patches_uint8/NovaSAR_01_53889_grd_13_240503_085550_HH_6_patch_5_Cargo_uint8.tif,334531,2f4d2b0cab11e5a4f83b7d65f184ad7368469ccb6a94b6659a2765e97377092e
2tfa6x37oerz2lyiw6hp47058/Data/NovaSAR_01_53889_grd_13_240503_085607_HH_9/ship_patches_uint8/NovaSAR_01_53889_grd_13_240503_085607_HH_9_patch_4_Cargo_uint8.tif,Cargo,2,file,NovaSAR_dataset/2tfa6x37oerz2lyiw6hp47058/Data/NovaSAR_01_53889_grd_13_240503_085607_HH_9/ship_patches_uint8/NovaSAR_01_53889_grd_13_240503_085607_HH_9_patch_4_Cargo_uint8.tif,339043,813b499c4f7fe9c59a5c3f2ea22721a0b24c1563ef02e7c713743f0f54c91afd
2tfa6x37oerz2lyiw6hp47058/Data/NovaSAR_01_53889_grd_13_240503_085607_HH_9/ship_patches_uint8/NovaSAR_01_53889_grd_13_240503_085607_HH_9_patch_6_Fishing_uint8.tif,Fishing,1,file,NovaSAR_dataset/2tfa6x37oerz2lyiw6hp47058/Data/NovaSAR_01_53889_grd_13_240503_085607_HH_9/ship_patches_uint8/NovaSAR_01_53889_grd_13_240503_085607_HH_9_patch_6_Fishing_uint8.tif,338251,55883375a880134b8413a75fc854cc3067ace88e7ca97fd45c945febc1141a48
2tfa6x37oerz2lyiw6hp47058/Data/NovaSAR_01_53889_grd_13_240503_085613_HH_10/ship_patches_uint8/NovaSAR_01_53889_grd_13_240503_085613_HH_10_patch_1_Cargo_uint8.tif,Cargo,2,file,NovaSAR_dataset/2tfa6x37oerz2lyiw6hp47058/Data/NovaSAR_01_53889_grd_13_240503_085613_HH_10/ship_patches_uint8/NovaSAR_01_53889_grd_13_240503_085613_HH_10_patch_1_Cargo_uint8.tif,326779,806ea6a22c3ad545f71f8e0375995426b1a6043327c8416f6f31fa5db15545b3
2tfa6x37oerz2lyiw6hp47058/Data/NovaSAR_01_53889_grd_13_240503_085619_HH_11/ship_patches_uint8/NovaSAR_01_53889_grd_13_240503_085619_HH_11_patch_1_Cargo_uint8.tif,Cargo,2,file,NovaSAR_dataset/2tfa6x37oerz2lyiw6hp47058/Data/NovaSAR_01_53889_grd_13_240503_085619_HH_11/ship_patches_uint8/NovaSAR_01_53889_grd_13_240503_085619_HH_11_patch_1_Cargo_uint8.tif,331543,835abb49163c4d2bbf86973028174005920854f9087dffa655aa09bddc798f6f
2tfa6x37oerz2lyiw6hp47058/Data/NovaSAR_01_53889_grd_13_240503_085619_HH_11/ship_patches_uint8/NovaSAR_01_53889_grd_13_240503_085619_HH_11_patch_2_Cargo_uint8.tif,Cargo,2,file,NovaSAR_dataset/2tfa6x37oerz2lyiw6hp47058/Data/NovaSAR_01_53889_grd_13_240503_085619_HH_11/ship_patches_uint8/NovaSAR_01_53889_grd_13_240503_085619_HH_11_patch_2_Cargo_uint8.tif,330130,78bf4c3461c23ff828a4690f2568221fe9fa1b4d3c812e4487e3b19c16540684
2tfa6x37oerz2lyiw6hp47058/Data/NovaSAR_01_53896_grd_13_240503_220508_HH_1/ship_patches_uint8/NovaSAR_01_53896_grd_13_240503_220508_HH_1_patch_1_Tanker_uint8.tif,Tanker,0,file,NovaSAR_dataset/2tfa6x37oerz2lyiw6hp47058/Data/NovaSAR_01_53896_grd_13_240503_220508_HH_1/ship_patches_uint8/NovaSAR_01_53896_grd_13_240503_220508_HH_1_patch_1_Tanker_uint8.tif,334220,714a6e5bceea7ae72c3d0ad887edb2849ef8308160808c4c6573164019f652e1
2tfa6x37oerz2lyiw6hp47058/Data/NovaSAR_01_53896_grd_13_240503_220513_HH_2/ship_patches_uint8/NovaSAR_01_53896_grd_13_240503_220513_HH_2_patch_2_Cargo_uint8.tif,Cargo,2,file,NovaSAR_dataset/2tfa6x37oerz2lyiw6hp47058/Data/NovaSAR_01_53896_grd_13_240503_220513_HH_2/ship_patches_uint8/NovaSAR_01_53896_grd_13_240503_220513_HH_2_patch_2_Cargo_uint8.tif,336118,f9844a536c504f9a088bcd69c8b419139c34e794feee848169b1cf7ef27098be
2tfa6x37oerz2lyiw6hp47058/Data/NovaSAR_01_53904_grd_13_240504_090123_HH_4/ship_patches_uint8/NovaSAR_01_53904_grd_13_240504_090123_HH_4_patch_1_Fishing_uint8.tif,Fishing,1,file,NovaSAR_dataset/2tfa6x37oerz2lyiw6hp47058/Data/NovaSAR_01_53904_grd_13_240504_090123_HH_4/ship_patches_uint8/NovaSAR_01_53904_grd_13_240504_090123_HH_4_patch_1_Fishing_uint8.tif,290628,b608a61188644a1146147ca32f52f81329b7d7d18ee608ed3fc33b72161a7f6c
2tfa6x37oerz2lyiw6hp47058/Data/NovaSAR_01_53904_grd_13_240504_090123_HH_4/ship_patches_uint8/NovaSAR_01_53904_grd_13_240504_090123_HH_4_patch_2_Fishing_uint8.tif,Fishing,1,file,NovaSAR_dataset/2tfa6x37oerz2lyiw6hp47058/Data/NovaSAR_01_53904_grd_13_240504_090123_HH_4/ship_patches_uint8/NovaSAR_01_53904_grd_13_240504_090123_HH_4_patch_2_Fishing_uint8.tif,285050,a4099d45ae2e66d60674b7997405e8c8dacc14cc6080872063bdeac0dd6972be
2tfa6x37oerz2lyiw6hp47058/Data/NovaSAR_01_53904_grd_13_240504_090123_HH_4/ship_patches_uint8/NovaSAR_01_53904_grd_13_240504_090123_HH_4_patch_6_Fishing_uint8.tif,Fishing,1,file,NovaSAR_dataset/2tfa6x37oerz2lyiw6hp47058/Data/NovaSAR_01_53904_grd_13_240504_090123_HH_4/ship_patches_uint8/NovaSAR_01_53904_grd_13_240504_090123_HH_4_patch_6_Fishing_uint8.tif,294840,5fde7ff097350950baaf77071ba527ee857252e083e934ff226aea3a722fb3bf
2tfa6x37oerz2lyiw6hp47058/Data/NovaSAR_01_53904_grd_13_240504_090135_HH_6/ship_patches_uint8/NovaSAR_01_53904_grd_13_240504_090135_HH_6_patch_1_Fishing_uint8.tif,Fishing,1,file,NovaSAR_dataset/2tfa6x37oerz2lyiw6hp47058/Data/NovaSAR_01_53904_grd_13_240504_090135_HH_6/ship_patches_uint8/NovaSAR_01_53904_grd_13_240504_090135_HH_6_patch_1_Fishing_uint8.tif,290708,719506db9a865d6a07fe7eda35d86636dd7cab0da677caab6197492e5ad4e1d0
2tfa6x37oerz2lyiw6hp47058/Data/NovaSAR_01_53904_grd_13_240504_090135_HH_6/ship_patches_uint8/NovaSAR_01_53904_grd_13_240504_090135_HH_6_patch_2_Fishing_uint8.tif,Fishing,1,file,NovaSAR_dataset/2tfa6x37oerz2lyiw6hp47058/Data/NovaSAR_01_53904_grd_13_240504_090135_HH_6/ship_patches_uint8/NovaSAR_01_53904_grd_13_240504_090135_HH_6_patch_2_Fishing_uint8.tif,280638,8bb550269779998f691d02948645d7c5e5cbafe724b6768fb936d4b9ebe34768
2tfa6x37oerz2lyiw6hp47058/Data/NovaSAR_01_53904_grd_13_240504_090152_HH_9/ship_patches_uint8/NovaSAR_01_53904_grd_13_240504_090152_HH_9_patch_2_Cargo_uint8.tif,Cargo,2,file,NovaSAR_dataset/2tfa6x37oerz2lyiw6hp47058/Data/NovaSAR_01_53904_grd_13_240504_090152_HH_9/ship_patches_uint8/NovaSAR_01_53904_grd_13_240504_090152_HH_9_patch_2_Cargo_uint8.tif,268956,c1ea4769832b097c551fa152d4ea68e0e4502a3f276e6ed25425ec9836ad034b
2tfa6x37oerz2lyiw6hp47058/Data/NovaSAR_01_53904_grd_13_240504_090158_HH_10/ship_patches_uint8/NovaSAR_01_53904_grd_13_240504_090158_HH_10_patch_1_Cargo_uint8.tif,Cargo,2,file,NovaSAR_dataset/2tfa6x37oerz2lyiw6hp47058/Data/NovaSAR_01_53904_grd_13_240504_090158_HH_10/ship_patches_uint8/NovaSAR_01_53904_grd_13_240504_090158_HH_10_patch_1_Cargo_uint8.tif,260028,efc5d8bd7de22ee9d739ea296cd9259846bf0418cf00038527c947493735a8be
2tfa6x37oerz2lyiw6hp47058/Data/NovaSAR_01_53904_grd_13_240504_090158_HH_10/ship_patches_uint8/NovaSAR_01_53904_grd_13_240504_090158_HH_10_patch_2_Cargo_uint8.tif,Cargo,2,file,NovaSAR_dataset/2tfa6x37oerz2lyiw6hp47058/Data/NovaSAR_01_53904_grd_13_240504_090158_HH_10/ship_patches_uint8/NovaSAR_01_53904_grd_13_240504_090158_HH_10_patch_2_Cargo_uint8.tif,268821,335e14de0e73032b7d02738d7a14929b8103369707588cc5e8d4b7fb485d37cc
2tfa6x37oerz2lyiw6hp47058/Data/NovaSAR_01_53904_grd_13_240504_090158_HH_10/ship_patches_uint8/NovaSAR_01_53904_grd_13_240504_090158_HH_10_patch_3_Fishing_uint8.tif,Fishing,1,file,NovaSAR_dataset/2tfa6x37oerz2lyiw6hp47058/Data/NovaSAR_01_53904_grd_13_240504_090158_HH_10/ship_patches_uint8/NovaSAR_01_53904_grd_13_240504_090158_HH_10_patch_3_Fishing_uint8.tif,245534,ee7691f39e842e3d7217f531a170eeacf87620c3892564ddd87bb4691055caad
2tfa6x37oerz2lyiw6hp47058/Data/NovaSAR_01_53904_grd_13_240504_090158_HH_10/ship_patches_uint8/NovaSAR_01_53904_grd_13_240504_090158_HH_10_patch_4_Cargo_uint8.tif,Cargo,2,file,NovaSAR_dataset/2tfa6x37oerz2lyiw6hp47058/Data/NovaSAR_01_53904_grd_13_240504_090158_HH_10/ship_patches_uint8/NovaSAR_01_53904_grd_13_240504_090158_HH_10_patch_4_Cargo_uint8.tif,241566,fb775b95989dee0c73b0d444a467e4f565cae1d1264f1c068ff0ec13e89c2730
2tfa6x37oerz2lyiw6hp47058/Data/NovaSAR_01_53904_grd_13_240504_090158_HH_10/ship_patches_uint8/NovaSAR_01_53904_grd_13_240504_090158_HH_10_patch_6_Cargo_uint8.tif,Cargo,2,file,NovaSAR_dataset/2tfa6x37oerz2lyiw6hp47058/Data/NovaSAR_01_53904_grd_13_240504_090158_HH_10/ship_patches_uint8/NovaSAR_01_53904_grd_13_240504_090158_HH_10_patch_6_Cargo_uint8.tif,256537,80bbc0134e4b6f71d8cde9203a709c46434a9f2f08fd9ddd9413ccbb4d4a2173
2tfa6x37oerz2lyiw6hp47058/Data/NovaSAR_01_53947_grd_13_240506_222144_HH_2/ship_patches_uint8/NovaSAR_01_53947_grd_13_240506_222144_HH_2_patch_1_Cargo_uint8.tif,Cargo,2,file,NovaSAR_dataset/2tfa6x37oerz2lyiw6hp47058/Data/NovaSAR_01_53947_grd_13_240506_222144_HH_2/ship_patches_uint8/NovaSAR_01_53947_grd_13_240506_222144_HH_2_patch_1_Cargo_uint8.tif,312637,6a1052fd4978b46248c70a9ec506b5dc94699f03e8c24f8fc980f51849910ebf
2tfa6x37oerz2lyiw6hp47058/Data/NovaSAR_01_53947_grd_13_240506_222150_HH_3/ship_patches_uint8/NovaSAR_01_53947_grd_13_240506_222150_HH_3_patch_11_Cargo_uint8.tif,Cargo,2,file,NovaSAR_dataset/2tfa6x37oerz2lyiw6hp47058/Data/NovaSAR_01_53947_grd_13_240506_222150_HH_3/ship_patches_uint8/NovaSAR_01_53947_grd_13_240506_222150_HH_3_patch_11_Cargo_uint8.tif,318827,d8cd3d6cb719deb025d1bd927a1a7e5158bfd799adf3043fa8362a16789eae1b
2tfa6x37oerz2lyiw6hp47058/Data/NovaSAR_01_53947_grd_13_240506_222150_HH_3/ship_patches_uint8/NovaSAR_01_53947_grd_13_240506_222150_HH_3_patch_12_Cargo_uint8.tif,Cargo,2,file,NovaSAR_dataset/2tfa6x37oerz2lyiw6hp47058/Data/NovaSAR_01_53947_grd_13_240506_222150_HH_3/ship_patches_uint8/NovaSAR_01_53947_grd_13_240506_222150_HH_3_patch_12_Cargo_uint8.tif,323659,110fc52b25556eea92c1372c1e6003855cb15294b5a20a30258e20bb0fbbcb2e
2tfa6x37oerz2lyiw6hp47058/Data/NovaSAR_01_53947_grd_13_240506_222150_HH_3/ship_patches_uint8/NovaSAR_01_53947_grd_13_240506_222150_HH_3_patch_1_Cargo_uint8.tif,Cargo,2,file,NovaSAR_dataset/2tfa6x37oerz2lyiw6hp47058/Data/NovaSAR_01_53947_grd_13_240506_222150_HH_3/ship_patches_uint8/NovaSAR_01_53947_grd_13_240506_222150_HH_3_patch_1_Cargo_uint8.tif,328049,dce581ada32528a5c01b21f2e3a39b083cfd67beaa252dcb7bcbc8bce7352111
2tfa6x37oerz2lyiw6hp47058/Data/NovaSAR_01_53947_grd_13_240506_222150_HH_3/ship_patches_uint8/NovaSAR_01_53947_grd_13_240506_222150_HH_3_patch_3_Cargo_uint8.tif,Cargo,2,file,NovaSAR_dataset/2tfa6x37oerz2lyiw6hp47058/Data/NovaSAR_01_53947_grd_13_240506_222150_HH_3/ship_patches_uint8/NovaSAR_01_53947_grd_13_240506_222150_HH_3_patch_3_Cargo_uint8.tif,302651,f4a8643d3568a951807a93470ff3d23abbf9b767f70ab4724238e6ca0ba50def
2tfa6x37oerz2lyiw6hp47058/Data/NovaSAR_01_53947_grd_13_240506_222150_HH_3/ship_patches_uint8/NovaSAR_01_53947_grd_13_240506_222150_HH_3_patch_6_Tanker_uint8.tif,Tanker,0,file,NovaSAR_dataset/2tfa6x37oerz2lyiw6hp47058/Data/NovaSAR_01_53947_grd_13_240506_222150_HH_3/ship_patches_uint8/NovaSAR_01_53947_grd_13_240506_222150_HH_3_patch_6_Tanker_uint8.tif,326402,ef713712f5d1f99f74bd0f0845fc23132643678d9740106ff300a1cb64574392
2tfa6x37oerz2lyiw6hp47058/Data/NovaSAR_01_53947_grd_13_240506_222218_HH_8/ship_patches_uint8/NovaSAR_01_53947_grd_13_240506_222218_HH_8_patch_1_Tanker_uint8.tif,Tanker,0,file,NovaSAR_dataset/2tfa6x37oerz2lyiw6hp47058/Data/NovaSAR_01_53947_grd_13_240506_222218_HH_8/ship_patches_uint8/NovaSAR_01_53947_grd_13_240506_222218_HH_8_patch_1_Tanker_uint8.tif,308120,3ff8312590761d46ac24109c87529eb1bde3db30ff3c029a3b19dde02d682a8b
2tfa6x37oerz2lyiw6hp47058/Data/NovaSAR_01_53947_grd_13_240506_222218_HH_8/ship_patches_uint8/NovaSAR_01_53947_grd_13_240506_222218_HH_8_patch_4_Tanker_uint8.tif,Tanker,0,file,NovaSAR_dataset/2tfa6x37oerz2lyiw6hp47058/Data/NovaSAR_01_53947_grd_13_240506_222218_HH_8/ship_patches_uint8/NovaSAR_01_53947_grd_13_240506_222218_HH_8_patch_4_Tanker_uint8.tif,309081,d423f4dfe5c792924e0576f7c320719fca42ea45088c8e521638fc1092e12a51
2tfa6x37oerz2lyiw6hp47058/Data/NovaSAR_01_53947_grd_13_240506_222246_HH_13/ship_patches_uint8/NovaSAR_01_53947_grd_13_240506_222246_HH_13_patch_1_Cargo_uint8.tif,Cargo,2,file,NovaSAR_dataset/2tfa6x37oerz2lyiw6hp47058/Data/NovaSAR_01_53947_grd_13_240506_222246_HH_13/ship_patches_uint8/NovaSAR_01_53947_grd_13_240506_222246_HH_13_patch_1_Cargo_uint8.tif,312676,a67d77720a723fa27465e6b4af5469581903fb985c8618f3da9358f696ea96f4
2tfa6x37oerz2lyiw6hp47058/Data/NovaSAR_01_53947_grd_13_240506_222252_HH_14/ship_patches_uint8/NovaSAR_01_53947_grd_13_240506_222252_HH_14_patch_1_Tanker_uint8.tif,Tanker,0,file,NovaSAR_dataset/2tfa6x37oerz2lyiw6hp47058/Data/NovaSAR_01_53947_grd_13_240506_222252_HH_14/ship_patches_uint8/NovaSAR_01_53947_grd_13_240506_222252_HH_14_patch_1_Tanker_uint8.tif,293820,5278d9b90a7f6876b9e29082a005fee38af8908afe5aaa800134025897f1489b
2tfa6x37oerz2lyiw6hp47058/Data/NovaSAR_01_54042_grd_13_240512_081139_HH_3/ship_patches_uint8/NovaSAR_01_54042_grd_13_240512_081139_HH_3_patch_1_Cargo_uint8.tif,Cargo,2,file,NovaSAR_dataset/2tfa6x37oerz2lyiw6hp47058/Data/NovaSAR_01_54042_grd_13_240512_081139_HH_3/ship_patches_uint8/NovaSAR_01_54042_grd_13_240512_081139_HH_3_patch_1_Cargo_uint8.tif,294126,0917780206d9a2aa20a46ff7fd1269258543b90c96c9899a1fa5c5f17720f0c6
2tfa6x37oerz2lyiw6hp47058/Data/NovaSAR_01_54042_grd_13_240512_081139_HH_3/ship_patches_uint8/NovaSAR_01_54042_grd_13_240512_081139_HH_3_patch_2_Fishing_uint8.tif,Fishing,1,file,NovaSAR_dataset/2tfa6x37oerz2lyiw6hp47058/Data/NovaSAR_01_54042_grd_13_240512_081139_HH_3/ship_patches_uint8/NovaSAR_01_54042_grd_13_240512_081139_HH_3_patch_2_Fishing_uint8.tif,302322,af406c527c658bebfcf1d608178f32a615a4891c9b08e22514fcc40294d73a36
2tfa6x37oerz2lyiw6hp47058/Data/NovaSAR_01_54042_grd_13_240512_081139_HH_3/ship_patches_uint8/NovaSAR_01_54042_grd_13_240512_081139_HH_3_patch_3_Tanker_uint8.tif,Tanker,0,file,NovaSAR_dataset/2tfa6x37oerz2lyiw6hp47058/Data/NovaSAR_01_54042_grd_13_240512_081139_HH_3/ship_patches_uint8/NovaSAR_01_54042_grd_13_240512_081139_HH_3_patch_3_Tanker_uint8.tif,271008,8f40f81729baaaec3cc3650fb2024e5cb08430539912d6ae8c9f96effd8f8c7f
2tfa6x37oerz2lyiw6hp47058/Data/NovaSAR_01_54042_grd_13_240512_081139_HH_3/ship_patches_uint8/NovaSAR_01_54042_grd_13_240512_081139_HH_3_patch_4_Cargo_uint8.tif,Cargo,2,file,NovaSAR_dataset/2tfa6x37oerz2lyiw6hp47058/Data/NovaSAR_01_54042_grd_13_240512_081139_HH_3/ship_patches_uint8/NovaSAR_01_54042_grd_13_240512_081139_HH_3_patch_4_Cargo_uint8.tif,324437,03ccc6e2ec3ffb05944e50dc3a83a3528a982fc1f1b1cb3caa17a13e9cf23587
2tfa6x37oerz2lyiw6hp47058/Data/NovaSAR_01_54042_grd_13_240512_081145_HH_4/ship_patches_uint8/NovaSAR_01_54042_grd_13_240512_081145_HH_4_patch_5_Cargo_uint8.tif,Cargo,2,file,NovaSAR_dataset/2tfa6x37oerz2lyiw6hp47058/Data/NovaSAR_01_54042_grd_13_240512_081145_HH_4/ship_patches_uint8/NovaSAR_01_54042_grd_13_240512_081145_HH_4_patch_5_Cargo_uint8.tif,320412,e15bff2358b827630aa3b7fefe7287574110372f8c53a95f96d7bd74d143349f
2tfa6x37oerz2lyiw6hp47058/Data/NovaSAR_01_54042_grd_13_240512_081145_HH_4/ship_patches_uint8/NovaSAR_01_54042_grd_13_240512_081145_HH_4_patch_6_Tanker_uint8.tif,Tanker,0,file,NovaSAR_dataset/2tfa6x37oerz2lyiw6hp47058/Data/NovaSAR_01_54042_grd_13_240512_081145_HH_4/ship_patches_uint8/NovaSAR_01_54042_grd_13_240512_081145_HH_4_patch_6_Tanker_uint8.tif,320858,3a914434a0866a8f90a584584926e6b7881c642eb284ef657dfd497f43bdd771
2tfa6x37oerz2lyiw6hp47058/Data/NovaSAR_01_54042_grd_13_240512_081145_HH_4/ship_patches_uint8/NovaSAR_01_54042_grd_13_240512_081145_HH_4_patch_8_Cargo_uint8.tif,Cargo,2,file,NovaSAR_dataset/2tfa6x37oerz2lyiw6hp47058/Data/NovaSAR_01_54042_grd_13_240512_081145_HH_4/ship_patches_uint8/NovaSAR_01_54042_grd_13_240512_081145_HH_4_patch_8_Cargo_uint8.tif,310174,f5b06bbb5877128a0697f8e11ef9b218c7ac03bdde512049ce55f5839b9ffcf7
2tfa6x37oerz2lyiw6hp47058/Data/NovaSAR_01_54042_grd_13_240512_081150_HH_5/ship_patches_uint8/NovaSAR_01_54042_grd_13_240512_081150_HH_5_patch_11_Cargo_uint8.tif,Cargo,2,file,NovaSAR_dataset/2tfa6x37oerz2lyiw6hp47058/Data/NovaSAR_01_54042_grd_13_240512_081150_HH_5/ship_patches_uint8/NovaSAR_01_54042_grd_13_240512_081150_HH_5_patch_11_Cargo_uint8.tif,270162,52d1d02fe2817228baf16c026c18f52bfa5879d3147de1716d3ebda7bce91220
2tfa6x37oerz2lyiw6hp47058/Data/NovaSAR_01_54042_grd_13_240512_081150_HH_5/ship_patches_uint8/NovaSAR_01_54042_grd_13_240512_081150_HH_5_patch_12_Cargo_uint8.tif,Cargo,2,file,NovaSAR_dataset/2tfa6x37oerz2lyiw6hp47058/Data/NovaSAR_01_54042_grd_13_240512_081150_HH_5/ship_patches_uint8/NovaSAR_01_54042_grd_13_240512_081150_HH_5_patch_12_Cargo_uint8.tif,302785,50427a1e89682ba739555fbf832187bcc1ef3cb05dcf9600a4a38dfa9e326880
2tfa6x37oerz2lyiw6hp47058/Data/NovaSAR_01_54042_grd_13_240512_081150_HH_5/ship_patches_uint8/NovaSAR_01_54042_grd_13_240512_081150_HH_5_patch_1_Cargo_uint8.tif,Cargo,2,file,NovaSAR_dataset/2tfa6x37oerz2lyiw6hp47058/Data/NovaSAR_01_54042_grd_13_240512_081150_HH_5/ship_patches_uint8/NovaSAR_01_54042_grd_13_240512_081150_HH_5_patch_1_Cargo_uint8.tif,296352,819fcb9286f41bc85cc89a689a999ffe838a4aef58d769d455d5160fd754b8e5
2tfa6x37oerz2lyiw6hp47058/Data/NovaSAR_01_54042_grd_13_240512_081150_HH_5/ship_patches_uint8/NovaSAR_01_54042_grd_13_240512_081150_HH_5_patch_9_Cargo_uint8.tif,Cargo,2,file,NovaSAR_dataset/2tfa6x37oerz2lyiw6hp47058/Data/NovaSAR_01_54042_grd_13_240512_081150_HH_5/ship_patches_uint8/NovaSAR_01_54042_grd_13_240512_081150_HH_5_patch_9_Cargo_uint8.tif,306522,6e61361e6e0a4483047363beaa2d8de49dbefef31948a47b04e48ece01692850
2tfa6x37oerz2lyiw6hp47058/Data/NovaSAR_01_54042_grd_13_240512_081156_HH_6/ship_patches_uint8/NovaSAR_01_54042_grd_13_240512_081156_HH_6_patch_13_Cargo_uint8.tif,Cargo,2,file,NovaSAR_dataset/2tfa6x37oerz2lyiw6hp47058/Data/NovaSAR_01_54042_grd_13_240512_081156_HH_6/ship_patches_uint8/NovaSAR_01_54042_grd_13_240512_081156_HH_6_patch_13_Cargo_uint8.tif,225648,baf0d90631ead602f7a4d39c5fd203a165b459b080c102071c25d211f330e8fa
2tfa6x37oerz2lyiw6hp47058/Data/NovaSAR_01_54042_grd_13_240512_081156_HH_6/ship_patches_uint8/NovaSAR_01_54042_grd_13_240512_081156_HH_6_patch_17_Tanker_uint8.tif,Tanker,0,file,NovaSAR_dataset/2tfa6x37oerz2lyiw6hp47058/Data/NovaSAR_01_54042_grd_13_240512_081156_HH_6/ship_patches_uint8/NovaSAR_01_54042_grd_13_240512_081156_HH_6_patch_17_Tanker_uint8.tif,307987,ee1d9b9f70d860d0f4e8a79d87893b011f3be8d1dc9508746246ad366ace5d84
2tfa6x37oerz2lyiw6hp47058/Data/NovaSAR_01_54042_grd_13_240512_081156_HH_6/ship_patches_uint8/NovaSAR_01_54042_grd_13_240512_081156_HH_6_patch_24_Cargo_uint8.tif,Cargo,2,file,NovaSAR_dataset/2tfa6x37oerz2lyiw6hp47058/Data/NovaSAR_01_54042_grd_13_240512_081156_HH_6/ship_patches_uint8/NovaSAR_01_54042_grd_13_240512_081156_HH_6_patch_24_Cargo_uint8.tif,295581,2d612f9d98c2c33dd0651df109bd2994e201f76754ce4ae147eba9d0fd5d0d06
2tfa6x37oerz2lyiw6hp47058/Data/NovaSAR_01_54042_grd_13_240512_081202_HH_7/ship_patches_uint8/NovaSAR_01_54042_grd_13_240512_081202_HH_7_patch_15_Cargo_uint8.tif,Cargo,2,file,NovaSAR_dataset/2tfa6x37oerz2lyiw6hp47058/Data/NovaSAR_01_54042_grd_13_240512_081202_HH_7/ship_patches_uint8/NovaSAR_01_54042_grd_13_240512_081202_HH_7_patch_15_Cargo_uint8.tif,301351,1f5f2d8448d283b3e1a6b7464975349637af909244abe864e02f85ceefc151f6
2tfa6x37oerz2lyiw6hp47058/Data/NovaSAR_01_54042_grd_13_240512_081202_HH_7/ship_patches_uint8/NovaSAR_01_54042_grd_13_240512_081202_HH_7_patch_18_Cargo_uint8.tif,Cargo,2,file,NovaSAR_dataset/2tfa6x37oerz2lyiw6hp47058/Data/NovaSAR_01_54042_grd_13_240512_081202_HH_7/ship_patches_uint8/NovaSAR_01_54042_grd_13_240512_081202_HH_7_patch_18_Cargo_uint8.tif,274748,335316b095dfb6d5edc726fae45a03b1239a66056228d7aca6fe49a32f52bcba
2tfa6x37oerz2lyiw6hp47058/Data/NovaSAR_01_54042_grd_13_240512_081207_HH_8/ship_patches_uint8/NovaSAR_01_54042_grd_13_240512_081207_HH_8_patch_1_Fishing_uint8.tif,Fishing,1,file,NovaSAR_dataset/2tfa6x37oerz2lyiw6hp47058/Data/NovaSAR_01_54042_grd_13_240512_081207_HH_8/ship_patches_uint8/NovaSAR_01_54042_grd_13_240512_081207_HH_8_patch_1_Fishing_uint8.tif,309056,650355059f6aa69c62f39dabd5991c32dbc0659a13caaa1c93534da7bb29fd63
2tfa6x37oerz2lyiw6hp47058/Data/NovaSAR_01_54042_grd_13_240512_081207_HH_8/ship_patches_uint8/NovaSAR_01_54042_grd_13_240512_081207_HH_8_patch_2_Cargo_uint8.tif,Cargo,2,file,NovaSAR_dataset/2tfa6x37oerz2lyiw6hp47058/Data/NovaSAR_01_54042_grd_13_240512_081207_HH_8/ship_patches_uint8/NovaSAR_01_54042_grd_13_240512_081207_HH_8_patch_2_Cargo_uint8.tif,307606,4af00153ca286fa5afaee8c7a8907c14e008847e1e1dda47f8af2c283afadeb5
2tfa6x37oerz2lyiw6hp47058/Data/NovaSAR_01_54042_grd_13_240512_081207_HH_8/ship_patches_uint8/NovaSAR_01_54042_grd_13_240512_081207_HH_8_patch_3_Cargo_uint8.tif,Cargo,2,file,NovaSAR_dataset/2tfa6x37oerz2lyiw6hp47058/Data/NovaSAR_01_54042_grd_13_240512_081207_HH_8/ship_patches_uint8/NovaSAR_01_54042_grd_13_240512_081207_HH_8_patch_3_Cargo_uint8.tif,292266,8a659407f54cc8562192d59cf69186311443f62543f835c5c659f7986cc59a93
2tfa6x37oerz2lyiw6hp47058/Data/NovaSAR_01_54042_grd_13_240512_081213_HH_9/ship_patches_uint8/NovaSAR_01_54042_grd_13_240512_081213_HH_9_patch_1_Tanker_uint8.tif,Tanker,0,file,NovaSAR_dataset/2tfa6x37oerz2lyiw6hp47058/Data/NovaSAR_01_54042_grd_13_240512_081213_HH_9/ship_patches_uint8/NovaSAR_01_54042_grd_13_240512_081213_HH_9_patch_1_Tanker_uint8.tif,179584,230151fadc0d53dee221622d7b3f80ea1b9e973340741160757de3d738e3e118
2tfa6x37oerz2lyiw6hp47058/Data/NovaSAR_01_54042_grd_13_240512_081213_HH_9/ship_patches_uint8/NovaSAR_01_54042_grd_13_240512_081213_HH_9_patch_2_Cargo_uint8.tif,Cargo,2,file,NovaSAR_dataset/2tfa6x37oerz2lyiw6hp47058/Data/NovaSAR_01_54042_grd_13_240512_081213_HH_9/ship_patches_uint8/NovaSAR_01_54042_grd_13_240512_081213_HH_9_patch_2_Cargo_uint8.tif,225125,d508be543e005a9ef463ce92b7ba3465faed0623d90aebf3d004f81f35687820
2tfa6x37oerz2lyiw6hp47058/Data/NovaSAR_01_54042_grd_13_240512_081213_HH_9/ship_patches_uint8/NovaSAR_01_54042_grd_13_240512_081213_HH_9_patch_4_Tanker_uint8.tif,Tanker,0,file,NovaSAR_dataset/2tfa6x37oerz2lyiw6hp47058/Data/NovaSAR_01_54042_grd_13_240512_081213_HH_9/ship_patches_uint8/NovaSAR_01_54042_grd_13_240512_081213_HH_9_patch_4_Tanker_uint8.tif,300477,9b39b81218aed397be1fc21151acd3ab172b5a0d9d2cf4a941f70536ae77a9bf
2tfa6x37oerz2lyiw6hp47058/Data/NovaSAR_01_54042_grd_13_240512_081213_HH_9/ship_patches_uint8/NovaSAR_01_54042_grd_13_240512_081213_HH_9_patch_5_Tanker_uint8.tif,Tanker,0,file,NovaSAR_dataset/2tfa6x37oerz2lyiw6hp47058/Data/NovaSAR_01_54042_grd_13_240512_081213_HH_9/ship_patches_uint8/NovaSAR_01_54042_grd_13_240512_081213_HH_9_patch_5_Tanker_uint8.tif,193971,2427668a347f6bab9e61fc0a4676d1b00d397c977f42929f45577fbe55548139
2tfa6x37oerz2lyiw6hp47058/Data/NovaSAR_01_54042_grd_13_240512_081213_HH_9/ship_patches_uint8/NovaSAR_01_54042_grd_13_240512_081213_HH_9_patch_6_Cargo_uint8.tif,Cargo,2,file,NovaSAR_dataset/2tfa6x37oerz2lyiw6hp47058/Data/NovaSAR_01_54042_grd_13_240512_081213_HH_9/ship_patches_uint8/NovaSAR_01_54042_grd_13_240512_081213_HH_9_patch_6_Cargo_uint8.tif,317764,7678fc0cccf517951e959f7c2b733d72fcc1341f7a01f62547fa98b88607c8f4
2tfa6x37oerz2lyiw6hp47058/Data/NovaSAR_01_54042_grd_13_240512_081213_HH_9/ship_patches_uint8/NovaSAR_01_54042_grd_13_240512_081213_HH_9_patch_7_Cargo_uint8.tif,Cargo,2,file,NovaSAR_dataset/2tfa6x37oerz2lyiw6hp47058/Data/NovaSAR_01_54042_grd_13_240512_081213_HH_9/ship_patches_uint8/NovaSAR_01_54042_grd_13_240512_081213_HH_9_patch_7_Cargo_uint8.tif,304392,69da22b2587e8c96f8f57c69ab7c0c6d8dfd86f8f296f5b07af93693605de210
2tfa6x37oerz2lyiw6hp47058/Data/NovaSAR_01_54042_grd_13_240512_081218_HH_10/ship_patches_uint8/NovaSAR_01_54042_grd_13_240512_081218_HH_10_patch_2_Cargo_uint8.tif,Cargo,2,file,NovaSAR_dataset/2tfa6x37oerz2lyiw6hp47058/Data/NovaSAR_01_54042_grd_13_240512_081218_HH_10/ship_patches_uint8/NovaSAR_01_54042_grd_13_240512_081218_HH_10_patch_2_Cargo_uint8.tif,316126,70af301bda679bd930d3685d43fd13b271787828d1a93269898c7681d533c02d
2tfa6x37oerz2lyiw6hp47058/Data/NovaSAR_01_54042_grd_13_240512_081218_HH_10/ship_patches_uint8/NovaSAR_01_54042_grd_13_240512_081218_HH_10_patch_3_Cargo_uint8.tif,Cargo,2,file,NovaSAR_dataset/2tfa6x37oerz2lyiw6hp47058/Data/NovaSAR_01_54042_grd_13_240512_081218_HH_10/ship_patches_uint8/NovaSAR_01_54042_grd_13_240512_081218_HH_10_patch_3_Cargo_uint8.tif,323363,889f299ae27090a54ce1437ea5ef8030304c3c4c0914e1f8fdebb9bb14d46d28
2tfa6x37oerz2lyiw6hp47058/Data/NovaSAR_01_54042_grd_13_240512_081218_HH_10/ship_patches_uint8/NovaSAR_01_54042_grd_13_240512_081218_HH_10_patch_4_Fishing_uint8.tif,Fishing,1,file,NovaSAR_dataset/2tfa6x37oerz2lyiw6hp47058/Data/NovaSAR_01_54042_grd_13_240512_081218_HH_10/ship_patches_uint8/NovaSAR_01_54042_grd_13_240512_081218_HH_10_patch_4_Fishing_uint8.tif,317076,c78622531ab292820342299462ac0af4d51365d847ca7d1632be69b6b7e3f979
2tfa6x37oerz2lyiw6hp47058/Data/NovaSAR_01_54042_grd_13_240512_081218_HH_10/ship_patches_uint8/NovaSAR_01_54042_grd_13_240512_081218_HH_10_patch_5_Tanker_uint8.tif,Tanker,0,file,NovaSAR_dataset/2tfa6x37oerz2lyiw6hp47058/Data/NovaSAR_01_54042_grd_13_240512_081218_HH_10/ship_patches_uint8/NovaSAR_01_54042_grd_13_240512_081218_HH_10_patch_5_Tanker_uint8.tif,309651,04cc0a2586f31ebe59734b25fcbab90de57c5b602132b40a4543a59416ce0167
2tfa6x37oerz2lyiw6hp47058/Data/NovaSAR_01_54042_grd_13_240512_081224_HH_11/ship_patches_uint8/NovaSAR_01_54042_grd_13_240512_081224_HH_11_patch_2_Tanker_uint8.tif,Tanker,0,file,NovaSAR_dataset/2tfa6x37oerz2lyiw6hp47058/Data/NovaSAR_01_54042_grd_13_240512_081224_HH_11/ship_patches_uint8/NovaSAR_01_54042_grd_13_240512_081224_HH_11_patch_2_Tanker_uint8.tif,224689,f6852e1da33c7521af6aa3defc2773ff0bd8301d0bab1e233d477f929e3c1da6
2tfa6x37oerz2lyiw6hp47058/Data/NovaSAR_01_54042_grd_13_240512_081224_HH_11/ship_patches_uint8/NovaSAR_01_54042_grd_13_240512_081224_HH_11_patch_3_Tanker_uint8.tif,Tanker,0,file,NovaSAR_dataset/2tfa6x37oerz2lyiw6hp47058/Data/NovaSAR_01_54042_grd_13_240512_081224_HH_11/ship_patches_uint8/NovaSAR_01_54042_grd_13_240512_081224_HH_11_patch_3_Tanker_uint8.tif,201758,ac65232c6b29a853e3e0ee6a75eedbfe5f4f05531f085d829efc6824ccf98aee
2tfa6x37oerz2lyiw6hp47058/Data/NovaSAR_01_54042_grd_13_240512_081224_HH_11/ship_patches_uint8/NovaSAR_01_54042_grd_13_240512_081224_HH_11_patch_4_Tanker_uint8.tif,Tanker,0,file,NovaSAR_dataset/2tfa6x37oerz2lyiw6hp47058/Data/NovaSAR_01_54042_grd_13_240512_081224_HH_11/ship_patches_uint8/NovaSAR_01_54042_grd_13_240512_081224_HH_11_patch_4_Tanker_uint8.tif,318205,105b424dafe34ca60bfa1f5134dc9ac438e61759e2b84ebd40be0096bf69c2c0
2tfa6x37oerz2lyiw6hp47058/Data/NovaSAR_01_54042_grd_13_240512_081224_HH_11/ship_patches_uint8/NovaSAR_01_54042_grd_13_240512_081224_HH_11_patch_7_Cargo_uint8.tif,Cargo,2,file,NovaSAR_dataset/2tfa6x37oerz2lyiw6hp47058/Data/NovaSAR_01_54042_grd_13_240512_081224_HH_11/ship_patches_uint8/NovaSAR_01_54042_grd_13_240512_081224_HH_11_patch_7_Cargo_uint8.tif,316005,d6de0edf9c54e64c5d05ac9a1a571a4b8936d0ea1bf2845cf322079b8da9f077
2tfa6x37oerz2lyiw6hp47058/Data/NovaSAR_01_54042_grd_13_240512_081224_HH_11/ship_patches_uint8/NovaSAR_01_54042_grd_13_240512_081224_HH_11_patch_8_Tanker_uint8.tif,Tanker,0,file,NovaSAR_dataset/2tfa6x37oerz2lyiw6hp47058/Data/NovaSAR_01_54042_grd_13_240512_081224_HH_11/ship_patches_uint8/NovaSAR_01_54042_grd_13_240512_081224_HH_11_patch_8_Tanker_uint8.tif,324412,1919ba5a38add791b1c21564d6c863f25a3a9ef4e6163cec4f5060a1f1338bad
2tfa6x37oerz2lyiw6hp47058/Data/NovaSAR_01_54059_grd_13_240513_081721_HH_2/ship_patches_uint8/NovaSAR_01_54059_grd_13_240513_081721_HH_2_patch_1_Cargo_uint8.tif,Cargo,2,file,NovaSAR_dataset/2tfa6x37oerz2lyiw6hp47058/Data/NovaSAR_01_54059_grd_13_240513_081721_HH_2/ship_patches_uint8/NovaSAR_01_54059_grd_13_240513_081721_HH_2_patch_1_Cargo_uint8.tif,336687,af3571099c226402d576b997e64530bdebccec3508dfc9cf54155120a52af201
2tfa6x37oerz2lyiw6hp47058/Data/NovaSAR_01_54093_grd_13_240515_082857_HH_3/ship_patches_uint8/NovaSAR_01_54093_grd_13_240515_082857_HH_3_patch_7_Fishing_uint8.tif,Fishing,1,file,NovaSAR_dataset/2tfa6x37oerz2lyiw6hp47058/Data/NovaSAR_01_54093_grd_13_240515_082857_HH_3/ship_patches_uint8/NovaSAR_01_54093_grd_13_240515_082857_HH_3_patch_7_Fishing_uint8.tif,334619,b22b451ca8e6374a0f425f956d03854b885ceb2ac0dcad6e32a01f2c912e5ce4
2tfa6x37oerz2lyiw6hp47058/Data/NovaSAR_01_54093_grd_13_240515_082931_HH_9/ship_patches_uint8/NovaSAR_01_54093_grd_13_240515_082931_HH_9_patch_2_Fishing_uint8.tif,Fishing,1,file,NovaSAR_dataset/2tfa6x37oerz2lyiw6hp47058/Data/NovaSAR_01_54093_grd_13_240515_082931_HH_9/ship_patches_uint8/NovaSAR_01_54093_grd_13_240515_082931_HH_9_patch_2_Fishing_uint8.tif,334918,3ef2521f58d8366fc157b70713ec9d7e0daad183e22a7c05ce02dffd7980039e
2tfa6x37oerz2lyiw6hp47058/Data/NovaSAR_01_54093_grd_13_240515_082937_HH_10/ship_patches_uint8/NovaSAR_01_54093_grd_13_240515_082937_HH_10_patch_13_Fishing_uint8.tif,Fishing,1,file,NovaSAR_dataset/2tfa6x37oerz2lyiw6hp47058/Data/NovaSAR_01_54093_grd_13_240515_082937_HH_10/ship_patches_uint8/NovaSAR_01_54093_grd_13_240515_082937_HH_10_patch_13_Fishing_uint8.tif,335207,d167a6975c054fc10cac444b2680ea528750c7c644231940aa90f9eab9f673db
2tfa6x37oerz2lyiw6hp47058/Data/NovaSAR_01_54093_grd_13_240515_082937_HH_10/ship_patches_uint8/NovaSAR_01_54093_grd_13_240515_082937_HH_10_patch_4_Fishing_uint8.tif,Fishing,1,file,NovaSAR_dataset/2tfa6x37oerz2lyiw6hp47058/Data/NovaSAR_01_54093_grd_13_240515_082937_HH_10/ship_patches_uint8/NovaSAR_01_54093_grd_13_240515_082937_HH_10_patch_4_Fishing_uint8.tif,336523,08cc0adf1db04725f664b2a4edd09c8ad2b0c02ad20c46d16508b1dcdd275c67
2tfa6x37oerz2lyiw6hp47058/Data/NovaSAR_01_54093_grd_13_240515_082937_HH_10/ship_patches_uint8/NovaSAR_01_54093_grd_13_240515_082937_HH_10_patch_6_Fishing_uint8.tif,Fishing,1,file,NovaSAR_dataset/2tfa6x37oerz2lyiw6hp47058/Data/NovaSAR_01_54093_grd_13_240515_082937_HH_10/ship_patches_uint8/NovaSAR_01_54093_grd_13_240515_082937_HH_10_patch_6_Fishing_uint8.tif,335177,ee48df5196f3d35fc4bfdafe768435f35edc9bdac0002ec0db8539c6172c2aea
2tfa6x37oerz2lyiw6hp47058/Data/NovaSAR_01_54093_grd_13_240515_082943_HH_11/ship_patches_uint8/NovaSAR_01_54093_grd_13_240515_082943_HH_11_patch_1_Tanker_uint8.tif,Tanker,0,file,NovaSAR_dataset/2tfa6x37oerz2lyiw6hp47058/Data/NovaSAR_01_54093_grd_13_240515_082943_HH_11/ship_patches_uint8/NovaSAR_01_54093_grd_13_240515_082943_HH_11_patch_1_Tanker_uint8.tif,331748,3e3f12ad21b695998c0b3417b811a25bfb559cac11cdeb32a979a9ba92fc209a
2tfa6x37oerz2lyiw6hp47058/Data/NovaSAR_01_54093_grd_13_240515_082948_HH_12/ship_patches_uint8/NovaSAR_01_54093_grd_13_240515_082948_HH_12_patch_1_Tanker_uint8.tif,Tanker,0,file,NovaSAR_dataset/2tfa6x37oerz2lyiw6hp47058/Data/NovaSAR_01_54093_grd_13_240515_082948_HH_12/ship_patches_uint8/NovaSAR_01_54093_grd_13_240515_082948_HH_12_patch_1_Tanker_uint8.tif,336144,a60d6f80e3ddcd749dc943e4ab48f44af4b6e2de0b3c45e944eb88f4d107aa79
2tfa6x37oerz2lyiw6hp47058/Data/NovaSAR_01_54093_grd_13_240515_082948_HH_12/ship_patches_uint8/NovaSAR_01_54093_grd_13_240515_082948_HH_12_patch_2_Cargo_uint8.tif,Cargo,2,file,NovaSAR_dataset/2tfa6x37oerz2lyiw6hp47058/Data/NovaSAR_01_54093_grd_13_240515_082948_HH_12/ship_patches_uint8/NovaSAR_01_54093_grd_13_240515_082948_HH_12_patch_2_Cargo_uint8.tif,336165,bcb8f09e1b0bca14da5329035be94ff29009c14022697bad545aaa0a75d47a6b
2tfa6x37oerz2lyiw6hp47058/Data/NovaSAR_01_54093_grd_13_240515_082948_HH_12/ship_patches_uint8/NovaSAR_01_54093_grd_13_240515_082948_HH_12_patch_3_Fishing_uint8.tif,Fishing,1,file,NovaSAR_dataset/2tfa6x37oerz2lyiw6hp47058/Data/NovaSAR_01_54093_grd_13_240515_082948_HH_12/ship_patches_uint8/NovaSAR_01_54093_grd_13_240515_082948_HH_12_patch_3_Fishing_uint8.tif,339264,9edfe43ab6ec9e985d5eb97863bb37d5ab01158a7f56669df6e7b076f2bffd51
2tfa6x37oerz2lyiw6hp47058/Data/NovaSAR_01_54109_grd_13_240516_083508_HH_8/ship_patches_uint8/NovaSAR_01_54109_grd_13_240516_083508_HH_8_patch_1_Cargo_uint8.tif,Cargo,2,file,NovaSAR_dataset/2tfa6x37oerz2lyiw6hp47058/Data/NovaSAR_01_54109_grd_13_240516_083508_HH_8/ship_patches_uint8/NovaSAR_01_54109_grd_13_240516_083508_HH_8_patch_1_Cargo_uint8.tif,338096,8f0e1a9fe965c4244061eb650d09fed9d3062c0070a541d14772c2a3960145dd
2tfa6x37oerz2lyiw6hp47058/Data/NovaSAR_01_54109_grd_13_240516_083508_HH_8/ship_patches_uint8/NovaSAR_01_54109_grd_13_240516_083508_HH_8_patch_2_Fishing_uint8.tif,Fishing,1,file,NovaSAR_dataset/2tfa6x37oerz2lyiw6hp47058/Data/NovaSAR_01_54109_grd_13_240516_083508_HH_8/ship_patches_uint8/NovaSAR_01_54109_grd_13_240516_083508_HH_8_patch_2_Fishing_uint8.tif,337606,de6b4290860a4ee8bf4202f6cea16d38e153b1d1f09bd1b072431c7ff934e0a1
2tfa6x37oerz2lyiw6hp47058/Data/NovaSAR_01_54118_grd_13_240516_214406_HH_2/ship_patches_uint8/NovaSAR_01_54118_grd_13_240516_214406_HH_2_patch_5_Cargo_uint8.tif,Cargo,2,file,NovaSAR_dataset/2tfa6x37oerz2lyiw6hp47058/Data/NovaSAR_01_54118_grd_13_240516_214406_HH_2/ship_patches_uint8/NovaSAR_01_54118_grd_13_240516_214406_HH_2_patch_5_Cargo_uint8.tif,335377,4ea691c5e06f108259dfccca099054b585785f36234d138b1b2dff76e1b7cdb1
2tfa6x37oerz2lyiw6hp47058/Data/NovaSAR_01_54118_grd_13_240516_214412_HH_3/ship_patches_uint8/NovaSAR_01_54118_grd_13_240516_214412_HH_3_patch_4_Cargo_uint8.tif,Cargo,2,file,NovaSAR_dataset/2tfa6x37oerz2lyiw6hp47058/Data/NovaSAR_01_54118_grd_13_240516_214412_HH_3/ship_patches_uint8/NovaSAR_01_54118_grd_13_240516_214412_HH_3_patch_4_Cargo_uint8.tif,329726,18d362b77461f43584e6cdea125dc74ba761546cefa2ccdc2d4fc292bd2ecf5f
2tfa6x37oerz2lyiw6hp47058/Data/NovaSAR_01_54118_grd_13_240516_214412_HH_3/ship_patches_uint8/NovaSAR_01_54118_grd_13_240516_214412_HH_3_patch_5_Cargo_uint8.tif,Cargo,2,file,NovaSAR_dataset/2tfa6x37oerz2lyiw6hp47058/Data/NovaSAR_01_54118_grd_13_240516_214412_HH_3/ship_patches_uint8/NovaSAR_01_54118_grd_13_240516_214412_HH_3_patch_5_Cargo_uint8.tif,329388,d45ee9a836aa8df763f19e1e321ffe9655ce232790d62076f2099a3cc15c2b13
2tfa6x37oerz2lyiw6hp47058/Data/NovaSAR_01_54118_grd_13_240516_214412_HH_3/ship_patches_uint8/NovaSAR_01_54118_grd_13_240516_214412_HH_3_patch_6_Cargo_uint8.tif,Cargo,2,file,NovaSAR_dataset/2tfa6x37oerz2lyiw6hp47058/Data/NovaSAR_01_54118_grd_13_240516_214412_HH_3/ship_patches_uint8/NovaSAR_01_54118_grd_13_240516_214412_HH_3_patch_6_Cargo_uint8.tif,328224,3ad64f220660997c9cd187501bed3913ce0266cdcf33df4d5ea0049db3a793f3
2tfa6x37oerz2lyiw6hp47058/Data/NovaSAR_01_54118_grd_13_240516_214423_HH_5/ship_patches_uint8/NovaSAR_01_54118_grd_13_240516_214423_HH_5_patch_1_Cargo_uint8.tif,Cargo,2,file,NovaSAR_dataset/2tfa6x37oerz2lyiw6hp47058/Data/NovaSAR_01_54118_grd_13_240516_214423_HH_5/ship_patches_uint8/NovaSAR_01_54118_grd_13_240516_214423_HH_5_patch_1_Cargo_uint8.tif,334371,003d3a3b421c9b32d3d1968e87c432c2afa4c80c6eb18c36be84ce875f8d7d8e
2tfa6x37oerz2lyiw6hp47058/Data/NovaSAR_01_54118_grd_13_240516_214423_HH_5/ship_patches_uint8/NovaSAR_01_54118_grd_13_240516_214423_HH_5_patch_2_Cargo_uint8.tif,Cargo,2,file,NovaSAR_dataset/2tfa6x37oerz2lyiw6hp47058/Data/NovaSAR_01_54118_grd_13_240516_214423_HH_5/ship_patches_uint8/NovaSAR_01_54118_grd_13_240516_214423_HH_5_patch_2_Cargo_uint8.tif,331063,3aa6bcee49251ce5957df2c258e224d3caddb3b983d369773237940ddf6107f3
2tfa6x37oerz2lyiw6hp47058/Data/NovaSAR_01_54118_grd_13_240516_214423_HH_5/ship_patches_uint8/NovaSAR_01_54118_grd_13_240516_214423_HH_5_patch_3_Cargo_uint8.tif,Cargo,2,file,NovaSAR_dataset/2tfa6x37oerz2lyiw6hp47058/Data/NovaSAR_01_54118_grd_13_240516_214423_HH_5/ship_patches_uint8/NovaSAR_01_54118_grd_13_240516_214423_HH_5_patch_3_Cargo_uint8.tif,330233,433871ba58f41897fdd1476b41bb50dbb2f09193f5cf5e16aa2ebf72282f0f2a
2tfa6x37oerz2lyiw6hp47058/Data/NovaSAR_01_54133_grd_13_240517_084015_HH_2/ship_patches_uint8/NovaSAR_01_54133_grd_13_240517_084015_HH_2_patch_1_Cargo_uint8.tif,Cargo,2,file,NovaSAR_dataset/2tfa6x37oerz2lyiw6hp47058/Data/NovaSAR_01_54133_grd_13_240517_084015_HH_2/ship_patches_uint8/NovaSAR_01_54133_grd_13_240517_084015_HH_2_patch_1_Cargo_uint8.tif,332444,b36df32a26ebc94d1e577d8f83c133b768ee1ff3fa1745a0c6863d4c2dadcc84
2tfa6x37oerz2lyiw6hp47058/Data/NovaSAR_01_54133_grd_13_240517_084015_HH_2/ship_patches_uint8/NovaSAR_01_54133_grd_13_240517_084015_HH_2_patch_2_Cargo_uint8.tif,Cargo,2,file,NovaSAR_dataset/2tfa6x37oerz2lyiw6hp47058/Data/NovaSAR_01_54133_grd_13_240517_084015_HH_2/ship_patches_uint8/NovaSAR_01_54133_grd_13_240517_084015_HH_2_patch_2_Cargo_uint8.tif,333046,df871925479d2724987b56bedc4e533006f8630e2604a8bacd2eb72339753fe5
2tfa6x37oerz2lyiw6hp47058/Data/NovaSAR_01_54133_grd_13_240517_084015_HH_2/ship_patches_uint8/NovaSAR_01_54133_grd_13_240517_084015_HH_2_patch_3_Cargo_uint8.tif,Cargo,2,file,NovaSAR_dataset/2tfa6x37oerz2lyiw6hp47058/Data/NovaSAR_01_54133_grd_13_240517_084015_HH_2/ship_patches_uint8/NovaSAR_01_54133_grd_13_240517_084015_HH_2_patch_3_Cargo_uint8.tif,335306,b732a389358e01583e8fdcaf4272065cb0bd4823e562d0a1fb0a93d87c98d05b
2tfa6x37oerz2lyiw6hp47058/Data/NovaSAR_01_54133_grd_13_240517_084015_HH_2/ship_patches_uint8/NovaSAR_01_54133_grd_13_240517_084015_HH_2_patch_6_Tanker_uint8.tif,Tanker,0,file,NovaSAR_dataset/2tfa6x37oerz2lyiw6hp47058/Data/NovaSAR_01_54133_grd_13_240517_084015_HH_2/ship_patches_uint8/NovaSAR_01_54133_grd_13_240517_084015_HH_2_patch_6_Tanker_uint8.tif,332546,200a3e34af007ed787adc1fb71bdb761aa7948c44b0b71556d0357fbd5ef80d2
2tfa6x37oerz2lyiw6hp47058/Data/NovaSAR_01_54133_grd_13_240517_084043_HH_7/ship_patches_uint8/NovaSAR_01_54133_grd_13_240517_084043_HH_7_patch_2_Cargo_uint8.tif,Cargo,2,file,NovaSAR_dataset/2tfa6x37oerz2lyiw6hp47058/Data/NovaSAR_01_54133_grd_13_240517_084043_HH_7/ship_patches_uint8/NovaSAR_01_54133_grd_13_240517_084043_HH_7_patch_2_Cargo_uint8.tif,331712,2d5561e7eedbcef6d556062e5ed753b0fe9e5a9d12aeeb5f7476c78530aff323
2tfa6x37oerz2lyiw6hp47058/Data/NovaSAR_01_54173_grd_13_240518_084558_HH_2/ship_patches_uint8/NovaSAR_01_54173_grd_13_240518_084558_HH_2_patch_5_Tanker_uint8.tif,Tanker,0,file,NovaSAR_dataset/2tfa6x37oerz2lyiw6hp47058/Data/NovaSAR_01_54173_grd_13_240518_084558_HH_2/ship_patches_uint8/NovaSAR_01_54173_grd_13_240518_084558_HH_2_patch_5_Tanker_uint8.tif,334510,4653ed7a8a4a9e3bc61d432d64ba04d8e93fe2f212ec12f03a96b42aed06fa86
2tfa6x37oerz2lyiw6hp47058/Data/NovaSAR_01_54173_grd_13_240518_084603_HH_3/ship_patches_uint8/NovaSAR_01_54173_grd_13_240518_084603_HH_3_patch_2_Cargo_uint8.tif,Cargo,2,file,NovaSAR_dataset/2tfa6x37oerz2lyiw6hp47058/Data/NovaSAR_01_54173_grd_13_240518_084603_HH_3/ship_patches_uint8/NovaSAR_01_54173_grd_13_240518_084603_HH_3_patch_2_Cargo_uint8.tif,336290,c3fe82de6f5e0d7756a6f257e9a3e6d0ebe6c2614bf5050a7bbf7a569f5e9a71
2tfa6x37oerz2lyiw6hp47058/Data/NovaSAR_01_54173_grd_13_240518_084609_HH_4/ship_patches_uint8/NovaSAR_01_54173_grd_13_240518_084609_HH_4_patch_4_Tanker_uint8.tif,Tanker,0,file,NovaSAR_dataset/2tfa6x37oerz2lyiw6hp47058/Data/NovaSAR_01_54173_grd_13_240518_084609_HH_4/ship_patches_uint8/NovaSAR_01_54173_grd_13_240518_084609_HH_4_patch_4_Tanker_uint8.tif,294283,abfae2b044135fc6e8247ed29d3ef38ce4a846d3a1f6c8b0882fbb69ab616a25
2tfa6x37oerz2lyiw6hp47058/Data/NovaSAR_01_54173_grd_13_240518_084609_HH_4/ship_patches_uint8/NovaSAR_01_54173_grd_13_240518_084609_HH_4_patch_6_Tanker_uint8.tif,Tanker,0,file,NovaSAR_dataset/2tfa6x37oerz2lyiw6hp47058/Data/NovaSAR_01_54173_grd_13_240518_084609_HH_4/ship_patches_uint8/NovaSAR_01_54173_grd_13_240518_084609_HH_4_patch_6_Tanker_uint8.tif,340483,a5781b4a2fbf2bb63a01d6ce57a8899866b740da0cfaf0133f2884386b727715
2tfa6x37oerz2lyiw6hp47058/Data/NovaSAR_01_54173_grd_13_240518_084615_HH_5/ship_patches_uint8/NovaSAR_01_54173_grd_13_240518_084615_HH_5_patch_10_Cargo_uint8.tif,Cargo,2,file,NovaSAR_dataset/2tfa6x37oerz2lyiw6hp47058/Data/NovaSAR_01_54173_grd_13_240518_084615_HH_5/ship_patches_uint8/NovaSAR_01_54173_grd_13_240518_084615_HH_5_patch_10_Cargo_uint8.tif,335818,b76979925d342e444eaf66b399f4dff80947c163afb670975fe57fcb805c41ce
2tfa6x37oerz2lyiw6hp47058/Data/NovaSAR_01_54173_grd_13_240518_084615_HH_5/ship_patches_uint8/NovaSAR_01_54173_grd_13_240518_084615_HH_5_patch_11_Cargo_uint8.tif,Cargo,2,file,NovaSAR_dataset/2tfa6x37oerz2lyiw6hp47058/Data/NovaSAR_01_54173_grd_13_240518_084615_HH_5/ship_patches_uint8/NovaSAR_01_54173_grd_13_240518_084615_HH_5_patch_11_Cargo_uint8.tif,285076,2492671921bb57c1bfc84af13f294755c5d61d1213829fa91563395b40dcd500
2tfa6x37oerz2lyiw6hp47058/Data/NovaSAR_01_54173_grd_13_240518_084615_HH_5/ship_patches_uint8/NovaSAR_01_54173_grd_13_240518_084615_HH_5_patch_12_Cargo_uint8.tif,Cargo,2,file,NovaSAR_dataset/2tfa6x37oerz2lyiw6hp47058/Data/NovaSAR_01_54173_grd_13_240518_084615_HH_5/ship_patches_uint8/NovaSAR_01_54173_grd_13_240518_084615_HH_5_patch_12_Cargo_uint8.tif,335983,96b47355cae87edda8b5e18966d2c0a940273c6d07414a36e8e7ab0c9606739b
2tfa6x37oerz2lyiw6hp47058/Data/NovaSAR_01_54173_grd_13_240518_084615_HH_5/ship_patches_uint8/NovaSAR_01_54173_grd_13_240518_084615_HH_5_patch_13_Tanker_uint8.tif,Tanker,0,file,NovaSAR_dataset/2tfa6x37oerz2lyiw6hp47058/Data/NovaSAR_01_54173_grd_13_240518_084615_HH_5/ship_patches_uint8/NovaSAR_01_54173_grd_13_240518_084615_HH_5_patch_13_Tanker_uint8.tif,310911,29eef946b9602b3b79d3e4abb07ffd9098e34bb76bd0beb70e4fd79874e37446
2tfa6x37oerz2lyiw6hp47058/Data/NovaSAR_01_54173_grd_13_240518_084615_HH_5/ship_patches_uint8/NovaSAR_01_54173_grd_13_240518_084615_HH_5_patch_1_Tanker_uint8.tif,Tanker,0,file,NovaSAR_dataset/2tfa6x37oerz2lyiw6hp47058/Data/NovaSAR_01_54173_grd_13_240518_084615_HH_5/ship_patches_uint8/NovaSAR_01_54173_grd_13_240518_084615_HH_5_patch_1_Tanker_uint8.tif,313452,656f54867bff0b1269989651020670672849367f1b9fb7b3f1b6aa2851092b33
2tfa6x37oerz2lyiw6hp47058/Data/NovaSAR_01_54173_grd_13_240518_084615_HH_5/ship_patches_uint8/NovaSAR_01_54173_grd_13_240518_084615_HH_5_patch_4_Cargo_uint8.tif,Cargo,2,file,NovaSAR_dataset/2tfa6x37oerz2lyiw6hp47058/Data/NovaSAR_01_54173_grd_13_240518_084615_HH_5/ship_patches_uint8/NovaSAR_01_54173_grd_13_240518_084615_HH_5_patch_4_Cargo_uint8.tif,332756,ef54cae564078cc031cc38b54e2943d11e0197474f9c946f2926ec161c635e82
2tfa6x37oerz2lyiw6hp47058/Data/NovaSAR_01_54173_grd_13_240518_084615_HH_5/ship_patches_uint8/NovaSAR_01_54173_grd_13_240518_084615_HH_5_patch_5_Cargo_uint8.tif,Cargo,2,file,NovaSAR_dataset/2tfa6x37oerz2lyiw6hp47058/Data/NovaSAR_01_54173_grd_13_240518_084615_HH_5/ship_patches_uint8/NovaSAR_01_54173_grd_13_240518_084615_HH_5_patch_5_Cargo_uint8.tif,329003,a7d9d102f2b55ca6992819f1a488dfa0ddd401c117614451921f068a130dc292
2tfa6x37oerz2lyiw6hp47058/Data/NovaSAR_01_54173_grd_13_240518_084620_HH_6/ship_patches_uint8/NovaSAR_01_54173_grd_13_240518_084620_HH_6_patch_10_Cargo_uint8.tif,Cargo,2,file,NovaSAR_dataset/2tfa6x37oerz2lyiw6hp47058/Data/NovaSAR_01_54173_grd_13_240518_084620_HH_6/ship_patches_uint8/NovaSAR_01_54173_grd_13_240518_084620_HH_6_patch_10_Cargo_uint8.tif,339119,05f31c9792cd2ab56493e12fb4fc3b7893792f724f9f2646bd42dd288716382c
2tfa6x37oerz2lyiw6hp47058/Data/NovaSAR_01_54173_grd_13_240518_084620_HH_6/ship_patches_uint8/NovaSAR_01_54173_grd_13_240518_084620_HH_6_patch_11_Tanker_uint8.tif,Tanker,0,file,NovaSAR_dataset/2tfa6x37oerz2lyiw6hp47058/Data/NovaSAR_01_54173_grd_13_240518_084620_HH_6/ship_patches_uint8/NovaSAR_01_54173_grd_13_240518_084620_HH_6_patch_11_Tanker_uint8.tif,326639,234129a07cb77a74e1337e085d8fa4c08a072bdeec813db47c110c8753bbcc48
2tfa6x37oerz2lyiw6hp47058/Data/NovaSAR_01_54173_grd_13_240518_084620_HH_6/ship_patches_uint8/NovaSAR_01_54173_grd_13_240518_084620_HH_6_patch_5_Cargo_uint8.tif,Cargo,2,file,NovaSAR_dataset/2tfa6x37oerz2lyiw6hp47058/Data/NovaSAR_01_54173_grd_13_240518_084620_HH_6/ship_patches_uint8/NovaSAR_01_54173_grd_13_240518_084620_HH_6_patch_5_Cargo_uint8.tif,340348,1329d8aa0ca6ebd20fde2d2e946de0e3f2ab359d4b4c3bd12e8213deb550ed01
2tfa6x37oerz2lyiw6hp47058/Data/NovaSAR_01_54173_grd_13_240518_084620_HH_6/ship_patches_uint8/NovaSAR_01_54173_grd_13_240518_084620_HH_6_patch_6_Cargo_uint8.tif,Cargo,2,file,NovaSAR_dataset/2tfa6x37oerz2lyiw6hp47058/Data/NovaSAR_01_54173_grd_13_240518_084620_HH_6/ship_patches_uint8/NovaSAR_01_54173_grd_13_240518_084620_HH_6_patch_6_Cargo_uint8.tif,333027,89e5c0321decaca265cf01c50d5c62f8d461b96411c2a10a20a376e7e63c5f9f
2tfa6x37oerz2lyiw6hp47058/Data/NovaSAR_01_54173_grd_13_240518_084654_HH_12/ship_patches_uint8/NovaSAR_01_54173_grd_13_240518_084654_HH_12_patch_1_Fishing_uint8.tif,Fishing,1,file,NovaSAR_dataset/2tfa6x37oerz2lyiw6hp47058/Data/NovaSAR_01_54173_grd_13_240518_084654_HH_12/ship_patches_uint8/NovaSAR_01_54173_grd_13_240518_084654_HH_12_patch_1_Fishing_uint8.tif,338323,85d2fb7877609ccb8d9902597081a4f1830f880839ccac22c69c88a695ddb95a
2tfa6x37oerz2lyiw6hp47058/Data/NovaSAR_01_54173_grd_13_240518_084654_HH_12/ship_patches_uint8/NovaSAR_01_54173_grd_13_240518_084654_HH_12_patch_3_Tanker_uint8.tif,Tanker,0,file,NovaSAR_dataset/2tfa6x37oerz2lyiw6hp47058/Data/NovaSAR_01_54173_grd_13_240518_084654_HH_12/ship_patches_uint8/NovaSAR_01_54173_grd_13_240518_084654_HH_12_patch_3_Tanker_uint8.tif,313278,46b53a29b9c56eb6f7fad54c358d12413b895235c6a5de09913cad7be4a56da8
2tfa6x37oerz2lyiw6hp47058/Data/NovaSAR_01_54173_grd_13_240518_084654_HH_12/ship_patches_uint8/NovaSAR_01_54173_grd_13_240518_084654_HH_12_patch_4_Cargo_uint8.tif,Cargo,2,file,NovaSAR_dataset/2tfa6x37oerz2lyiw6hp47058/Data/NovaSAR_01_54173_grd_13_240518_084654_HH_12/ship_patches_uint8/NovaSAR_01_54173_grd_13_240518_084654_HH_12_patch_4_Cargo_uint8.tif,336281,2b41e71ee6078f0d57dbd5cba77f37853a13c565399b3ff870c750ef3b6f42aa
2tfa6x37oerz2lyiw6hp47058/Data/NovaSAR_01_54173_grd_13_240518_084654_HH_12/ship_patches_uint8/NovaSAR_01_54173_grd_13_240518_084654_HH_12_patch_5_Fishing_uint8.tif,Fishing,1,file,NovaSAR_dataset/2tfa6x37oerz2lyiw6hp47058/Data/NovaSAR_01_54173_grd_13_240518_084654_HH_12/ship_patches_uint8/NovaSAR_01_54173_grd_13_240518_084654_HH_12_patch_5_Fishing_uint8.tif,340162,2a7932350e2d91648bed60b6a48341a72b9c23468ef84baef4f366ff6e353935
2tfa6x37oerz2lyiw6hp47058/Data/NovaSAR_01_54173_grd_13_240518_084654_HH_12/ship_patches_uint8/NovaSAR_01_54173_grd_13_240518_084654_HH_12_patch_6_Tanker_uint8.tif,Tanker,0,file,NovaSAR_dataset/2tfa6x37oerz2lyiw6hp47058/Data/NovaSAR_01_54173_grd_13_240518_084654_HH_12/ship_patches_uint8/NovaSAR_01_54173_grd_13_240518_084654_HH_12_patch_6_Tanker_uint8.tif,266772,265d1d7d1bc3c9ff111e3339d0c0f51b6df7149e916d7f52d63326f637cacf05
2tfa6x37oerz2lyiw6hp47058/Data/NovaSAR_01_54173_grd_13_240518_084700_HH_13/ship_patches_uint8/NovaSAR_01_54173_grd_13_240518_084700_HH_13_patch_1_Cargo_uint8.tif,Cargo,2,file,NovaSAR_dataset/2tfa6x37oerz2lyiw6hp47058/Data/NovaSAR_01_54173_grd_13_240518_084700_HH_13/ship_patches_uint8/NovaSAR_01_54173_grd_13_240518_084700_HH_13_patch_1_Cargo_uint8.tif,333790,7078850cb159f7bb4052102d2a3db3b0de702e4fc6c7a1489349ac47837c7e01
2tfa6x37oerz2lyiw6hp47058/Data/NovaSAR_01_54188_grd_13_240518_215503_HH_2/ship_patches_uint8/NovaSAR_01_54188_grd_13_240518_215503_HH_2_patch_10_Fishing_uint8.tif,Fishing,1,file,NovaSAR_dataset/2tfa6x37oerz2lyiw6hp47058/Data/NovaSAR_01_54188_grd_13_240518_215503_HH_2/ship_patches_uint8/NovaSAR_01_54188_grd_13_240518_215503_HH_2_patch_10_Fishing_uint8.tif,240548,3e60bc25607a40d9a778b99115be47ab66ab51d2ea048be169e88cc6705fdd5f
2tfa6x37oerz2lyiw6hp47058/Data/NovaSAR_01_54188_grd_13_240518_215503_HH_2/ship_patches_uint8/NovaSAR_01_54188_grd_13_240518_215503_HH_2_patch_11_Tanker_uint8.tif,Tanker,0,file,NovaSAR_dataset/2tfa6x37oerz2lyiw6hp47058/Data/NovaSAR_01_54188_grd_13_240518_215503_HH_2/ship_patches_uint8/NovaSAR_01_54188_grd_13_240518_215503_HH_2_patch_11_Tanker_uint8.tif,129448,76b86c46cccd910efe5d130c6a4c74f879685b6c46d1c2e1d905757222103ee1
2tfa6x37oerz2lyiw6hp47058/Data/NovaSAR_01_54188_grd_13_240518_215503_HH_2/ship_patches_uint8/NovaSAR_01_54188_grd_13_240518_215503_HH_2_patch_2_Fishing_uint8.tif,Fishing,1,file,NovaSAR_dataset/2tfa6x37oerz2lyiw6hp47058/Data/NovaSAR_01_54188_grd_13_240518_215503_HH_2/ship_patches_uint8/NovaSAR_01_54188_grd_13_240518_215503_HH_2_patch_2_Fishing_uint8.tif,214058,1c3826bdf38b4a629b65b2f446572df826fd33b34a406a282964d348eb7a042e
2tfa6x37oerz2lyiw6hp47058/Data/NovaSAR_01_54188_grd_13_240518_215503_HH_2/ship_patches_uint8/NovaSAR_01_54188_grd_13_240518_215503_HH_2_patch_3_Cargo_uint8.tif,Cargo,2,file,NovaSAR_dataset/2tfa6x37oerz2lyiw6hp47058/Data/NovaSAR_01_54188_grd_13_240518_215503_HH_2/ship_patches_uint8/NovaSAR_01_54188_grd_13_240518_215503_HH_2_patch_3_Cargo_uint8.tif,321597,82e4be17b1dc8841c7822bb33fb76fefcd53f80e19a419dffb24827452841fe9
2tfa6x37oerz2lyiw6hp47058/Data/NovaSAR_01_54188_grd_13_240518_215503_HH_2/ship_patches_uint8/NovaSAR_01_54188_grd_13_240518_215503_HH_2_patch_5_Cargo_uint8.tif,Cargo,2,file,NovaSAR_dataset/2tfa6x37oerz2lyiw6hp47058/Data/NovaSAR_01_54188_grd_13_240518_215503_HH_2/ship_patches_uint8/NovaSAR_01_54188_grd_13_240518_215503_HH_2_patch_5_Cargo_uint8.tif,255065,002ce8153279702e4ac4dd2da7ffb098f10f9c4dd177536e02098ec5603b9814
2tfa6x37oerz2lyiw6hp47058/Data/NovaSAR_01_54188_grd_13_240518_215503_HH_2/ship_patches_uint8/NovaSAR_01_54188_grd_13_240518_215503_HH_2_patch_6_Fishing_uint8.tif,Fishing,1,file,NovaSAR_dataset/2tfa6x37oerz2lyiw6hp47058/Data/NovaSAR_01_54188_grd_13_240518_215503_HH_2/ship_patches_uint8/NovaSAR_01_54188_grd_13_240518_215503_HH_2_patch_6_Fishing_uint8.tif,209375,7f97446c84db23356ecd6afb45993eb38684abafedb5c197241e54e1c971ed0d
2tfa6x37oerz2lyiw6hp47058/Data/NovaSAR_01_54188_grd_13_240518_215503_HH_2/ship_patches_uint8/NovaSAR_01_54188_grd_13_240518_215503_HH_2_patch_7_Tanker_uint8.tif,Tanker,0,file,NovaSAR_dataset/2tfa6x37oerz2lyiw6hp47058/Data/NovaSAR_01_54188_grd_13_240518_215503_HH_2/ship_patches_uint8/NovaSAR_01_54188_grd_13_240518_215503_HH_2_patch_7_Tanker_uint8.tif,296259,dbcbf3c14d857ef4b9d6646fb766f5987ab701c49b3fac073cda7c9b151ef223
2tfa6x37oerz2lyiw6hp47058/Data/NovaSAR_01_54188_grd_13_240518_215503_HH_2/ship_patches_uint8/NovaSAR_01_54188_grd_13_240518_215503_HH_2_patch_8_Cargo_uint8.tif,Cargo,2,file,NovaSAR_dataset/2tfa6x37oerz2lyiw6hp47058/Data/NovaSAR_01_54188_grd_13_240518_215503_HH_2/ship_patches_uint8/NovaSAR_01_54188_grd_13_240518_215503_HH_2_patch_8_Cargo_uint8.tif,287978,3166ad8425f06341f491536af15608067f8458a0fd5313d02484cfbead4fdfd4
2tfa6x37oerz2lyiw6hp47058/Data/NovaSAR_01_54188_grd_13_240518_215503_HH_2/ship_patches_uint8/NovaSAR_01_54188_grd_13_240518_215503_HH_2_patch_9_Fishing_uint8.tif,Fishing,1,file,NovaSAR_dataset/2tfa6x37oerz2lyiw6hp47058/Data/NovaSAR_01_54188_grd_13_240518_215503_HH_2/ship_patches_uint8/NovaSAR_01_54188_grd_13_240518_215503_HH_2_patch_9_Fishing_uint8.tif,239094,7b5491b0544655f477d447fd5c532ee9db76fe530f36117ffca23f221eb1f021
2tfa6x37oerz2lyiw6hp47058/Data/NovaSAR_01_54188_grd_13_240518_215509_HH_3/ship_patches_uint8/NovaSAR_01_54188_grd_13_240518_215509_HH_3_patch_3_Tanker_uint8.tif,Tanker,0,file,NovaSAR_dataset/2tfa6x37oerz2lyiw6hp47058/Data/NovaSAR_01_54188_grd_13_240518_215509_HH_3/ship_patches_uint8/NovaSAR_01_54188_grd_13_240518_215509_HH_3_patch_3_Tanker_uint8.tif,249127,738430660e6d682a541ecb670ca35ad16f4dcf19d4f37f87b4d573a0c365ae8d
2tfa6x37oerz2lyiw6hp47058/Data/NovaSAR_01_54188_grd_13_240518_215509_HH_3/ship_patches_uint8/NovaSAR_01_54188_grd_13_240518_215509_HH_3_patch_4_Cargo_uint8.tif,Cargo,2,file,NovaSAR_dataset/2tfa6x37oerz2lyiw6hp47058/Data/NovaSAR_01_54188_grd_13_240518_215509_HH_3/ship_patches_uint8/NovaSAR_01_54188_grd_13_240518_215509_HH_3_patch_4_Cargo_uint8.tif,276483,7a6eb5481f113482977556a8275e6e8a43fb028323c6b6e8036c8c989f1291e0
2tfa6x37oerz2lyiw6hp47058/Data/NovaSAR_01_54188_grd_13_240518_215509_HH_3/ship_patches_uint8/NovaSAR_01_54188_grd_13_240518_215509_HH_3_patch_8_Fishing_uint8.tif,Fishing,1,file,NovaSAR_dataset/2tfa6x37oerz2lyiw6hp47058/Data/NovaSAR_01_54188_grd_13_240518_215509_HH_3/ship_patches_uint8/NovaSAR_01_54188_grd_13_240518_215509_HH_3_patch_8_Fishing_uint8.tif,213833,ef0efde0c77b5fb6e1edf61a072a26f5ded9c9b0024098c56facea21900df831
2tfa6x37oerz2lyiw6hp47058/Data/NovaSAR_01_54188_grd_13_240518_215537_HH_8/ship_patches_uint8/NovaSAR_01_54188_grd_13_240518_215537_HH_8_patch_6_Cargo_uint8.tif,Cargo,2,file,NovaSAR_dataset/2tfa6x37oerz2lyiw6hp47058/Data/NovaSAR_01_54188_grd_13_240518_215537_HH_8/ship_patches_uint8/NovaSAR_01_54188_grd_13_240518_215537_HH_8_patch_6_Cargo_uint8.tif,309624,e5950a446a7f74e67e94bdda5067aac761ee3b1c93d55746dbeec6ef0180d0ec
2tfa6x37oerz2lyiw6hp47058/Data/NovaSAR_01_54188_grd_13_240518_215543_HH_9/ship_patches_uint8/NovaSAR_01_54188_grd_13_240518_215543_HH_9_patch_7_Cargo_uint8.tif,Cargo,2,file,NovaSAR_dataset/2tfa6x37oerz2lyiw6hp47058/Data/NovaSAR_01_54188_grd_13_240518_215543_HH_9/ship_patches_uint8/NovaSAR_01_54188_grd_13_240518_215543_HH_9_patch_7_Cargo_uint8.tif,315403,26d95e99c1f0ce20c49139823766c0c58aa1303284345115630cd8199794be94
2tfa6x37oerz2lyiw6hp47058/Data/NovaSAR_01_54205_grd_13_240519_085143_HH_1/ship_patches_uint8/NovaSAR_01_54205_grd_13_240519_085143_HH_1_patch_2_Cargo_uint8.tif,Cargo,2,file,NovaSAR_dataset/2tfa6x37oerz2lyiw6hp47058/Data/NovaSAR_01_54205_grd_13_240519_085143_HH_1/ship_patches_uint8/NovaSAR_01_54205_grd_13_240519_085143_HH_1_patch_2_Cargo_uint8.tif,290539,74338d7ffeddd975a3bd30b1b583197fecd9588127588887de2587e0087ffa64
2tfa6x37oerz2lyiw6hp47058/Data/NovaSAR_01_54205_grd_13_240519_085228_HH_9/ship_patches_uint8/NovaSAR_01_54205_grd_13_240519_085228_HH_9_patch_1_Tanker_uint8.tif,Tanker,0,file,NovaSAR_dataset/2tfa6x37oerz2lyiw6hp47058/Data/NovaSAR_01_54205_grd_13_240519_085228_HH_9/ship_patches_uint8/NovaSAR_01_54205_grd_13_240519_085228_HH_9_patch_1_Tanker_uint8.tif,200602,cfe75bbc2cb695fb74a93e5acddcccfe9d6ea482c61a88eb18e885e1551fab36
2tfa6x37oerz2lyiw6hp47058/Data/NovaSAR_01_54219_grd_13_240519_220035_HH_2/ship_patches_uint8/NovaSAR_01_54219_grd_13_240519_220035_HH_2_patch_1_Fishing_uint8.tif,Fishing,1,file,NovaSAR_dataset/2tfa6x37oerz2lyiw6hp47058/Data/NovaSAR_01_54219_grd_13_240519_220035_HH_2/ship_patches_uint8/NovaSAR_01_54219_grd_13_240519_220035_HH_2_patch_1_Fishing_uint8.tif,214809,faf62d998def194cd2ebcb12ea26d23e6cee6b0c87b08e1fef8b4f50303b5c6e
2tfa6x37oerz2lyiw6hp47058/Data/NovaSAR_01_54219_grd_13_240519_220052_HH_5/ship_patches_uint8/NovaSAR_01_54219_grd_13_240519_220052_HH_5_patch_1_Cargo_uint8.tif,Cargo,2,file,NovaSAR_dataset/2tfa6x37oerz2lyiw6hp47058/Data/NovaSAR_01_54219_grd_13_240519_220052_HH_5/ship_patches_uint8/NovaSAR_01_54219_grd_13_240519_220052_HH_5_patch_1_Cargo_uint8.tif,207371,73a07cf7f7a718ef4cb605d9f0f4755f0b9217dab15a3d1110e710d11e03d0fe
2tfa6x37oerz2lyiw6hp47058/Data/NovaSAR_01_54219_grd_13_240519_220052_HH_5/ship_patches_uint8/NovaSAR_01_54219_grd_13_240519_220052_HH_5_patch_2_Fishing_uint8.tif,Fishing,1,file,NovaSAR_dataset/2tfa6x37oerz2lyiw6hp47058/Data/NovaSAR_01_54219_grd_13_240519_220052_HH_5/ship_patches_uint8/NovaSAR_01_54219_grd_13_240519_220052_HH_5_patch_2_Fishing_uint8.tif,239114,ff62614c3be88faf3cf262d5438c434e077ff5216993b230977d5526de9e70d4
2tfa6x37oerz2lyiw6hp47058/Data/NovaSAR_01_54219_grd_13_240519_220052_HH_5/ship_patches_uint8/NovaSAR_01_54219_grd_13_240519_220052_HH_5_patch_3_Cargo_uint8.tif,Cargo,2,file,NovaSAR_dataset/2tfa6x37oerz2lyiw6hp47058/Data/NovaSAR_01_54219_grd_13_240519_220052_HH_5/ship_patches_uint8/NovaSAR_01_54219_grd_13_240519_220052_HH_5_patch_3_Cargo_uint8.tif,227555,539eba2b3c2258a694e5fc25e8161787f0d5738d201197378e0429932488aef6
2tfa6x37oerz2lyiw6hp47058/Data/NovaSAR_01_54219_grd_13_240519_220058_HH_6/ship_patches_uint8/NovaSAR_01_54219_grd_13_240519_220058_HH_6_patch_1_Cargo_uint8.tif,Cargo,2,file,NovaSAR_dataset/2tfa6x37oerz2lyiw6hp47058/Data/NovaSAR_01_54219_grd_13_240519_220058_HH_6/ship_patches_uint8/NovaSAR_01_54219_grd_13_240519_220058_HH_6_patch_1_Cargo_uint8.tif,306260,e810bc8a8da9aea5f8a0bb9a08236a8c5d182ac6b5240e1bbbdef96671d069dc
2tfa6x37oerz2lyiw6hp47058/Data/NovaSAR_01_54219_grd_13_240519_220058_HH_6/ship_patches_uint8/NovaSAR_01_54219_grd_13_240519_220058_HH_6_patch_3_Tanker_uint8.tif,Tanker,0,file,NovaSAR_dataset/2tfa6x37oerz2lyiw6hp47058/Data/NovaSAR_01_54219_grd_13_240519_220058_HH_6/ship_patches_uint8/NovaSAR_01_54219_grd_13_240519_220058_HH_6_patch_3_Tanker_uint8.tif,302263,38cbdd90d18d9dd185e25d6ce378a3fd8a6fe18827a320ce293d253d38709a65
2tfa6x37oerz2lyiw6hp47058/Data/NovaSAR_01_54219_grd_13_240519_220126_HH_11/ship_patches_uint8/NovaSAR_01_54219_grd_13_240519_220126_HH_11_patch_1_Fishing_uint8.tif,Fishing,1,file,NovaSAR_dataset/2tfa6x37oerz2lyiw6hp47058/Data/NovaSAR_01_54219_grd_13_240519_220126_HH_11/ship_patches_uint8/NovaSAR_01_54219_grd_13_240519_220126_HH_11_patch_1_Fishing_uint8.tif,326185,6277654c13d5b93b0550cfcba99a174affc3541293004b97e6bb3fac07729a02
2tfa6x37oerz2lyiw6hp47058/Data/NovaSAR_01_54219_grd_13_240519_220126_HH_11/ship_patches_uint8/NovaSAR_01_54219_grd_13_240519_220126_HH_11_patch_2_Fishing_uint8.tif,Fishing,1,file,NovaSAR_dataset/2tfa6x37oerz2lyiw6hp47058/Data/NovaSAR_01_54219_grd_13_240519_220126_HH_11/ship_patches_uint8/NovaSAR_01_54219_grd_13_240519_220126_HH_11_patch_2_Fishing_uint8.tif,293380,5ec6b7c3a48e1cd8cfc80be3a681597e0f31144690f66f2c416c10a12de0d293
2tfa6x37oerz2lyiw6hp47058/Data/NovaSAR_01_54219_grd_13_240519_220126_HH_11/ship_patches_uint8/NovaSAR_01_54219_grd_13_240519_220126_HH_11_patch_3_Fishing_uint8.tif,Fishing,1,file,NovaSAR_dataset/2tfa6x37oerz2lyiw6hp47058/Data/NovaSAR_01_54219_grd_13_240519_220126_HH_11/ship_patches_uint8/NovaSAR_01_54219_grd_13_240519_220126_HH_11_patch_3_Fishing_uint8.tif,325874,231dda61f78df3c4d31c92395c50d9c477f7dba0f288fafd3dbda6723f15c8c7
2tfa6x37oerz2lyiw6hp47058/Data/NovaSAR_01_54250_grd_13_240520_220653_HH_1/ship_patches_uint8/NovaSAR_01_54250_grd_13_240520_220653_HH_1_patch_2_Tanker_uint8.tif,Tanker,0,file,NovaSAR_dataset/2tfa6x37oerz2lyiw6hp47058/Data/NovaSAR_01_54250_grd_13_240520_220653_HH_1/ship_patches_uint8/NovaSAR_01_54250_grd_13_240520_220653_HH_1_patch_2_Tanker_uint8.tif,337065,927a2471e01d4741cf60bc42ed4f86ea131e622dea5e05d75fb663fff9a4b5b2
2tfa6x37oerz2lyiw6hp47058/Data/NovaSAR_01_54250_grd_13_240520_220658_HH_2/ship_patches_uint8/NovaSAR_01_54250_grd_13_240520_220658_HH_2_patch_11_Tanker_uint8.tif,Tanker,0,file,NovaSAR_dataset/2tfa6x37oerz2lyiw6hp47058/Data/NovaSAR_01_54250_grd_13_240520_220658_HH_2/ship_patches_uint8/NovaSAR_01_54250_grd_13_240520_220658_HH_2_patch_11_Tanker_uint8.tif,336051,11f4a509b1f7194781464197bd22a123b597b84418afcbc0cff1f4855b40669b
2tfa6x37oerz2lyiw6hp47058/Data/NovaSAR_01_54250_grd_13_240520_220658_HH_2/ship_patches_uint8/NovaSAR_01_54250_grd_13_240520_220658_HH_2_patch_14_Cargo_uint8.tif,Cargo,2,file,NovaSAR_dataset/2tfa6x37oerz2lyiw6hp47058/Data/NovaSAR_01_54250_grd_13_240520_220658_HH_2/ship_patches_uint8/NovaSAR_01_54250_grd_13_240520_220658_HH_2_patch_14_Cargo_uint8.tif,327692,6b651edc65e67692aaa551626af5978f080fa8c224c428b6af7aca8cda90501c
2tfa6x37oerz2lyiw6hp47058/Data/NovaSAR_01_54250_grd_13_240520_220658_HH_2/ship_patches_uint8/NovaSAR_01_54250_grd_13_240520_220658_HH_2_patch_17_Cargo_uint8.tif,Cargo,2,file,NovaSAR_dataset/2tfa6x37oerz2lyiw6hp47058/Data/NovaSAR_01_54250_grd_13_240520_220658_HH_2/ship_patches_uint8/NovaSAR_01_54250_grd_13_240520_220658_HH_2_patch_17_Cargo_uint8.tif,336196,a121c8ec36847817f2eb7f32a954dd3a75b1c4fdc2291339b8c3b5baf9cdfd94
2tfa6x37oerz2lyiw6hp47058/Data/NovaSAR_01_54250_grd_13_240520_220658_HH_2/ship_patches_uint8/NovaSAR_01_54250_grd_13_240520_220658_HH_2_patch_18_Tanker_uint8.tif,Tanker,0,file,NovaSAR_dataset/2tfa6x37oerz2lyiw6hp47058/Data/NovaSAR_01_54250_grd_13_240520_220658_HH_2/ship_patches_uint8/NovaSAR_01_54250_grd_13_240520_220658_HH_2_patch_18_Tanker_uint8.tif,337515,efaf52986d1f7a7d0974caaca74fa2e55f8402f1526f2ca055801fdc9916312a
2tfa6x37oerz2lyiw6hp47058/Data/NovaSAR_01_54250_grd_13_240520_220658_HH_2/ship_patches_uint8/NovaSAR_01_54250_grd_13_240520_220658_HH_2_patch_19_Tanker_uint8.tif,Tanker,0,file,NovaSAR_dataset/2tfa6x37oerz2lyiw6hp47058/Data/NovaSAR_01_54250_grd_13_240520_220658_HH_2/ship_patches_uint8/NovaSAR_01_54250_grd_13_240520_220658_HH_2_patch_19_Tanker_uint8.tif,338137,dfaafede36f2891868e04cc5e8437ea25616790861003cce14855bd20478fe30
2tfa6x37oerz2lyiw6hp47058/Data/NovaSAR_01_54250_grd_13_240520_220658_HH_2/ship_patches_uint8/NovaSAR_01_54250_grd_13_240520_220658_HH_2_patch_21_Cargo_uint8.tif,Cargo,2,file,NovaSAR_dataset/2tfa6x37oerz2lyiw6hp47058/Data/NovaSAR_01_54250_grd_13_240520_220658_HH_2/ship_patches_uint8/NovaSAR_01_54250_grd_13_240520_220658_HH_2_patch_21_Cargo_uint8.tif,337936,fb77711ddaf504770f93e62eb6e7dffb2b5bd12e0d676f776444b1c93dfc027f
2tfa6x37oerz2lyiw6hp47058/Data/NovaSAR_01_54250_grd_13_240520_220658_HH_2/ship_patches_uint8/NovaSAR_01_54250_grd_13_240520_220658_HH_2_patch_28_Cargo_uint8.tif,Cargo,2,file,NovaSAR_dataset/2tfa6x37oerz2lyiw6hp47058/Data/NovaSAR_01_54250_grd_13_240520_220658_HH_2/ship_patches_uint8/NovaSAR_01_54250_grd_13_240520_220658_HH_2_patch_28_Cargo_uint8.tif,332721,2a80424d7cff3414fc855536dd6affe21b30f512b526779d72ec1f78a0e475fd
2tfa6x37oerz2lyiw6hp47058/Data/NovaSAR_01_54250_grd_13_240520_220658_HH_2/ship_patches_uint8/NovaSAR_01_54250_grd_13_240520_220658_HH_2_patch_30_Cargo_uint8.tif,Cargo,2,file,NovaSAR_dataset/2tfa6x37oerz2lyiw6hp47058/Data/NovaSAR_01_54250_grd_13_240520_220658_HH_2/ship_patches_uint8/NovaSAR_01_54250_grd_13_240520_220658_HH_2_patch_30_Cargo_uint8.tif,335089,5353aeecf635482325985ef43c8351b5e2cc0f479fa88628be99254206549f1d
2tfa6x37oerz2lyiw6hp47058/Data/NovaSAR_01_54250_grd_13_240520_220658_HH_2/ship_patches_uint8/NovaSAR_01_54250_grd_13_240520_220658_HH_2_patch_31_Tanker_uint8.tif,Tanker,0,file,NovaSAR_dataset/2tfa6x37oerz2lyiw6hp47058/Data/NovaSAR_01_54250_grd_13_240520_220658_HH_2/ship_patches_uint8/NovaSAR_01_54250_grd_13_240520_220658_HH_2_patch_31_Tanker_uint8.tif,335924,84ca40d7d3fe86f57a8e901be1a729d78d993cc353ff4819e1d9b7047f8eedd3
2tfa6x37oerz2lyiw6hp47058/Data/NovaSAR_01_54250_grd_13_240520_220704_HH_3/ship_patches_uint8/NovaSAR_01_54250_grd_13_240520_220704_HH_3_patch_2_Cargo_uint8.tif,Cargo,2,file,NovaSAR_dataset/2tfa6x37oerz2lyiw6hp47058/Data/NovaSAR_01_54250_grd_13_240520_220704_HH_3/ship_patches_uint8/NovaSAR_01_54250_grd_13_240520_220704_HH_3_patch_2_Cargo_uint8.tif,328917,a219e52ac71a7c16b9ef0155e56f98f82b9f98bd446079e24f71092d07cbfee0
2tfa6x37oerz2lyiw6hp47058/Data/NovaSAR_01_54250_grd_13_240520_220715_HH_5/ship_patches_uint8/NovaSAR_01_54250_grd_13_240520_220715_HH_5_patch_1_Cargo_uint8.tif,Cargo,2,file,NovaSAR_dataset/2tfa6x37oerz2lyiw6hp47058/Data/NovaSAR_01_54250_grd_13_240520_220715_HH_5/ship_patches_uint8/NovaSAR_01_54250_grd_13_240520_220715_HH_5_patch_1_Cargo_uint8.tif,311886,b5bbfa09b54b5ed6eb50d49b8f95a67a0c472dd2e81fbbc112b520afb5c4d86a
2tfa6x37oerz2lyiw6hp47058/Data/NovaSAR_01_54250_grd_13_240520_220715_HH_5/ship_patches_uint8/NovaSAR_01_54250_grd_13_240520_220715_HH_5_patch_3_Cargo_uint8.tif,Cargo,2,file,NovaSAR_dataset/2tfa6x37oerz2lyiw6hp47058/Data/NovaSAR_01_54250_grd_13_240520_220715_HH_5/ship_patches_uint8/NovaSAR_01_54250_grd_13_240520_220715_HH_5_patch_3_Cargo_uint8.tif,327654,3cadd656b0bba236290210bfdbcb3aa59fa35f85b7a5643a500f8f6d842c966d
2tfa6x37oerz2lyiw6hp47058/Data/NovaSAR_01_54250_grd_13_240520_220715_HH_5/ship_patches_uint8/NovaSAR_01_54250_grd_13_240520_220715_HH_5_patch_4_Tanker_uint8.tif,Tanker,0,file,NovaSAR_dataset/2tfa6x37oerz2lyiw6hp47058/Data/NovaSAR_01_54250_grd_13_240520_220715_HH_5/ship_patches_uint8/NovaSAR_01_54250_grd_13_240520_220715_HH_5_patch_4_Tanker_uint8.tif,325437,e9a9a898a100a3c97a91815dbd425f94d6c8a6c84c4af45e0f8bd6befbd82049
2tfa6x37oerz2lyiw6hp47058/Data/NovaSAR_01_54250_grd_13_240520_220715_HH_5/ship_patches_uint8/NovaSAR_01_54250_grd_13_240520_220715_HH_5_patch_7_Tanker_uint8.tif,Tanker,0,file,NovaSAR_dataset/2tfa6x37oerz2lyiw6hp47058/Data/NovaSAR_01_54250_grd_13_240520_220715_HH_5/ship_patches_uint8/NovaSAR_01_54250_grd_13_240520_220715_HH_5_patch_7_Tanker_uint8.tif,279967,684c722fd69b214428753a424b453ec6892a41a0c5b4ac6511920e7c0b9f2f4a
2tfa6x37oerz2lyiw6hp47058/Data/NovaSAR_01_54299_grd_13_240522_221757_HH_2/ship_patches_uint8/NovaSAR_01_54299_grd_13_240522_221757_HH_2_patch_1_Fishing_uint8.tif,Fishing,1,file,NovaSAR_dataset/2tfa6x37oerz2lyiw6hp47058/Data/NovaSAR_01_54299_grd_13_240522_221757_HH_2/ship_patches_uint8/NovaSAR_01_54299_grd_13_240522_221757_HH_2_patch_1_Fishing_uint8.tif,334476,fd8c452c1e6d8a53bbd855d9e1ed84d2582d38d147eb770e97b86111d82d4074
2tfa6x37oerz2lyiw6hp47058/Data/NovaSAR_01_54299_grd_13_240522_221757_HH_2/ship_patches_uint8/NovaSAR_01_54299_grd_13_240522_221757_HH_2_patch_2_Tanker_uint8.tif,Tanker,0,file,NovaSAR_dataset/2tfa6x37oerz2lyiw6hp47058/Data/NovaSAR_01_54299_grd_13_240522_221757_HH_2/ship_patches_uint8/NovaSAR_01_54299_grd_13_240522_221757_HH_2_patch_2_Tanker_uint8.tif,334698,6998b9255f24b13b63896d7b57157541adc381ab72258ce5952bfe71f78917cd
2tfa6x37oerz2lyiw6hp47058/Data/NovaSAR_01_54299_grd_13_240522_221757_HH_2/ship_patches_uint8/NovaSAR_01_54299_grd_13_240522_221757_HH_2_patch_3_Cargo_uint8.tif,Cargo,2,file,NovaSAR_dataset/2tfa6x37oerz2lyiw6hp47058/Data/NovaSAR_01_54299_grd_13_240522_221757_HH_2/ship_patches_uint8/NovaSAR_01_54299_grd_13_240522_221757_HH_2_patch_3_Cargo_uint8.tif,317975,4ba6cf64cef29ea159f2325ad843f98a6bc03c77b98158ba35b85f818eb1b926
2tfa6x37oerz2lyiw6hp47058/Data/NovaSAR_01_54299_grd_13_240522_221803_HH_3/ship_patches_uint8/NovaSAR_01_54299_grd_13_240522_221803_HH_3_patch_1_Fishing_uint8.tif,Fishing,1,file,NovaSAR_dataset/2tfa6x37oerz2lyiw6hp47058/Data/NovaSAR_01_54299_grd_13_240522_221803_HH_3/ship_patches_uint8/NovaSAR_01_54299_grd_13_240522_221803_HH_3_patch_1_Fishing_uint8.tif,336968,a0b5c26fa6a8b2cc87a8bf5d01aea04576893fb128988b9ea6db5cb104304679
2tfa6x37oerz2lyiw6hp47058/Data/NovaSAR_01_54299_grd_13_240522_221803_HH_3/ship_patches_uint8/NovaSAR_01_54299_grd_13_240522_221803_HH_3_patch_2_Fishing_uint8.tif,Fishing,1,file,NovaSAR_dataset/2tfa6x37oerz2lyiw6hp47058/Data/NovaSAR_01_54299_grd_13_240522_221803_HH_3/ship_patches_uint8/NovaSAR_01_54299_grd_13_240522_221803_HH_3_patch_2_Fishing_uint8.tif,332916,5fe5baa8a430b9232d0aebb2fa3f6ae11f8762774ccf3044252c81c8cb2aa3a3
2tfa6x37oerz2lyiw6hp47058/Data/NovaSAR_01_54299_grd_13_240522_221803_HH_3/ship_patches_uint8/NovaSAR_01_54299_grd_13_240522_221803_HH_3_patch_3_Cargo_uint8.tif,Cargo,2,file,NovaSAR_dataset/2tfa6x37oerz2lyiw6hp47058/Data/NovaSAR_01_54299_grd_13_240522_221803_HH_3/ship_patches_uint8/NovaSAR_01_54299_grd_13_240522_221803_HH_3_patch_3_Cargo_uint8.tif,332962,55db20f0ba2d2f4d61aa875c8de2bd130955b2d2d5dd20675a5b83cb99a322b8
2tfa6x37oerz2lyiw6hp47058/Data/NovaSAR_01_54299_grd_13_240522_221814_HH_5/ship_patches_uint8/NovaSAR_01_54299_grd_13_240522_221814_HH_5_patch_1_Cargo_uint8.tif,Cargo,2,file,NovaSAR_dataset/2tfa6x37oerz2lyiw6hp47058/Data/NovaSAR_01_54299_grd_13_240522_221814_HH_5/ship_patches_uint8/NovaSAR_01_54299_grd_13_240522_221814_HH_5_patch_1_Cargo_uint8.tif,329594,d0d0397ac896aa35e3f34ae4774d6d095104eb0b80e8654d568ab61ab5bc235d
2tfa6x37oerz2lyiw6hp47058/Data/NovaSAR_01_54299_grd_13_240522_221814_HH_5/ship_patches_uint8/NovaSAR_01_54299_grd_13_240522_221814_HH_5_patch_2_Cargo_uint8.tif,Cargo,2,file,NovaSAR_dataset/2tfa6x37oerz2lyiw6hp47058/Data/NovaSAR_01_54299_grd_13_240522_221814_HH_5/ship_patches_uint8/NovaSAR_01_54299_grd_13_240522_221814_HH_5_patch_2_Cargo_uint8.tif,329115,57e1b140773f0091086cc24ec03670c6a29df43c9816c47dbf8647caac39c3ae
2tfa6x37oerz2lyiw6hp47058/Data/NovaSAR_01_54299_grd_13_240522_221814_HH_5/ship_patches_uint8/NovaSAR_01_54299_grd_13_240522_221814_HH_5_patch_4_Tanker_uint8.tif,Tanker,0,file,NovaSAR_dataset/2tfa6x37oerz2lyiw6hp47058/Data/NovaSAR_01_54299_grd_13_240522_221814_HH_5/ship_patches_uint8/NovaSAR_01_54299_grd_13_240522_221814_HH_5_patch_4_Tanker_uint8.tif,309527,1d2f2211757ebf3fff6a8420f9a3d2aa3e1b0147ab7499151a9212e084b3cc76
2tfa6x37oerz2lyiw6hp47058/Data/NovaSAR_01_54299_grd_13_240522_221820_HH_6/ship_patches_uint8/NovaSAR_01_54299_grd_13_240522_221820_HH_6_patch_1_Tanker_uint8.tif,Tanker,0,file,NovaSAR_dataset/2tfa6x37oerz2lyiw6hp47058/Data/NovaSAR_01_54299_grd_13_240522_221820_HH_6/ship_patches_uint8/NovaSAR_01_54299_grd_13_240522_221820_HH_6_patch_1_Tanker_uint8.tif,293228,e05200197abbd862c717478f6dc5a0c16fd885ca5f789c353f8504fc50ec6b7f
2tfa6x37oerz2lyiw6hp47058/Data/NovaSAR_01_54299_grd_13_240522_221820_HH_6/ship_patches_uint8/NovaSAR_01_54299_grd_13_240522_221820_HH_6_patch_2_Cargo_uint8.tif,Cargo,2,file,NovaSAR_dataset/2tfa6x37oerz2lyiw6hp47058/Data/NovaSAR_01_54299_grd_13_240522_221820_HH_6/ship_patches_uint8/NovaSAR_01_54299_grd_13_240522_221820_HH_6_patch_2_Cargo_uint8.tif,330653,7da95feb3ac328c6268f7dc451548221cc8b6b8e8afbfbc4ff286b8d786a33b9
2tfa6x37oerz2lyiw6hp47058/Data/NovaSAR_01_54299_grd_13_240522_221820_HH_6/ship_patches_uint8/NovaSAR_01_54299_grd_13_240522_221820_HH_6_patch_4_Cargo_uint8.tif,Cargo,2,file,NovaSAR_dataset/2tfa6x37oerz2lyiw6hp47058/Data/NovaSAR_01_54299_grd_13_240522_221820_HH_6/ship_patches_uint8/NovaSAR_01_54299_grd_13_240522_221820_HH_6_patch_4_Cargo_uint8.tif,321234,f5964e47675d8a4eb604c2840b3df1b30f136292fe6d2235b130a1c7b87d5af2
2tfa6x37oerz2lyiw6hp47058/Data/NovaSAR_01_54299_grd_13_240522_221825_HH_7/ship_patches_uint8/NovaSAR_01_54299_grd_13_240522_221825_HH_7_patch_2_Cargo_uint8.tif,Cargo,2,file,NovaSAR_dataset/2tfa6x37oerz2lyiw6hp47058/Data/NovaSAR_01_54299_grd_13_240522_221825_HH_7/ship_patches_uint8/NovaSAR_01_54299_grd_13_240522_221825_HH_7_patch_2_Cargo_uint8.tif,281022,529453c100800edaba6cc703832e4fbe94f899a0eda707d8afd035e87fa273aa
2tfa6x37oerz2lyiw6hp47058/Data/NovaSAR_01_54299_grd_13_240522_221825_HH_7/ship_patches_uint8/NovaSAR_01_54299_grd_13_240522_221825_HH_7_patch_3_Tanker_uint8.tif,Tanker,0,file,NovaSAR_dataset/2tfa6x37oerz2lyiw6hp47058/Data/NovaSAR_01_54299_grd_13_240522_221825_HH_7/ship_patches_uint8/NovaSAR_01_54299_grd_13_240522_221825_HH_7_patch_3_Tanker_uint8.tif,279524,759380c22f46ef3dc7965dc95a7ca290897c1668bcfe6a1b2209a8282367c21c
2tfa6x37oerz2lyiw6hp47058/Data/NovaSAR_01_54299_grd_13_240522_221825_HH_7/ship_patches_uint8/NovaSAR_01_54299_grd_13_240522_221825_HH_7_patch_4_Tanker_uint8.tif,Tanker,0,file,NovaSAR_dataset/2tfa6x37oerz2lyiw6hp47058/Data/NovaSAR_01_54299_grd_13_240522_221825_HH_7/ship_patches_uint8/NovaSAR_01_54299_grd_13_240522_221825_HH_7_patch_4_Tanker_uint8.tif,302577,0aa4f44527c51cd1d8d86a38fc87853f0cdecd98567f880874734faacc194b0b
2tfa6x37oerz2lyiw6hp47058/Data/NovaSAR_01_54299_grd_13_240522_221825_HH_7/ship_patches_uint8/NovaSAR_01_54299_grd_13_240522_221825_HH_7_patch_8_Cargo_uint8.tif,Cargo,2,file,NovaSAR_dataset/2tfa6x37oerz2lyiw6hp47058/Data/NovaSAR_01_54299_grd_13_240522_221825_HH_7/ship_patches_uint8/NovaSAR_01_54299_grd_13_240522_221825_HH_7_patch_8_Cargo_uint8.tif,293759,54d12370d0ae1a6329bd0e8bc406f1b8258eb95592032bc148516989deb69e52
2tfa6x37oerz2lyiw6hp47058/Data/NovaSAR_01_54299_grd_13_240522_221825_HH_7/ship_patches_uint8/NovaSAR_01_54299_grd_13_240522_221825_HH_7_patch_9_Cargo_uint8.tif,Cargo,2,file,NovaSAR_dataset/2tfa6x37oerz2lyiw6hp47058/Data/NovaSAR_01_54299_grd_13_240522_221825_HH_7/ship_patches_uint8/NovaSAR_01_54299_grd_13_240522_221825_HH_7_patch_9_Cargo_uint8.tif,229030,59f5e130b88718d55455c57e43162cdcbb3c4bf3437d10e53281c844c9cc4f40
2tfa6x37oerz2lyiw6hp47058/Data/NovaSAR_01_54317_grd_13_240523_222337_HH_2/ship_patches_uint8/NovaSAR_01_54317_grd_13_240523_222337_HH_2_patch_10_Cargo_uint8.tif,Cargo,2,file,NovaSAR_dataset/2tfa6x37oerz2lyiw6hp47058/Data/NovaSAR_01_54317_grd_13_240523_222337_HH_2/ship_patches_uint8/NovaSAR_01_54317_grd_13_240523_222337_HH_2_patch_10_Cargo_uint8.tif,267264,b9a5d151dc44448f78aae34f1bbe6c9acee61bd71f08c018396cda53e3b9a4dc
2tfa6x37oerz2lyiw6hp47058/Data/NovaSAR_01_54317_grd_13_240523_222337_HH_2/ship_patches_uint8/NovaSAR_01_54317_grd_13_240523_222337_HH_2_patch_11_Cargo_uint8.tif,Cargo,2,file,NovaSAR_dataset/2tfa6x37oerz2lyiw6hp47058/Data/NovaSAR_01_54317_grd_13_240523_222337_HH_2/ship_patches_uint8/NovaSAR_01_54317_grd_13_240523_222337_HH_2_patch_11_Cargo_uint8.tif,293510,92730675f11c4c879b4ce2c367d39aa5a008ab0a4a6f186a0b8a32fabd246002
2tfa6x37oerz2lyiw6hp47058/Data/NovaSAR_01_54317_grd_13_240523_222337_HH_2/ship_patches_uint8/NovaSAR_01_54317_grd_13_240523_222337_HH_2_patch_12_Tanker_uint8.tif,Tanker,0,file,NovaSAR_dataset/2tfa6x37oerz2lyiw6hp47058/Data/NovaSAR_01_54317_grd_13_240523_222337_HH_2/ship_patches_uint8/NovaSAR_01_54317_grd_13_240523_222337_HH_2_patch_12_Tanker_uint8.tif,305910,1ed42bfaf8b1a4a29775709931072be54920d7312a5d253ffa27f85daf6b81de
2tfa6x37oerz2lyiw6hp47058/Data/NovaSAR_01_54317_grd_13_240523_222337_HH_2/ship_patches_uint8/NovaSAR_01_54317_grd_13_240523_222337_HH_2_patch_1_Cargo_uint8.tif,Cargo,2,file,NovaSAR_dataset/2tfa6x37oerz2lyiw6hp47058/Data/NovaSAR_01_54317_grd_13_240523_222337_HH_2/ship_patches_uint8/NovaSAR_01_54317_grd_13_240523_222337_HH_2_patch_1_Cargo_uint8.tif,299375,0cf8690b23f13542d12be3aaee53de55fdd2d7c93e14b6226cc7719371487c42
2tfa6x37oerz2lyiw6hp47058/Data/NovaSAR_01_54317_grd_13_240523_222337_HH_2/ship_patches_uint8/NovaSAR_01_54317_grd_13_240523_222337_HH_2_patch_2_Fishing_uint8.tif,Fishing,1,file,NovaSAR_dataset/2tfa6x37oerz2lyiw6hp47058/Data/NovaSAR_01_54317_grd_13_240523_222337_HH_2/ship_patches_uint8/NovaSAR_01_54317_grd_13_240523_222337_HH_2_patch_2_Fishing_uint8.tif,291805,c4be674cb7ad48db64b84b33acff02b6d43f9a81d6aea3fc5b46bb047f232d8e
2tfa6x37oerz2lyiw6hp47058/Data/NovaSAR_01_54317_grd_13_240523_222337_HH_2/ship_patches_uint8/NovaSAR_01_54317_grd_13_240523_222337_HH_2_patch_3_Tanker_uint8.tif,Tanker,0,file,NovaSAR_dataset/2tfa6x37oerz2lyiw6hp47058/Data/NovaSAR_01_54317_grd_13_240523_222337_HH_2/ship_patches_uint8/NovaSAR_01_54317_grd_13_240523_222337_HH_2_patch_3_Tanker_uint8.tif,299134,a8828ebf4f11945d87bd6bd6fd636f16e7864fce9a3d8b2d15312d8d77226c42
2tfa6x37oerz2lyiw6hp47058/Data/NovaSAR_01_54317_grd_13_240523_222337_HH_2/ship_patches_uint8/NovaSAR_01_54317_grd_13_240523_222337_HH_2_patch_4_Cargo_uint8.tif,Cargo,2,file,NovaSAR_dataset/2tfa6x37oerz2lyiw6hp47058/Data/NovaSAR_01_54317_grd_13_240523_222337_HH_2/ship_patches_uint8/NovaSAR_01_54317_grd_13_240523_222337_HH_2_patch_4_Cargo_uint8.tif,254901,875bd60a88de9a620673c727c1e9dd997d40eb9d08e783e1ff4da05ac5321a41
2tfa6x37oerz2lyiw6hp47058/Data/NovaSAR_01_54317_grd_13_240523_222337_HH_2/ship_patches_uint8/NovaSAR_01_54317_grd_13_240523_222337_HH_2_patch_5_Tanker_uint8.tif,Tanker,0,file,NovaSAR_dataset/2tfa6x37oerz2lyiw6hp47058/Data/NovaSAR_01_54317_grd_13_240523_222337_HH_2/ship_patches_uint8/NovaSAR_01_54317_grd_13_240523_222337_HH_2_patch_5_Tanker_uint8.tif,305587,924f04cad3bf3b8158b086d01959fc459b271ea372cfefe683881516662c7c1a
2tfa6x37oerz2lyiw6hp47058/Data/NovaSAR_01_54317_grd_13_240523_222337_HH_2/ship_patches_uint8/NovaSAR_01_54317_grd_13_240523_222337_HH_2_patch_6_Fishing_uint8.tif,Fishing,1,file,NovaSAR_dataset/2tfa6x37oerz2lyiw6hp47058/Data/NovaSAR_01_54317_grd_13_240523_222337_HH_2/ship_patches_uint8/NovaSAR_01_54317_grd_13_240523_222337_HH_2_patch_6_Fishing_uint8.tif,269117,8b50fbd0d43325d1b74b04c5bef6fe24589cc35c3ec9842fc2f7a427833bc3c0
2tfa6x37oerz2lyiw6hp47058/Data/NovaSAR_01_54317_grd_13_240523_222337_HH_2/ship_patches_uint8/NovaSAR_01_54317_grd_13_240523_222337_HH_2_patch_7_Cargo_uint8.tif,Cargo,2,file,NovaSAR_dataset/2tfa6x37oerz2lyiw6hp47058/Data/NovaSAR_01_54317_grd_13_240523_222337_HH_2/ship_patches_uint8/NovaSAR_01_54317_grd_13_240523_222337_HH_2_patch_7_Cargo_uint8.tif,296919,6f41aee7359c33517ce1244ccd7510f8a0af7205eb8f7c78c3a63234f6057573
2tfa6x37oerz2lyiw6hp47058/Data/NovaSAR_01_54317_grd_13_240523_222337_HH_2/ship_patches_uint8/NovaSAR_01_54317_grd_13_240523_222337_HH_2_patch_8_Fishing_uint8.tif,Fishing,1,file,NovaSAR_dataset/2tfa6x37oerz2lyiw6hp47058/Data/NovaSAR_01_54317_grd_13_240523_222337_HH_2/ship_patches_uint8/NovaSAR_01_54317_grd_13_240523_222337_HH_2_patch_8_Fishing_uint8.tif,276932,dc79732dea67d5388fc41bf4259e03d023b82c27a48318ae97ae20cc8cf5aa86
2tfa6x37oerz2lyiw6hp47058/Data/NovaSAR_01_54317_grd_13_240523_222337_HH_2/ship_patches_uint8/NovaSAR_01_54317_grd_13_240523_222337_HH_2_patch_9_Fishing_uint8.tif,Fishing,1,file,NovaSAR_dataset/2tfa6x37oerz2lyiw6hp47058/Data/NovaSAR_01_54317_grd_13_240523_222337_HH_2/ship_patches_uint8/NovaSAR_01_54317_grd_13_240523_222337_HH_2_patch_9_Fishing_uint8.tif,294154,2509cadda0cf00bfb74e2ceeafd3deb653b01398d380868a315c6d0b02943a3e
2tfa6x37oerz2lyiw6hp47058/Data/NovaSAR_01_54317_grd_13_240523_222342_HH_3/ship_patches_uint8/NovaSAR_01_54317_grd_13_240523_222342_HH_3_patch_10_Fishing_uint8.tif,Fishing,1,file,NovaSAR_dataset/2tfa6x37oerz2lyiw6hp47058/Data/NovaSAR_01_54317_grd_13_240523_222342_HH_3/ship_patches_uint8/NovaSAR_01_54317_grd_13_240523_222342_HH_3_patch_10_Fishing_uint8.tif,253831,862152c9dc37fb49837f8a6549a5b9ba07d2d765e4b341dd9171bbd455b48cbf
2tfa6x37oerz2lyiw6hp47058/Data/NovaSAR_01_54317_grd_13_240523_222342_HH_3/ship_patches_uint8/NovaSAR_01_54317_grd_13_240523_222342_HH_3_patch_11_Fishing_uint8.tif,Fishing,1,file,NovaSAR_dataset/2tfa6x37oerz2lyiw6hp47058/Data/NovaSAR_01_54317_grd_13_240523_222342_HH_3/ship_patches_uint8/NovaSAR_01_54317_grd_13_240523_222342_HH_3_patch_11_Fishing_uint8.tif,286152,c3e657b40494c2ad0467120ed948b718139bbed31e0e5619874bc54d6c2bb037
2tfa6x37oerz2lyiw6hp47058/Data/NovaSAR_01_54317_grd_13_240523_222342_HH_3/ship_patches_uint8/NovaSAR_01_54317_grd_13_240523_222342_HH_3_patch_12_Fishing_uint8.tif,Fishing,1,file,NovaSAR_dataset/2tfa6x37oerz2lyiw6hp47058/Data/NovaSAR_01_54317_grd_13_240523_222342_HH_3/ship_patches_uint8/NovaSAR_01_54317_grd_13_240523_222342_HH_3_patch_12_Fishing_uint8.tif,252088,78bfdc940b043bdf59e5d6bc0620620feaba6506c31fbcc5dd88779a7132bd69
2tfa6x37oerz2lyiw6hp47058/Data/NovaSAR_01_54317_grd_13_240523_222342_HH_3/ship_patches_uint8/NovaSAR_01_54317_grd_13_240523_222342_HH_3_patch_13_Fishing_uint8.tif,Fishing,1,file,NovaSAR_dataset/2tfa6x37oerz2lyiw6hp47058/Data/NovaSAR_01_54317_grd_13_240523_222342_HH_3/ship_patches_uint8/NovaSAR_01_54317_grd_13_240523_222342_HH_3_patch_13_Fishing_uint8.tif,223246,7bc3073ac69fb6062998a76ca60750476d33d74fefd7a8ac4a16f475715d41cf
2tfa6x37oerz2lyiw6hp47058/Data/NovaSAR_01_54317_grd_13_240523_222342_HH_3/ship_patches_uint8/NovaSAR_01_54317_grd_13_240523_222342_HH_3_patch_15_Fishing_uint8.tif,Fishing,1,file,NovaSAR_dataset/2tfa6x37oerz2lyiw6hp47058/Data/NovaSAR_01_54317_grd_13_240523_222342_HH_3/ship_patches_uint8/NovaSAR_01_54317_grd_13_240523_222342_HH_3_patch_15_Fishing_uint8.tif,238552,02b713611a93ba87af72095b1a2ab113cc99de1d1129c4c1a4cfeafa6b8b31c1
2tfa6x37oerz2lyiw6hp47058/Data/NovaSAR_01_54317_grd_13_240523_222342_HH_3/ship_patches_uint8/NovaSAR_01_54317_grd_13_240523_222342_HH_3_patch_16_Fishing_uint8.tif,Fishing,1,file,NovaSAR_dataset/2tfa6x37oerz2lyiw6hp47058/Data/NovaSAR_01_54317_grd_13_240523_222342_HH_3/ship_patches_uint8/NovaSAR_01_54317_grd_13_240523_222342_HH_3_patch_16_Fishing_uint8.tif,276562,5c2798e038939fad119610accb76fce0c7cde1e063678efa3af41a15deb50b73
2tfa6x37oerz2lyiw6hp47058/Data/NovaSAR_01_54317_grd_13_240523_222342_HH_3/ship_patches_uint8/NovaSAR_01_54317_grd_13_240523_222342_HH_3_patch_1_Fishing_uint8.tif,Fishing,1,file,NovaSAR_dataset/2tfa6x37oerz2lyiw6hp47058/Data/NovaSAR_01_54317_grd_13_240523_222342_HH_3/ship_patches_uint8/NovaSAR_01_54317_grd_13_240523_222342_HH_3_patch_1_Fishing_uint8.tif,258057,18974dca2bf873f065ee0bb0f873a0408857d4a994d25b3fe09a9689f751984f
2tfa6x37oerz2lyiw6hp47058/Data/NovaSAR_01_54317_grd_13_240523_222342_HH_3/ship_patches_uint8/NovaSAR_01_54317_grd_13_240523_222342_HH_3_patch_2_Fishing_uint8.tif,Fishing,1,file,NovaSAR_dataset/2tfa6x37oerz2lyiw6hp47058/Data/NovaSAR_01_54317_grd_13_240523_222342_HH_3/ship_patches_uint8/NovaSAR_01_54317_grd_13_240523_222342_HH_3_patch_2_Fishing_uint8.tif,267999,1679c9440eb6f531444131893a80be24d8c322c92647cbbb56b34056adae9911
2tfa6x37oerz2lyiw6hp47058/Data/NovaSAR_01_54317_grd_13_240523_222342_HH_3/ship_patches_uint8/NovaSAR_01_54317_grd_13_240523_222342_HH_3_patch_3_Fishing_uint8.tif,Fishing,1,file,NovaSAR_dataset/2tfa6x37oerz2lyiw6hp47058/Data/NovaSAR_01_54317_grd_13_240523_222342_HH_3/ship_patches_uint8/NovaSAR_01_54317_grd_13_240523_222342_HH_3_patch_3_Fishing_uint8.tif,265468,cb1ff19433c6e2a7ac99b995ffc81189dc591d64fce243d5f6243b5c20350343
2tfa6x37oerz2lyiw6hp47058/Data/NovaSAR_01_54317_grd_13_240523_222342_HH_3/ship_patches_uint8/NovaSAR_01_54317_grd_13_240523_222342_HH_3_patch_4_Fishing_uint8.tif,Fishing,1,file,NovaSAR_dataset/2tfa6x37oerz2lyiw6hp47058/Data/NovaSAR_01_54317_grd_13_240523_222342_HH_3/ship_patches_uint8/NovaSAR_01_54317_grd_13_240523_222342_HH_3_patch_4_Fishing_uint8.tif,251279,26ad9b9335f9315e4d9b3a7da6f390173038bff83deac73666846b36b384426b
2tfa6x37oerz2lyiw6hp47058/Data/NovaSAR_01_54317_grd_13_240523_222342_HH_3/ship_patches_uint8/NovaSAR_01_54317_grd_13_240523_222342_HH_3_patch_5_Fishing_uint8.tif,Fishing,1,file,NovaSAR_dataset/2tfa6x37oerz2lyiw6hp47058/Data/NovaSAR_01_54317_grd_13_240523_222342_HH_3/ship_patches_uint8/NovaSAR_01_54317_grd_13_240523_222342_HH_3_patch_5_Fishing_uint8.tif,214634,ca4acf5627693cd98f16ebab4f4e20149cb465464485e06dff8edc369a5f16ff
2tfa6x37oerz2lyiw6hp47058/Data/NovaSAR_01_54317_grd_13_240523_222342_HH_3/ship_patches_uint8/NovaSAR_01_54317_grd_13_240523_222342_HH_3_patch_6_Fishing_uint8.tif,Fishing,1,file,NovaSAR_dataset/2tfa6x37oerz2lyiw6hp47058/Data/NovaSAR_01_54317_grd_13_240523_222342_HH_3/ship_patches_uint8/NovaSAR_01_54317_grd_13_240523_222342_HH_3_patch_6_Fishing_uint8.tif,289002,a7a1315d11cd3759bde2a541f0c52e1cb5f452c45cbea7cfa37b95478535e36c
2tfa6x37oerz2lyiw6hp47058/Data/NovaSAR_01_54317_grd_13_240523_222342_HH_3/ship_patches_uint8/NovaSAR_01_54317_grd_13_240523_222342_HH_3_patch_8_Cargo_uint8.tif,Cargo,2,file,NovaSAR_dataset/2tfa6x37oerz2lyiw6hp47058/Data/NovaSAR_01_54317_grd_13_240523_222342_HH_3/ship_patches_uint8/NovaSAR_01_54317_grd_13_240523_222342_HH_3_patch_8_Cargo_uint8.tif,205996,3a9892fd38eb88165d4a62f2759c1128b37eef314ba1d7c72c08b8cde1e7e488
2tfa6x37oerz2lyiw6hp47058/Data/NovaSAR_01_54317_grd_13_240523_222354_HH_5/ship_patches_uint8/NovaSAR_01_54317_grd_13_240523_222354_HH_5_patch_1_Cargo_uint8.tif,Cargo,2,file,NovaSAR_dataset/2tfa6x37oerz2lyiw6hp47058/Data/NovaSAR_01_54317_grd_13_240523_222354_HH_5/ship_patches_uint8/NovaSAR_01_54317_grd_13_240523_222354_HH_5_patch_1_Cargo_uint8.tif,311231,552577773e1524194bdb1eb10d3869ab5e912313b396877acc802acd50f4cd0f
2tfa6x37oerz2lyiw6hp47058/Data/NovaSAR_01_54317_grd_13_240523_222433_HH_12/ship_patches_uint8/NovaSAR_01_54317_grd_13_240523_222433_HH_12_patch_2_Fishing_uint8.tif,Fishing,1,file,NovaSAR_dataset/2tfa6x37oerz2lyiw6hp47058/Data/NovaSAR_01_54317_grd_13_240523_222433_HH_12/ship_patches_uint8/NovaSAR_01_54317_grd_13_240523_222433_HH_12_patch_2_Fishing_uint8.tif,258103,640632f54620e795db801d481264d4c1418d2d27244a91a8eff0766d4c16c3bc
2tfa6x37oerz2lyiw6hp47058/Data/NovaSAR_01_54447_grd_13_240528_080742_HH_2/ship_patches_uint8/NovaSAR_01_54447_grd_13_240528_080742_HH_2_patch_3_Tanker_uint8.tif,Tanker,0,file,NovaSAR_dataset/2tfa6x37oerz2lyiw6hp47058/Data/NovaSAR_01_54447_grd_13_240528_080742_HH_2/ship_patches_uint8/NovaSAR_01_54447_grd_13_240528_080742_HH_2_patch_3_Tanker_uint8.tif,275360,cb2d16e63000840894012a97477dcd0424894427247df747f9fec1647019e6ea
2tfa6x37oerz2lyiw6hp47058/Data/NovaSAR_01_54447_grd_13_240528_080748_HH_3/ship_patches_uint8/NovaSAR_01_54447_grd_13_240528_080748_HH_3_patch_1_Cargo_uint8.tif,Cargo,2,file,NovaSAR_dataset/2tfa6x37oerz2lyiw6hp47058/Data/NovaSAR_01_54447_grd_13_240528_080748_HH_3/ship_patches_uint8/NovaSAR_01_54447_grd_13_240528_080748_HH_3_patch_1_Cargo_uint8.tif,269734,f33c61b47a31a416ba04f4b71d3a478c7bb53297af8d21b52afb64c631abfada
2tfa6x37oerz2lyiw6hp47058/Data/NovaSAR_01_54447_grd_13_240528_080748_HH_3/ship_patches_uint8/NovaSAR_01_54447_grd_13_240528_080748_HH_3_patch_2_Cargo_uint8.tif,Cargo,2,file,NovaSAR_dataset/2tfa6x37oerz2lyiw6hp47058/Data/NovaSAR_01_54447_grd_13_240528_080748_HH_3/ship_patches_uint8/NovaSAR_01_54447_grd_13_240528_080748_HH_3_patch_2_Cargo_uint8.tif,263578,577115e4e428757f9804b961bc3065f92d74785236016fcbb551f08a935c6320
2tfa6x37oerz2lyiw6hp47058/Data/NovaSAR_01_54447_grd_13_240528_080748_HH_3/ship_patches_uint8/NovaSAR_01_54447_grd_13_240528_080748_HH_3_patch_3_Tanker_uint8.tif,Tanker,0,file,NovaSAR_dataset/2tfa6x37oerz2lyiw6hp47058/Data/NovaSAR_01_54447_grd_13_240528_080748_HH_3/ship_patches_uint8/NovaSAR_01_54447_grd_13_240528_080748_HH_3_patch_3_Tanker_uint8.tif,266320,c85a6c80dd0a86b8f499047e0f3ccaec741c3bf227209041dedffffecc3ba801
2tfa6x37oerz2lyiw6hp47058/Data/NovaSAR_01_54447_grd_13_240528_080816_HH_8/ship_patches_uint8/NovaSAR_01_54447_grd_13_240528_080816_HH_8_patch_1_Fishing_uint8.tif,Fishing,1,file,NovaSAR_dataset/2tfa6x37oerz2lyiw6hp47058/Data/NovaSAR_01_54447_grd_13_240528_080816_HH_8/ship_patches_uint8/NovaSAR_01_54447_grd_13_240528_080816_HH_8_patch_1_Fishing_uint8.tif,284784,2e96df50fe2a2978a7cb5907d10374b076eb014c408505a5486714ffcd020509
2tfa6x37oerz2lyiw6hp47058/Data/NovaSAR_01_54447_grd_13_240528_080833_HH_11/ship_patches_uint8/NovaSAR_01_54447_grd_13_240528_080833_HH_11_patch_4_Tanker_uint8.tif,Tanker,0,file,NovaSAR_dataset/2tfa6x37oerz2lyiw6hp47058/Data/NovaSAR_01_54447_grd_13_240528_080833_HH_11/ship_patches_uint8/NovaSAR_01_54447_grd_13_240528_080833_HH_11_patch_4_Tanker_uint8.tif,236370,c6201871f034b07f94b88c782a77bd0af75bba9f7e288627394c5c661391f8bf
2tfa6x37oerz2lyiw6hp47058/Data/NovaSAR_01_54503_grd_13_240530_081906_HH_2/ship_patches_uint8/NovaSAR_01_54503_grd_13_240530_081906_HH_2_patch_11_Cargo_uint8.tif,Cargo,2,file,NovaSAR_dataset/2tfa6x37oerz2lyiw6hp47058/Data/NovaSAR_01_54503_grd_13_240530_081906_HH_2/ship_patches_uint8/NovaSAR_01_54503_grd_13_240530_081906_HH_2_patch_11_Cargo_uint8.tif,322878,ea9e896261dfe46fe3b923bfe07e50795fe758f704c7f08971ce528ff2fe63fe
2tfa6x37oerz2lyiw6hp47058/Data/NovaSAR_01_54503_grd_13_240530_081906_HH_2/ship_patches_uint8/NovaSAR_01_54503_grd_13_240530_081906_HH_2_patch_3_Cargo_uint8.tif,Cargo,2,file,NovaSAR_dataset/2tfa6x37oerz2lyiw6hp47058/Data/NovaSAR_01_54503_grd_13_240530_081906_HH_2/ship_patches_uint8/NovaSAR_01_54503_grd_13_240530_081906_HH_2_patch_3_Cargo_uint8.tif,211589,d1978d12f4e3a1f42598efbca3f919cf1530b685fcd56d7fd38c3d821247c5dc
2tfa6x37oerz2lyiw6hp47058/Data/NovaSAR_01_54503_grd_13_240530_081906_HH_2/ship_patches_uint8/NovaSAR_01_54503_grd_13_240530_081906_HH_2_patch_9_Tanker_uint8.tif,Tanker,0,file,NovaSAR_dataset/2tfa6x37oerz2lyiw6hp47058/Data/NovaSAR_01_54503_grd_13_240530_081906_HH_2/ship_patches_uint8/NovaSAR_01_54503_grd_13_240530_081906_HH_2_patch_9_Tanker_uint8.tif,253410,c49e97ae76ee78f5992a9865bd1c13e2e1834060c7bdc75781fd566ea0a29075
2tfa6x37oerz2lyiw6hp47058/Data/NovaSAR_01_54503_grd_13_240530_081934_HH_7/ship_patches_uint8/NovaSAR_01_54503_grd_13_240530_081934_HH_7_patch_1_Cargo_uint8.tif,Cargo,2,file,NovaSAR_dataset/2tfa6x37oerz2lyiw6hp47058/Data/NovaSAR_01_54503_grd_13_240530_081934_HH_7/ship_patches_uint8/NovaSAR_01_54503_grd_13_240530_081934_HH_7_patch_1_Cargo_uint8.tif,308188,77788acc859e0d33f1e699a69433a7c6515c483e17868a0fb3fd5e70c305809f
2tfa6x37oerz2lyiw6hp47058/Data/NovaSAR_01_54503_grd_13_240530_081934_HH_7/ship_patches_uint8/NovaSAR_01_54503_grd_13_240530_081934_HH_7_patch_3_Fishing_uint8.tif,Fishing,1,file,NovaSAR_dataset/2tfa6x37oerz2lyiw6hp47058/Data/NovaSAR_01_54503_grd_13_240530_081934_HH_7/ship_patches_uint8/NovaSAR_01_54503_grd_13_240530_081934_HH_7_patch_3_Fishing_uint8.tif,324499,b211cfc5fe99aed44f6494431c8504806876126c084d5a86aa3c62bd2945a4b0
2tfa6x37oerz2lyiw6hp47058/Data/NovaSAR_01_54503_grd_13_240530_081934_HH_7/ship_patches_uint8/NovaSAR_01_54503_grd_13_240530_081934_HH_7_patch_4_Cargo_uint8.tif,Cargo,2,file,NovaSAR_dataset/2tfa6x37oerz2lyiw6hp47058/Data/NovaSAR_01_54503_grd_13_240530_081934_HH_7/ship_patches_uint8/NovaSAR_01_54503_grd_13_240530_081934_HH_7_patch_4_Cargo_uint8.tif,329958,5f4b6d06065f64bf16adfab0ac4df742a54efffa697dd1fdc1c80d1751d40f95
2tfa6x37oerz2lyiw6hp47058/Data/NovaSAR_01_54503_grd_13_240530_081934_HH_7/ship_patches_uint8/NovaSAR_01_54503_grd_13_240530_081934_HH_7_patch_5_Tanker_uint8.tif,Tanker,0,file,NovaSAR_dataset/2tfa6x37oerz2lyiw6hp47058/Data/NovaSAR_01_54503_grd_13_240530_081934_HH_7/ship_patches_uint8/NovaSAR_01_54503_grd_13_240530_081934_HH_7_patch_5_Tanker_uint8.tif,328980,98d9bfae223d8e95e1992be007310b97ffe73743e5a5336ca9bf1bc9fc06924d
2tfa6x37oerz2lyiw6hp47058/Data/NovaSAR_01_54503_grd_13_240530_081934_HH_7/ship_patches_uint8/NovaSAR_01_54503_grd_13_240530_081934_HH_7_patch_7_Cargo_uint8.tif,Cargo,2,file,NovaSAR_dataset/2tfa6x37oerz2lyiw6hp47058/Data/NovaSAR_01_54503_grd_13_240530_081934_HH_7/ship_patches_uint8/NovaSAR_01_54503_grd_13_240530_081934_HH_7_patch_7_Cargo_uint8.tif,251150,6a9f80874eccfcc53f38f708e1097ca1f498978a497e84d4ce8ced6e7f616e71
2tfa6x37oerz2lyiw6hp47058/Data/NovaSAR_01_54503_grd_13_240530_081951_HH_10/ship_patches_uint8/NovaSAR_01_54503_grd_13_240530_081951_HH_10_patch_1_Cargo_uint8.tif,Cargo,2,file,NovaSAR_dataset/2tfa6x37oerz2lyiw6hp47058/Data/NovaSAR_01_54503_grd_13_240530_081951_HH_10/ship_patches_uint8/NovaSAR_01_54503_grd_13_240530_081951_HH_10_patch_1_Cargo_uint8.tif,336751,2b0e4f5c2c7ec2414602fe994b108f2a714898ddd49785d9721984637a62051b
2tfa6x37oerz2lyiw6hp47058/Data/NovaSAR_01_54503_grd_13_240530_082002_HH_12/ship_patches_uint8/NovaSAR_01_54503_grd_13_240530_082002_HH_12_patch_10_Fishing_uint8.tif,Fishing,1,file,NovaSAR_dataset/2tfa6x37oerz2lyiw6hp47058/Data/NovaSAR_01_54503_grd_13_240530_082002_HH_12/ship_patches_uint8/NovaSAR_01_54503_grd_13_240530_082002_HH_12_patch_10_Fishing_uint8.tif,339387,9638e4675ef8de8344b84cfe656ee3362783b6b808dc60de4f142935452fcfff
2tfa6x37oerz2lyiw6hp47058/Data/NovaSAR_01_54503_grd_13_240530_082002_HH_12/ship_patches_uint8/NovaSAR_01_54503_grd_13_240530_082002_HH_12_patch_11_Fishing_uint8.tif,Fishing,1,file,NovaSAR_dataset/2tfa6x37oerz2lyiw6hp47058/Data/NovaSAR_01_54503_grd_13_240530_082002_HH_12/ship_patches_uint8/NovaSAR_01_54503_grd_13_240530_082002_HH_12_patch_11_Fishing_uint8.tif,335558,9abe858078f95fc33507d319a7c8715b14b16c610dce3749349175bf074f96d5
2tfa6x37oerz2lyiw6hp47058/Data/NovaSAR_01_54503_grd_13_240530_082002_HH_12/ship_patches_uint8/NovaSAR_01_54503_grd_13_240530_082002_HH_12_patch_15_Tanker_uint8.tif,Tanker,0,file,NovaSAR_dataset/2tfa6x37oerz2lyiw6hp47058/Data/NovaSAR_01_54503_grd_13_240530_082002_HH_12/ship_patches_uint8/NovaSAR_01_54503_grd_13_240530_082002_HH_12_patch_15_Tanker_uint8.tif,329632,7d627980799da96be35f3c76d0c6e54bca47fdd8fbe8db5ad020340605039e2b
2tfa6x37oerz2lyiw6hp47058/Data/NovaSAR_01_54503_grd_13_240530_082002_HH_12/ship_patches_uint8/NovaSAR_01_54503_grd_13_240530_082002_HH_12_patch_1_Fishing_uint8.tif,Fishing,1,file,NovaSAR_dataset/2tfa6x37oerz2lyiw6hp47058/Data/NovaSAR_01_54503_grd_13_240530_082002_HH_12/ship_patches_uint8/NovaSAR_01_54503_grd_13_240530_082002_HH_12_patch_1_Fishing_uint8.tif,335617,ad8355e33ca3d2ca1ae0012d39b5c468663279512ea3cd1f867cb57f45c7d8aa
2tfa6x37oerz2lyiw6hp47058/Data/NovaSAR_01_54503_grd_13_240530_082008_HH_13/ship_patches_uint8/NovaSAR_01_54503_grd_13_240530_082008_HH_13_patch_2_Fishing_uint8.tif,Fishing,1,file,NovaSAR_dataset/2tfa6x37oerz2lyiw6hp47058/Data/NovaSAR_01_54503_grd_13_240530_082008_HH_13/ship_patches_uint8/NovaSAR_01_54503_grd_13_240530_082008_HH_13_patch_2_Fishing_uint8.tif,337862,987b9b2561d0beaf83ddfbc78ab6c652848ac1b0a68ff46d73753d72e7c4115c
2tfa6x37oerz2lyiw6hp47058/Data/NovaSAR_01_54503_grd_13_240530_082008_HH_13/ship_patches_uint8/NovaSAR_01_54503_grd_13_240530_082008_HH_13_patch_4_Cargo_uint8.tif,Cargo,2,file,NovaSAR_dataset/2tfa6x37oerz2lyiw6hp47058/Data/NovaSAR_01_54503_grd_13_240530_082008_HH_13/ship_patches_uint8/NovaSAR_01_54503_grd_13_240530_082008_HH_13_patch_4_Cargo_uint8.tif,336551,b143b5f543116762a6a7e3635a2ff29304896921af2b2cee48dddb34ab3b1e2c
2tfa6x37oerz2lyiw6hp47058/Data/NovaSAR_01_54685_grd_13_240605_220313_HH_3/ship_patches_uint8/NovaSAR_01_54685_grd_13_240605_220313_HH_3_patch_2_Cargo_uint8.tif,Cargo,2,file,NovaSAR_dataset/2tfa6x37oerz2lyiw6hp47058/Data/NovaSAR_01_54685_grd_13_240605_220313_HH_3/ship_patches_uint8/NovaSAR_01_54685_grd_13_240605_220313_HH_3_patch_2_Cargo_uint8.tif,330246,81d2f7d0f4d26b57c35d4393cb35a7c828963bb83cfb941e188478e0ed099e14
2tfa6x37oerz2lyiw6hp47058/Data/NovaSAR_01_54685_grd_13_240605_220313_HH_3/ship_patches_uint8/NovaSAR_01_54685_grd_13_240605_220313_HH_3_patch_3_Tanker_uint8.tif,Tanker,0,file,NovaSAR_dataset/2tfa6x37oerz2lyiw6hp47058/Data/NovaSAR_01_54685_grd_13_240605_220313_HH_3/ship_patches_uint8/NovaSAR_01_54685_grd_13_240605_220313_HH_3_patch_3_Tanker_uint8.tif,320070,ceecebb33be9382d5b6fad92471fef80d8f8d506b2f7e38bb1c2a0d77b589373
2tfa6x37oerz2lyiw6hp47058/Data/NovaSAR_01_54685_grd_13_240605_220313_HH_3/ship_patches_uint8/NovaSAR_01_54685_grd_13_240605_220313_HH_3_patch_4_Cargo_uint8.tif,Cargo,2,file,NovaSAR_dataset/2tfa6x37oerz2lyiw6hp47058/Data/NovaSAR_01_54685_grd_13_240605_220313_HH_3/ship_patches_uint8/NovaSAR_01_54685_grd_13_240605_220313_HH_3_patch_4_Cargo_uint8.tif,329113,1a8a1a4c0be775525befdc61ef0ae4d002deae852a9ae523564cdc6686d0e85f
2tfa6x37oerz2lyiw6hp47058/Data/NovaSAR_01_54685_grd_13_240605_220318_HH_4/ship_patches_uint8/NovaSAR_01_54685_grd_13_240605_220318_HH_4_patch_1_Cargo_uint8.tif,Cargo,2,file,NovaSAR_dataset/2tfa6x37oerz2lyiw6hp47058/Data/NovaSAR_01_54685_grd_13_240605_220318_HH_4/ship_patches_uint8/NovaSAR_01_54685_grd_13_240605_220318_HH_4_patch_1_Cargo_uint8.tif,332655,ca58ff06dd79f18d3bafbd1274af8b29ea95a9ff75f846ec5ad2b08979322e1f
2tfa6x37oerz2lyiw6hp47058/Data/NovaSAR_01_54685_grd_13_240605_220318_HH_4/ship_patches_uint8/NovaSAR_01_54685_grd_13_240605_220318_HH_4_patch_2_Cargo_uint8.tif,Cargo,2,file,NovaSAR_dataset/2tfa6x37oerz2lyiw6hp47058/Data/NovaSAR_01_54685_grd_13_240605_220318_HH_4/ship_patches_uint8/NovaSAR_01_54685_grd_13_240605_220318_HH_4_patch_2_Cargo_uint8.tif,321399,3e80a8ea01e4de42254f16226bb30652029075ac3e2c7b025d33cd01eb930d70
