sample_id,label_name,label,split
2tfa6x37oerz2lyiw6hp47058/Data/NovaSAR_01_50023_grd_13_231122_222520_HH_7/ship_patches_uint8/NovaSAR_01_50023_grd_13_231122_222520_HH_7_patch_5_Tanker_uint8.tif,Tanker,0,train
2tfa6x37oerz2lyiw6hp47058/Data/NovaSAR_01_50023_grd_13_231122_222542_HH_11/ship_patches_uint8/NovaSAR_01_50023_grd_13_231122_222542_HH_11_patch_2_Cargo_uint8.tif,Cargo,2,train
2tfa6x37oerz2lyiw6hp47058/Data/NovaSAR_01_50023_grd_13_231122_222548_HH_12/ship_patches_uint8/NovaSAR_01_50023_grd_13_231122_222548_HH_12_patch_12_Cargo_uint8.tif,Cargo,2,train
2tfa6x37oerz2lyiw6hp47058/Data/NovaSAR_01_50023_grd_13_231122_222548_HH_12/ship_patches_uint8/NovaSAR_01_50023_grd_13_231122_222548_HH_12_patch_4_Tanker_uint8.tif,Tanker,0,train
2tfa6x37oerz2lyiw6hp47058/Data/NovaSAR_01_50052_grd_13_231123_223044_HH_3/ship_patches_uint8/NovaSAR_01_50052_grd_13_231123_223044_HH_3_patch_3_Cargo_uint8.tif,Cargo,2,validation
2tfa6x37oerz2lyiw6hp47058/Data/NovaSAR_01_50052_grd_13_231123_223050_HH_4/ship_patches_uint8/NovaSAR_01_50052_grd_13_231123_223050_HH_4_patch_1_Cargo_uint8.tif,Cargo,2,train
2tfa6x37oerz2lyiw6hp47058/Data/NovaSAR_01_50052_grd_13_231123_223050_HH_4/ship_patches_uint8/NovaSAR_01_50052_grd_13_231123_223050_HH_4_patch_2_Cargo_uint8.tif,Cargo,2,train
2tfa6x37oerz2lyiw6hp47058/Data/NovaSAR_01_50052_grd_13_231123_223107_HH_7/ship_patches_uint8/NovaSAR_01_50052_grd_13_231123_223107_HH_7_patch_11_Cargo_uint8.tif,Cargo,2,train
2tfa6x37oerz2lyiw6hp47058/Data/NovaSAR_01_50052_grd_13_231123_223118_HH_9/ship_patches_uint8/NovaSAR_01_50052_grd_13_231123_223118_HH_9_patch_2_Cargo_uint8.tif,Cargo,2,train
2tfa6x37oerz2lyiw6hp47058/Data/NovaSAR_01_50052_grd_13_231123_223129_HH_11/ship_patches_uint8/NovaSAR_01_50052_grd_13_231123_223129_HH_11_patch_2_Cargo_uint8.tif,Cargo,2,train
2tfa6x37oerz2lyiw6hp47058/Data/NovaSAR_01_50052_grd_13_231123_223129_HH_11/ship_patches_uint8/NovaSAR_01_50052_grd_13_231123_223129_HH_11_patch_4_Tanker_uint8.tif,Tanker,0,train
2tfa6x37oerz2lyiw6hp47058/Data/NovaSAR_01_50082_grd_13_231124_223625_HH_2/ship_patches_uint8/NovaSAR_01_50082_grd_13_231124_223625_HH_2_patch_1_Cargo_uint8.tif,Cargo,2,train
2tfa6x37oerz2lyiw6hp47058/Data/NovaSAR_01_50082_grd_13_231124_223625_HH_2/ship_patches_uint8/NovaSAR_01_50082_grd_13_231124_223625_HH_2_patch_2_Cargo_uint8.tif,Cargo,2,train
2tfa6x37oerz2lyiw6hp47058/Data/NovaSAR_01_50082_grd_13_231124_223625_HH_2/ship_patches_uint8/NovaSAR_01_50082_grd_13_231124_223625_HH_2_patch_3_Cargo_uint8.tif,Cargo,2,train
2tfa6x37oerz2lyiw6hp47058/Data/NovaSAR_01_50082_grd_13_231124_223631_HH_3/ship_patches_uint8/NovaSAR_01_50082_grd_13_231124_223631_HH_3_patch_1_Fishing_uint8.tif,Fishing,1,train
2tfa6x37oerz2lyiw6hp47058/Data/NovaSAR_01_50082_grd_13_231124_223631_HH_3/ship_patches_uint8/NovaSAR_01_50082_grd_13_231124_223631_HH_3_patch_2_Cargo_uint8.tif,Cargo,2,train
2tfa6x37oerz2lyiw6hp47058/Data/NovaSAR_01_50082_grd_13_231124_223631_HH_3/ship_patches_uint8/NovaSAR_01_50082_grd_13_231124_223631_HH_3_patch_4_Fishing_uint8.tif,Fishing,1,validation
2tfa6x37oerz2lyiw6hp47058/Data/NovaSAR_01_50361_grd_13_231204_084919_HH_3/ship_patches_uint8/NovaSAR_01_50361_grd_13_231204_084919_HH_3_patch_1_Cargo_uint8.tif,Cargo,2,train
2tfa6x37oerz2lyiw6hp47058/Data/NovaSAR_01_50361_grd_13_231204_084919_HH_3/ship_patches_uint8/NovaSAR_01_50361_grd_13_231204_084919_HH_3_patch_2_Cargo_uint8.tif,Cargo,2,train
2tfa6x37oerz2lyiw6hp47058/Data/NovaSAR_01_50361_grd_13_231204_084919_HH_3/ship_patches_uint8/NovaSAR_01_50361_grd_13_231204_084919_HH_3_patch_3_Tanker_uint8.tif,Tanker,0,train
2tfa6x37oerz2lyiw6hp47058/Data/NovaSAR_01_50361_grd_13_231204_084924_HH_4/ship_patches_uint8/NovaSAR_01_50361_grd_13_231204_084924_HH_4_patch_1_Cargo_uint8.tif,Cargo,2,validation
2tfa6x37oerz2lyiw6hp47058/Data/NovaSAR_01_50361_grd_13_231204_084924_HH_4/ship_patches_uint8/NovaSAR_01_50361_grd_13_231204_084924_HH_4_patch_3_Cargo_uint8.tif,Cargo,2,test
2tfa6x37oerz2lyiw6hp47058/Data/NovaSAR_01_50361_grd_13_231204_084947_HH_8/ship_patches_uint8/NovaSAR_01_50361_grd_13_231204_084947_HH_8_patch_1_Cargo_uint8.tif,Cargo,2,train
2tfa6x37oerz2lyiw6hp47058/Data/NovaSAR_01_50361_grd_13_231204_084947_HH_8/ship_patches_uint8/NovaSAR_01_50361_grd_13_231204_084947_HH_8_patch_2_Tanker_uint8.tif,Tanker,0,train
2tfa6x37oerz2lyiw6hp47058/Data/NovaSAR_01_50361_grd_13_231204_084947_HH_8/ship_patches_uint8/NovaSAR_01_50361_grd_13_231204_084947_HH_8_patch_3_Fishing_uint8.tif,Fishing,1,train
2tfa6x37oerz2lyiw6hp47058/Data/NovaSAR_01_50361_grd_13_231204_084947_HH_8/ship_patches_uint8/NovaSAR_01_50361_grd_13_231204_084947_HH_8_patch_4_Fishing_uint8.tif,Fishing,1,train
2tfa6x37oerz2lyiw6hp47058/Data/NovaSAR_01_50361_grd_13_231204_084947_HH_8/ship_patches_uint8/NovaSAR_01_50361_grd_13_231204_084947_HH_8_patch_5_Cargo_uint8.tif,Cargo,2,train
2tfa6x37oerz2lyiw6hp47058/Data/NovaSAR_01_50361_grd_13_231204_084947_HH_8/ship_patches_uint8/NovaSAR_01_50361_grd_13_231204_084947_HH_8_patch_6_Cargo_uint8.tif,Cargo,2,train
2tfa6x37oerz2lyiw6hp47058/Data/NovaSAR_01_50361_grd_13_231204_084953_HH_9/ship_patches_uint8/NovaSAR_01_50361_grd_13_231204_084953_HH_9_patch_1_Tanker_uint8.tif,Tanker,0,train
2tfa6x37oerz2lyiw6hp47058/Data/NovaSAR_01_50361_grd_13_231204_084953_HH_9/ship_patches_uint8/NovaSAR_01_50361_grd_13_231204_084953_HH_9_patch_2_Cargo_uint8.tif,Cargo,2,train
2tfa6x37oerz2lyiw6hp47058/Data/NovaSAR_01_50361_grd_13_231204_084953_HH_9/ship_patches_uint8/NovaSAR_01_50361_grd_13_231204_084953_HH_9_patch_4_Cargo_uint8.tif,Cargo,2,test
2tfa6x37oerz2lyiw6hp47058/Data/NovaSAR_01_50361_grd_13_231204_084953_HH_9/ship_patches_uint8/NovaSAR_01_50361_grd_13_231204_084953_HH_9_patch_5_Cargo_uint8.tif,Cargo,2,train
2tfa6x37oerz2lyiw6hp47058/Data/NovaSAR_01_50361_grd_13_231204_084953_HH_9/ship_patches_uint8/NovaSAR_01_50361_grd_13_231204_084953_HH_9_patch_6_Tanker_uint8.tif,Tanker,0,train
2tfa6x37oerz2lyiw6hp47058/Data/NovaSAR_01_50361_grd_13_231204_084958_HH_10/ship_patches_uint8/NovaSAR_01_50361_grd_13_231204_084958_HH_10_patch_1_Cargo_uint8.tif,Cargo,2,train
2tfa6x37oerz2lyiw6hp47058/Data/NovaSAR_01_50361_grd_13_231204_084958_HH_10/ship_patches_uint8/NovaSAR_01_50361_grd_13_231204_084958_HH_10_patch_2_Cargo_uint8.tif,Cargo,2,train
2tfa6x37oerz2lyiw6hp47058/Data/NovaSAR_01_50361_grd_13_231204_084958_HH_10/ship_patches_uint8/NovaSAR_01_50361_grd_13_231204_084958_HH_10_patch_3_Tanker_uint8.tif,Tanker,0,test
2tfa6x37oerz2lyiw6hp47058/Data/NovaSAR_01_50361_grd_13_231204_084958_HH_10/ship_patches_uint8/NovaSAR_01_50361_grd_13_231204_084958_HH_10_patch_4_Tanker_uint8.tif,Tanker,0,test
2tfa6x37oerz2lyiw6hp47058/Data/NovaSAR_01_50361_grd_13_231204_084958_HH_10/ship_patches_uint8/NovaSAR_01_50361_grd_13_231204_084958_HH_10_patch_5_Cargo_uint8.tif,Cargo,2,test
2tfa6x37oerz2lyiw6hp47058/Data/NovaSAR_01_50361_grd_13_231204_085004_HH_11/ship_patches_uint8/NovaSAR_01_50361_grd_13_231204_085004_HH_11_patch_1_Tanker_uint8.tif,Tanker,0,train
2tfa6x37oerz2lyiw6hp47058/Data/NovaSAR_01_50361_grd_13_231204_085004_HH_11/ship_patches_uint8/NovaSAR_01_50361_grd_13_231204_085004_HH_11_patch_3_Fishing_uint8.tif,Fishing,1,train
2tfa6x37oerz2lyiw6hp47058/Data/NovaSAR_01_50361_grd_13_231204_085004_HH_11/ship_patches_uint8/NovaSAR_01_50361_grd_13_231204_085004_HH_11_patch_4_Fishing_uint8.tif,Fishing,1,test
2tfa6x37oerz2lyiw6hp47058/Data/NovaSAR_01_50361_grd_13_231204_085004_HH_11/ship_patches_uint8/NovaSAR_01_50361_grd_13_231204_085004_HH_11_patch_5_Fishing_uint8.tif,Fishing,1,train
2tfa6x37oerz2lyiw6hp47058/Data/NovaSAR_01_50361_grd_13_231204_085004_HH_11/ship_patches_uint8/NovaSAR_01_50361_grd_13_231204_085004_HH_11_patch_7_Fishing_uint8.tif,Fishing,1,train
2tfa6x37oerz2lyiw6hp47058/Data/NovaSAR_01_50361_grd_13_231204_085004_HH_11/ship_patches_uint8/NovaSAR_01_50361_grd_13_231204_085004_HH_11_patch_9_Tanker_uint8.tif,Tanker,0,train
2tfa6x37oerz2lyiw6hp47058/Data/NovaSAR_01_50361_grd_13_231204_085010_HH_12/ship_patches_uint8/NovaSAR_01_50361_grd_13_231204_085010_HH_12_patch_2_Tanker_uint8.tif,Tanker,0,train
2tfa6x37oerz2lyiw6hp47058/Data/NovaSAR_01_50375_grd_13_231204_215829_HH_5/ship_patches_uint8/NovaSAR_01_50375_grd_13_231204_215829_HH_5_patch_1_Cargo_uint8.tif,Cargo,2,train
2tfa6x37oerz2lyiw6hp47058/Data/NovaSAR_01_50375_grd_13_231204_215829_HH_5/ship_patches_uint8/NovaSAR_01_50375_grd_13_231204_215829_HH_5_patch_2_Tanker_uint8.tif,Tanker,0,train
2tfa6x37oerz2lyiw6hp47058/Data/NovaSAR_01_50375_grd_13_231204_215835_HH_6/ship_patches_uint8/NovaSAR_01_50375_grd_13_231204_215835_HH_6_patch_1_Tanker_uint8.tif,Tanker,0,test
2tfa6x37oerz2lyiw6hp47058/Data/NovaSAR_01_50375_grd_13_231204_215835_HH_6/ship_patches_uint8/NovaSAR_01_50375_grd_13_231204_215835_HH_6_patch_2_Cargo_uint8.tif,Cargo,2,test
2tfa6x37oerz2lyiw6hp47058/Data/NovaSAR_01_50375_grd_13_231204_215835_HH_6/ship_patches_uint8/NovaSAR_01_50375_grd_13_231204_215835_HH_6_patch_3_Cargo_uint8.tif,Cargo,2,test
2tfa6x37oerz2lyiw6hp47058/Data/NovaSAR_01_50375_grd_13_231204_215835_HH_6/ship_patches_uint8/NovaSAR_01_50375_grd_13_231204_215835_HH_6_patch_4_Cargo_uint8.tif,Cargo,2,test
2tfa6x37oerz2lyiw6hp47058/Data/NovaSAR_01_50375_grd_13_231204_215835_HH_6/ship_patches_uint8/NovaSAR_01_50375_grd_13_231204_215835_HH_6_patch_6_Cargo_uint8.tif,Cargo,2,train
2tfa6x37oerz2lyiw6hp47058/Data/NovaSAR_01_50375_grd_13_231204_215835_HH_6/ship_patches_uint8/NovaSAR_01_50375_grd_13_231204_215835_HH_6_patch_7_Tanker_uint8.tif,Tanker,0,train
2tfa6x37oerz2lyiw6hp47058/Data/NovaSAR_01_50375_grd_13_231204_215840_HH_7/ship_patches_uint8/NovaSAR_01_50375_grd_13_231204_215840_HH_7_patch_1_Cargo_uint8.tif,Cargo,2,test
2tfa6x37oerz2lyiw6hp47058/Data/NovaSAR_01_50375_grd_13_231204_215840_HH_7/ship_patches_uint8/NovaSAR_01_50375_grd_13_231204_215840_HH_7_patch_2_Cargo_uint8.tif,Cargo,2,train
2tfa6x37oerz2lyiw6hp47058/Data/NovaSAR_01_50375_grd_13_231204_215846_HH_8/ship_patches_uint8/NovaSAR_01_50375_grd_13_231204_215846_HH_8_patch_1_Cargo_uint8.tif,Cargo,2,train
2tfa6x37oerz2lyiw6hp47058/Data/NovaSAR_01_50375_grd_13_231204_215846_HH_8/ship_patches_uint8/NovaSAR_01_50375_grd_13_231204_215846_HH_8_patch_2_Cargo_uint8.tif,Cargo,2,train
2tfa6x37oerz2lyiw6hp47058/Data/NovaSAR_01_50375_grd_13_231204_215846_HH_8/ship_patches_uint8/NovaSAR_01_50375_grd_13_231204_215846_HH_8_patch_3_Cargo_uint8.tif,Cargo,2,train
2tfa6x37oerz2lyiw6hp47058/Data/NovaSAR_01_50375_grd_13_231204_215846_HH_8/ship_patches_uint8/NovaSAR_01_50375_grd_13_231204_215846_HH_8_patch_4_Cargo_uint8.tif,Cargo,2,validation
2tfa6x37oerz2lyiw6hp47058/Data/NovaSAR_01_50375_grd_13_231204_215857_HH_10/ship_patches_uint8/NovaSAR_01_50375_grd_13_231204_215857_HH_10_patch_2_Tanker_uint8.tif,Tanker,0,test
2tfa6x37oerz2lyiw6hp47058/Data/NovaSAR_01_50375_grd_13_231204_215903_HH_11/ship_patches_uint8/NovaSAR_01_50375_grd_13_231204_215903_HH_11_patch_3_Cargo_uint8.tif,Cargo,2,train
2tfa6x37oerz2lyiw6hp47058/Data/NovaSAR_01_50375_grd_13_231204_215909_HH_12/ship_patches_uint8/NovaSAR_01_50375_grd_13_231204_215909_HH_12_patch_1_Cargo_uint8.tif,Cargo,2,train
2tfa6x37oerz2lyiw6hp47058/Data/NovaSAR_01_50375_grd_13_231204_215909_HH_12/ship_patches_uint8/NovaSAR_01_50375_grd_13_231204_215909_HH_12_patch_2_Fishing_uint8.tif,Fishing,1,validation
2tfa6x37oerz2lyiw6hp47058/Data/NovaSAR_01_50375_grd_13_231204_215909_HH_12/ship_patches_uint8/NovaSAR_01_50375_grd_13_231204_215909_HH_12_patch_3_Tanker_uint8.tif,Tanker,0,train
2tfa6x37oerz2lyiw6hp47058/Data/NovaSAR_01_50395_grd_13_231205_085459_HH_2/ship_patches_uint8/NovaSAR_01_50395_grd_13_231205_085459_HH_2_patch_2_Cargo_uint8.tif,Cargo,2,train
2tfa6x37oerz2lyiw6hp47058/Data/NovaSAR_01_50395_grd_13_231205_085459_HH_2/ship_patches_uint8/NovaSAR_01_50395_grd_13_231205_085459_HH_2_patch_3_Cargo_uint8.tif,Cargo,2,test
2tfa6x37oerz2lyiw6hp47058/Data/NovaSAR_01_50395_grd_13_231205_085459_HH_2/ship_patches_uint8/NovaSAR_01_50395_grd_13_231205_085459_HH_2_patch_4_Cargo_uint8.tif,Cargo,2,validation
2tfa6x37oerz2lyiw6hp47058/Data/NovaSAR_01_50395_grd_13_231205_085522_HH_6/ship_patches_uint8/NovaSAR_01_50395_grd_13_231205_085522_HH_6_patch_1_Cargo_uint8.tif,Cargo,2,train
2tfa6x37oerz2lyiw6hp47058/Data/NovaSAR_01_50395_grd_13_231205_085522_HH_6/ship_patches_uint8/NovaSAR_01_50395_grd_13_231205_085522_HH_6_patch_2_Cargo_uint8.tif,Cargo,2,train
2tfa6x37oerz2lyiw6hp47058/Data/NovaSAR_01_50395_grd_13_231205_085528_HH_7/ship_patches_uint8/NovaSAR_01_50395_grd_13_231205_085528_HH_7_patch_11_Cargo_uint8.tif,Cargo,2,train
2tfa6x37oerz2lyiw6hp47058/Data/NovaSAR_01_50395_grd_13_231205_085528_HH_7/ship_patches_uint8/NovaSAR_01_50395_grd_13_231205_085528_HH_7_patch_1_Cargo_uint8.tif,Cargo,2,test
2tfa6x37oerz2lyiw6hp47058/Data/NovaSAR_01_50395_grd_13_231205_085528_HH_7/ship_patches_uint8/NovaSAR_01_50395_grd_13_231205_085528_HH_7_patch_8_Cargo_uint8.tif,Cargo,2,test
2tfa6x37oerz2lyiw6hp47058/Data/NovaSAR_01_50395_grd_13_231205_085533_HH_8/ship_patches_uint8/NovaSAR_01_50395_grd_13_231205_085533_HH_8_patch_2_Cargo_uint8.tif,Cargo,2,train
2tfa6x37oerz2lyiw6hp47058/Data/NovaSAR_01_50395_grd_13_231205_085533_HH_8/ship_patches_uint8/NovaSAR_01_50395_grd_13_231205_085533_HH_8_patch_4_Cargo_uint8.tif,Cargo,2,train
2tfa6x37oerz2lyiw6hp47058/Data/NovaSAR_01_50395_grd_13_231205_085550_HH_11/ship_patches_uint8/NovaSAR_01_50395_grd_13_231205_085550_HH_11_patch_12_Fishing_uint8.tif,Fishing,1,validation
2tfa6x37oerz2lyiw6hp47058/Data/NovaSAR_01_50395_grd_13_231205_085550_HH_11/ship_patches_uint8/NovaSAR_01_50395_grd_13_231205_085550_HH_11_patch_21_Tanker_uint8.tif,Tanker,0,test
2tfa6x37oerz2lyiw6hp47058/Data/NovaSAR_01_50395_grd_13_231205_085550_HH_11/ship_patches_uint8/NovaSAR_01_50395_grd_13_231205_085550_HH_11_patch_23_Cargo_uint8.tif,Cargo,2,test
2tfa6x37oerz2lyiw6hp47058/Data/NovaSAR_01_50395_grd_13_231205_085550_HH_11/ship_patches_uint8/NovaSAR_01_50395_grd_13_231205_085550_HH_11_patch_33_Tanker_uint8.tif,Tanker,0,train
2tfa6x37oerz2lyiw6hp47058/Data/NovaSAR_01_50395_grd_13_231205_085550_HH_11/ship_patches_uint8/NovaSAR_01_50395_grd_13_231205_085550_HH_11_patch_3_Tanker_uint8.tif,Tanker,0,train
2tfa6x37oerz2lyiw6hp47058/Data/NovaSAR_01_50395_grd_13_231205_085550_HH_11/ship_patches_uint8/NovaSAR_01_50395_grd_13_231205_085550_HH_11_patch_6_Fishing_uint8.tif,Fishing,1,train
2tfa6x37oerz2lyiw6hp47058/Data/NovaSAR_01_50395_grd_13_231205_085556_HH_12/ship_patches_uint8/NovaSAR_01_50395_grd_13_231205_085556_HH_12_patch_1_Cargo_uint8.tif,Cargo,2,test
2tfa6x37oerz2lyiw6hp47058/Data/NovaSAR_01_50395_grd_13_231205_085556_HH_12/ship_patches_uint8/NovaSAR_01_50395_grd_13_231205_085556_HH_12_patch_2_Cargo_uint8.tif,Cargo,2,test
2tfa6x37oerz2lyiw6hp47058/Data/NovaSAR_01_50395_grd_13_231205_085556_HH_12/ship_patches_uint8/NovaSAR_01_50395_grd_13_231205_085556_HH_12_patch_3_Cargo_uint8.tif,Cargo,2,train
2tfa6x37oerz2lyiw6hp47058/Data/NovaSAR_01_50407_grd_13_231205_220404_HH_3/ship_patches_uint8/NovaSAR_01_50407_grd_13_231205_220404_HH_3_patch_1_Fishing_uint8.tif,Fishing,1,test
2tfa6x37oerz2lyiw6hp47058/Data/NovaSAR_01_50407_grd_13_231205_220404_HH_3/ship_patches_uint8/NovaSAR_01_50407_grd_13_231205_220404_HH_3_patch_2_Tanker_uint8.tif,Tanker,0,train
2tfa6x37oerz2lyiw6hp47058/Data/NovaSAR_01_50407_grd_13_231205_220409_HH_4/ship_patches_uint8/NovaSAR_01_50407_grd_13_231205_220409_HH_4_patch_1_Cargo_uint8.tif,Cargo,2,train
2tfa6x37oerz2lyiw6hp47058/Data/NovaSAR_01_50407_grd_13_231205_220415_HH_5/ship_patches_uint8/NovaSAR_01_50407_grd_13_231205_220415_HH_5_patch_1_Cargo_uint8.tif,Cargo,2,train
2tfa6x37oerz2lyiw6hp47058/Data/NovaSAR_01_50407_grd_13_231205_220421_HH_6/ship_patches_uint8/NovaSAR_01_50407_grd_13_231205_220421_HH_6_patch_1_Cargo_uint8.tif,Cargo,2,test
2tfa6x37oerz2lyiw6hp47058/Data/NovaSAR_01_50407_grd_13_231205_220421_HH_6/ship_patches_uint8/NovaSAR_01_50407_grd_13_231205_220421_HH_6_patch_2_Cargo_uint8.tif,Cargo,2,train
2tfa6x37oerz2lyiw6hp47058/Data/NovaSAR_01_50407_grd_13_231205_220438_HH_9/ship_patches_uint8/NovaSAR_01_50407_grd_13_231205_220438_HH_9_patch_2_Cargo_uint8.tif,Cargo,2,train
2tfa6x37oerz2lyiw6hp47058/Data/NovaSAR_01_50407_grd_13_231205_220506_HH_14/ship_patches_uint8/NovaSAR_01_50407_grd_13_231205_220506_HH_14_patch_1_Cargo_uint8.tif,Cargo,2,train
2tfa6x37oerz2lyiw6hp47058/Data/NovaSAR_01_50422_grd_13_231206_090049_HH_3/ship_patches_uint8/NovaSAR_01_50422_grd_13_231206_090049_HH_3_patch_2_Cargo_uint8.tif,Cargo,2,validation
2tfa6x37oerz2lyiw6hp47058/Data/NovaSAR_01_50422_grd_13_231206_090049_HH_3/ship_patches_uint8/NovaSAR_01_50422_grd_13_231206_090049_HH_3_patch_3_Cargo_uint8.tif,Cargo,2,validation
2tfa6x37oerz2lyiw6hp47058/Data/NovaSAR_01_50422_grd_13_231206_090049_HH_3/ship_patches_uint8/NovaSAR_01_50422_grd_13_231206_090049_HH_3_patch_4_Cargo_uint8.tif,Cargo,2,train
2tfa6x37oerz2lyiw6hp47058/Data/NovaSAR_01_50422_grd_13_231206_090049_HH_3/ship_patches_uint8/NovaSAR_01_50422_grd_13_231206_090049_HH_3_patch_5_Cargo_uint8.tif,Cargo,2,train
2tfa6x37oerz2lyiw6hp47058/Data/NovaSAR_01_50422_grd_13_231206_090140_HH_12/ship_patches_uint8/NovaSAR_01_50422_grd_13_231206_090140_HH_12_patch_2_Cargo_uint8.tif,Cargo,2,train
2tfa6x37oerz2lyiw6hp47058/Data/NovaSAR_01_50422_grd_13_231206_090140_HH_12/ship_patches_uint8/NovaSAR_01_50422_grd_13_231206_090140_HH_12_patch_4_Cargo_uint8.tif,Cargo,2,train
2tfa6x37oerz2lyiw6hp47058/Data/NovaSAR_01_50454_grd_13_231207_090632_HH_2/ship_patches_uint8/NovaSAR_01_50454_grd_13_231207_090632_HH_2_patch_7_Cargo_uint8.tif,Cargo,2,train
2tfa6x37oerz2lyiw6hp47058/Data/NovaSAR_01_50454_grd_13_231207_090700_HH_7/ship_patches_uint8/NovaSAR_01_50454_grd_13_231207_090700_HH_7_patch_2_Fishing_uint8.tif,Fishing,1,train
2tfa6x37oerz2lyiw6hp47058/Data/NovaSAR_01_50454_grd_13_231207_090706_HH_8/ship_patches_uint8/NovaSAR_01_50454_grd_13_231207_090706_HH_8_patch_1_Fishing_uint8.tif,Fishing,1,train
2tfa6x37oerz2lyiw6hp47058/Data/NovaSAR_01_50454_grd_13_231207_090711_HH_9/ship_patches_uint8/NovaSAR_01_50454_grd_13_231207_090711_HH_9_patch_1_Cargo_uint8.tif,Cargo,2,train
2tfa6x37oerz2lyiw6hp47058/Data/NovaSAR_01_50454_grd_13_231207_090711_HH_9/ship_patches_uint8/NovaSAR_01_50454_grd_13_231207_090711_HH_9_patch_4_Tanker_uint8.tif,Tanker,0,train
2tfa6x37oerz2lyiw6hp47058/Data/NovaSAR_01_50454_grd_13_231207_090711_HH_9/ship_patches_uint8/NovaSAR_01_50454_grd_13_231207_090711_HH_9_patch_5_Cargo_uint8.tif,Cargo,2,train
2tfa6x37oerz2lyiw6hp47058/Data/NovaSAR_01_50454_grd_13_231207_090711_HH_9/ship_patches_uint8/NovaSAR_01_50454_grd_13_231207_090711_HH_9_patch_6_Tanker_uint8.tif,Tanker,0,train
2tfa6x37oerz2lyiw6hp47058/Data/NovaSAR_01_50454_grd_13_231207_090711_HH_9/ship_patches_uint8/NovaSAR_01_50454_grd_13_231207_090711_HH_9_patch_8_Tanker_uint8.tif,Tanker,0,validation
2tfa6x37oerz2lyiw6hp47058/Data/NovaSAR_01_50454_grd_13_231207_090717_HH_10/ship_patches_uint8/NovaSAR_01_50454_grd_13_231207_090717_HH_10_patch_1_Fishing_uint8.tif,Fishing,1,test
2tfa6x37oerz2lyiw6hp47058/Data/NovaSAR_01_50529_grd_13_231209_222703_HH_3/ship_patches_uint8/NovaSAR_01_50529_grd_13_231209_222703_HH_3_patch_1_Tanker_uint8.tif,Tanker,0,test
2tfa6x37oerz2lyiw6hp47058/Data/NovaSAR_01_50529_grd_13_231209_222703_HH_3/ship_patches_uint8/NovaSAR_01_50529_grd_13_231209_222703_HH_3_patch_2_Tanker_uint8.tif,Tanker,0,test
2tfa6x37oerz2lyiw6hp47058/Data/NovaSAR_01_50529_grd_13_231209_222703_HH_3/ship_patches_uint8/NovaSAR_01_50529_grd_13_231209_222703_HH_3_patch_3_Tanker_uint8.tif,Tanker,0,test
2tfa6x37oerz2lyiw6hp47058/Data/NovaSAR_01_50529_grd_13_231209_222703_HH_3/ship_patches_uint8/NovaSAR_01_50529_grd_13_231209_222703_HH_3_patch_4_Cargo_uint8.tif,Cargo,2,train
2tfa6x37oerz2lyiw6hp47058/Data/NovaSAR_01_50529_grd_13_231209_222703_HH_3/ship_patches_uint8/NovaSAR_01_50529_grd_13_231209_222703_HH_3_patch_5_Tanker_uint8.tif,Tanker,0,train
2tfa6x37oerz2lyiw6hp47058/Data/NovaSAR_01_50529_grd_13_231209_222709_HH_4/ship_patches_uint8/NovaSAR_01_50529_grd_13_231209_222709_HH_4_patch_1_Cargo_uint8.tif,Cargo,2,test
2tfa6x37oerz2lyiw6hp47058/Data/NovaSAR_01_50529_grd_13_231209_222709_HH_4/ship_patches_uint8/NovaSAR_01_50529_grd_13_231209_222709_HH_4_patch_2_Fishing_uint8.tif,Fishing,1,train
2tfa6x37oerz2lyiw6hp47058/Data/NovaSAR_01_50529_grd_13_231209_222720_HH_6/ship_patches_uint8/NovaSAR_01_50529_grd_13_231209_222720_HH_6_patch_4_Cargo_uint8.tif,Cargo,2,train
2tfa6x37oerz2lyiw6hp47058/Data/NovaSAR_01_50529_grd_13_231209_222737_HH_9/ship_patches_uint8/NovaSAR_01_50529_grd_13_231209_222737_HH_9_patch_2_Tanker_uint8.tif,Tanker,0,train
2tfa6x37oerz2lyiw6hp47058/Data/NovaSAR_01_50559_grd_13_231210_223237_HH_1/ship_patches_uint8/NovaSAR_01_50559_grd_13_231210_223237_HH_1_patch_1_Fishing_uint8.tif,Fishing,1,train
2tfa6x37oerz2lyiw6hp47058/Data/NovaSAR_01_50559_grd_13_231210_223249_HH_3/ship_patches_uint8/NovaSAR_01_50559_grd_13_231210_223249_HH_3_patch_10_Fishing_uint8.tif,Fishing,1,train
2tfa6x37oerz2lyiw6hp47058/Data/NovaSAR_01_50559_grd_13_231210_223249_HH_3/ship_patches_uint8/NovaSAR_01_50559_grd_13_231210_223249_HH_3_patch_16_Cargo_uint8.tif,Cargo,2,validation
2tfa6x37oerz2lyiw6hp47058/Data/NovaSAR_01_50559_grd_13_231210_223249_HH_3/ship_patches_uint8/NovaSAR_01_50559_grd_13_231210_223249_HH_3_patch_28_Cargo_uint8.tif,Cargo,2,train
2tfa6x37oerz2lyiw6hp47058/Data/NovaSAR_01_50559_grd_13_231210_223249_HH_3/ship_patches_uint8/NovaSAR_01_50559_grd_13_231210_223249_HH_3_patch_2_Fishing_uint8.tif,Fishing,1,train
2tfa6x37oerz2lyiw6hp47058/Data/NovaSAR_01_50559_grd_13_231210_223249_HH_3/ship_patches_uint8/NovaSAR_01_50559_grd_13_231210_223249_HH_3_patch_36_Fishing_uint8.tif,Fishing,1,train
2tfa6x37oerz2lyiw6hp47058/Data/NovaSAR_01_50559_grd_13_231210_223249_HH_3/ship_patches_uint8/NovaSAR_01_50559_grd_13_231210_223249_HH_3_patch_6_Fishing_uint8.tif,Fishing,1,validation
2tfa6x37oerz2lyiw6hp47058/Data/NovaSAR_01_50559_grd_13_231210_223249_HH_3/ship_patches_uint8/NovaSAR_01_50559_grd_13_231210_223249_HH_3_patch_8_Cargo_uint8.tif,Cargo,2,train
2tfa6x37oerz2lyiw6hp47058/Data/NovaSAR_01_50559_grd_13_231210_223328_HH_10/ship_patches_uint8/NovaSAR_01_50559_grd_13_231210_223328_HH_10_patch_2_Fishing_uint8.tif,Fishing,1,test
2tfa6x37oerz2lyiw6hp47058/Data/NovaSAR_01_50559_grd_13_231210_223328_HH_10/ship_patches_uint8/NovaSAR_01_50559_grd_13_231210_223328_HH_10_patch_6_Fishing_uint8.tif,Fishing,1,train
2tfa6x37oerz2lyiw6hp47058/Data/NovaSAR_01_50559_grd_13_231210_223328_HH_10/ship_patches_uint8/NovaSAR_01_50559_grd_13_231210_223328_HH_10_patch_8_Fishing_uint8.tif,Fishing,1,validation
2tfa6x37oerz2lyiw6hp47058/Data/NovaSAR_01_50588_grd_13_231211_223823_HH_2/ship_patches_uint8/NovaSAR_01_50588_grd_13_231211_223823_HH_2_patch_2_Tanker_uint8.tif,Tanker,0,train
2tfa6x37oerz2lyiw6hp47058/Data/NovaSAR_01_50588_grd_13_231211_223827_HH_3/ship_patches_uint8/NovaSAR_01_50588_grd_13_231211_223827_HH_3_patch_1_Cargo_uint8.tif,Cargo,2,validation
2tfa6x37oerz2lyiw6hp47058/Data/NovaSAR_01_50588_grd_13_231211_223827_HH_3/ship_patches_uint8/NovaSAR_01_50588_grd_13_231211_223827_HH_3_patch_2_Tanker_uint8.tif,Tanker,0,train
2tfa6x37oerz2lyiw6hp47058/Data/NovaSAR_01_50588_grd_13_231211_223831_HH_4/ship_patches_uint8/NovaSAR_01_50588_grd_13_231211_223831_HH_4_patch_1_Fishing_uint8.tif,Fishing,1,validation
2tfa6x37oerz2lyiw6hp47058/Data/NovaSAR_01_50588_grd_13_231211_223831_HH_4/ship_patches_uint8/NovaSAR_01_50588_grd_13_231211_223831_HH_4_patch_2_Cargo_uint8.tif,Cargo,2,test
2tfa6x37oerz2lyiw6hp47058/Data/NovaSAR_01_50588_grd_13_231211_223831_HH_4/ship_patches_uint8/NovaSAR_01_50588_grd_13_231211_223831_HH_4_patch_3_Fishing_uint8.tif,Fishing,1,test
2tfa6x37oerz2lyiw6hp47058/Data/NovaSAR_01_50617_grd_13_231212_224416_HH_3/ship_patches_uint8/NovaSAR_01_50617_grd_13_231212_224416_HH_3_patch_1_Cargo_uint8.tif,Cargo,2,train
2tfa6x37oerz2lyiw6hp47058/Data/NovaSAR_01_50617_grd_13_231212_224416_HH_3/ship_patches_uint8/NovaSAR_01_50617_grd_13_231212_224416_HH_3_patch_2_Fishing_uint8.tif,Fishing,1,test
2tfa6x37oerz2lyiw6hp47058/Data/NovaSAR_01_50617_grd_13_231212_224420_HH_4/ship_patches_uint8/NovaSAR_01_50617_grd_13_231212_224420_HH_4_patch_1_Fishing_uint8.tif,Fishing,1,train
2tfa6x37oerz2lyiw6hp47058/Data/NovaSAR_01_50617_grd_13_231212_224420_HH_4/ship_patches_uint8/NovaSAR_01_50617_grd_13_231212_224420_HH_4_patch_2_Tanker_uint8.tif,Tanker,0,train
2tfa6x37oerz2lyiw6hp47058/Data/NovaSAR_01_50617_grd_13_231212_224420_HH_4/ship_patches_uint8/NovaSAR_01_50617_grd_13_231212_224420_HH_4_patch_3_Fishing_uint8.tif,Fishing,1,test
2tfa6x37oerz2lyiw6hp47058/Data/NovaSAR_01_50617_grd_13_231212_224424_HH_5/ship_patches_uint8/NovaSAR_01_50617_grd_13_231212_224424_HH_5_patch_2_Cargo_uint8.tif,Cargo,2,train
2tfa6x37oerz2lyiw6hp47058/Data/NovaSAR_01_50617_grd_13_231212_224424_HH_5/ship_patches_uint8/NovaSAR_01_50617_grd_13_231212_224424_HH_5_patch_3_Fishing_uint8.tif,Fishing,1,test
2tfa6x37oerz2lyiw6hp47058/Data/NovaSAR_01_50617_grd_13_231212_224424_HH_5/ship_patches_uint8/NovaSAR_01_50617_grd_13_231212_224424_HH_5_patch_4_Fishing_uint8.tif,Fishing,1,train
2tfa6x37oerz2lyiw6hp47058/Data/NovaSAR_01_50617_grd_13_231212_224424_HH_5/ship_patches_uint8/NovaSAR_01_50617_grd_13_231212_224424_HH_5_patch_5_Fishing_uint8.tif,Fishing,1,validation
2tfa6x37oerz2lyiw6hp47058/Data/NovaSAR_01_50617_grd_13_231212_224445_HH_10/ship_patches_uint8/NovaSAR_01_50617_grd_13_231212_224445_HH_10_patch_1_Fishing_uint8.tif,Fishing,1,train
2tfa6x37oerz2lyiw6hp47058/Data/NovaSAR_01_50648_grd_13_231213_225010_HH_5/ship_patches_uint8/NovaSAR_01_50648_grd_13_231213_225010_HH_5_patch_1_Fishing_uint8.tif,Fishing,1,test
2tfa6x37oerz2lyiw6hp47058/Data/NovaSAR_01_50648_grd_13_231213_225014_HH_6/ship_patches_uint8/NovaSAR_01_50648_grd_13_231213_225014_HH_6_patch_1_Cargo_uint8.tif,Cargo,2,validation
2tfa6x37oerz2lyiw6hp47058/Data/NovaSAR_01_50692_grd_13_231215_081656_HH_1/ship_patches_uint8/NovaSAR_01_50692_grd_13_231215_081656_HH_1_patch_1_Cargo_uint8.tif,Cargo,2,test
2tfa6x37oerz2lyiw6hp47058/Data/NovaSAR_01_50692_grd_13_231215_081704_HH_3/ship_patches_uint8/NovaSAR_01_50692_grd_13_231215_081704_HH_3_patch_1_Cargo_uint8.tif,Cargo,2,test
2tfa6x37oerz2lyiw6hp47058/Data/NovaSAR_01_50692_grd_13_231215_081704_HH_3/ship_patches_uint8/NovaSAR_01_50692_grd_13_231215_081704_HH_3_patch_2_Cargo_uint8.tif,Cargo,2,test
2tfa6x37oerz2lyiw6hp47058/Data/NovaSAR_01_50692_grd_13_231215_081704_HH_3/ship_patches_uint8/NovaSAR_01_50692_grd_13_231215_081704_HH_3_patch_3_Cargo_uint8.tif,Cargo,2,train
2tfa6x37oerz2lyiw6hp47058/Data/NovaSAR_01_50692_grd_13_231215_081708_HH_4/ship_patches_uint8/NovaSAR_01_50692_grd_13_231215_081708_HH_4_patch_5_Tanker_uint8.tif,Tanker,0,train
2tfa6x37oerz2lyiw6hp47058/Data/NovaSAR_01_50692_grd_13_231215_081708_HH_4/ship_patches_uint8/NovaSAR_01_50692_grd_13_231215_081708_HH_4_patch_6_Tanker_uint8.tif,Tanker,0,train
2tfa6x37oerz2lyiw6hp47058/Data/NovaSAR_01_50692_grd_13_231215_081708_HH_4/ship_patches_uint8/NovaSAR_01_50692_grd_13_231215_081708_HH_4_patch_7_Tanker_uint8.tif,Tanker,0,test
2tfa6x37oerz2lyiw6hp47058/Data/NovaSAR_01_50692_grd_13_231215_081721_HH_7/ship_patches_uint8/NovaSAR_01_50692_grd_13_231215_081721_HH_7_patch_5_Fishing_uint8.tif,Fishing,1,train
2tfa6x37oerz2lyiw6hp47058/Data/NovaSAR_01_50692_grd_13_231215_081729_HH_9/ship_patches_uint8/NovaSAR_01_50692_grd_13_231215_081729_HH_9_patch_1_Tanker_uint8.tif,Tanker,0,test
2tfa6x37oerz2lyiw6hp47058/Data/NovaSAR_01_50692_grd_13_231215_081729_HH_9/ship_patches_uint8/NovaSAR_01_50692_grd_13_231215_081729_HH_9_patch_2_Tanker_uint8.tif,Tanker,0,train
2tfa6x37oerz2lyiw6hp47058/Data/NovaSAR_01_50692_grd_13_231215_081729_HH_9/ship_patches_uint8/NovaSAR_01_50692_grd_13_231215_081729_HH_9_patch_3_Tanker_uint8.tif,Tanker,0,test
2tfa6x37oerz2lyiw6hp47058/Data/NovaSAR_01_50692_grd_13_231215_081729_HH_9/ship_patches_uint8/NovaSAR_01_50692_grd_13_231215_081729_HH_9_patch_4_Tanker_uint8.tif,Tanker,0,train
2tfa6x37oerz2lyiw6hp47058/Data/NovaSAR_01_50692_grd_13_231215_081729_HH_9/ship_patches_uint8/NovaSAR_01_50692_grd_13_231215_081729_HH_9_patch_5_Cargo_uint8.tif,Cargo,2,train
2tfa6x37oerz2lyiw6hp47058/Data/NovaSAR_01_50692_grd_13_231215_081729_HH_9/ship_patches_uint8/NovaSAR_01_50692_grd_13_231215_081729_HH_9_patch_6_Cargo_uint8.tif,Cargo,2,test
2tfa6x37oerz2lyiw6hp47058/Data/NovaSAR_01_50692_grd_13_231215_081729_HH_9/ship_patches_uint8/NovaSAR_01_50692_grd_13_231215_081729_HH_9_patch_7_Cargo_uint8.tif,Cargo,2,test
2tfa6x37oerz2lyiw6hp47058/Data/NovaSAR_01_50692_grd_13_231215_081729_HH_9/ship_patches_uint8/NovaSAR_01_50692_grd_13_231215_081729_HH_9_patch_8_Tanker_uint8.tif,Tanker,0,test
2tfa6x37oerz2lyiw6hp47058/Data/NovaSAR_01_50751_grd_13_231217_082822_HH_2/ship_patches_uint8/NovaSAR_01_50751_grd_13_231217_082822_HH_2_patch_2_Cargo_uint8.tif,Cargo,2,train
2tfa6x37oerz2lyiw6hp47058/Data/NovaSAR_01_50751_grd_13_231217_082822_HH_2/ship_patches_uint8/NovaSAR_01_50751_grd_13_231217_082822_HH_2_patch_3_Tanker_uint8.tif,Tanker,0,test
2tfa6x37oerz2lyiw6hp47058/Data/NovaSAR_01_50751_grd_13_231217_082822_HH_2/ship_patches_uint8/NovaSAR_01_50751_grd_13_231217_082822_HH_2_patch_4_Cargo_uint8.tif,Cargo,2,validation
2tfa6x37oerz2lyiw6hp47058/Data/NovaSAR_01_50751_grd_13_231217_082822_HH_2/ship_patches_uint8/NovaSAR_01_50751_grd_13_231217_082822_HH_2_patch_5_Cargo_uint8.tif,Cargo,2,train
2tfa6x37oerz2lyiw6hp47058/Data/NovaSAR_01_50751_grd_13_231217_082828_HH_3/ship_patches_uint8/NovaSAR_01_50751_grd_13_231217_082828_HH_3_patch_7_Cargo_uint8.tif,Cargo,2,train
2tfa6x37oerz2lyiw6hp47058/Data/NovaSAR_01_50751_grd_13_231217_082851_HH_7/ship_patches_uint8/NovaSAR_01_50751_grd_13_231217_082851_HH_7_patch_1_Cargo_uint8.tif,Cargo,2,train
2tfa6x37oerz2lyiw6hp47058/Data/NovaSAR_01_50751_grd_13_231217_082856_HH_8/ship_patches_uint8/NovaSAR_01_50751_grd_13_231217_082856_HH_8_patch_1_Cargo_uint8.tif,Cargo,2,train
2tfa6x37oerz2lyiw6hp47058/Data/NovaSAR_01_50751_grd_13_231217_082856_HH_8/ship_patches_uint8/NovaSAR_01_50751_grd_13_231217_082856_HH_8_patch_2_Cargo_uint8.tif,Cargo,2,train
2tfa6x37oerz2lyiw6hp47058/Data/NovaSAR_01_50751_grd_13_231217_082856_HH_8/ship_patches_uint8/NovaSAR_01_50751_grd_13_231217_082856_HH_8_patch_3_Cargo_uint8.tif,Cargo,2,train
2tfa6x37oerz2lyiw6hp47058/Data/NovaSAR_01_50751_grd_13_231217_082856_HH_8/ship_patches_uint8/NovaSAR_01_50751_grd_13_231217_082856_HH_8_patch_5_Cargo_uint8.tif,Cargo,2,test
2tfa6x37oerz2lyiw6hp47058/Data/NovaSAR_01_50751_grd_13_231217_082908_HH_10/ship_patches_uint8/NovaSAR_01_50751_grd_13_231217_082908_HH_10_patch_1_Cargo_uint8.tif,Cargo,2,test
2tfa6x37oerz2lyiw6hp47058/Data/NovaSAR_01_50751_grd_13_231217_082908_HH_10/ship_patches_uint8/NovaSAR_01_50751_grd_13_231217_082908_HH_10_patch_8_Cargo_uint8.tif,Cargo,2,test
2tfa6x37oerz2lyiw6hp47058/Data/NovaSAR_01_50751_grd_13_231217_082913_HH_11/ship_patches_uint8/NovaSAR_01_50751_grd_13_231217_082913_HH_11_patch_1_Tanker_uint8.tif,Tanker,0,train
2tfa6x37oerz2lyiw6hp47058/Data/NovaSAR_01_50751_grd_13_231217_082913_HH_11/ship_patches_uint8/NovaSAR_01_50751_grd_13_231217_082913_HH_11_patch_2_Cargo_uint8.tif,Cargo,2,train
2tfa6x37oerz2lyiw6hp47058/Data/NovaSAR_01_50751_grd_13_231217_082913_HH_11/ship_patches_uint8/NovaSAR_01_50751_grd_13_231217_082913_HH_11_patch_3_Tanker_uint8.tif,Tanker,0,train
2tfa6x37oerz2lyiw6hp47058/Data/NovaSAR_01_50751_grd_13_231217_082913_HH_11/ship_patches_uint8/NovaSAR_01_50751_grd_13_231217_082913_HH_11_patch_4_Cargo_uint8.tif,Cargo,2,validation
2tfa6x37oerz2lyiw6hp47058/Data/NovaSAR_01_50751_grd_13_231217_082913_HH_11/ship_patches_uint8/NovaSAR_01_50751_grd_13_231217_082913_HH_11_patch_5_Cargo_uint8.tif,Cargo,2,train
2tfa6x37oerz2lyiw6hp47058/Data/NovaSAR_01_50751_grd_13_231217_082919_HH_12/ship_patches_uint8/NovaSAR_01_50751_grd_13_231217_082919_HH_12_patch_1_Fishing_uint8.tif,Fishing,1,train
2tfa6x37oerz2lyiw6hp47058/Data/NovaSAR_01_50782_grd_13_231218_083410_HH_4/ship_patches_uint8/NovaSAR_01_50782_grd_13_231218_083410_HH_4_patch_1_Cargo_uint8.tif,Cargo,2,train
2tfa6x37oerz2lyiw6hp47058/Data/NovaSAR_01_50782_grd_13_231218_083416_HH_5/ship_patches_uint8/NovaSAR_01_50782_grd_13_231218_083416_HH_5_patch_1_Cargo_uint8.tif,Cargo,2,test
2tfa6x37oerz2lyiw6hp47058/Data/NovaSAR_01_50782_grd_13_231218_083506_HH_14/ship_patches_uint8/NovaSAR_01_50782_grd_13_231218_083506_HH_14_patch_1_Cargo_uint8.tif,Cargo,2,train
2tfa6x37oerz2lyiw6hp47058/Data/NovaSAR_01_50782_grd_13_231218_083506_HH_14/ship_patches_uint8/NovaSAR_01_50782_grd_13_231218_083506_HH_14_patch_4_Fishing_uint8.tif,Fishing,1,validation
2tfa6x37oerz2lyiw6hp47058/Data/NovaSAR_01_50782_grd_13_231218_083506_HH_14/ship_patches_uint8/NovaSAR_01_50782_grd_13_231218_083506_HH_14_patch_5_Tanker_uint8.tif,Tanker,0,train
2tfa6x37oerz2lyiw6hp47058/Data/NovaSAR_01_50812_grd_13_231219_083957_HH_1/ship_patches_uint8/NovaSAR_01_50812_grd_13_231219_083957_HH_1_patch_1_Cargo_uint8.tif,Cargo,2,test
2tfa6x37oerz2lyiw6hp47058/Data/NovaSAR_01_50812_grd_13_231219_084037_HH_8/ship_patches_uint8/NovaSAR_01_50812_grd_13_231219_084037_HH_8_patch_1_Tanker_uint8.tif,Tanker,0,train
2tfa6x37oerz2lyiw6hp47058/Data/NovaSAR_01_50824_grd_13_231219_214925_HH_3/ship_patches_uint8/NovaSAR_01_50824_grd_13_231219_214925_HH_3_patch_15_Cargo_uint8.tif,Cargo,2,validation
2tfa6x37oerz2lyiw6hp47058/Data/NovaSAR_01_50824_grd_13_231219_214925_HH_3/ship_patches_uint8/NovaSAR_01_50824_grd_13_231219_214925_HH_3_patch_6_Cargo_uint8.tif,Cargo,2,test
2tfa6x37oerz2lyiw6hp47058/Data/NovaSAR_01_50824_grd_13_231219_214925_HH_3/ship_patches_uint8/NovaSAR_01_50824_grd_13_231219_214925_HH_3_patch_8_Cargo_uint8.tif,Cargo,2,test
2tfa6x37oerz2lyiw6hp47058/Data/NovaSAR_01_50824_grd_13_231219_214925_HH_3/ship_patches_uint8/NovaSAR_01_50824_grd_13_231219_214925_HH_3_patch_9_Fishing_uint8.tif,Fishing,1,train
2tfa6x37oerz2lyiw6hp47058/Data/NovaSAR_01_50824_grd_13_231219_214930_HH_4/ship_patches_uint8/NovaSAR_01_50824_grd_13_231219_214930_HH_4_patch_1_Tanker_uint8.tif,Tanker,0,train
2tfa6x37oerz2lyiw6hp47058/Data/NovaSAR_01_50824_grd_13_231219_214930_HH_4/ship_patches_uint8/NovaSAR_01_50824_grd_13_231219_214930_HH_4_patch_2_Cargo_uint8.tif,Cargo,2,validation
2tfa6x37oerz2lyiw6hp47058/Data/NovaSAR_01_50824_grd_13_231219_214930_HH_4/ship_patches_uint8/NovaSAR_01_50824_grd_13_231219_214930_HH_4_patch_3_Cargo_uint8.tif,Cargo,2,test
2tfa6x37oerz2lyiw6hp47058/Data/NovaSAR_01_50824_grd_13_231219_214942_HH_6/ship_patches_uint8/NovaSAR_01_50824_grd_13_231219_214942_HH_6_patch_2_Tanker_uint8.tif,Tanker,0,train
2tfa6x37oerz2lyiw6hp47058/Data/NovaSAR_01_50824_grd_13_231219_214942_HH_6/ship_patches_uint8/NovaSAR_01_50824_grd_13_231219_214942_HH_6_patch_3_Tanker_uint8.tif,Tanker,0,train
2tfa6x37oerz2lyiw6hp47058/Data/NovaSAR_01_50824_grd_13_231219_214942_HH_6/ship_patches_uint8/NovaSAR_01_50824_grd_13_231219_214942_HH_6_patch_4_Tanker_uint8.tif,Tanker,0,train
2tfa6x37oerz2lyiw6hp47058/Data/NovaSAR_01_50824_grd_13_231219_214942_HH_6/ship_patches_uint8/NovaSAR_01_50824_grd_13_231219_214942_HH_6_patch_7_Cargo_uint8.tif,Cargo,2,train
2tfa6x37oerz2lyiw6hp47058/Data/NovaSAR_01_50855_grd_13_231220_215440_HH_5/ship_patches_uint8/NovaSAR_01_50855_grd_13_231220_215440_HH_5_patch_2_Tanker_uint8.tif,Tanker,0,train
2tfa6x37oerz2lyiw6hp47058/Data/NovaSAR_01_50855_grd_13_231220_215444_HH_6/ship_patches_uint8/NovaSAR_01_50855_grd_13_231220_215444_HH_6_patch_10_Cargo_uint8.tif,Cargo,2,validation
2tfa6x37oerz2lyiw6hp47058/Data/NovaSAR_01_50855_grd_13_231220_215444_HH_6/ship_patches_uint8/NovaSAR_01_50855_grd_13_231220_215444_HH_6_patch_11_Tanker_uint8.tif,Tanker,0,train
2tfa6x37oerz2lyiw6hp47058/Data/NovaSAR_01_50855_grd_13_231220_215444_HH_6/ship_patches_uint8/NovaSAR_01_50855_grd_13_231220_215444_HH_6_patch_1_Cargo_uint8.tif,Cargo,2,test
2tfa6x37oerz2lyiw6hp47058/Data/NovaSAR_01_50855_grd_13_231220_215444_HH_6/ship_patches_uint8/NovaSAR_01_50855_grd_13_231220_215444_HH_6_patch_3_Tanker_uint8.tif,Tanker,0,train
2tfa6x37oerz2lyiw6hp47058/Data/NovaSAR_01_50855_grd_13_231220_215444_HH_6/ship_patches_uint8/NovaSAR_01_50855_grd_13_231220_215444_HH_6_patch_4_Cargo_uint8.tif,Cargo,2,test
2tfa6x37oerz2lyiw6hp47058/Data/NovaSAR_01_50855_grd_13_231220_215444_HH_6/ship_patches_uint8/NovaSAR_01_50855_grd_13_231220_215444_HH_6_patch_5_Cargo_uint8.tif,Cargo,2,validation
2tfa6x37oerz2lyiw6hp47058/Data/NovaSAR_01_50855_grd_13_231220_215444_HH_6/ship_patches_uint8/NovaSAR_01_50855_grd_13_231220_215444_HH_6_patch_6_Tanker_uint8.tif,Tanker,0,validation
2tfa6x37oerz2lyiw6hp47058/Data/NovaSAR_01_50855_grd_13_231220_215444_HH_6/ship_patches_uint8/NovaSAR_01_50855_grd_13_231220_215444_HH_6_patch_7_Tanker_uint8.tif,Tanker,0,train
2tfa6x37oerz2lyiw6hp47058/Data/NovaSAR_01_50855_grd_13_231220_215444_HH_6/ship_patches_uint8/NovaSAR_01_50855_grd_13_231220_215444_HH_6_patch_8_Tanker_uint8.tif,Tanker,0,train
2tfa6x37oerz2lyiw6hp47058/Data/NovaSAR_01_50855_grd_13_231220_215444_HH_6/ship_patches_uint8/NovaSAR_01_50855_grd_13_231220_215444_HH_6_patch_9_Tanker_uint8.tif,Tanker,0,train
2tfa6x37oerz2lyiw6hp47058/Data/NovaSAR_01_50884_grd_13_231221_220052_HH_1/ship_patches_uint8/NovaSAR_01_50884_grd_13_231221_220052_HH_1_patch_1_Tanker_uint8.tif,Tanker,0,test
2tfa6x37oerz2lyiw6hp47058/Data/NovaSAR_01_50884_grd_13_231221_220052_HH_1/ship_patches_uint8/NovaSAR_01_50884_grd_13_231221_220052_HH_1_patch_2_Tanker_uint8.tif,Tanker,0,train
2tfa6x37oerz2lyiw6hp47058/Data/NovaSAR_01_50884_grd_13_231221_220052_HH_1/ship_patches_uint8/NovaSAR_01_50884_grd_13_231221_220052_HH_1_patch_3_Cargo_uint8.tif,Cargo,2,test
2tfa6x37oerz2lyiw6hp47058/Data/NovaSAR_01_50884_grd_13_231221_220058_HH_2/ship_patches_uint8/NovaSAR_01_50884_grd_13_231221_220058_HH_2_patch_1_Tanker_uint8.tif,Tanker,0,train
2tfa6x37oerz2lyiw6hp47058/Data/NovaSAR_01_50884_grd_13_231221_220058_HH_2/ship_patches_uint8/NovaSAR_01_50884_grd_13_231221_220058_HH_2_patch_4_Tanker_uint8.tif,Tanker,0,train
2tfa6x37oerz2lyiw6hp47058/Data/NovaSAR_01_50884_grd_13_231221_220103_HH_3/ship_patches_uint8/NovaSAR_01_50884_grd_13_231221_220103_HH_3_patch_1_Cargo_uint8.tif,Cargo,2,train
2tfa6x37oerz2lyiw6hp47058/Data/NovaSAR_01_50884_grd_13_231221_220103_HH_3/ship_patches_uint8/NovaSAR_01_50884_grd_13_231221_220103_HH_3_patch_2_Tanker_uint8.tif,Tanker,0,train
2tfa6x37oerz2lyiw6hp47058/Data/NovaSAR_01_50884_grd_13_231221_220103_HH_3/ship_patches_uint8/NovaSAR_01_50884_grd_13_231221_220103_HH_3_patch_3_Tanker_uint8.tif,Tanker,0,test
2tfa6x37oerz2lyiw6hp47058/Data/NovaSAR_01_50884_grd_13_231221_220103_HH_3/ship_patches_uint8/NovaSAR_01_50884_grd_13_231221_220103_HH_3_patch_4_Cargo_uint8.tif,Cargo,2,train
2tfa6x37oerz2lyiw6hp47058/Data/NovaSAR_01_50884_grd_13_231221_220115_HH_5/ship_patches_uint8/NovaSAR_01_50884_grd_13_231221_220115_HH_5_patch_3_Tanker_uint8.tif,Tanker,0,train
2tfa6x37oerz2lyiw6hp47058/Data/NovaSAR_01_50884_grd_13_231221_220115_HH_5/ship_patches_uint8/NovaSAR_01_50884_grd_13_231221_220115_HH_5_patch_4_Cargo_uint8.tif,Cargo,2,train
2tfa6x37oerz2lyiw6hp47058/Data/NovaSAR_01_50884_grd_13_231221_220115_HH_5/ship_patches_uint8/NovaSAR_01_50884_grd_13_231221_220115_HH_5_patch_5_Cargo_uint8.tif,Cargo,2,train
2tfa6x37oerz2lyiw6hp47058/Data/NovaSAR_01_50902_grd_13_231222_085704_HH_1/ship_patches_uint8/NovaSAR_01_50902_grd_13_231222_085704_HH_1_patch_1_Cargo_uint8.tif,Cargo,2,validation
2tfa6x37oerz2lyiw6hp47058/Data/NovaSAR_01_50902_grd_13_231222_085708_HH_2/ship_patches_uint8/NovaSAR_01_50902_grd_13_231222_085708_HH_2_patch_1_Cargo_uint8.tif,Cargo,2,train
2tfa6x37oerz2lyiw6hp47058/Data/NovaSAR_01_50902_grd_13_231222_085708_HH_2/ship_patches_uint8/NovaSAR_01_50902_grd_13_231222_085708_HH_2_patch_2_Cargo_uint8.tif,Cargo,2,train
2tfa6x37oerz2lyiw6hp47058/Data/NovaSAR_01_50902_grd_13_231222_085738_HH_9/ship_patches_uint8/NovaSAR_01_50902_grd_13_231222_085738_HH_9_patch_1_Tanker_uint8.tif,Tanker,0,train
2tfa6x37oerz2lyiw6hp47058/Data/NovaSAR_01_50902_grd_13_231222_085751_HH_12/ship_patches_uint8/NovaSAR_01_50902_grd_13_231222_085751_HH_12_patch_1_Cargo_uint8.tif,Cargo,2,train
2tfa6x37oerz2lyiw6hp47058/Data/NovaSAR_01_50902_grd_13_231222_085751_HH_12/ship_patches_uint8/NovaSAR_01_50902_grd_13_231222_085751_HH_12_patch_2_Tanker_uint8.tif,Tanker,0,train
2tfa6x37oerz2lyiw6hp47058/Data/NovaSAR_01_50902_grd_13_231222_085751_HH_12/ship_patches_uint8/NovaSAR_01_50902_grd_13_231222_085751_HH_12_patch_3_Tanker_uint8.tif,Tanker,0,test
2tfa6x37oerz2lyiw6hp47058/Data/NovaSAR_01_50902_grd_13_231222_085755_HH_13/ship_patches_uint8/NovaSAR_01_50902_grd_13_231222_085755_HH_13_patch_1_Cargo_uint8.tif,Cargo,2,train
2tfa6x37oerz2lyiw6hp47058/Data/NovaSAR_01_50902_grd_13_231222_085755_HH_13/ship_patches_uint8/NovaSAR_01_50902_grd_13_231222_085755_HH_13_patch_2_Cargo_uint8.tif,Cargo,2,train
2tfa6x37oerz2lyiw6hp47058/Data/NovaSAR_01_50902_grd_13_231222_085759_HH_14/ship_patches_uint8/NovaSAR_01_50902_grd_13_231222_085759_HH_14_patch_1_Cargo_uint8.tif,Cargo,2,train
2tfa6x37oerz2lyiw6hp47058/Data/NovaSAR_01_50941_grd_13_231223_221227_HH_1/ship_patches_uint8/NovaSAR_01_50941_grd_13_231223_221227_HH_1_patch_1_Cargo_uint8.tif,Cargo,2,train
2tfa6x37oerz2lyiw6hp47058/Data/NovaSAR_01_50941_grd_13_231223_221238_HH_3/ship_patches_uint8/NovaSAR_01_50941_grd_13_231223_221238_HH_3_patch_1_Cargo_uint8.tif,Cargo,2,train
2tfa6x37oerz2lyiw6hp47058/Data/NovaSAR_01_50941_grd_13_231223_221238_HH_3/ship_patches_uint8/NovaSAR_01_50941_grd_13_231223_221238_HH_3_patch_2_Cargo_uint8.tif,Cargo,2,train
2tfa6x37oerz2lyiw6hp47058/Data/NovaSAR_01_50941_grd_13_231223_221238_HH_3/ship_patches_uint8/NovaSAR_01_50941_grd_13_231223_221238_HH_3_patch_4_Cargo_uint8.tif,Cargo,2,train
2tfa6x37oerz2lyiw6hp47058/Data/NovaSAR_01_51025_grd_13_231226_222900_HH_2/ship_patches_uint8/NovaSAR_01_51025_grd_13_231226_222900_HH_2_patch_1_Fishing_uint8.tif,Fishing,1,train
2tfa6x37oerz2lyiw6hp47058/Data/NovaSAR_01_51025_grd_13_231226_222906_HH_3/ship_patches_uint8/NovaSAR_01_51025_grd_13_231226_222906_HH_3_patch_1_Tanker_uint8.tif,Tanker,0,train
2tfa6x37oerz2lyiw6hp47058/Data/NovaSAR_01_51025_grd_13_231226_222906_HH_3/ship_patches_uint8/NovaSAR_01_51025_grd_13_231226_222906_HH_3_patch_3_Fishing_uint8.tif,Fishing,1,train
2tfa6x37oerz2lyiw6hp47058/Data/NovaSAR_01_51025_grd_13_231226_222906_HH_3/ship_patches_uint8/NovaSAR_01_51025_grd_13_231226_222906_HH_3_patch_4_Cargo_uint8.tif,Cargo,2,train
2tfa6x37oerz2lyiw6hp47058/Data/NovaSAR_01_51025_grd_13_231226_222906_HH_3/ship_patches_uint8/NovaSAR_01_51025_grd_13_231226_222906_HH_3_patch_5_Cargo_uint8.tif,Cargo,2,validation
2tfa6x37oerz2lyiw6hp47058/Data/NovaSAR_01_51025_grd_13_231226_222912_HH_4/ship_patches_uint8/NovaSAR_01_51025_grd_13_231226_222912_HH_4_patch_2_Cargo_uint8.tif,Cargo,2,test
2tfa6x37oerz2lyiw6hp47058/Data/NovaSAR_01_51025_grd_13_231226_223003_HH_13/ship_patches_uint8/NovaSAR_01_51025_grd_13_231226_223003_HH_13_patch_2_Fishing_uint8.tif,Fishing,1,train
2tfa6x37oerz2lyiw6hp47058/Data/NovaSAR_01_51025_grd_13_231226_223003_HH_13/ship_patches_uint8/NovaSAR_01_51025_grd_13_231226_223003_HH_13_patch_3_Cargo_uint8.tif,Cargo,2,train
2tfa6x37oerz2lyiw6hp47058/Data/NovaSAR_01_51025_grd_13_231226_223003_HH_13/ship_patches_uint8/NovaSAR_01_51025_grd_13_231226_223003_HH_13_patch_4_Cargo_uint8.tif,Cargo,2,test
2tfa6x37oerz2lyiw6hp47058/Data/NovaSAR_01_51053_grd_13_231227_223515_HH_9/ship_patches_uint8/NovaSAR_01_51053_grd_13_231227_223515_HH_9_patch_1_Cargo_uint8.tif,Cargo,2,train
2tfa6x37oerz2lyiw6hp47058/Data/NovaSAR_01_51053_grd_13_231227_223523_HH_11/ship_patches_uint8/NovaSAR_01_51053_grd_13_231227_223523_HH_11_patch_1_Cargo_uint8.tif,Cargo,2,train
2tfa6x37oerz2lyiw6hp47058/Data/NovaSAR_01_51147_grd_13_231231_081318_HH_8/ship_patches_uint8/NovaSAR_01_51147_grd_13_231231_081318_HH_8_patch_1_Cargo_uint8.tif,Cargo,2,train
2tfa6x37oerz2lyiw6hp47058/Data/NovaSAR_01_51147_grd_13_231231_081326_HH_10/ship_patches_uint8/NovaSAR_01_51147_grd_13_231231_081326_HH_10_patch_1_Cargo_uint8.tif,Cargo,2,test
2tfa6x37oerz2lyiw6hp47058/Data/NovaSAR_01_51147_grd_13_231231_081330_HH_11/ship_patches_uint8/NovaSAR_01_51147_grd_13_231231_081330_HH_11_patch_1_Cargo_uint8.tif,Cargo,2,train
2tfa6x37oerz2lyiw6hp47058/Data/NovaSAR_01_51147_grd_13_231231_081330_HH_11/ship_patches_uint8/NovaSAR_01_51147_grd_13_231231_081330_HH_11_patch_3_Cargo_uint8.tif,Cargo,2,train
2tfa6x37oerz2lyiw6hp47058/Data/NovaSAR_01_51147_grd_13_231231_081334_HH_12/ship_patches_uint8/NovaSAR_01_51147_grd_13_231231_081334_HH_12_patch_1_Cargo_uint8.tif,Cargo,2,train
2tfa6x37oerz2lyiw6hp47058/Data/NovaSAR_01_51147_grd_13_231231_081338_HH_13/ship_patches_uint8/NovaSAR_01_51147_grd_13_231231_081338_HH_13_patch_1_Cargo_uint8.tif,Cargo,2,train
2tfa6x37oerz2lyiw6hp47058/Data/NovaSAR_01_51147_grd_13_231231_081342_HH_14/ship_patches_uint8/NovaSAR_01_51147_grd_13_231231_081342_HH_14_patch_1_Tanker_uint8.tif,Tanker,0,test
2tfa6x37oerz2lyiw6hp47058/Data/NovaSAR_01_51147_grd_13_231231_081350_HH_16/ship_patches_uint8/NovaSAR_01_51147_grd_13_231231_081350_HH_16_patch_1_Tanker_uint8.tif,Tanker,0,validation
2tfa6x37oerz2lyiw6hp47058/Data/NovaSAR_01_51147_grd_13_231231_081350_HH_16/ship_patches_uint8/NovaSAR_01_51147_grd_13_231231_081350_HH_16_patch_2_Cargo_uint8.tif,Cargo,2,test
2tfa6x37oerz2lyiw6hp47058/Data/NovaSAR_01_51147_grd_13_231231_081358_HH_18/ship_patches_uint8/NovaSAR_01_51147_grd_13_231231_081358_HH_18_patch_1_Tanker_uint8.tif,Tanker,0,train
2tfa6x37oerz2lyiw6hp47058/Data/NovaSAR_01_51147_grd_13_231231_081358_HH_18/ship_patches_uint8/NovaSAR_01_51147_grd_13_231231_081358_HH_18_patch_2_Tanker_uint8.tif,Tanker,0,train
2tfa6x37oerz2lyiw6hp47058/Data/NovaSAR_01_51147_grd_13_231231_081358_HH_18/ship_patches_uint8/NovaSAR_01_51147_grd_13_231231_081358_HH_18_patch_3_Tanker_uint8.tif,Tanker,0,validation
2tfa6x37oerz2lyiw6hp47058/Data/NovaSAR_01_51147_grd_13_231231_081402_HH_19/ship_patches_uint8/NovaSAR_01_51147_grd_13_231231_081402_HH_19_patch_1_Cargo_uint8.tif,Cargo,2,train
2tfa6x37oerz2lyiw6hp47058/Data/NovaSAR_01_51202_grd_13_240102_082503_HH_7/ship_patches_uint8/NovaSAR_01_51202_grd_13_240102_082503_HH_7_patch_1_Tanker_uint8.tif,Tanker,0,train
2tfa6x37oerz2lyiw6hp47058/Data/NovaSAR_01_51202_grd_13_240102_082509_HH_8/ship_patches_uint8/NovaSAR_01_51202_grd_13_240102_082509_HH_8_patch_1_Cargo_uint8.tif,Cargo,2,train
2tfa6x37oerz2lyiw6hp47058/Data/NovaSAR_01_51202_grd_13_240102_082515_HH_9/ship_patches_uint8/NovaSAR_01_51202_grd_13_240102_082515_HH_9_patch_1_Cargo_uint8.tif,Cargo,2,train
2tfa6x37oerz2lyiw6hp47058/Data/NovaSAR_01_51202_grd_13_240102_082520_HH_10/ship_patches_uint8/NovaSAR_01_51202_grd_13_240102_082520_HH_10_patch_1_Cargo_uint8.tif,Cargo,2,train
2tfa6x37oerz2lyiw6hp47058/Data/NovaSAR_01_51202_grd_13_240102_082532_HH_12/ship_patches_uint8/NovaSAR_01_51202_grd_13_240102_082532_HH_12_patch_1_Cargo_uint8.tif,Cargo,2,train
2tfa6x37oerz2lyiw6hp47058/Data/NovaSAR_01_51202_grd_13_240102_082532_HH_12/ship_patches_uint8/NovaSAR_01_51202_grd_13_240102_082532_HH_12_patch_2_Fishing_uint8.tif,Fishing,1,train
2tfa6x37oerz2lyiw6hp47058/Data/NovaSAR_01_51202_grd_13_240102_082532_HH_12/ship_patches_uint8/NovaSAR_01_51202_grd_13_240102_082532_HH_12_patch_3_Cargo_uint8.tif,Cargo,2,train
2tfa6x37oerz2lyiw6hp47058/Data/NovaSAR_01_51202_grd_13_240102_082532_HH_12/ship_patches_uint8/NovaSAR_01_51202_grd_13_240102_082532_HH_12_patch_4_Tanker_uint8.tif,Tanker,0,train
2tfa6x37oerz2lyiw6hp47058/Data/NovaSAR_01_51202_grd_13_240102_082532_HH_12/ship_patches_uint8/NovaSAR_01_51202_grd_13_240102_082532_HH_12_patch_5_Cargo_uint8.tif,Cargo,2,train
2tfa6x37oerz2lyiw6hp47058/Data/NovaSAR_01_51235_grd_13_240103_083017_HH_2/ship_patches_uint8/NovaSAR_01_51235_grd_13_240103_083017_HH_2_patch_1_Cargo_uint8.tif,Cargo,2,train
2tfa6x37oerz2lyiw6hp47058/Data/NovaSAR_01_51235_grd_13_240103_083017_HH_2/ship_patches_uint8/NovaSAR_01_51235_grd_13_240103_083017_HH_2_patch_2_Cargo_uint8.tif,Cargo,2,train
2tfa6x37oerz2lyiw6hp47058/Data/NovaSAR_01_51235_grd_13_240103_083028_HH_4/ship_patches_uint8/NovaSAR_01_51235_grd_13_240103_083028_HH_4_patch_1_Cargo_uint8.tif,Cargo,2,test
2tfa6x37oerz2lyiw6hp47058/Data/NovaSAR_01_51235_grd_13_240103_083034_HH_5/ship_patches_uint8/NovaSAR_01_51235_grd_13_240103_083034_HH_5_patch_2_Tanker_uint8.tif,Tanker,0,validation
2tfa6x37oerz2lyiw6hp47058/Data/NovaSAR_01_51235_grd_13_240103_083034_HH_5/ship_patches_uint8/NovaSAR_01_51235_grd_13_240103_083034_HH_5_patch_3_Cargo_uint8.tif,Cargo,2,train
2tfa6x37oerz2lyiw6hp47058/Data/NovaSAR_01_51235_grd_13_240103_083034_HH_5/ship_patches_uint8/NovaSAR_01_51235_grd_13_240103_083034_HH_5_patch_5_Tanker_uint8.tif,Tanker,0,test
2tfa6x37oerz2lyiw6hp47058/Data/NovaSAR_01_51235_grd_13_240103_083040_HH_6/ship_patches_uint8/NovaSAR_01_51235_grd_13_240103_083040_HH_6_patch_2_Tanker_uint8.tif,Tanker,0,train
2tfa6x37oerz2lyiw6hp47058/Data/NovaSAR_01_51235_grd_13_240103_083040_HH_6/ship_patches_uint8/NovaSAR_01_51235_grd_13_240103_083040_HH_6_patch_3_Cargo_uint8.tif,Cargo,2,train
2tfa6x37oerz2lyiw6hp47058/Data/NovaSAR_01_51291_grd_13_240105_084158_HH_4/ship_patches_uint8/NovaSAR_01_51291_grd_13_240105_084158_HH_4_patch_1_Fishing_uint8.tif,Fishing,1,validation
2tfa6x37oerz2lyiw6hp47058/Data/NovaSAR_01_51291_grd_13_240105_084158_HH_4/ship_patches_uint8/NovaSAR_01_51291_grd_13_240105_084158_HH_4_patch_2_Fishing_uint8.tif,Fishing,1,train
2tfa6x37oerz2lyiw6hp47058/Data/NovaSAR_01_51291_grd_13_240105_084158_HH_4/ship_patches_uint8/NovaSAR_01_51291_grd_13_240105_084158_HH_4_patch_6_Fishing_uint8.tif,Fishing,1,train
2tfa6x37oerz2lyiw6hp47058/Data/NovaSAR_01_51306_grd_13_240105_215120_HH_2/ship_patches_uint8/NovaSAR_01_51306_grd_13_240105_215120_HH_2_patch_5_Tanker_uint8.tif,Tanker,0,validation
2tfa6x37oerz2lyiw6hp47058/Data/NovaSAR_01_51306_grd_13_240105_215132_HH_4/ship_patches_uint8/NovaSAR_01_51306_grd_13_240105_215132_HH_4_patch_1_Cargo_uint8.tif,Cargo,2,train
2tfa6x37oerz2lyiw6hp47058/Data/NovaSAR_01_51306_grd_13_240105_215132_HH_4/ship_patches_uint8/NovaSAR_01_51306_grd_13_240105_215132_HH_4_patch_2_Cargo_uint8.tif,Cargo,2,test
2tfa6x37oerz2lyiw6hp47058/Data/NovaSAR_01_51306_grd_13_240105_215132_HH_4/ship_patches_uint8/NovaSAR_01_51306_grd_13_240105_215132_HH_4_patch_3_Cargo_uint8.tif,Cargo,2,train
2tfa6x37oerz2lyiw6hp47058/Data/NovaSAR_01_51306_grd_13_240105_215132_HH_4/ship_patches_uint8/NovaSAR_01_51306_grd_13_240105_215132_HH_4_patch_4_Cargo_uint8.tif,Cargo,2,test
2tfa6x37oerz2lyiw6hp47058/Data/NovaSAR_01_51306_grd_13_240105_215132_HH_4/ship_patches_uint8/NovaSAR_01_51306_grd_13_240105_215132_HH_4_patch_5_Cargo_uint8.tif,Cargo,2,train
2tfa6x37oerz2lyiw6hp47058/Data/NovaSAR_01_51351_grd_13_240107_085307_HH_1/ship_patches_uint8/NovaSAR_01_51351_grd_13_240107_085307_HH_1_patch_1_Cargo_uint8.tif,Cargo,2,train
2tfa6x37oerz2lyiw6hp47058/Data/NovaSAR_01_51351_grd_13_240107_085307_HH_1/ship_patches_uint8/NovaSAR_01_51351_grd_13_240107_085307_HH_1_patch_2_Tanker_uint8.tif,Tanker,0,train
2tfa6x37oerz2lyiw6hp47058/Data/NovaSAR_01_51351_grd_13_240107_085307_HH_1/ship_patches_uint8/NovaSAR_01_51351_grd_13_240107_085307_HH_1_patch_3_Cargo_uint8.tif,Cargo,2,test
2tfa6x37oerz2lyiw6hp47058/Data/NovaSAR_01_51351_grd_13_240107_085307_HH_1/ship_patches_uint8/NovaSAR_01_51351_grd_13_240107_085307_HH_1_patch_4_Cargo_uint8.tif,Cargo,2,train
2tfa6x37oerz2lyiw6hp47058/Data/NovaSAR_01_51351_grd_13_240107_085307_HH_1/ship_patches_uint8/NovaSAR_01_51351_grd_13_240107_085307_HH_1_patch_5_Cargo_uint8.tif,Cargo,2,train
2tfa6x37oerz2lyiw6hp47058/Data/NovaSAR_01_51351_grd_13_240107_085307_HH_1/ship_patches_uint8/NovaSAR_01_51351_grd_13_240107_085307_HH_1_patch_7_Cargo_uint8.tif,Cargo,2,train
2tfa6x37oerz2lyiw6hp47058/Data/NovaSAR_01_51351_grd_13_240107_085335_HH_6/ship_patches_uint8/NovaSAR_01_51351_grd_13_240107_085335_HH_6_patch_1_Cargo_uint8.tif,Cargo,2,train
2tfa6x37oerz2lyiw6hp47058/Data/NovaSAR_01_51351_grd_13_240107_085335_HH_6/ship_patches_uint8/NovaSAR_01_51351_grd_13_240107_085335_HH_6_patch_2_Cargo_uint8.tif,Cargo,2,train
2tfa6x37oerz2lyiw6hp47058/Data/NovaSAR_01_51351_grd_13_240107_085341_HH_7/ship_patches_uint8/NovaSAR_01_51351_grd_13_240107_085341_HH_7_patch_1_Tanker_uint8.tif,Tanker,0,train
2tfa6x37oerz2lyiw6hp47058/Data/NovaSAR_01_51351_grd_13_240107_085358_HH_10/ship_patches_uint8/NovaSAR_01_51351_grd_13_240107_085358_HH_10_patch_1_Cargo_uint8.tif,Cargo,2,train
2tfa6x37oerz2lyiw6hp47058/Data/NovaSAR_01_51351_grd_13_240107_085358_HH_10/ship_patches_uint8/NovaSAR_01_51351_grd_13_240107_085358_HH_10_patch_2_Cargo_uint8.tif,Cargo,2,train
2tfa6x37oerz2lyiw6hp47058/Data/NovaSAR_01_51351_grd_13_240107_085358_HH_10/ship_patches_uint8/NovaSAR_01_51351_grd_13_240107_085358_HH_10_patch_3_Cargo_uint8.tif,Cargo,2,train
2tfa6x37oerz2lyiw6hp47058/Data/NovaSAR_01_51481_grd_13_240111_222543_HH_2/ship_patches_uint8/NovaSAR_01_51481_grd_13_240111_222543_HH_2_patch_1_Cargo_uint8.tif,Cargo,2,validation
2tfa6x37oerz2lyiw6hp47058/Data/NovaSAR_01_51481_grd_13_240111_222549_HH_3/ship_patches_uint8/NovaSAR_01_51481_grd_13_240111_222549_HH_3_patch_4_Tanker_uint8.tif,Tanker,0,train
2tfa6x37oerz2lyiw6hp47058/Data/NovaSAR_01_51481_grd_13_240111_222600_HH_5/ship_patches_uint8/NovaSAR_01_51481_grd_13_240111_222600_HH_5_patch_1_Tanker_uint8.tif,Tanker,0,test
2tfa6x37oerz2lyiw6hp47058/Data/NovaSAR_01_51676_grd_13_240118_082047_HH_3/ship_patches_uint8/NovaSAR_01_51676_grd_13_240118_082047_HH_3_patch_1_Cargo_uint8.tif,Cargo,2,train
2tfa6x37oerz2lyiw6hp47058/Data/NovaSAR_01_51676_grd_13_240118_082047_HH_3/ship_patches_uint8/NovaSAR_01_51676_grd_13_240118_082047_HH_3_patch_2_Tanker_uint8.tif,Tanker,0,train
2tfa6x37oerz2lyiw6hp47058/Data/NovaSAR_01_51676_grd_13_240118_082047_HH_3/ship_patches_uint8/NovaSAR_01_51676_grd_13_240118_082047_HH_3_patch_3_Cargo_uint8.tif,Cargo,2,test
2tfa6x37oerz2lyiw6hp47058/Data/NovaSAR_01_51676_grd_13_240118_082047_HH_3/ship_patches_uint8/NovaSAR_01_51676_grd_13_240118_082047_HH_3_patch_4_Cargo_uint8.tif,Cargo,2,train
2tfa6x37oerz2lyiw6hp47058/Data/NovaSAR_01_51676_grd_13_240118_082047_HH_3/ship_patches_uint8/NovaSAR_01_51676_grd_13_240118_082047_HH_3_patch_6_Cargo_uint8.tif,Cargo,2,test
2tfa6x37oerz2lyiw6hp47058/Data/NovaSAR_01_51676_grd_13_240118_082047_HH_3/ship_patches_uint8/NovaSAR_01_51676_grd_13_240118_082047_HH_3_patch_7_Cargo_uint8.tif,Cargo,2,train
2tfa6x37oerz2lyiw6hp47058/Data/NovaSAR_01_51676_grd_13_240118_082058_HH_5/ship_patches_uint8/NovaSAR_01_51676_grd_13_240118_082058_HH_5_patch_11_Cargo_uint8.tif,Cargo,2,train
2tfa6x37oerz2lyiw6hp47058/Data/NovaSAR_01_51676_grd_13_240118_082058_HH_5/ship_patches_uint8/NovaSAR_01_51676_grd_13_240118_082058_HH_5_patch_12_Cargo_uint8.tif,Cargo,2,test
2tfa6x37oerz2lyiw6hp47058/Data/NovaSAR_01_51676_grd_13_240118_082058_HH_5/ship_patches_uint8/NovaSAR_01_51676_grd_13_240118_082058_HH_5_patch_15_Cargo_uint8.tif,Cargo,2,train
2tfa6x37oerz2lyiw6hp47058/Data/NovaSAR_01_51676_grd_13_240118_082058_HH_5/ship_patches_uint8/NovaSAR_01_51676_grd_13_240118_082058_HH_5_patch_1_Tanker_uint8.tif,Tanker,0,train
2tfa6x37oerz2lyiw6hp47058/Data/NovaSAR_01_51676_grd_13_240118_082058_HH_5/ship_patches_uint8/NovaSAR_01_51676_grd_13_240118_082058_HH_5_patch_20_Tanker_uint8.tif,Tanker,0,validation
2tfa6x37oerz2lyiw6hp47058/Data/NovaSAR_01_51676_grd_13_240118_082058_HH_5/ship_patches_uint8/NovaSAR_01_51676_grd_13_240118_082058_HH_5_patch_23_Cargo_uint8.tif,Cargo,2,test
2tfa6x37oerz2lyiw6hp47058/Data/NovaSAR_01_51676_grd_13_240118_082058_HH_5/ship_patches_uint8/NovaSAR_01_51676_grd_13_240118_082058_HH_5_patch_4_Cargo_uint8.tif,Cargo,2,train
2tfa6x37oerz2lyiw6hp47058/Data/NovaSAR_01_51676_grd_13_240118_082058_HH_5/ship_patches_uint8/NovaSAR_01_51676_grd_13_240118_082058_HH_5_patch_6_Tanker_uint8.tif,Tanker,0,test
2tfa6x37oerz2lyiw6hp47058/Data/NovaSAR_01_51676_grd_13_240118_082104_HH_6/ship_patches_uint8/NovaSAR_01_51676_grd_13_240118_082104_HH_6_patch_10_Tanker_uint8.tif,Tanker,0,train
2tfa6x37oerz2lyiw6hp47058/Data/NovaSAR_01_51676_grd_13_240118_082104_HH_6/ship_patches_uint8/NovaSAR_01_51676_grd_13_240118_082104_HH_6_patch_14_Cargo_uint8.tif,Cargo,2,train
2tfa6x37oerz2lyiw6hp47058/Data/NovaSAR_01_51676_grd_13_240118_082104_HH_6/ship_patches_uint8/NovaSAR_01_51676_grd_13_240118_082104_HH_6_patch_1_Tanker_uint8.tif,Tanker,0,train
2tfa6x37oerz2lyiw6hp47058/Data/NovaSAR_01_51676_grd_13_240118_082104_HH_6/ship_patches_uint8/NovaSAR_01_51676_grd_13_240118_082104_HH_6_patch_9_Tanker_uint8.tif,Tanker,0,test
2tfa6x37oerz2lyiw6hp47058/Data/NovaSAR_01_51676_grd_13_240118_082110_HH_7/ship_patches_uint8/NovaSAR_01_51676_grd_13_240118_082110_HH_7_patch_1_Cargo_uint8.tif,Cargo,2,validation
2tfa6x37oerz2lyiw6hp47058/Data/NovaSAR_01_51676_grd_13_240118_082115_HH_8/ship_patches_uint8/NovaSAR_01_51676_grd_13_240118_082115_HH_8_patch_1_Cargo_uint8.tif,Cargo,2,train
2tfa6x37oerz2lyiw6hp47058/Data/NovaSAR_01_51676_grd_13_240118_082115_HH_8/ship_patches_uint8/NovaSAR_01_51676_grd_13_240118_082115_HH_8_patch_2_Cargo_uint8.tif,Cargo,2,test
2tfa6x37oerz2lyiw6hp47058/Data/NovaSAR_01_51676_grd_13_240118_082115_HH_8/ship_patches_uint8/NovaSAR_01_51676_grd_13_240118_082115_HH_8_patch_3_Tanker_uint8.tif,Tanker,0,train
2tfa6x37oerz2lyiw6hp47058/Data/NovaSAR_01_51676_grd_13_240118_082115_HH_8/ship_patches_uint8/NovaSAR_01_51676_grd_13_240118_082115_HH_8_patch_4_Fishing_uint8.tif,Fishing,1,validation
2tfa6x37oerz2lyiw6hp47058/Data/NovaSAR_01_51676_grd_13_240118_082121_HH_9/ship_patches_uint8/NovaSAR_01_51676_grd_13_240118_082121_HH_9_patch_1_Cargo_uint8.tif,Cargo,2,train
2tfa6x37oerz2lyiw6hp47058/Data/NovaSAR_01_51676_grd_13_240118_082121_HH_9/ship_patches_uint8/NovaSAR_01_51676_grd_13_240118_082121_HH_9_patch_2_Fishing_uint8.tif,Fishing,1,validation
2tfa6x37oerz2lyiw6hp47058/Data/NovaSAR_01_51676_grd_13_240118_082121_HH_9/ship_patches_uint8/NovaSAR_01_51676_grd_13_240118_082121_HH_9_patch_3_Fishing_uint8.tif,Fishing,1,test
2tfa6x37oerz2lyiw6hp47058/Data/NovaSAR_01_51707_grd_13_240119_082623_HH_2/ship_patches_uint8/NovaSAR_01_51707_grd_13_240119_082623_HH_2_patch_2_Cargo_uint8.tif,Cargo,2,train
2tfa6x37oerz2lyiw6hp47058/Data/NovaSAR_01_51707_grd_13_240119_082634_HH_4/ship_patches_uint8/NovaSAR_01_51707_grd_13_240119_082634_HH_4_patch_1_Cargo_uint8.tif,Cargo,2,test
2tfa6x37oerz2lyiw6hp47058/Data/NovaSAR_01_51707_grd_13_240119_082714_HH_11/ship_patches_uint8/NovaSAR_01_51707_grd_13_240119_082714_HH_11_patch_1_Cargo_uint8.tif,Cargo,2,test
2tfa6x37oerz2lyiw6hp47058/Data/NovaSAR_01_51707_grd_13_240119_082720_HH_12/ship_patches_uint8/NovaSAR_01_51707_grd_13_240119_082720_HH_12_patch_1_Fishing_uint8.tif,Fishing,1,train
2tfa6x37oerz2lyiw6hp47058/Data/NovaSAR_01_51738_grd_13_240120_083213_HH_4/ship_patches_uint8/NovaSAR_01_51738_grd_13_240120_083213_HH_4_patch_1_Cargo_uint8.tif,Cargo,2,train
2tfa6x37oerz2lyiw6hp47058/Data/NovaSAR_01_51738_grd_13_240120_083252_HH_11/ship_patches_uint8/NovaSAR_01_51738_grd_13_240120_083252_HH_11_patch_1_Cargo_uint8.tif,Cargo,2,train
2tfa6x37oerz2lyiw6hp47058/Data/NovaSAR_01_51738_grd_13_240120_083258_HH_12/ship_patches_uint8/NovaSAR_01_51738_grd_13_240120_083258_HH_12_patch_1_Cargo_uint8.tif,Cargo,2,train
2tfa6x37oerz2lyiw6hp47058/Data/NovaSAR_01_51738_grd_13_240120_083258_HH_12/ship_patches_uint8/NovaSAR_01_51738_grd_13_240120_083258_HH_12_patch_2_Cargo_uint8.tif,Cargo,2,train
2tfa6x37oerz2lyiw6hp47058/Data/NovaSAR_01_51738_grd_13_240120_083309_HH_14/ship_patches_uint8/NovaSAR_01_51738_grd_13_240120_083309_HH_14_patch_2_Fishing_uint8.tif,Fishing,1,test
2tfa6x37oerz2lyiw6hp47058/Data/NovaSAR_01_51768_grd_13_240121_083807_HH_4/ship_patches_uint8/NovaSAR_01_51768_grd_13_240121_083807_HH_4_patch_1_Fishing_uint8.tif,Fishing,1,train
2tfa6x37oerz2lyiw6hp47058/Data/NovaSAR_01_51768_grd_13_240121_083807_HH_4/ship_patches_uint8/NovaSAR_01_51768_grd_13_240121_083807_HH_4_patch_3_Fishing_uint8.tif,Fishing,1,train
2tfa6x37oerz2lyiw6hp47058/Data/NovaSAR_01_51864_grd_13_240124_085509_HH_3/ship_patches_uint8/NovaSAR_01_51864_grd_13_240124_085509_HH_3_patch_2_Cargo_uint8.tif,Cargo,2,test
2tfa6x37oerz2lyiw6hp47058/Data/NovaSAR_01_51864_grd_13_240124_085509_HH_3/ship_patches_uint8/NovaSAR_01_51864_grd_13_240124_085509_HH_3_patch_3_Tanker_uint8.tif,Tanker,0,train
2tfa6x37oerz2lyiw6hp47058/Data/NovaSAR_01_51864_grd_13_240124_085509_HH_3/ship_patches_uint8/NovaSAR_01_51864_grd_13_240124_085509_HH_3_patch_4_Cargo_uint8.tif,Cargo,2,train
2tfa6x37oerz2lyiw6hp47058/Data/NovaSAR_01_51864_grd_13_240124_085514_HH_4/ship_patches_uint8/NovaSAR_01_51864_grd_13_240124_085514_HH_4_patch_4_Cargo_uint8.tif,Cargo,2,train
2tfa6x37oerz2lyiw6hp47058/Data/NovaSAR_01_51864_grd_13_240124_085514_HH_4/ship_patches_uint8/NovaSAR_01_51864_grd_13_240124_085514_HH_4_patch_6_Tanker_uint8.tif,Tanker,0,train
2tfa6x37oerz2lyiw6hp47058/Data/NovaSAR_01_51864_grd_13_240124_085514_HH_4/ship_patches_uint8/NovaSAR_01_51864_grd_13_240124_085514_HH_4_patch_8_Cargo_uint8.tif,Cargo,2,train
2tfa6x37oerz2lyiw6hp47058/Data/NovaSAR_01_51864_grd_13_240124_085600_HH_12/ship_patches_uint8/NovaSAR_01_51864_grd_13_240124_085600_HH_12_patch_1_Cargo_uint8.tif,Cargo,2,test
2tfa6x37oerz2lyiw6hp47058/Data/NovaSAR_01_51864_grd_13_240124_085606_HH_13/ship_patches_uint8/NovaSAR_01_51864_grd_13_240124_085606_HH_13_patch_1_Tanker_uint8.tif,Tanker,0,train
2tfa6x37oerz2lyiw6hp47058/Data/NovaSAR_01_52000_grd_13_240128_222704_HH_1/ship_patches_uint8/NovaSAR_01_52000_grd_13_240128_222704_HH_1_patch_3_Cargo_uint8.tif,Cargo,2,train
2tfa6x37oerz2lyiw6hp47058/Data/NovaSAR_01_52000_grd_13_240128_222709_HH_2/ship_patches_uint8/NovaSAR_01_52000_grd_13_240128_222709_HH_2_patch_1_Cargo_uint8.tif,Cargo,2,validation
2tfa6x37oerz2lyiw6hp47058/Data/NovaSAR_01_52000_grd_13_240128_222709_HH_2/ship_patches_uint8/NovaSAR_01_52000_grd_13_240128_222709_HH_2_patch_2_Cargo_uint8.tif,Cargo,2,test
2tfa6x37oerz2lyiw6hp47058/Data/NovaSAR_01_52000_grd_13_240128_222709_HH_2/ship_patches_uint8/NovaSAR_01_52000_grd_13_240128_222709_HH_2_patch_4_Cargo_uint8.tif,Cargo,2,train
2tfa6x37oerz2lyiw6hp47058/Data/NovaSAR_01_52000_grd_13_240128_222709_HH_2/ship_patches_uint8/NovaSAR_01_52000_grd_13_240128_222709_HH_2_patch_5_Cargo_uint8.tif,Cargo,2,train
2tfa6x37oerz2lyiw6hp47058/Data/NovaSAR_01_52000_grd_13_240128_222709_HH_2/ship_patches_uint8/NovaSAR_01_52000_grd_13_240128_222709_HH_2_patch_6_Cargo_uint8.tif,Cargo,2,test
2tfa6x37oerz2lyiw6hp47058/Data/NovaSAR_01_52000_grd_13_240128_222715_HH_3/ship_patches_uint8/NovaSAR_01_52000_grd_13_240128_222715_HH_3_patch_2_Cargo_uint8.tif,Cargo,2,train
2tfa6x37oerz2lyiw6hp47058/Data/NovaSAR_01_52000_grd_13_240128_222715_HH_3/ship_patches_uint8/NovaSAR_01_52000_grd_13_240128_222715_HH_3_patch_3_Cargo_uint8.tif,Cargo,2,test
2tfa6x37oerz2lyiw6hp47058/Data/NovaSAR_01_52000_grd_13_240128_222720_HH_4/ship_patches_uint8/NovaSAR_01_52000_grd_13_240128_222720_HH_4_patch_1_Cargo_uint8.tif,Cargo,2,train
2tfa6x37oerz2lyiw6hp47058/Data/NovaSAR_01_52000_grd_13_240128_222737_HH_7/ship_patches_uint8/NovaSAR_01_52000_grd_13_240128_222737_HH_7_patch_1_Cargo_uint8.tif,Cargo,2,train
2tfa6x37oerz2lyiw6hp47058/Data/NovaSAR_01_52000_grd_13_240128_222737_HH_7/ship_patches_uint8/NovaSAR_01_52000_grd_13_240128_222737_HH_7_patch_2_Cargo_uint8.tif,Cargo,2,validation
2tfa6x37oerz2lyiw6hp47058/Data/NovaSAR_01_52195_grd_13_240204_082241_HH_3/ship_patches_uint8/NovaSAR_01_52195_grd_13_240204_082241_HH_3_patch_1_Cargo_uint8.tif,Cargo,2,train
2tfa6x37oerz2lyiw6hp47058/Data/NovaSAR_01_52195_grd_13_240204_082241_HH_3/ship_patches_uint8/NovaSAR_01_52195_grd_13_240204_082241_HH_3_patch_2_Cargo_uint8.tif,Cargo,2,train
2tfa6x37oerz2lyiw6hp47058/Data/NovaSAR_01_52195_grd_13_240204_082253_HH_5/ship_patches_uint8/NovaSAR_01_52195_grd_13_240204_082253_HH_5_patch_1_Cargo_uint8.tif,Cargo,2,train
2tfa6x37oerz2lyiw6hp47058/Data/NovaSAR_01_52195_grd_13_240204_082253_HH_5/ship_patches_uint8/NovaSAR_01_52195_grd_13_240204_082253_HH_5_patch_2_Cargo_uint8.tif,Cargo,2,train
2tfa6x37oerz2lyiw6hp47058/Data/NovaSAR_01_52222_grd_13_240205_082824_HH_2/ship_patches_uint8/NovaSAR_01_52222_grd_13_240205_082824_HH_2_patch_5_Cargo_uint8.tif,Cargo,2,train
2tfa6x37oerz2lyiw6hp47058/Data/NovaSAR_01_52222_grd_13_240205_082824_HH_2/ship_patches_uint8/NovaSAR_01_52222_grd_13_240205_082824_HH_2_patch_9_Cargo_uint8.tif,Cargo,2,train
2tfa6x37oerz2lyiw6hp47058/Data/NovaSAR_01_52222_grd_13_240205_082915_HH_11/ship_patches_uint8/NovaSAR_01_52222_grd_13_240205_082915_HH_11_patch_12_Cargo_uint8.tif,Cargo,2,train
2tfa6x37oerz2lyiw6hp47058/Data/NovaSAR_01_52222_grd_13_240205_082921_HH_12/ship_patches_uint8/NovaSAR_01_52222_grd_13_240205_082921_HH_12_patch_1_Tanker_uint8.tif,Tanker,0,train
2tfa6x37oerz2lyiw6hp47058/Data/NovaSAR_01_52222_grd_13_240205_082921_HH_12/ship_patches_uint8/NovaSAR_01_52222_grd_13_240205_082921_HH_12_patch_2_Tanker_uint8.tif,Tanker,0,train
2tfa6x37oerz2lyiw6hp47058/Data/NovaSAR_01_52222_grd_13_240205_082921_HH_12/ship_patches_uint8/NovaSAR_01_52222_grd_13_240205_082921_HH_12_patch_3_Cargo_uint8.tif,Cargo,2,train
2tfa6x37oerz2lyiw6hp47058/Data/NovaSAR_01_52222_grd_13_240205_082921_HH_12/ship_patches_uint8/NovaSAR_01_52222_grd_13_240205_082921_HH_12_patch_4_Tanker_uint8.tif,Tanker,0,train
2tfa6x37oerz2lyiw6hp47058/Data/NovaSAR_01_52222_grd_13_240205_082921_HH_12/ship_patches_uint8/NovaSAR_01_52222_grd_13_240205_082921_HH_12_patch_5_Fishing_uint8.tif,Fishing,1,train
2tfa6x37oerz2lyiw6hp47058/Data/NovaSAR_01_52652_grd_13_240219_081301_HH_3/ship_patches_uint8/NovaSAR_01_52652_grd_13_240219_081301_HH_3_patch_2_Tanker_uint8.tif,Tanker,0,train
2tfa6x37oerz2lyiw6hp47058/Data/NovaSAR_01_52652_grd_13_240219_081305_HH_4/ship_patches_uint8/NovaSAR_01_52652_grd_13_240219_081305_HH_4_patch_2_Tanker_uint8.tif,Tanker,0,train
2tfa6x37oerz2lyiw6hp47058/Data/NovaSAR_01_52652_grd_13_240219_081308_HH_5/ship_patches_uint8/NovaSAR_01_52652_grd_13_240219_081308_HH_5_patch_1_Cargo_uint8.tif,Cargo,2,validation
2tfa6x37oerz2lyiw6hp47058/Data/NovaSAR_01_52652_grd_13_240219_081312_HH_6/ship_patches_uint8/NovaSAR_01_52652_grd_13_240219_081312_HH_6_patch_1_Cargo_uint8.tif,Cargo,2,train
2tfa6x37oerz2lyiw6hp47058/Data/NovaSAR_01_52709_grd_13_240221_082425_HH_2/ship_patches_uint8/NovaSAR_01_52709_grd_13_240221_082425_HH_2_patch_2_Tanker_uint8.tif,Tanker,0,test
2tfa6x37oerz2lyiw6hp47058/Data/NovaSAR_01_52781_grd_13_240223_214512_HH_7/ship_patches_uint8/NovaSAR_01_52781_grd_13_240223_214512_HH_7_patch_1_Cargo_uint8.tif,Cargo,2,train
2tfa6x37oerz2lyiw6hp47058/Data/NovaSAR_01_52781_grd_13_240223_214548_HH_16/ship_patches_uint8/NovaSAR_01_52781_grd_13_240223_214548_HH_16_patch_10_Tanker_uint8.tif,Tanker,0,test
2tfa6x37oerz2lyiw6hp47058/Data/NovaSAR_01_52808_grd_13_240224_215106_HH_1/ship_patches_uint8/NovaSAR_01_52808_grd_13_240224_215106_HH_1_patch_1_Cargo_uint8.tif,Cargo,2,validation
2tfa6x37oerz2lyiw6hp47058/Data/NovaSAR_01_52808_grd_13_240224_215112_HH_2/ship_patches_uint8/NovaSAR_01_52808_grd_13_240224_215112_HH_2_patch_15_Cargo_uint8.tif,Cargo,2,train
2tfa6x37oerz2lyiw6hp47058/Data/NovaSAR_01_52808_grd_13_240224_215112_HH_2/ship_patches_uint8/NovaSAR_01_52808_grd_13_240224_215112_HH_2_patch_20_Cargo_uint8.tif,Cargo,2,train
2tfa6x37oerz2lyiw6hp47058/Data/NovaSAR_01_52808_grd_13_240224_215112_HH_2/ship_patches_uint8/NovaSAR_01_52808_grd_13_240224_215112_HH_2_patch_23_Tanker_uint8.tif,Tanker,0,train
2tfa6x37oerz2lyiw6hp47058/Data/NovaSAR_01_52808_grd_13_240224_215112_HH_2/ship_patches_uint8/NovaSAR_01_52808_grd_13_240224_215112_HH_2_patch_24_Cargo_uint8.tif,Cargo,2,train
2tfa6x37oerz2lyiw6hp47058/Data/NovaSAR_01_52808_grd_13_240224_215112_HH_2/ship_patches_uint8/NovaSAR_01_52808_grd_13_240224_215112_HH_2_patch_32_Cargo_uint8.tif,Cargo,2,train
2tfa6x37oerz2lyiw6hp47058/Data/NovaSAR_01_52808_grd_13_240224_215112_HH_2/ship_patches_uint8/NovaSAR_01_52808_grd_13_240224_215112_HH_2_patch_6_Cargo_uint8.tif,Cargo,2,validation
2tfa6x37oerz2lyiw6hp47058/Data/NovaSAR_01_52815_grd_13_240225_084722_HH_1/ship_patches_uint8/NovaSAR_01_52815_grd_13_240225_084722_HH_1_patch_1_Tanker_uint8.tif,Tanker,0,train
2tfa6x37oerz2lyiw6hp47058/Data/NovaSAR_01_52815_grd_13_240225_084722_HH_1/ship_patches_uint8/NovaSAR_01_52815_grd_13_240225_084722_HH_1_patch_3_Tanker_uint8.tif,Tanker,0,test
2tfa6x37oerz2lyiw6hp47058/Data/NovaSAR_01_52815_grd_13_240225_084722_HH_1/ship_patches_uint8/NovaSAR_01_52815_grd_13_240225_084722_HH_1_patch_4_Cargo_uint8.tif,Cargo,2,train
2tfa6x37oerz2lyiw6hp47058/Data/NovaSAR_01_52815_grd_13_240225_084734_HH_3/ship_patches_uint8/NovaSAR_01_52815_grd_13_240225_084734_HH_3_patch_1_Cargo_uint8.tif,Cargo,2,train
2tfa6x37oerz2lyiw6hp47058/Data/NovaSAR_01_52815_grd_13_240225_084734_HH_3/ship_patches_uint8/NovaSAR_01_52815_grd_13_240225_084734_HH_3_patch_2_Tanker_uint8.tif,Tanker,0,train
2tfa6x37oerz2lyiw6hp47058/Data/NovaSAR_01_52815_grd_13_240225_084734_HH_3/ship_patches_uint8/NovaSAR_01_52815_grd_13_240225_084734_HH_3_patch_4_Cargo_uint8.tif,Cargo,2,train
2tfa6x37oerz2lyiw6hp47058/Data/NovaSAR_01_52815_grd_13_240225_084739_HH_4/ship_patches_uint8/NovaSAR_01_52815_grd_13_240225_084739_HH_4_patch_28_Cargo_uint8.tif,Cargo,2,train
2tfa6x37oerz2lyiw6hp47058/Data/NovaSAR_01_53540_grd_13_240411_082452_HH_3/ship_patches_uint8/NovaSAR_01_53540_grd_13_240411_082452_HH_3_patch_11_Cargo_uint8.tif,Cargo,2,train
2tfa6x37oerz2lyiw6hp47058/Data/NovaSAR_01_53540_grd_13_240411_082452_HH_3/ship_patches_uint8/NovaSAR_01_53540_grd_13_240411_082452_HH_3_patch_18_Tanker_uint8.tif,Tanker,0,test
2tfa6x37oerz2lyiw6hp47058/Data/NovaSAR_01_53540_grd_13_240411_082452_HH_3/ship_patches_uint8/NovaSAR_01_53540_grd_13_240411_082452_HH_3_patch_4_Cargo_uint8.tif,Cargo,2,test
2tfa6x37oerz2lyiw6hp47058/Data/NovaSAR_01_53540_grd_13_240411_082452_HH_3/ship_patches_uint8/NovaSAR_01_53540_grd_13_240411_082452_HH_3_patch_9_Tanker_uint8.tif,Tanker,0,train
2tfa6x37oerz2lyiw6hp47058/Data/NovaSAR_01_53540_grd_13_240411_082503_HH_5/ship_patches_uint8/NovaSAR_01_53540_grd_13_240411_082503_HH_5_patch_12_Cargo_uint8.tif,Cargo,2,train
2tfa6x37oerz2lyiw6hp47058/Data/NovaSAR_01_53540_grd_13_240411_082503_HH_5/ship_patches_uint8/NovaSAR_01_53540_grd_13_240411_082503_HH_5_patch_4_Cargo_uint8.tif,Cargo,2,train
2tfa6x37oerz2lyiw6hp47058/Data/NovaSAR_01_53540_grd_13_240411_082503_HH_5/ship_patches_uint8/NovaSAR_01_53540_grd_13_240411_082503_HH_5_patch_6_Cargo_uint8.tif,Cargo,2,train
2tfa6x37oerz2lyiw6hp47058/Data/NovaSAR_01_53540_grd_13_240411_082503_HH_5/ship_patches_uint8/NovaSAR_01_53540_grd_13_240411_082503_HH_5_patch_9_Tanker_uint8.tif,Tanker,0,train
2tfa6x37oerz2lyiw6hp47058/Data/NovaSAR_01_53540_grd_13_240411_082508_HH_6/ship_patches_uint8/NovaSAR_01_53540_grd_13_240411_082508_HH_6_patch_1_Cargo_uint8.tif,Cargo,2,validation
2tfa6x37oerz2lyiw6hp47058/Data/NovaSAR_01_53540_grd_13_240411_082508_HH_6/ship_patches_uint8/NovaSAR_01_53540_grd_13_240411_082508_HH_6_patch_3_Tanker_uint8.tif,Tanker,0,train
2tfa6x37oerz2lyiw6hp47058/Data/NovaSAR_01_53540_grd_13_240411_082508_HH_6/ship_patches_uint8/NovaSAR_01_53540_grd_13_240411_082508_HH_6_patch_6_Tanker_uint8.tif,Tanker,0,train
2tfa6x37oerz2lyiw6hp47058/Data/NovaSAR_01_53540_grd_13_240411_082514_HH_7/ship_patches_uint8/NovaSAR_01_53540_grd_13_240411_082514_HH_7_patch_2_Cargo_uint8.tif,Cargo,2,train
2tfa6x37oerz2lyiw6hp47058/Data/NovaSAR_01_53540_grd_13_240411_082542_HH_12/ship_patches_uint8/NovaSAR_01_53540_grd_13_240411_082542_HH_12_patch_14_Cargo_uint8.tif,Cargo,2,train
2tfa6x37oerz2lyiw6hp47058/Data/NovaSAR_01_53540_grd_13_240411_082542_HH_12/ship_patches_uint8/NovaSAR_01_53540_grd_13_240411_082542_HH_12_patch_17_Cargo_uint8.tif,Cargo,2,train
2tfa6x37oerz2lyiw6hp47058/Data/NovaSAR_01_53540_grd_13_240411_082542_HH_12/ship_patches_uint8/NovaSAR_01_53540_grd_13_240411_082542_HH_12_patch_1_Tanker_uint8.tif,Tanker,0,validation
2tfa6x37oerz2lyiw6hp47058/Data/NovaSAR_01_53540_grd_13_240411_082542_HH_12/ship_patches_uint8/NovaSAR_01_53540_grd_13_240411_082542_HH_12_patch_6_Cargo_uint8.tif,Cargo,2,train
2tfa6x37oerz2lyiw6hp47058/Data/NovaSAR_01_53556_grd_13_240412_083040_HH_2/ship_patches_uint8/NovaSAR_01_53556_grd_13_240412_083040_HH_2_patch_1_Fishing_uint8.tif,Fishing,1,train
2tfa6x37oerz2lyiw6hp47058/Data/NovaSAR_01_53556_grd_13_240412_083057_HH_5/ship_patches_uint8/NovaSAR_01_53556_grd_13_240412_083057_HH_5_patch_2_Cargo_uint8.tif,Cargo,2,train
2tfa6x37oerz2lyiw6hp47058/Data/NovaSAR_01_53556_grd_13_240412_083125_HH_10/ship_patches_uint8/NovaSAR_01_53556_grd_13_240412_083125_HH_10_patch_1_Tanker_uint8.tif,Tanker,0,train
2tfa6x37oerz2lyiw6hp47058/Data/NovaSAR_01_53556_grd_13_240412_083125_HH_10/ship_patches_uint8/NovaSAR_01_53556_grd_13_240412_083125_HH_10_patch_2_Tanker_uint8.tif,Tanker,0,train
2tfa6x37oerz2lyiw6hp47058/Data/NovaSAR_01_53556_grd_13_240412_083130_HH_11/ship_patches_uint8/NovaSAR_01_53556_grd_13_240412_083130_HH_11_patch_1_Fishing_uint8.tif,Fishing,1,train
2tfa6x37oerz2lyiw6hp47058/Data/NovaSAR_01_53556_grd_13_240412_083130_HH_11/ship_patches_uint8/NovaSAR_01_53556_grd_13_240412_083130_HH_11_patch_2_Cargo_uint8.tif,Cargo,2,train
2tfa6x37oerz2lyiw6hp47058/Data/NovaSAR_01_53556_grd_13_240412_083130_HH_11/ship_patches_uint8/NovaSAR_01_53556_grd_13_240412_083130_HH_11_patch_3_Cargo_uint8.tif,Cargo,2,train
2tfa6x37oerz2lyiw6hp47058/Data/NovaSAR_01_53571_grd_13_240413_083630_HH_4/ship_patches_uint8/NovaSAR_01_53571_grd_13_240413_083630_HH_4_patch_6_Fishing_uint8.tif,Fishing,1,train
2tfa6x37oerz2lyiw6hp47058/Data/NovaSAR_01_53571_grd_13_240413_083630_HH_4/ship_patches_uint8/NovaSAR_01_53571_grd_13_240413_083630_HH_4_patch_7_Fishing_uint8.tif,Fishing,1,train
2tfa6x37oerz2lyiw6hp47058/Data/NovaSAR_01_53571_grd_13_240413_083636_HH_5/ship_patches_uint8/NovaSAR_01_53571_grd_13_240413_083636_HH_5_patch_2_Fishing_uint8.tif,Fishing,1,train
2tfa6x37oerz2lyiw6hp47058/Data/NovaSAR_01_53571_grd_13_240413_083641_HH_6/ship_patches_uint8/NovaSAR_01_53571_grd_13_240413_083641_HH_6_patch_1_Fishing_uint8.tif,Fishing,1,train
2tfa6x37oerz2lyiw6hp47058/Data/NovaSAR_01_53571_grd_13_240413_083641_HH_6/ship_patches_uint8/NovaSAR_01_53571_grd_13_240413_083641_HH_6_patch_2_Fishing_uint8.tif,Fishing,1,test
2tfa6x37oerz2lyiw6hp47058/Data/NovaSAR_01_53571_grd_13_240413_083641_HH_6/ship_patches_uint8/NovaSAR_01_53571_grd_13_240413_083641_HH_6_patch_3_Fishing_uint8.tif,Fishing,1,train
2tfa6x37oerz2lyiw6hp47058/Data/NovaSAR_01_53571_grd_13_240413_083641_HH_6/ship_patches_uint8/NovaSAR_01_53571_grd_13_240413_083641_HH_6_patch_4_Fishing_uint8.tif,Fishing,1,train
2tfa6x37oerz2lyiw6hp47058/Data/NovaSAR_01_53571_grd_13_240413_083641_HH_6/ship_patches_uint8/NovaSAR_01_53571_grd_13_240413_083641_HH_6_patch_5_Fishing_uint8.tif,Fishing,1,validation
2tfa6x37oerz2lyiw6hp47058/Data/NovaSAR_01_53571_grd_13_240413_083641_HH_6/ship_patches_uint8/NovaSAR_01_53571_grd_13_240413_083641_HH_6_patch_6_Fishing_uint8.tif,Fishing,1,train
2tfa6x37oerz2lyiw6hp47058/Data/NovaSAR_01_53571_grd_13_240413_083641_HH_6/ship_patches_uint8/NovaSAR_01_53571_grd_13_240413_083641_HH_6_patch_7_Fishing_uint8.tif,Fishing,1,train
2tfa6x37oerz2lyiw6hp47058/Data/NovaSAR_01_53571_grd_13_240413_083641_HH_6/ship_patches_uint8/NovaSAR_01_53571_grd_13_240413_083641_HH_6_patch_8_Fishing_uint8.tif,Fishing,1,train
2tfa6x37oerz2lyiw6hp47058/Data/NovaSAR_01_53571_grd_13_240413_083641_HH_6/ship_patches_uint8/NovaSAR_01_53571_grd_13_240413_083641_HH_6_patch_9_Fishing_uint8.tif,Fishing,1,test
2tfa6x37oerz2lyiw6hp47058/Data/NovaSAR_01_53571_grd_13_240413_083653_HH_8/ship_patches_uint8/NovaSAR_01_53571_grd_13_240413_083653_HH_8_patch_1_Fishing_uint8.tif,Fishing,1,train
2tfa6x37oerz2lyiw6hp47058/Data/NovaSAR_01_53590_grd_13_240414_084203_HH_2/ship_patches_uint8/NovaSAR_01_53590_grd_13_240414_084203_HH_2_patch_1_Cargo_uint8.tif,Cargo,2,train
2tfa6x37oerz2lyiw6hp47058/Data/NovaSAR_01_53590_grd_13_240414_084203_HH_2/ship_patches_uint8/NovaSAR_01_53590_grd_13_240414_084203_HH_2_patch_2_Cargo_uint8.tif,Cargo,2,test
2tfa6x37oerz2lyiw6hp47058/Data/NovaSAR_01_53590_grd_13_240414_084203_HH_2/ship_patches_uint8/NovaSAR_01_53590_grd_13_240414_084203_HH_2_patch_3_Cargo_uint8.tif,Cargo,2,train
2tfa6x37oerz2lyiw6hp47058/Data/NovaSAR_01_53590_grd_13_240414_084215_HH_4/ship_patches_uint8/NovaSAR_01_53590_grd_13_240414_084215_HH_4_patch_1_Cargo_uint8.tif,Cargo,2,train
2tfa6x37oerz2lyiw6hp47058/Data/NovaSAR_01_53590_grd_13_240414_084215_HH_4/ship_patches_uint8/NovaSAR_01_53590_grd_13_240414_084215_HH_4_patch_3_Cargo_uint8.tif,Cargo,2,train
2tfa6x37oerz2lyiw6hp47058/Data/NovaSAR_01_53590_grd_13_240414_084215_HH_4/ship_patches_uint8/NovaSAR_01_53590_grd_13_240414_084215_HH_4_patch_4_Cargo_uint8.tif,Cargo,2,train
2tfa6x37oerz2lyiw6hp47058/Data/NovaSAR_01_53590_grd_13_240414_084226_HH_6/ship_patches_uint8/NovaSAR_01_53590_grd_13_240414_084226_HH_6_patch_11_Tanker_uint8.tif,Tanker,0,test
2tfa6x37oerz2lyiw6hp47058/Data/NovaSAR_01_53590_grd_13_240414_084226_HH_6/ship_patches_uint8/NovaSAR_01_53590_grd_13_240414_084226_HH_6_patch_3_Cargo_uint8.tif,Cargo,2,train
2tfa6x37oerz2lyiw6hp47058/Data/NovaSAR_01_53590_grd_13_240414_084226_HH_6/ship_patches_uint8/NovaSAR_01_53590_grd_13_240414_084226_HH_6_patch_7_Cargo_uint8.tif,Cargo,2,train
2tfa6x37oerz2lyiw6hp47058/Data/NovaSAR_01_53590_grd_13_240414_084232_HH_7/ship_patches_uint8/NovaSAR_01_53590_grd_13_240414_084232_HH_7_patch_1_Cargo_uint8.tif,Cargo,2,train
2tfa6x37oerz2lyiw6hp47058/Data/NovaSAR_01_53590_grd_13_240414_084232_HH_7/ship_patches_uint8/NovaSAR_01_53590_grd_13_240414_084232_HH_7_patch_2_Tanker_uint8.tif,Tanker,0,train
2tfa6x37oerz2lyiw6hp47058/Data/NovaSAR_01_53590_grd_13_240414_084232_HH_7/ship_patches_uint8/NovaSAR_01_53590_grd_13_240414_084232_HH_7_patch_3_Tanker_uint8.tif,Tanker,0,train
2tfa6x37oerz2lyiw6hp47058/Data/NovaSAR_01_53590_grd_13_240414_084232_HH_7/ship_patches_uint8/NovaSAR_01_53590_grd_13_240414_084232_HH_7_patch_4_Cargo_uint8.tif,Cargo,2,train
2tfa6x37oerz2lyiw6hp47058/Data/NovaSAR_01_53590_grd_13_240414_084237_HH_8/ship_patches_uint8/NovaSAR_01_53590_grd_13_240414_084237_HH_8_patch_1_Cargo_uint8.tif,Cargo,2,train
2tfa6x37oerz2lyiw6hp47058/Data/NovaSAR_01_53590_grd_13_240414_084237_HH_8/ship_patches_uint8/NovaSAR_01_53590_grd_13_240414_084237_HH_8_patch_2_Cargo_uint8.tif,Cargo,2,test
2tfa6x37oerz2lyiw6hp47058/Data/NovaSAR_01_53590_grd_13_240414_084237_HH_8/ship_patches_uint8/NovaSAR_01_53590_grd_13_240414_084237_HH_8_patch_3_Tanker_uint8.tif,Tanker,0,train
2tfa6x37oerz2lyiw6hp47058/Data/NovaSAR_01_53590_grd_13_240414_084237_HH_8/ship_patches_uint8/NovaSAR_01_53590_grd_13_240414_084237_HH_8_patch_4_Cargo_uint8.tif,Cargo,2,train
2tfa6x37oerz2lyiw6hp47058/Data/NovaSAR_01_53590_grd_13_240414_084243_HH_9/ship_patches_uint8/NovaSAR_01_53590_grd_13_240414_084243_HH_9_patch_1_Cargo_uint8.tif,Cargo,2,train
2tfa6x37oerz2lyiw6hp47058/Data/NovaSAR_01_53590_grd_13_240414_084249_HH_10/ship_patches_uint8/NovaSAR_01_53590_grd_13_240414_084249_HH_10_patch_1_Tanker_uint8.tif,Tanker,0,validation
2tfa6x37oerz2lyiw6hp47058/Data/NovaSAR_01_53590_grd_13_240414_084249_HH_10/ship_patches_uint8/NovaSAR_01_53590_grd_13_240414_084249_HH_10_patch_2_Tanker_uint8.tif,Tanker,0,train
2tfa6x37oerz2lyiw6hp47058/Data/NovaSAR_01_53590_grd_13_240414_084254_HH_11/ship_patches_uint8/NovaSAR_01_53590_grd_13_240414_084254_HH_11_patch_4_Tanker_uint8.tif,Tanker,0,train
2tfa6x37oerz2lyiw6hp47058/Data/NovaSAR_01_53605_grd_13_240415_084751_HH_3/ship_patches_uint8/NovaSAR_01_53605_grd_13_240415_084751_HH_3_patch_5_Cargo_uint8.tif,Cargo,2,train
2tfa6x37oerz2lyiw6hp47058/Data/NovaSAR_01_53605_grd_13_240415_084756_HH_4/ship_patches_uint8/NovaSAR_01_53605_grd_13_240415_084756_HH_4_patch_2_Cargo_uint8.tif,Cargo,2,train
2tfa6x37oerz2lyiw6hp47058/Data/NovaSAR_01_53605_grd_13_240415_084756_HH_4/ship_patches_uint8/NovaSAR_01_53605_grd_13_240415_084756_HH_4_patch_3_Tanker_uint8.tif,Tanker,0,test
2tfa6x37oerz2lyiw6hp47058/Data/NovaSAR_01_53605_grd_13_240415_084802_HH_5/ship_patches_uint8/NovaSAR_01_53605_grd_13_240415_084802_HH_5_patch_10_Cargo_uint8.tif,Cargo,2,train
2tfa6x37oerz2lyiw6hp47058/Data/NovaSAR_01_53605_grd_13_240415_084802_HH_5/ship_patches_uint8/NovaSAR_01_53605_grd_13_240415_084802_HH_5_patch_2_Cargo_uint8.tif,Cargo,2,train
2tfa6x37oerz2lyiw6hp47058/Data/NovaSAR_01_53605_grd_13_240415_084802_HH_5/ship_patches_uint8/NovaSAR_01_53605_grd_13_240415_084802_HH_5_patch_5_Cargo_uint8.tif,Cargo,2,train
2tfa6x37oerz2lyiw6hp47058/Data/NovaSAR_01_53605_grd_13_240415_084802_HH_5/ship_patches_uint8/NovaSAR_01_53605_grd_13_240415_084802_HH_5_patch_6_Cargo_uint8.tif,Cargo,2,train
2tfa6x37oerz2lyiw6hp47058/Data/NovaSAR_01_53605_grd_13_240415_084802_HH_5/ship_patches_uint8/NovaSAR_01_53605_grd_13_240415_084802_HH_5_patch_7_Cargo_uint8.tif,Cargo,2,test
2tfa6x37oerz2lyiw6hp47058/Data/NovaSAR_01_53605_grd_13_240415_084802_HH_5/ship_patches_uint8/NovaSAR_01_53605_grd_13_240415_084802_HH_5_patch_9_Cargo_uint8.tif,Cargo,2,test
2tfa6x37oerz2lyiw6hp47058/Data/NovaSAR_01_53605_grd_13_240415_084808_HH_6/ship_patches_uint8/NovaSAR_01_53605_grd_13_240415_084808_HH_6_patch_1_Tanker_uint8.tif,Tanker,0,test
2tfa6x37oerz2lyiw6hp47058/Data/NovaSAR_01_53605_grd_13_240415_084808_HH_6/ship_patches_uint8/NovaSAR_01_53605_grd_13_240415_084808_HH_6_patch_3_Cargo_uint8.tif,Cargo,2,train
2tfa6x37oerz2lyiw6hp47058/Data/NovaSAR_01_53605_grd_13_240415_084808_HH_6/ship_patches_uint8/NovaSAR_01_53605_grd_13_240415_084808_HH_6_patch_4_Cargo_uint8.tif,Cargo,2,train
2tfa6x37oerz2lyiw6hp47058/Data/NovaSAR_01_53605_grd_13_240415_084842_HH_12/ship_patches_uint8/NovaSAR_01_53605_grd_13_240415_084842_HH_12_patch_1_Fishing_uint8.tif,Fishing,1,test
2tfa6x37oerz2lyiw6hp47058/Data/NovaSAR_01_53605_grd_13_240415_084842_HH_12/ship_patches_uint8/NovaSAR_01_53605_grd_13_240415_084842_HH_12_patch_2_Cargo_uint8.tif,Cargo,2,train
2tfa6x37oerz2lyiw6hp47058/Data/NovaSAR_01_53605_grd_13_240415_084842_HH_12/ship_patches_uint8/NovaSAR_01_53605_grd_13_240415_084842_HH_12_patch_3_Fishing_uint8.tif,Fishing,1,train
2tfa6x37oerz2lyiw6hp47058/Data/NovaSAR_01_53605_grd_13_240415_084842_HH_12/ship_patches_uint8/NovaSAR_01_53605_grd_13_240415_084842_HH_12_patch_4_Fishing_uint8.tif,Fishing,1,train
2tfa6x37oerz2lyiw6hp47058/Data/NovaSAR_01_53605_grd_13_240415_084842_HH_12/ship_patches_uint8/NovaSAR_01_53605_grd_13_240415_084842_HH_12_patch_5_Fishing_uint8.tif,Fishing,1,train
2tfa6x37oerz2lyiw6hp47058/Data/NovaSAR_01_53605_grd_13_240415_084842_HH_12/ship_patches_uint8/NovaSAR_01_53605_grd_13_240415_084842_HH_12_patch_6_Fishing_uint8.tif,Fishing,1,train
2tfa6x37oerz2lyiw6hp47058/Data/NovaSAR_01_53605_grd_13_240415_084842_HH_12/ship_patches_uint8/NovaSAR_01_53605_grd_13_240415_084842_HH_12_patch_7_Cargo_uint8.tif,Cargo,2,train
2tfa6x37oerz2lyiw6hp47058/Data/NovaSAR_01_53605_grd_13_240415_084842_HH_12/ship_patches_uint8/NovaSAR_01_53605_grd_13_240415_084842_HH_12_patch_8_Fishing_uint8.tif,Fishing,1,train
2tfa6x37oerz2lyiw6hp47058/Data/NovaSAR_01_53605_grd_13_240415_084847_HH_13/ship_patches_uint8/NovaSAR_01_53605_grd_13_240415_084847_HH_13_patch_1_Fishing_uint8.tif,Fishing,1,train
2tfa6x37oerz2lyiw6hp47058/Data/NovaSAR_01_53605_grd_13_240415_084847_HH_13/ship_patches_uint8/NovaSAR_01_53605_grd_13_240415_084847_HH_13_patch_2_Fishing_uint8.tif,Fishing,1,test
2tfa6x37oerz2lyiw6hp47058/Data/NovaSAR_01_53611_grd_13_240415_215650_HH_2/ship_patches_uint8/NovaSAR_01_53611_grd_13_240415_215650_HH_2_patch_1_Fishing_uint8.tif,Fishing,1,train
2tfa6x37oerz2lyiw6hp47058/Data/NovaSAR_01_53611_grd_13_240415_215650_HH_2/ship_patches_uint8/NovaSAR_01_53611_grd_13_240415_215650_HH_2_patch_2_Fishing_uint8.tif,Fishing,1,test
2tfa6x37oerz2lyiw6hp47058/Data/NovaSAR_01_53611_grd_13_240415_215650_HH_2/ship_patches_uint8/NovaSAR_01_53611_grd_13_240415_215650_HH_2_patch_3_Fishing_uint8.tif,Fishing,1,train
2tfa6x37oerz2lyiw6hp47058/Data/NovaSAR_01_53611_grd_13_240415_215702_HH_4/ship_patches_uint8/NovaSAR_01_53611_grd_13_240415_215702_HH_4_patch_7_Fishing_uint8.tif,Fishing,1,train
2tfa6x37oerz2lyiw6hp47058/Data/NovaSAR_01_53611_grd_13_240415_215730_HH_9/ship_patches_uint8/NovaSAR_01_53611_grd_13_240415_215730_HH_9_patch_1_Cargo_uint8.tif,Cargo,2,train
2tfa6x37oerz2lyiw6hp47058/Data/NovaSAR_01_53622_grd_13_240416_085334_HH_3/ship_patches_uint8/NovaSAR_01_53622_grd_13_240416_085334_HH_3_patch_1_Tanker_uint8.tif,Tanker,0,validation
2tfa6x37oerz2lyiw6hp47058/Data/NovaSAR_01_53622_grd_13_240416_085343_HH_5/ship_patches_uint8/NovaSAR_01_53622_grd_13_240416_085343_HH_5_patch_1_Tanker_uint8.tif,Tanker,0,validation
2tfa6x37oerz2lyiw6hp47058/Data/NovaSAR_01_53622_grd_13_240416_085347_HH_6/ship_patches_uint8/NovaSAR_01_53622_grd_13_240416_085347_HH_6_patch_1_Tanker_uint8.tif,Tanker,0,train
2tfa6x37oerz2lyiw6hp47058/Data/NovaSAR_01_53622_grd_13_240416_085347_HH_6/ship_patches_uint8/NovaSAR_01_53622_grd_13_240416_085347_HH_6_patch_3_Cargo_uint8.tif,Cargo,2,train
2tfa6x37oerz2lyiw6hp47058/Data/NovaSAR_01_53622_grd_13_240416_085347_HH_6/ship_patches_uint8/NovaSAR_01_53622_grd_13_240416_085347_HH_6_patch_4_Cargo_uint8.tif,Cargo,2,train
2tfa6x37oerz2lyiw6hp47058/Data/NovaSAR_01_53622_grd_13_240416_085347_HH_6/ship_patches_uint8/NovaSAR_01_53622_grd_13_240416_085347_HH_6_patch_5_Cargo_uint8.tif,Cargo,2,train
2tfa6x37oerz2lyiw6hp47058/Data/NovaSAR_01_53622_grd_13_240416_085351_HH_7/ship_patches_uint8/NovaSAR_01_53622_grd_13_240416_085351_HH_7_patch_1_Tanker_uint8.tif,Tanker,0,validation
2tfa6x37oerz2lyiw6hp47058/Data/NovaSAR_01_53622_grd_13_240416_085351_HH_7/ship_patches_uint8/NovaSAR_01_53622_grd_13_240416_085351_HH_7_patch_3_Tanker_uint8.tif,Tanker,0,test
2tfa6x37oerz2lyiw6hp47058/Data/NovaSAR_01_53622_grd_13_240416_085356_HH_8/ship_patches_uint8/NovaSAR_01_53622_grd_13_240416_085356_HH_8_patch_1_Cargo_uint8.tif,Cargo,2,train
2tfa6x37oerz2lyiw6hp47058/Data/NovaSAR_01_53622_grd_13_240416_085356_HH_8/ship_patches_uint8/NovaSAR_01_53622_grd_13_240416_085356_HH_8_patch_2_Cargo_uint8.tif,Cargo,2,train
2tfa6x37oerz2lyiw6hp47058/Data/NovaSAR_01_53622_grd_13_240416_085356_HH_8/ship_patches_uint8/NovaSAR_01_53622_grd_13_240416_085356_HH_8_patch_3_Tanker_uint8.tif,Tanker,0,train
2tfa6x37oerz2lyiw6hp47058/Data/NovaSAR_01_53622_grd_13_240416_085426_HH_15/ship_patches_uint8/NovaSAR_01_53622_grd_13_240416_085426_HH_15_patch_1_Fishing_uint8.tif,Fishing,1,test
2tfa6x37oerz2lyiw6hp47058/Data/NovaSAR_01_53635_grd_13_240417_085920_HH_3/ship_patches_uint8/NovaSAR_01_53635_grd_13_240417_085920_HH_3_patch_4_Cargo_uint8.tif,Cargo,2,train
2tfa6x37oerz2lyiw6hp47058/Data/NovaSAR_01_53635_grd_13_240417_085937_HH_6/ship_patches_uint8/NovaSAR_01_53635_grd_13_240417_085937_HH_6_patch_4_Fishing_uint8.tif,Fishing,1,train
2tfa6x37oerz2lyiw6hp47058/Data/NovaSAR_01_53635_grd_13_240417_085954_HH_9/ship_patches_uint8/NovaSAR_01_53635_grd_13_240417_085954_HH_9_patch_1_Fishing_uint8.tif,Fishing,1,train
2tfa6x37oerz2lyiw6hp47058/Data/NovaSAR_01_53635_grd_13_240417_085954_HH_9/ship_patches_uint8/NovaSAR_01_53635_grd_13_240417_085954_HH_9_patch_3_Cargo_uint8.tif,Cargo,2,train
2tfa6x37oerz2lyiw6hp47058/Data/NovaSAR_01_53635_grd_13_240417_090000_HH_10/ship_patches_uint8/NovaSAR_01_53635_grd_13_240417_090000_HH_10_patch_2_Cargo_uint8.tif,Cargo,2,train
2tfa6x37oerz2lyiw6hp47058/Data/NovaSAR_01_53635_grd_13_240417_090000_HH_10/ship_patches_uint8/NovaSAR_01_53635_grd_13_240417_090000_HH_10_patch_3_Tanker_uint8.tif,Tanker,0,validation
2tfa6x37oerz2lyiw6hp47058/Data/NovaSAR_01_53635_grd_13_240417_090000_HH_10/ship_patches_uint8/NovaSAR_01_53635_grd_13_240417_090000_HH_10_patch_4_Tanker_uint8.tif,Tanker,0,train
2tfa6x37oerz2lyiw6hp47058/Data/NovaSAR_01_53674_grd_13_240419_221954_HH_2/ship_patches_uint8/NovaSAR_01_53674_grd_13_240419_221954_HH_2_patch_1_Cargo_uint8.tif,Cargo,2,train
2tfa6x37oerz2lyiw6hp47058/Data/NovaSAR_01_53674_grd_13_240419_221954_HH_2/ship_patches_uint8/NovaSAR_01_53674_grd_13_240419_221954_HH_2_patch_2_Tanker_uint8.tif,Tanker,0,train
2tfa6x37oerz2lyiw6hp47058/Data/NovaSAR_01_53674_grd_13_240419_221954_HH_2/ship_patches_uint8/NovaSAR_01_53674_grd_13_240419_221954_HH_2_patch_3_Cargo_uint8.tif,Cargo,2,test
2tfa6x37oerz2lyiw6hp47058/Data/NovaSAR_01_53674_grd_13_240419_221959_HH_3/ship_patches_uint8/NovaSAR_01_53674_grd_13_240419_221959_HH_3_patch_1_Cargo_uint8.tif,Cargo,2,validation
2tfa6x37oerz2lyiw6hp47058/Data/NovaSAR_01_53674_grd_13_240419_221959_HH_3/ship_patches_uint8/NovaSAR_01_53674_grd_13_240419_221959_HH_3_patch_5_Fishing_uint8.tif,Fishing,1,train
2tfa6x37oerz2lyiw6hp47058/Data/NovaSAR_01_53674_grd_13_240419_221959_HH_3/ship_patches_uint8/NovaSAR_01_53674_grd_13_240419_221959_HH_3_patch_6_Tanker_uint8.tif,Tanker,0,train
2tfa6x37oerz2lyiw6hp47058/Data/NovaSAR_01_53674_grd_13_240419_222005_HH_4/ship_patches_uint8/NovaSAR_01_53674_grd_13_240419_222005_HH_4_patch_1_Cargo_uint8.tif,Cargo,2,train
2tfa6x37oerz2lyiw6hp47058/Data/NovaSAR_01_53674_grd_13_240419_222011_HH_5/ship_patches_uint8/NovaSAR_01_53674_grd_13_240419_222011_HH_5_patch_10_Tanker_uint8.tif,Tanker,0,train
2tfa6x37oerz2lyiw6hp47058/Data/NovaSAR_01_53674_grd_13_240419_222011_HH_5/ship_patches_uint8/NovaSAR_01_53674_grd_13_240419_222011_HH_5_patch_11_Tanker_uint8.tif,Tanker,0,train
2tfa6x37oerz2lyiw6hp47058/Data/NovaSAR_01_53674_grd_13_240419_222011_HH_5/ship_patches_uint8/NovaSAR_01_53674_grd_13_240419_222011_HH_5_patch_1_Cargo_uint8.tif,Cargo,2,train
2tfa6x37oerz2lyiw6hp47058/Data/NovaSAR_01_53674_grd_13_240419_222011_HH_5/ship_patches_uint8/NovaSAR_01_53674_grd_13_240419_222011_HH_5_patch_3_Cargo_uint8.tif,Cargo,2,validation
2tfa6x37oerz2lyiw6hp47058/Data/NovaSAR_01_53674_grd_13_240419_222011_HH_5/ship_patches_uint8/NovaSAR_01_53674_grd_13_240419_222011_HH_5_patch_5_Cargo_uint8.tif,Cargo,2,train
2tfa6x37oerz2lyiw6hp47058/Data/NovaSAR_01_53674_grd_13_240419_222011_HH_5/ship_patches_uint8/NovaSAR_01_53674_grd_13_240419_222011_HH_5_patch_6_Cargo_uint8.tif,Cargo,2,train
2tfa6x37oerz2lyiw6hp47058/Data/NovaSAR_01_53674_grd_13_240419_222011_HH_5/ship_patches_uint8/NovaSAR_01_53674_grd_13_240419_222011_HH_5_patch_7_Cargo_uint8.tif,Cargo,2,train
2tfa6x37oerz2lyiw6hp47058/Data/NovaSAR_01_53674_grd_13_240419_222011_HH_5/ship_patches_uint8/NovaSAR_01_53674_grd_13_240419_222011_HH_5_patch_8_Cargo_uint8.tif,Cargo,2,train
2tfa6x37oerz2lyiw6hp47058/Data/NovaSAR_01_53674_grd_13_240419_222011_HH_5/ship_patches_uint8/NovaSAR_01_53674_grd_13_240419_222011_HH_5_patch_9_Tanker_uint8.tif,Tanker,0,train
2tfa6x37oerz2lyiw6hp47058/Data/NovaSAR_01_53689_grd_13_240420_222536_HH_3/ship_patches_uint8/NovaSAR_01_53689_grd_13_240420_222536_HH_3_patch_1_Cargo_uint8.tif,Cargo,2,train
2tfa6x37oerz2lyiw6hp47058/Data/NovaSAR_01_53689_grd_13_240420_222536_HH_3/ship_patches_uint8/NovaSAR_01_53689_grd_13_240420_222536_HH_3_patch_2_Tanker_uint8.tif,Tanker,0,test
2tfa6x37oerz2lyiw6hp47058/Data/NovaSAR_01_53689_grd_13_240420_222536_HH_3/ship_patches_uint8/NovaSAR_01_53689_grd_13_240420_222536_HH_3_patch_3_Fishing_uint8.tif,Fishing,1,test
2tfa6x37oerz2lyiw6hp47058/Data/NovaSAR_01_53689_grd_13_240420_222536_HH_3/ship_patches_uint8/NovaSAR_01_53689_grd_13_240420_222536_HH_3_patch_4_Cargo_uint8.tif,Cargo,2,train
2tfa6x37oerz2lyiw6hp47058/Data/NovaSAR_01_53689_grd_13_240420_222542_HH_4/ship_patches_uint8/NovaSAR_01_53689_grd_13_240420_222542_HH_4_patch_3_Cargo_uint8.tif,Cargo,2,train
2tfa6x37oerz2lyiw6hp47058/Data/NovaSAR_01_53689_grd_13_240420_222548_HH_5/ship_patches_uint8/NovaSAR_01_53689_grd_13_240420_222548_HH_5_patch_1_Cargo_uint8.tif,Cargo,2,test
2tfa6x37oerz2lyiw6hp47058/Data/NovaSAR_01_53689_grd_13_240420_222553_HH_6/ship_patches_uint8/NovaSAR_01_53689_grd_13_240420_222553_HH_6_patch_1_Cargo_uint8.tif,Cargo,2,train
2tfa6x37oerz2lyiw6hp47058/Data/NovaSAR_01_53689_grd_13_240420_222610_HH_9/ship_patches_uint8/NovaSAR_01_53689_grd_13_240420_222610_HH_9_patch_5_Cargo_uint8.tif,Cargo,2,train
2tfa6x37oerz2lyiw6hp47058/Data/NovaSAR_01_53689_grd_13_240420_222627_HH_12/ship_patches_uint8/NovaSAR_01_53689_grd_13_240420_222627_HH_12_patch_3_Cargo_uint8.tif,Cargo,2,train
2tfa6x37oerz2lyiw6hp47058/Data/NovaSAR_01_53689_grd_13_240420_222638_HH_14/ship_patches_uint8/NovaSAR_01_53689_grd_13_240420_222638_HH_14_patch_1_Cargo_uint8.tif,Cargo,2,train
2tfa6x37oerz2lyiw6hp47058/Data/NovaSAR_01_53757_grd_13_240425_080939_HH_3/ship_patches_uint8/NovaSAR_01_53757_grd_13_240425_080939_HH_3_patch_1_Tanker_uint8.tif,Tanker,0,train
2tfa6x37oerz2lyiw6hp47058/Data/NovaSAR_01_53757_grd_13_240425_080939_HH_3/ship_patches_uint8/NovaSAR_01_53757_grd_13_240425_080939_HH_3_patch_2_Cargo_uint8.tif,Cargo,2,validation
2tfa6x37oerz2lyiw6hp47058/Data/NovaSAR_01_53757_grd_13_240425_080945_HH_4/ship_patches_uint8/NovaSAR_01_53757_grd_13_240425_080945_HH_4_patch_3_Tanker_uint8.tif,Tanker,0,train
2tfa6x37oerz2lyiw6hp47058/Data/NovaSAR_01_53757_grd_13_240425_081008_HH_8/ship_patches_uint8/NovaSAR_01_53757_grd_13_240425_081008_HH_8_patch_1_Fishing_uint8.tif,Fishing,1,train
2tfa6x37oerz2lyiw6hp47058/Data/NovaSAR_01_53772_grd_13_240426_081521_HH_2/ship_patches_uint8/NovaSAR_01_53772_grd_13_240426_081521_HH_2_patch_1_Cargo_uint8.tif,Cargo,2,train
2tfa6x37oerz2lyiw6hp47058/Data/NovaSAR_01_53772_grd_13_240426_081533_HH_4/ship_patches_uint8/NovaSAR_01_53772_grd_13_240426_081533_HH_4_patch_10_Cargo_uint8.tif,Cargo,2,train
2tfa6x37oerz2lyiw6hp47058/Data/NovaSAR_01_53772_grd_13_240426_081533_HH_4/ship_patches_uint8/NovaSAR_01_53772_grd_13_240426_081533_HH_4_patch_11_Cargo_uint8.tif,Cargo,2,train
2tfa6x37oerz2lyiw6hp47058/Data/NovaSAR_01_53772_grd_13_240426_081533_HH_4/ship_patches_uint8/NovaSAR_01_53772_grd_13_240426_081533_HH_4_patch_3_Cargo_uint8.tif,Cargo,2,train
2tfa6x37oerz2lyiw6hp47058/Data/NovaSAR_01_53772_grd_13_240426_081533_HH_4/ship_patches_uint8/NovaSAR_01_53772_grd_13_240426_081533_HH_4_patch_4_Tanker_uint8.tif,Tanker,0,test
2tfa6x37oerz2lyiw6hp47058/Data/NovaSAR_01_53772_grd_13_240426_081533_HH_4/ship_patches_uint8/NovaSAR_01_53772_grd_13_240426_081533_HH_4_patch_5_Tanker_uint8.tif,Tanker,0,train
2tfa6x37oerz2lyiw6hp47058/Data/NovaSAR_01_53772_grd_13_240426_081533_HH_4/ship_patches_uint8/NovaSAR_01_53772_grd_13_240426_081533_HH_4_patch_6_Cargo_uint8.tif,Cargo,2,train
2tfa6x37oerz2lyiw6hp47058/Data/NovaSAR_01_53772_grd_13_240426_081533_HH_4/ship_patches_uint8/NovaSAR_01_53772_grd_13_240426_081533_HH_4_patch_8_Cargo_uint8.tif,Cargo,2,train
2tfa6x37oerz2lyiw6hp47058/Data/NovaSAR_01_53772_grd_13_240426_081538_HH_5/ship_patches_uint8/NovaSAR_01_53772_grd_13_240426_081538_HH_5_patch_1_Cargo_uint8.tif,Cargo,2,train
2tfa6x37oerz2lyiw6hp47058/Data/NovaSAR_01_53772_grd_13_240426_081538_HH_5/ship_patches_uint8/NovaSAR_01_53772_grd_13_240426_081538_HH_5_patch_22_Cargo_uint8.tif,Cargo,2,train
2tfa6x37oerz2lyiw6hp47058/Data/NovaSAR_01_53772_grd_13_240426_081544_HH_6/ship_patches_uint8/NovaSAR_01_53772_grd_13_240426_081544_HH_6_patch_1_Cargo_uint8.tif,Cargo,2,train
2tfa6x37oerz2lyiw6hp47058/Data/NovaSAR_01_53772_grd_13_240426_081544_HH_6/ship_patches_uint8/NovaSAR_01_53772_grd_13_240426_081544_HH_6_patch_7_Cargo_uint8.tif,Cargo,2,test
2tfa6x37oerz2lyiw6hp47058/Data/NovaSAR_01_53772_grd_13_240426_081550_HH_7/ship_patches_uint8/NovaSAR_01_53772_grd_13_240426_081550_HH_7_patch_1_Cargo_uint8.tif,Cargo,2,test
2tfa6x37oerz2lyiw6hp47058/Data/NovaSAR_01_53772_grd_13_240426_081555_HH_8/ship_patches_uint8/NovaSAR_01_53772_grd_13_240426_081555_HH_8_patch_1_Tanker_uint8.tif,Tanker,0,train
2tfa6x37oerz2lyiw6hp47058/Data/NovaSAR_01_53772_grd_13_240426_081555_HH_8/ship_patches_uint8/NovaSAR_01_53772_grd_13_240426_081555_HH_8_patch_2_Cargo_uint8.tif,Cargo,2,train
2tfa6x37oerz2lyiw6hp47058/Data/NovaSAR_01_53772_grd_13_240426_081555_HH_8/ship_patches_uint8/NovaSAR_01_53772_grd_13_240426_081555_HH_8_patch_3_Cargo_uint8.tif,Cargo,2,train
2tfa6x37oerz2lyiw6hp47058/Data/NovaSAR_01_53772_grd_13_240426_081601_HH_9/ship_patches_uint8/NovaSAR_01_53772_grd_13_240426_081601_HH_9_patch_1_Tanker_uint8.tif,Tanker,0,train
2tfa6x37oerz2lyiw6hp47058/Data/NovaSAR_01_53772_grd_13_240426_081601_HH_9/ship_patches_uint8/NovaSAR_01_53772_grd_13_240426_081601_HH_9_patch_3_Tanker_uint8.tif,Tanker,0,train
2tfa6x37oerz2lyiw6hp47058/Data/NovaSAR_01_53772_grd_13_240426_081601_HH_9/ship_patches_uint8/NovaSAR_01_53772_grd_13_240426_081601_HH_9_patch_4_Cargo_uint8.tif,Cargo,2,train
2tfa6x37oerz2lyiw6hp47058/Data/NovaSAR_01_53772_grd_13_240426_081601_HH_9/ship_patches_uint8/NovaSAR_01_53772_grd_13_240426_081601_HH_9_patch_5_Cargo_uint8.tif,Cargo,2,train
2tfa6x37oerz2lyiw6hp47058/Data/NovaSAR_01_53772_grd_13_240426_081606_HH_10/ship_patches_uint8/NovaSAR_01_53772_grd_13_240426_081606_HH_10_patch_10_Tanker_uint8.tif,Tanker,0,train
2tfa6x37oerz2lyiw6hp47058/Data/NovaSAR_01_53772_grd_13_240426_081606_HH_10/ship_patches_uint8/NovaSAR_01_53772_grd_13_240426_081606_HH_10_patch_1_Tanker_uint8.tif,Tanker,0,train
2tfa6x37oerz2lyiw6hp47058/Data/NovaSAR_01_53772_grd_13_240426_081606_HH_10/ship_patches_uint8/NovaSAR_01_53772_grd_13_240426_081606_HH_10_patch_2_Tanker_uint8.tif,Tanker,0,train
2tfa6x37oerz2lyiw6hp47058/Data/NovaSAR_01_53772_grd_13_240426_081606_HH_10/ship_patches_uint8/NovaSAR_01_53772_grd_13_240426_081606_HH_10_patch_3_Cargo_uint8.tif,Cargo,2,train
2tfa6x37oerz2lyiw6hp47058/Data/NovaSAR_01_53772_grd_13_240426_081606_HH_10/ship_patches_uint8/NovaSAR_01_53772_grd_13_240426_081606_HH_10_patch_4_Cargo_uint8.tif,Cargo,2,train
2tfa6x37oerz2lyiw6hp47058/Data/NovaSAR_01_53772_grd_13_240426_081606_HH_10/ship_patches_uint8/NovaSAR_01_53772_grd_13_240426_081606_HH_10_patch_6_Tanker_uint8.tif,Tanker,0,validation
2tfa6x37oerz2lyiw6hp47058/Data/NovaSAR_01_53772_grd_13_240426_081606_HH_10/ship_patches_uint8/NovaSAR_01_53772_grd_13_240426_081606_HH_10_patch_7_Cargo_uint8.tif,Cargo,2,train
2tfa6x37oerz2lyiw6hp47058/Data/NovaSAR_01_53772_grd_13_240426_081606_HH_10/ship_patches_uint8/NovaSAR_01_53772_grd_13_240426_081606_HH_10_patch_8_Tanker_uint8.tif,Tanker,0,train
2tfa6x37oerz2lyiw6hp47058/Data/NovaSAR_01_53772_grd_13_240426_081606_HH_10/ship_patches_uint8/NovaSAR_01_53772_grd_13_240426_081606_HH_10_patch_9_Tanker_uint8.tif,Tanker,0,train
2tfa6x37oerz2lyiw6hp47058/Data/NovaSAR_01_53772_grd_13_240426_081612_HH_11/ship_patches_uint8/NovaSAR_01_53772_grd_13_240426_081612_HH_11_patch_1_Cargo_uint8.tif,Cargo,2,train
2tfa6x37oerz2lyiw6hp47058/Data/NovaSAR_01_53789_grd_13_240427_082102_HH_2/ship_patches_uint8/NovaSAR_01_53789_grd_13_240427_082102_HH_2_patch_1_Tanker_uint8.tif,Tanker,0,train
2tfa6x37oerz2lyiw6hp47058/Data/NovaSAR_01_53789_grd_13_240427_082102_HH_2/ship_patches_uint8/NovaSAR_01_53789_grd_13_240427_082102_HH_2_patch_2_Cargo_uint8.tif,Cargo,2,validation
2tfa6x37oerz2lyiw6hp47058/Data/NovaSAR_01_53789_grd_13_240427_082108_HH_3/ship_patches_uint8/NovaSAR_01_53789_grd_13_240427_082108_HH_3_patch_1_Tanker_uint8.tif,Tanker,0,test
2tfa6x37oerz2lyiw6hp47058/Data/NovaSAR_01_53789_grd_13_240427_082108_HH_3/ship_patches_uint8/NovaSAR_01_53789_grd_13_240427_082108_HH_3_patch_3_Cargo_uint8.tif,Cargo,2,train
2tfa6x37oerz2lyiw6hp47058/Data/NovaSAR_01_53789_grd_13_240427_082130_HH_7/ship_patches_uint8/NovaSAR_01_53789_grd_13_240427_082130_HH_7_patch_1_Tanker_uint8.tif,Tanker,0,train
2tfa6x37oerz2lyiw6hp47058/Data/NovaSAR_01_53789_grd_13_240427_082130_HH_7/ship_patches_uint8/NovaSAR_01_53789_grd_13_240427_082130_HH_7_patch_3_Fishing_uint8.tif,Fishing,1,validation
2tfa6x37oerz2lyiw6hp47058/Data/NovaSAR_01_53789_grd_13_240427_082147_HH_10/ship_patches_uint8/NovaSAR_01_53789_grd_13_240427_082147_HH_10_patch_1_Cargo_uint8.tif,Cargo,2,train
2tfa6x37oerz2lyiw6hp47058/Data/NovaSAR_01_53789_grd_13_240427_082158_HH_12/ship_patches_uint8/NovaSAR_01_53789_grd_13_240427_082158_HH_12_patch_1_Tanker_uint8.tif,Tanker,0,train
2tfa6x37oerz2lyiw6hp47058/Data/NovaSAR_01_53789_grd_13_240427_082204_HH_13/ship_patches_uint8/NovaSAR_01_53789_grd_13_240427_082204_HH_13_patch_1_Fishing_uint8.tif,Fishing,1,test
2tfa6x37oerz2lyiw6hp47058/Data/NovaSAR_01_53789_grd_13_240427_082204_HH_13/ship_patches_uint8/NovaSAR_01_53789_grd_13_240427_082204_HH_13_patch_2_Fishing_uint8.tif,Fishing,1,train
2tfa6x37oerz2lyiw6hp47058/Data/NovaSAR_01_53804_grd_13_240428_082652_HH_3/ship_patches_uint8/NovaSAR_01_53804_grd_13_240428_082652_HH_3_patch_1_Cargo_uint8.tif,Cargo,2,train
2tfa6x37oerz2lyiw6hp47058/Data/NovaSAR_01_53804_grd_13_240428_082652_HH_3/ship_patches_uint8/NovaSAR_01_53804_grd_13_240428_082652_HH_3_patch_5_Cargo_uint8.tif,Cargo,2,train
2tfa6x37oerz2lyiw6hp47058/Data/NovaSAR_01_53804_grd_13_240428_082652_HH_3/ship_patches_uint8/NovaSAR_01_53804_grd_13_240428_082652_HH_3_patch_7_Cargo_uint8.tif,Cargo,2,train
2tfa6x37oerz2lyiw6hp47058/Data/NovaSAR_01_53804_grd_13_240428_082737_HH_11/ship_patches_uint8/NovaSAR_01_53804_grd_13_240428_082737_HH_11_patch_1_Fishing_uint8.tif,Fishing,1,train
2tfa6x37oerz2lyiw6hp47058/Data/NovaSAR_01_53804_grd_13_240428_082737_HH_11/ship_patches_uint8/NovaSAR_01_53804_grd_13_240428_082737_HH_11_patch_2_Fishing_uint8.tif,Fishing,1,train
2tfa6x37oerz2lyiw6hp47058/Data/NovaSAR_01_53804_grd_13_240428_082742_HH_12/ship_patches_uint8/NovaSAR_01_53804_grd_13_240428_082742_HH_12_patch_1_Cargo_uint8.tif,Cargo,2,validation
2tfa6x37oerz2lyiw6hp47058/Data/NovaSAR_01_53804_grd_13_240428_082742_HH_12/ship_patches_uint8/NovaSAR_01_53804_grd_13_240428_082742_HH_12_patch_2_Tanker_uint8.tif,Tanker,0,validation
2tfa6x37oerz2lyiw6hp47058/Data/NovaSAR_01_53804_grd_13_240428_082742_HH_12/ship_patches_uint8/NovaSAR_01_53804_grd_13_240428_082742_HH_12_patch_3_Tanker_uint8.tif,Tanker,0,train
2tfa6x37oerz2lyiw6hp47058/Data/NovaSAR_01_53804_grd_13_240428_082742_HH_12/ship_patches_uint8/NovaSAR_01_53804_grd_13_240428_082742_HH_12_patch_4_Fishing_uint8.tif,Fishing,1,test
2tfa6x37oerz2lyiw6hp47058/Data/NovaSAR_01_53822_grd_13_240429_083302_HH_6/ship_patches_uint8/NovaSAR_01_53822_grd_13_240429_083302_HH_6_patch_14_Fishing_uint8.tif,Fishing,1,train
2tfa6x37oerz2lyiw6hp47058/Data/NovaSAR_01_53822_grd_13_240429_083302_HH_6/ship_patches_uint8/NovaSAR_01_53822_grd_13_240429_083302_HH_6_patch_16_Fishing_uint8.tif,Fishing,1,train
2tfa6x37oerz2lyiw6hp47058/Data/NovaSAR_01_53822_grd_13_240429_083302_HH_6/ship_patches_uint8/NovaSAR_01_53822_grd_13_240429_083302_HH_6_patch_18_Fishing_uint8.tif,Fishing,1,test
2tfa6x37oerz2lyiw6hp47058/Data/NovaSAR_01_53822_grd_13_240429_083302_HH_6/ship_patches_uint8/NovaSAR_01_53822_grd_13_240429_083302_HH_6_patch_20_Fishing_uint8.tif,Fishing,1,train
2tfa6x37oerz2lyiw6hp47058/Data/NovaSAR_01_53845_grd_13_240430_083817_HH_3/ship_patches_uint8/NovaSAR_01_53845_grd_13_240430_083817_HH_3_patch_2_Cargo_uint8.tif,Cargo,2,test
2tfa6x37oerz2lyiw6hp47058/Data/NovaSAR_01_53845_grd_13_240430_083817_HH_3/ship_patches_uint8/NovaSAR_01_53845_grd_13_240430_083817_HH_3_patch_5_Tanker_uint8.tif,Tanker,0,train
2tfa6x37oerz2lyiw6hp47058/Data/NovaSAR_01_53845_grd_13_240430_083822_HH_4/ship_patches_uint8/NovaSAR_01_53845_grd_13_240430_083822_HH_4_patch_2_Cargo_uint8.tif,Cargo,2,train
2tfa6x37oerz2lyiw6hp47058/Data/NovaSAR_01_53845_grd_13_240430_083822_HH_4/ship_patches_uint8/NovaSAR_01_53845_grd_13_240430_083822_HH_4_patch_4_Tanker_uint8.tif,Tanker,0,train
2tfa6x37oerz2lyiw6hp47058/Data/NovaSAR_01_53845_grd_13_240430_083828_HH_5/ship_patches_uint8/NovaSAR_01_53845_grd_13_240430_083828_HH_5_patch_14_Tanker_uint8.tif,Tanker,0,train
2tfa6x37oerz2lyiw6hp47058/Data/NovaSAR_01_53845_grd_13_240430_083828_HH_5/ship_patches_uint8/NovaSAR_01_53845_grd_13_240430_083828_HH_5_patch_15_Cargo_uint8.tif,Cargo,2,train
2tfa6x37oerz2lyiw6hp47058/Data/NovaSAR_01_53845_grd_13_240430_083828_HH_5/ship_patches_uint8/NovaSAR_01_53845_grd_13_240430_083828_HH_5_patch_17_Cargo_uint8.tif,Cargo,2,train
2tfa6x37oerz2lyiw6hp47058/Data/NovaSAR_01_53845_grd_13_240430_083828_HH_5/ship_patches_uint8/NovaSAR_01_53845_grd_13_240430_083828_HH_5_patch_2_Tanker_uint8.tif,Tanker,0,train
2tfa6x37oerz2lyiw6hp47058/Data/NovaSAR_01_53845_grd_13_240430_083828_HH_5/ship_patches_uint8/NovaSAR_01_53845_grd_13_240430_083828_HH_5_patch_4_Tanker_uint8.tif,Tanker,0,train
2tfa6x37oerz2lyiw6hp47058/Data/NovaSAR_01_53845_grd_13_240430_083828_HH_5/ship_patches_uint8/NovaSAR_01_53845_grd_13_240430_083828_HH_5_patch_6_Tanker_uint8.tif,Tanker,0,train
2tfa6x37oerz2lyiw6hp47058/Data/NovaSAR_01_53845_grd_13_240430_083834_HH_6/ship_patches_uint8/NovaSAR_01_53845_grd_13_240430_083834_HH_6_patch_13_Cargo_uint8.tif,Cargo,2,train
2tfa6x37oerz2lyiw6hp47058/Data/NovaSAR_01_53845_grd_13_240430_083834_HH_6/ship_patches_uint8/NovaSAR_01_53845_grd_13_240430_083834_HH_6_patch_17_Cargo_uint8.tif,Cargo,2,test
2tfa6x37oerz2lyiw6hp47058/Data/NovaSAR_01_53845_grd_13_240430_083834_HH_6/ship_patches_uint8/NovaSAR_01_53845_grd_13_240430_083834_HH_6_patch_20_Cargo_uint8.tif,Cargo,2,test
2tfa6x37oerz2lyiw6hp47058/Data/NovaSAR_01_53845_grd_13_240430_083834_HH_6/ship_patches_uint8/NovaSAR_01_53845_grd_13_240430_083834_HH_6_patch_27_Tanker_uint8.tif,Tanker,0,validation
2tfa6x37oerz2lyiw6hp47058/Data/NovaSAR_01_53845_grd_13_240430_083834_HH_6/ship_patches_uint8/NovaSAR_01_53845_grd_13_240430_083834_HH_6_patch_4_Cargo_uint8.tif,Cargo,2,validation
2tfa6x37oerz2lyiw6hp47058/Data/NovaSAR_01_53845_grd_13_240430_083840_HH_7/ship_patches_uint8/NovaSAR_01_53845_grd_13_240430_083840_HH_7_patch_3_Fishing_uint8.tif,Fishing,1,validation
2tfa6x37oerz2lyiw6hp47058/Data/NovaSAR_01_53845_grd_13_240430_083840_HH_7/ship_patches_uint8/NovaSAR_01_53845_grd_13_240430_083840_HH_7_patch_4_Cargo_uint8.tif,Cargo,2,train
2tfa6x37oerz2lyiw6hp47058/Data/NovaSAR_01_53845_grd_13_240430_083845_HH_8/ship_patches_uint8/NovaSAR_01_53845_grd_13_240430_083845_HH_8_patch_1_Cargo_uint8.tif,Cargo,2,train
2tfa6x37oerz2lyiw6hp47058/Data/NovaSAR_01_53845_grd_13_240430_083845_HH_8/ship_patches_uint8/NovaSAR_01_53845_grd_13_240430_083845_HH_8_patch_2_Tanker_uint8.tif,Tanker,0,train
2tfa6x37oerz2lyiw6hp47058/Data/NovaSAR_01_53845_grd_13_240430_083851_HH_9/ship_patches_uint8/NovaSAR_01_53845_grd_13_240430_083851_HH_9_patch_1_Tanker_uint8.tif,Tanker,0,train
2tfa6x37oerz2lyiw6hp47058/Data/NovaSAR_01_53845_grd_13_240430_083851_HH_9/ship_patches_uint8/NovaSAR_01_53845_grd_13_240430_083851_HH_9_patch_2_Fishing_uint8.tif,Fishing,1,train
2tfa6x37oerz2lyiw6hp47058/Data/NovaSAR_01_53845_grd_13_240430_083851_HH_9/ship_patches_uint8/NovaSAR_01_53845_grd_13_240430_083851_HH_9_patch_3_Cargo_uint8.tif,Cargo,2,train
2tfa6x37oerz2lyiw6hp47058/Data/NovaSAR_01_53845_grd_13_240430_083851_HH_9/ship_patches_uint8/NovaSAR_01_53845_grd_13_240430_083851_HH_9_patch_4_Fishing_uint8.tif,Fishing,1,train
2tfa6x37oerz2lyiw6hp47058/Data/NovaSAR_01_53845_grd_13_240430_083857_HH_10/ship_patches_uint8/NovaSAR_01_53845_grd_13_240430_083857_HH_10_patch_1_Cargo_uint8.tif,Cargo,2,test
2tfa6x37oerz2lyiw6hp47058/Data/NovaSAR_01_53845_grd_13_240430_083857_HH_10/ship_patches_uint8/NovaSAR_01_53845_grd_13_240430_083857_HH_10_patch_2_Tanker_uint8.tif,Tanker,0,train
2tfa6x37oerz2lyiw6hp47058/Data/NovaSAR_01_53845_grd_13_240430_083902_HH_11/ship_patches_uint8/NovaSAR_01_53845_grd_13_240430_083902_HH_11_patch_13_Tanker_uint8.tif,Tanker,0,validation
2tfa6x37oerz2lyiw6hp47058/Data/NovaSAR_01_53845_grd_13_240430_083902_HH_11/ship_patches_uint8/NovaSAR_01_53845_grd_13_240430_083902_HH_11_patch_2_Cargo_uint8.tif,Cargo,2,validation
2tfa6x37oerz2lyiw6hp47058/Data/NovaSAR_01_53845_grd_13_240430_083902_HH_11/ship_patches_uint8/NovaSAR_01_53845_grd_13_240430_083902_HH_11_patch_4_Tanker_uint8.tif,Tanker,0,test
2tfa6x37oerz2lyiw6hp47058/Data/NovaSAR_01_53845_grd_13_240430_083902_HH_11/ship_patches_uint8/NovaSAR_01_53845_grd_13_240430_083902_HH_11_patch_5_Cargo_uint8.tif,Cargo,2,train
2tfa6x37oerz2lyiw6hp47058/Data/NovaSAR_01_53858_grd_13_240501_084358_HH_2/ship_patches_uint8/NovaSAR_01_53858_grd_13_240501_084358_HH_2_patch_2_Cargo_uint8.tif,Cargo,2,test
2tfa6x37oerz2lyiw6hp47058/Data/NovaSAR_01_53858_grd_13_240501_084358_HH_2/ship_patches_uint8/NovaSAR_01_53858_grd_13_240501_084358_HH_2_patch_4_Cargo_uint8.tif,Cargo,2,train
2tfa6x37oerz2lyiw6hp47058/Data/NovaSAR_01_53858_grd_13_240501_084358_HH_2/ship_patches_uint8/NovaSAR_01_53858_grd_13_240501_084358_HH_2_patch_5_Cargo_uint8.tif,Cargo,2,train
2tfa6x37oerz2lyiw6hp47058/Data/NovaSAR_01_53858_grd_13_240501_084358_HH_2/ship_patches_uint8/NovaSAR_01_53858_grd_13_240501_084358_HH_2_patch_6_Tanker_uint8.tif,Tanker,0,test
2tfa6x37oerz2lyiw6hp47058/Data/NovaSAR_01_53858_grd_13_240501_084358_HH_2/ship_patches_uint8/NovaSAR_01_53858_grd_13_240501_084358_HH_2_patch_7_Tanker_uint8.tif,Tanker,0,train
2tfa6x37oerz2lyiw6hp47058/Data/NovaSAR_01_53858_grd_13_240501_084426_HH_7/ship_patches_uint8/NovaSAR_01_53858_grd_13_240501_084426_HH_7_patch_1_Tanker_uint8.tif,Tanker,0,validation
2tfa6x37oerz2lyiw6hp47058/Data/NovaSAR_01_53858_grd_13_240501_084426_HH_7/ship_patches_uint8/NovaSAR_01_53858_grd_13_240501_084426_HH_7_patch_2_Cargo_uint8.tif,Cargo,2,test
2tfa6x37oerz2lyiw6hp47058/Data/NovaSAR_01_53858_grd_13_240501_084432_HH_8/ship_patches_uint8/NovaSAR_01_53858_grd_13_240501_084432_HH_8_patch_17_Cargo_uint8.tif,Cargo,2,train
2tfa6x37oerz2lyiw6hp47058/Data/NovaSAR_01_53858_grd_13_240501_084437_HH_9/ship_patches_uint8/NovaSAR_01_53858_grd_13_240501_084437_HH_9_patch_1_Cargo_uint8.tif,Cargo,2,train
2tfa6x37oerz2lyiw6hp47058/Data/NovaSAR_01_53858_grd_13_240501_084443_HH_10/ship_patches_uint8/NovaSAR_01_53858_grd_13_240501_084443_HH_10_patch_2_Cargo_uint8.tif,Cargo,2,validation
2tfa6x37oerz2lyiw6hp47058/Data/NovaSAR_01_53858_grd_13_240501_084455_HH_12/ship_patches_uint8/NovaSAR_01_53858_grd_13_240501_084455_HH_12_patch_1_Fishing_uint8.tif,Fishing,1,train
2tfa6x37oerz2lyiw6hp47058/Data/NovaSAR_01_53858_grd_13_240501_084455_HH_12/ship_patches_uint8/NovaSAR_01_53858_grd_13_240501_084455_HH_12_patch_2_Cargo_uint8.tif,Cargo,2,validation
2tfa6x37oerz2lyiw6hp47058/Data/NovaSAR_01_53858_grd_13_240501_084455_HH_12/ship_patches_uint8/NovaSAR_01_53858_grd_13_240501_084455_HH_12_patch_3_Cargo_uint8.tif,Cargo,2,train
2tfa6x37oerz2lyiw6hp47058/Data/NovaSAR_01_53858_grd_13_240501_084455_HH_12/ship_patches_uint8/NovaSAR_01_53858_grd_13_240501_084455_HH_12_patch_4_Tanker_uint8.tif,Tanker,0,train
2tfa6x37oerz2lyiw6hp47058/Data/NovaSAR_01_53858_grd_13_240501_084455_HH_12/ship_patches_uint8/NovaSAR_01_53858_grd_13_240501_084455_HH_12_patch_5_Fishing_uint8.tif,Fishing,1,train
2tfa6x37oerz2lyiw6hp47058/Data/NovaSAR_01_53858_grd_13_240501_084455_HH_12/ship_patches_uint8/NovaSAR_01_53858_grd_13_240501_084455_HH_12_patch_6_Fishing_uint8.tif,Fishing,1,train
2tfa6x37oerz2lyiw6hp47058/Data/NovaSAR_01_53858_grd_13_240501_084500_HH_13/ship_patches_uint8/NovaSAR_01_53858_grd_13_240501_084500_HH_13_patch_1_Fishing_uint8.tif,Fishing,1,train
2tfa6x37oerz2lyiw6hp47058/Data/NovaSAR_01_53873_grd_13_240502_085003_HH_5/ship_patches_uint8/NovaSAR_01_53873_grd_13_240502_085003_HH_5_patch_2_Cargo_uint8.tif,Cargo,2,train
2tfa6x37oerz2lyiw6hp47058/Data/NovaSAR_01_53873_grd_13_240502_085031_HH_10/ship_patches_uint8/NovaSAR_01_53873_grd_13_240502_085031_HH_10_patch_1_Cargo_uint8.tif,Cargo,2,train
2tfa6x37oerz2lyiw6hp47058/Data/NovaSAR_01_53873_grd_13_240502_085037_HH_11/ship_patches_uint8/NovaSAR_01_53873_grd_13_240502_085037_HH_11_patch_1_Tanker_uint8.tif,Tanker,0,train
2tfa6x37oerz2lyiw6hp47058/Data/NovaSAR_01_53873_grd_13_240502_085037_HH_11/ship_patches_uint8/NovaSAR_01_53873_grd_13_240502_085037_HH_11_patch_2_Tanker_uint8.tif,Tanker,0,train
2tfa6x37oerz2lyiw6hp47058/Data/NovaSAR_01_53873_grd_13_240502_085037_HH_11/ship_patches_uint8/NovaSAR_01_53873_grd_13_240502_085037_HH_11_patch_3_Tanker_uint8.tif,Tanker,0,train
2tfa6x37oerz2lyiw6hp47058/Data/NovaSAR_01_53880_grd_13_240502_215852_HH_4/ship_patches_uint8/NovaSAR_01_53880_grd_13_240502_215852_HH_4_patch_1_Cargo_uint8.tif,Cargo,2,test
2tfa6x37oerz2lyiw6hp47058/Data/NovaSAR_01_53880_grd_13_240502_215954_HH_15/ship_patches_uint8/NovaSAR_01_53880_grd_13_240502_215954_HH_15_patch_1_Tanker_uint8.tif,Tanker,0,train
2tfa6x37oerz2lyiw6hp47058/Data/NovaSAR_01_53880_grd_13_240502_215954_HH_15/ship_patches_uint8/NovaSAR_01_53880_grd_13_240502_215954_HH_15_patch_2_Cargo_uint8.tif,Cargo,2,validation
2tfa6x37oerz2lyiw6hp47058/Data/NovaSAR_01_53889_grd_13_240503_085550_HH_6/ship_patches_uint8/NovaSAR_01_53889_grd_13_240503_085550_HH_6_patch_5_Cargo_uint8.tif,Cargo,2,test
2tfa6x37oerz2lyiw6hp47058/Data/NovaSAR_01_53889_grd_13_240503_085607_HH_9/ship_patches_uint8/NovaSAR_01_53889_grd_13_240503_085607_HH_9_patch_4_Cargo_uint8.tif,Cargo,2,train
2tfa6x37oerz2lyiw6hp47058/Data/NovaSAR_01_53889_grd_13_240503_085607_HH_9/ship_patches_uint8/NovaSAR_01_53889_grd_13_240503_085607_HH_9_patch_6_Fishing_uint8.tif,Fishing,1,test
2tfa6x37oerz2lyiw6hp47058/Data/NovaSAR_01_53889_grd_13_240503_085613_HH_10/ship_patches_uint8/NovaSAR_01_53889_grd_13_240503_085613_HH_10_patch_1_Cargo_uint8.tif,Cargo,2,test
2tfa6x37oerz2lyiw6hp47058/Data/NovaSAR_01_53889_grd_13_240503_085619_HH_11/ship_patches_uint8/NovaSAR_01_53889_grd_13_240503_085619_HH_11_patch_1_Cargo_uint8.tif,Cargo,2,test
2tfa6x37oerz2lyiw6hp47058/Data/NovaSAR_01_53889_grd_13_240503_085619_HH_11/ship_patches_uint8/NovaSAR_01_53889_grd_13_240503_085619_HH_11_patch_2_Cargo_uint8.tif,Cargo,2,train
2tfa6x37oerz2lyiw6hp47058/Data/NovaSAR_01_53896_grd_13_240503_220508_HH_1/ship_patches_uint8/NovaSAR_01_53896_grd_13_240503_220508_HH_1_patch_1_Tanker_uint8.tif,Tanker,0,test
2tfa6x37oerz2lyiw6hp47058/Data/NovaSAR_01_53896_grd_13_240503_220513_HH_2/ship_patches_uint8/NovaSAR_01_53896_grd_13_240503_220513_HH_2_patch_2_Cargo_uint8.tif,Cargo,2,train
2tfa6x37oerz2lyiw6hp47058/Data/NovaSAR_01_53904_grd_13_240504_090123_HH_4/ship_patches_uint8/NovaSAR_01_53904_grd_13_240504_090123_HH_4_patch_1_Fishing_uint8.tif,Fishing,1,train
2tfa6x37oerz2lyiw6hp47058/Data/NovaSAR_01_53904_grd_13_240504_090123_HH_4/ship_patches_uint8/NovaSAR_01_53904_grd_13_240504_090123_HH_4_patch_2_Fishing_uint8.tif,Fishing,1,test
2tfa6x37oerz2lyiw6hp47058/Data/NovaSAR_01_53904_grd_13_240504_090123_HH_4/ship_patches_uint8/NovaSAR_01_53904_grd_13_240504_090123_HH_4_patch_6_Fishing_uint8.tif,Fishing,1,train
2tfa6x37oerz2lyiw6hp47058/Data/NovaSAR_01_53904_grd_13_240504_090135_HH_6/ship_patches_uint8/NovaSAR_01_53904_grd_13_240504_090135_HH_6_patch_1_Fishing_uint8.tif,Fishing,1,train
2tfa6x37oerz2lyiw6hp47058/Data/NovaSAR_01_53904_grd_13_240504_090135_HH_6/ship_patches_uint8/NovaSAR_01_53904_grd_13_240504_090135_HH_6_patch_2_Fishing_uint8.tif,Fishing,1,train
2tfa6x37oerz2lyiw6hp47058/Data/NovaSAR_01_53904_grd_13_240504_090152_HH_9/ship_patches_uint8/NovaSAR_01_53904_grd_13_240504_090152_HH_9_patch_2_Cargo_uint8.tif,Cargo,2,train
2tfa6x37oerz2lyiw6hp47058/Data/NovaSAR_01_53904_grd_13_240504_090158_HH_10/ship_patches_uint8/NovaSAR_01_53904_grd_13_240504_090158_HH_10_patch_1_Cargo_uint8.tif,Cargo,2,validation
2tfa6x37oerz2lyiw6hp47058/Data/NovaSAR_01_53904_grd_13_240504_090158_HH_10/ship_patches_uint8/NovaSAR_01_53904_grd_13_240504_090158_HH_10_patch_2_Cargo_uint8.tif,Cargo,2,test
2tfa6x37oerz2lyiw6hp47058/Data/NovaSAR_01_53904_grd_13_240504_090158_HH_10/ship_patches_uint8/NovaSAR_01_53904_grd_13_240504_090158_HH_10_patch_3_Fishing_uint8.tif,Fishing,1,train
2tfa6x37oerz2lyiw6hp47058/Data/NovaSAR_01_53904_grd_13_240504_090158_HH_10/ship_patches_uint8/NovaSAR_01_53904_grd_13_240504_090158_HH_10_patch_4_Cargo_uint8.tif,Cargo,2,train
2tfa6x37oerz2lyiw6hp47058/Data/NovaSAR_01_53904_grd_13_240504_090158_HH_10/ship_patches_uint8/NovaSAR_01_53904_grd_13_240504_090158_HH_10_patch_6_Cargo_uint8.tif,Cargo,2,train
2tfa6x37oerz2lyiw6hp47058/Data/NovaSAR_01_53947_grd_13_240506_222144_HH_2/ship_patches_uint8/NovaSAR_01_53947_grd_13_240506_222144_HH_2_patch_1_Cargo_uint8.tif,Cargo,2,test
2tfa6x37oerz2lyiw6hp47058/Data/NovaSAR_01_53947_grd_13_240506_222150_HH_3/ship_patches_uint8/NovaSAR_01_53947_grd_13_240506_222150_HH_3_patch_11_Cargo_uint8.tif,Cargo,2,train
2tfa6x37oerz2lyiw6hp47058/Data/NovaSAR_01_53947_grd_13_240506_222150_HH_3/ship_patches_uint8/NovaSAR_01_53947_grd_13_240506_222150_HH_3_patch_12_Cargo_uint8.tif,Cargo,2,test
2tfa6x37oerz2lyiw6hp47058/Data/NovaSAR_01_53947_grd_13_240506_222150_HH_3/ship_patches_uint8/NovaSAR_01_53947_grd_13_240506_222150_HH_3_patch_1_Cargo_uint8.tif,Cargo,2,validation
2tfa6x37oerz2lyiw6hp47058/Data/NovaSAR_01_53947_grd_13_240506_222150_HH_3/ship_patches_uint8/NovaSAR_01_53947_grd_13_240506_222150_HH_3_patch_3_Cargo_uint8.tif,Cargo,2,test
2tfa6x37oerz2lyiw6hp47058/Data/NovaSAR_01_53947_grd_13_240506_222150_HH_3/ship_patches_uint8/NovaSAR_01_53947_grd_13_240506_222150_HH_3_patch_6_Tanker_uint8.tif,Tanker,0,test
2tfa6x37oerz2lyiw6hp47058/Data/NovaSAR_01_53947_grd_13_240506_222218_HH_8/ship_patches_uint8/NovaSAR_01_53947_grd_13_240506_222218_HH_8_patch_1_Tanker_uint8.tif,Tanker,0,train
2tfa6x37oerz2lyiw6hp47058/Data/NovaSAR_01_53947_grd_13_240506_222218_HH_8/ship_patches_uint8/NovaSAR_01_53947_grd_13_240506_222218_HH_8_patch_4_Tanker_uint8.tif,Tanker,0,train
2tfa6x37oerz2lyiw6hp47058/Data/NovaSAR_01_53947_grd_13_240506_222246_HH_13/ship_patches_uint8/NovaSAR_01_53947_grd_13_240506_222246_HH_13_patch_1_Cargo_uint8.tif,Cargo,2,train
2tfa6x37oerz2lyiw6hp47058/Data/NovaSAR_01_53947_grd_13_240506_222252_HH_14/ship_patches_uint8/NovaSAR_01_53947_grd_13_240506_222252_HH_14_patch_1_Tanker_uint8.tif,Tanker,0,train
2tfa6x37oerz2lyiw6hp47058/Data/NovaSAR_01_54042_grd_13_240512_081139_HH_3/ship_patches_uint8/NovaSAR_01_54042_grd_13_240512_081139_HH_3_patch_1_Cargo_uint8.tif,Cargo,2,validation
2tfa6x37oerz2lyiw6hp47058/Data/NovaSAR_01_54042_grd_13_240512_081139_HH_3/ship_patches_uint8/NovaSAR_01_54042_grd_13_240512_081139_HH_3_patch_2_Fishing_uint8.tif,Fishing,1,train
2tfa6x37oerz2lyiw6hp47058/Data/NovaSAR_01_54042_grd_13_240512_081139_HH_3/ship_patches_uint8/NovaSAR_01_54042_grd_13_240512_081139_HH_3_patch_3_Tanker_uint8.tif,Tanker,0,train
2tfa6x37oerz2lyiw6hp47058/Data/NovaSAR_01_54042_grd_13_240512_081139_HH_3/ship_patches_uint8/NovaSAR_01_54042_grd_13_240512_081139_HH_3_patch_4_Cargo_uint8.tif,Cargo,2,train
2tfa6x37oerz2lyiw6hp47058/Data/NovaSAR_01_54042_grd_13_240512_081145_HH_4/ship_patches_uint8/NovaSAR_01_54042_grd_13_240512_081145_HH_4_patch_5_Cargo_uint8.tif,Cargo,2,test
2tfa6x37oerz2lyiw6hp47058/Data/NovaSAR_01_54042_grd_13_240512_081145_HH_4/ship_patches_uint8/NovaSAR_01_54042_grd_13_240512_081145_HH_4_patch_6_Tanker_uint8.tif,Tanker,0,test
2tfa6x37oerz2lyiw6hp47058/Data/NovaSAR_01_54042_grd_13_240512_081145_HH_4/ship_patches_uint8/NovaSAR_01_54042_grd_13_240512_081145_HH_4_patch_8_Cargo_uint8.tif,Cargo,2,train
2tfa6x37oerz2lyiw6hp47058/Data/NovaSAR_01_54042_grd_13_240512_081150_HH_5/ship_patches_uint8/NovaSAR_01_54042_grd_13_240512_081150_HH_5_patch_11_Cargo_uint8.tif,Cargo,2,train
2tfa6x37oerz2lyiw6hp47058/Data/NovaSAR_01_54042_grd_13_240512_081150_HH_5/ship_patches_uint8/NovaSAR_01_54042_grd_13_240512_081150_HH_5_patch_12_Cargo_uint8.tif,Cargo,2,train
2tfa6x37oerz2lyiw6hp47058/Data/NovaSAR_01_54042_grd_13_240512_081150_HH_5/ship_patches_uint8/NovaSAR_01_54042_grd_13_240512_081150_HH_5_patch_1_Cargo_uint8.tif,Cargo,2,test
2tfa6x37oerz2lyiw6hp47058/Data/NovaSAR_01_54042_grd_13_240512_081150_HH_5/ship_patches_uint8/NovaSAR_01_54042_grd_13_240512_081150_HH_5_patch_9_Cargo_uint8.tif,Cargo,2,test
2tfa6x37oerz2lyiw6hp47058/Data/NovaSAR_01_54042_grd_13_240512_081156_HH_6/ship_patches_uint8/NovaSAR_01_54042_grd_13_240512_081156_HH_6_patch_13_Cargo_uint8.tif,Cargo,2,train
2tfa6x37oerz2lyiw6hp47058/Data/NovaSAR_01_54042_grd_13_240512_081156_HH_6/ship_patches_uint8/NovaSAR_01_54042_grd_13_240512_081156_HH_6_patch_17_Tanker_uint8.tif,Tanker,0,train
2tfa6x37oerz2lyiw6hp47058/Data/NovaSAR_01_54042_grd_13_240512_081156_HH_6/ship_patches_uint8/NovaSAR_01_54042_grd_13_240512_081156_HH_6_patch_24_Cargo_uint8.tif,Cargo,2,train
2tfa6x37oerz2lyiw6hp47058/Data/NovaSAR_01_54042_grd_13_240512_081202_HH_7/ship_patches_uint8/NovaSAR_01_54042_grd_13_240512_081202_HH_7_patch_15_Cargo_uint8.tif,Cargo,2,train
2tfa6x37oerz2lyiw6hp47058/Data/NovaSAR_01_54042_grd_13_240512_081202_HH_7/ship_patches_uint8/NovaSAR_01_54042_grd_13_240512_081202_HH_7_patch_18_Cargo_uint8.tif,Cargo,2,train
2tfa6x37oerz2lyiw6hp47058/Data/NovaSAR_01_54042_grd_13_240512_081207_HH_8/ship_patches_uint8/NovaSAR_01_54042_grd_13_240512_081207_HH_8_patch_1_Fishing_uint8.tif,Fishing,1,train
2tfa6x37oerz2lyiw6hp47058/Data/NovaSAR_01_54042_grd_13_240512_081207_HH_8/ship_patches_uint8/NovaSAR_01_54042_grd_13_240512_081207_HH_8_patch_2_Cargo_uint8.tif,Cargo,2,train
2tfa6x37oerz2lyiw6hp47058/Data/NovaSAR_01_54042_grd_13_240512_081207_HH_8/ship_patches_uint8/NovaSAR_01_54042_grd_13_240512_081207_HH_8_patch_3_Cargo_uint8.tif,Cargo,2,test
2tfa6x37oerz2lyiw6hp47058/Data/NovaSAR_01_54042_grd_13_240512_081213_HH_9/ship_patches_uint8/NovaSAR_01_54042_grd_13_240512_081213_HH_9_patch_1_Tanker_uint8.tif,Tanker,0,validation
2tfa6x37oerz2lyiw6hp47058/Data/NovaSAR_01_54042_grd_13_240512_081213_HH_9/ship_patches_uint8/NovaSAR_01_54042_grd_13_240512_081213_HH_9_patch_2_Cargo_uint8.tif,Cargo,2,train
2tfa6x37oerz2lyiw6hp47058/Data/NovaSAR_01_54042_grd_13_240512_081213_HH_9/ship_patches_uint8/NovaSAR_01_54042_grd_13_240512_081213_HH_9_patch_4_Tanker_uint8.tif,Tanker,0,test
2tfa6x37oerz2lyiw6hp47058/Data/NovaSAR_01_54042_grd_13_240512_081213_HH_9/ship_patches_uint8/NovaSAR_01_54042_grd_13_240512_081213_HH_9_patch_5_Tanker_uint8.tif,Tanker,0,train
2tfa6x37oerz2lyiw6hp47058/Data/NovaSAR_01_54042_grd_13_240512_081213_HH_9/ship_patches_uint8/NovaSAR_01_54042_grd_13_240512_081213_HH_9_patch_6_Cargo_uint8.tif,Cargo,2,test
2tfa6x37oerz2lyiw6hp47058/Data/NovaSAR_01_54042_grd_13_240512_081213_HH_9/ship_patches_uint8/NovaSAR_01_54042_grd_13_240512_081213_HH_9_patch_7_Cargo_uint8.tif,Cargo,2,train
2tfa6x37oerz2lyiw6hp47058/Data/NovaSAR_01_54042_grd_13_240512_081218_HH_10/ship_patches_uint8/NovaSAR_01_54042_grd_13_240512_081218_HH_10_patch_2_Cargo_uint8.tif,Cargo,2,train
2tfa6x37oerz2lyiw6hp47058/Data/NovaSAR_01_54042_grd_13_240512_081218_HH_10/ship_patches_uint8/NovaSAR_01_54042_grd_13_240512_081218_HH_10_patch_3_Cargo_uint8.tif,Cargo,2,train
2tfa6x37oerz2lyiw6hp47058/Data/NovaSAR_01_54042_grd_13_240512_081218_HH_10/ship_patches_uint8/NovaSAR_01_54042_grd_13_240512_081218_HH_10_patch_4_Fishing_uint8.tif,Fishing,1,train
2tfa6x37oerz2lyiw6hp47058/Data/NovaSAR_01_54042_grd_13_240512_081218_HH_10/ship_patches_uint8/NovaSAR_01_54042_grd_13_240512_081218_HH_10_patch_5_Tanker_uint8.tif,Tanker,0,train
2tfa6x37oerz2lyiw6hp47058/Data/NovaSAR_01_54042_grd_13_240512_081224_HH_11/ship_patches_uint8/NovaSAR_01_54042_grd_13_240512_081224_HH_11_patch_2_Tanker_uint8.tif,Tanker,0,test
2tfa6x37oerz2lyiw6hp47058/Data/NovaSAR_01_54042_grd_13_240512_081224_HH_11/ship_patches_uint8/NovaSAR_01_54042_grd_13_240512_081224_HH_11_patch_3_Tanker_uint8.tif,Tanker,0,train
2tfa6x37oerz2lyiw6hp47058/Data/NovaSAR_01_54042_grd_13_240512_081224_HH_11/ship_patches_uint8/NovaSAR_01_54042_grd_13_240512_081224_HH_11_patch_4_Tanker_uint8.tif,Tanker,0,train
2tfa6x37oerz2lyiw6hp47058/Data/NovaSAR_01_54042_grd_13_240512_081224_HH_11/ship_patches_uint8/NovaSAR_01_54042_grd_13_240512_081224_HH_11_patch_7_Cargo_uint8.tif,Cargo,2,test
2tfa6x37oerz2lyiw6hp47058/Data/NovaSAR_01_54042_grd_13_240512_081224_HH_11/ship_patches_uint8/NovaSAR_01_54042_grd_13_240512_081224_HH_11_patch_8_Tanker_uint8.tif,Tanker,0,train
2tfa6x37oerz2lyiw6hp47058/Data/NovaSAR_01_54059_grd_13_240513_081721_HH_2/ship_patches_uint8/NovaSAR_01_54059_grd_13_240513_081721_HH_2_patch_1_Cargo_uint8.tif,Cargo,2,train
2tfa6x37oerz2lyiw6hp47058/Data/NovaSAR_01_54093_grd_13_240515_082857_HH_3/ship_patches_uint8/NovaSAR_01_54093_grd_13_240515_082857_HH_3_patch_7_Fishing_uint8.tif,Fishing,1,test
2tfa6x37oerz2lyiw6hp47058/Data/NovaSAR_01_54093_grd_13_240515_082931_HH_9/ship_patches_uint8/NovaSAR_01_54093_grd_13_240515_082931_HH_9_patch_2_Fishing_uint8.tif,Fishing,1,train
2tfa6x37oerz2lyiw6hp47058/Data/NovaSAR_01_54093_grd_13_240515_082937_HH_10/ship_patches_uint8/NovaSAR_01_54093_grd_13_240515_082937_HH_10_patch_13_Fishing_uint8.tif,Fishing,1,train
2tfa6x37oerz2lyiw6hp47058/Data/NovaSAR_01_54093_grd_13_240515_082937_HH_10/ship_patches_uint8/NovaSAR_01_54093_grd_13_240515_082937_HH_10_patch_4_Fishing_uint8.tif,Fishing,1,test
2tfa6x37oerz2lyiw6hp47058/Data/NovaSAR_01_54093_grd_13_240515_082937_HH_10/ship_patches_uint8/NovaSAR_01_54093_grd_13_240515_082937_HH_10_patch_6_Fishing_uint8.tif,Fishing,1,train
2tfa6x37oerz2lyiw6hp47058/Data/NovaSAR_01_54093_grd_13_240515_082943_HH_11/ship_patches_uint8/NovaSAR_01_54093_grd_13_240515_082943_HH_11_patch_1_Tanker_uint8.tif,Tanker,0,train
2tfa6x37oerz2lyiw6hp47058/Data/NovaSAR_01_54093_grd_13_240515_082948_HH_12/ship_patches_uint8/NovaSAR_01_54093_grd_13_240515_082948_HH_12_patch_1_Tanker_uint8.tif,Tanker,0,train
2tfa6x37oerz2lyiw6hp47058/Data/NovaSAR_01_54093_grd_13_240515_082948_HH_12/ship_patches_uint8/NovaSAR_01_54093_grd_13_240515_082948_HH_12_patch_2_Cargo_uint8.tif,Cargo,2,train
2tfa6x37oerz2lyiw6hp47058/Data/NovaSAR_01_54093_grd_13_240515_082948_HH_12/ship_patches_uint8/NovaSAR_01_54093_grd_13_240515_082948_HH_12_patch_3_Fishing_uint8.tif,Fishing,1,train
2tfa6x37oerz2lyiw6hp47058/Data/NovaSAR_01_54109_grd_13_240516_083508_HH_8/ship_patches_uint8/NovaSAR_01_54109_grd_13_240516_083508_HH_8_patch_1_Cargo_uint8.tif,Cargo,2,train
2tfa6x37oerz2lyiw6hp47058/Data/NovaSAR_01_54109_grd_13_240516_083508_HH_8/ship_patches_uint8/NovaSAR_01_54109_grd_13_240516_083508_HH_8_patch_2_Fishing_uint8.tif,Fishing,1,validation
2tfa6x37oerz2lyiw6hp47058/Data/NovaSAR_01_54118_grd_13_240516_214406_HH_2/ship_patches_uint8/NovaSAR_01_54118_grd_13_240516_214406_HH_2_patch_5_Cargo_uint8.tif,Cargo,2,train
2tfa6x37oerz2lyiw6hp47058/Data/NovaSAR_01_54118_grd_13_240516_214412_HH_3/ship_patches_uint8/NovaSAR_01_54118_grd_13_240516_214412_HH_3_patch_4_Cargo_uint8.tif,Cargo,2,train
2tfa6x37oerz2lyiw6hp47058/Data/NovaSAR_01_54118_grd_13_240516_214412_HH_3/ship_patches_uint8/NovaSAR_01_54118_grd_13_240516_214412_HH_3_patch_5_Cargo_uint8.tif,Cargo,2,train
2tfa6x37oerz2lyiw6hp47058/Data/NovaSAR_01_54118_grd_13_240516_214412_HH_3/ship_patches_uint8/NovaSAR_01_54118_grd_13_240516_214412_HH_3_patch_6_Cargo_uint8.tif,Cargo,2,validation
2tfa6x37oerz2lyiw6hp47058/Data/NovaSAR_01_54118_grd_13_240516_214423_HH_5/ship_patches_uint8/NovaSAR_01_54118_grd_13_240516_214423_HH_5_patch_1_Cargo_uint8.tif,Cargo,2,train
2tfa6x37oerz2lyiw6hp47058/Data/NovaSAR_01_54118_grd_13_240516_214423_HH_5/ship_patches_uint8/NovaSAR_01_54118_grd_13_240516_214423_HH_5_patch_2_Cargo_uint8.tif,Cargo,2,train
2tfa6x37oerz2lyiw6hp47058/Data/NovaSAR_01_54118_grd_13_240516_214423_HH_5/ship_patches_uint8/NovaSAR_01_54118_grd_13_240516_214423_HH_5_patch_3_Cargo_uint8.tif,Cargo,2,train
2tfa6x37oerz2lyiw6hp47058/Data/NovaSAR_01_54133_grd_13_240517_084015_HH_2/ship_patches_uint8/NovaSAR_01_54133_grd_13_240517_084015_HH_2_patch_1_Cargo_uint8.tif,Cargo,2,test
2tfa6x37oerz2lyiw6hp47058/Data/NovaSAR_01_54133_grd_13_240517_084015_HH_2/ship_patches_uint8/NovaSAR_01_54133_grd_13_240517_084015_HH_2_patch_2_Cargo_uint8.tif,Cargo,2,train
2tfa6x37oerz2lyiw6hp47058/Data/NovaSAR_01_54133_grd_13_240517_084015_HH_2/ship_patches_uint8/NovaSAR_01_54133_grd_13_240517_084015_HH_2_patch_3_Cargo_uint8.tif,Cargo,2,train
2tfa6x37oerz2lyiw6hp47058/Data/NovaSAR_01_54133_grd_13_240517_084015_HH_2/ship_patches_uint8/NovaSAR_01_54133_grd_13_240517_084015_HH_2_patch_6_Tanker_uint8.tif,Tanker,0,validation
2tfa6x37oerz2lyiw6hp47058/Data/NovaSAR_01_54133_grd_13_240517_084043_HH_7/ship_patches_uint8/NovaSAR_01_54133_grd_13_240517_084043_HH_7_patch_2_Cargo_uint8.tif,Cargo,2,train
2tfa6x37oerz2lyiw6hp47058/Data/NovaSAR_01_54173_grd_13_240518_084558_HH_2/ship_patches_uint8/NovaSAR_01_54173_grd_13_240518_084558_HH_2_patch_5_Tanker_uint8.tif,Tanker,0,train
2tfa6x37oerz2lyiw6hp47058/Data/NovaSAR_01_54173_grd_13_240518_084603_HH_3/ship_patches_uint8/NovaSAR_01_54173_grd_13_240518_084603_HH_3_patch_2_Cargo_uint8.tif,Cargo,2,train
2tfa6x37oerz2lyiw6hp47058/Data/NovaSAR_01_54173_grd_13_240518_084609_HH_4/ship_patches_uint8/NovaSAR_01_54173_grd_13_240518_084609_HH_4_patch_4_Tanker_uint8.tif,Tanker,0,train
2tfa6x37oerz2lyiw6hp47058/Data/NovaSAR_01_54173_grd_13_240518_084609_HH_4/ship_patches_uint8/NovaSAR_01_54173_grd_13_240518_084609_HH_4_patch_6_Tanker_uint8.tif,Tanker,0,train
2tfa6x37oerz2lyiw6hp47058/Data/NovaSAR_01_54173_grd_13_240518_084615_HH_5/ship_patches_uint8/NovaSAR_01_54173_grd_13_240518_084615_HH_5_patch_10_Cargo_uint8.tif,Cargo,2,train
2tfa6x37oerz2lyiw6hp47058/Data/NovaSAR_01_54173_grd_13_240518_084615_HH_5/ship_patches_uint8/NovaSAR_01_54173_grd_13_240518_084615_HH_5_patch_11_Cargo_uint8.tif,Cargo,2,train
2tfa6x37oerz2lyiw6hp47058/Data/NovaSAR_01_54173_grd_13_240518_084615_HH_5/ship_patches_uint8/NovaSAR_01_54173_grd_13_240518_084615_HH_5_patch_12_Cargo_uint8.tif,Cargo,2,test
2tfa6x37oerz2lyiw6hp47058/Data/NovaSAR_01_54173_grd_13_240518_084615_HH_5/ship_patches_uint8/NovaSAR_01_54173_grd_13_240518_084615_HH_5_patch_13_Tanker_uint8.tif,Tanker,0,train
2tfa6x37oerz2lyiw6hp47058/Data/NovaSAR_01_54173_grd_13_240518_084615_HH_5/ship_patches_uint8/NovaSAR_01_54173_grd_13_240518_084615_HH_5_patch_1_Tanker_uint8.tif,Tanker,0,validation
2tfa6x37oerz2lyiw6hp47058/Data/NovaSAR_01_54173_grd_13_240518_084615_HH_5/ship_patches_uint8/NovaSAR_01_54173_grd_13_240518_084615_HH_5_patch_4_Cargo_uint8.tif,Cargo,2,train
2tfa6x37oerz2lyiw6hp47058/Data/NovaSAR_01_54173_grd_13_240518_084615_HH_5/ship_patches_uint8/NovaSAR_01_54173_grd_13_240518_084615_HH_5_patch_5_Cargo_uint8.tif,Cargo,2,train
2tfa6x37oerz2lyiw6hp47058/Data/NovaSAR_01_54173_grd_13_240518_084620_HH_6/ship_patches_uint8/NovaSAR_01_54173_grd_13_240518_084620_HH_6_patch_10_Cargo_uint8.tif,Cargo,2,train
2tfa6x37oerz2lyiw6hp47058/Data/NovaSAR_01_54173_grd_13_240518_084620_HH_6/ship_patches_uint8/NovaSAR_01_54173_grd_13_240518_084620_HH_6_patch_11_Tanker_uint8.tif,Tanker,0,train
2tfa6x37oerz2lyiw6hp47058/Data/NovaSAR_01_54173_grd_13_240518_084620_HH_6/ship_patches_uint8/NovaSAR_01_54173_grd_13_240518_084620_HH_6_patch_5_Cargo_uint8.tif,Cargo,2,train
2tfa6x37oerz2lyiw6hp47058/Data/NovaSAR_01_54173_grd_13_240518_084620_HH_6/ship_patches_uint8/NovaSAR_01_54173_grd_13_240518_084620_HH_6_patch_6_Cargo_uint8.tif,Cargo,2,train
2tfa6x37oerz2lyiw6hp47058/Data/NovaSAR_01_54173_grd_13_240518_084654_HH_12/ship_patches_uint8/NovaSAR_01_54173_grd_13_240518_084654_HH_12_patch_1_Fishing_uint8.tif,Fishing,1,train
2tfa6x37oerz2lyiw6hp47058/Data/NovaSAR_01_54173_grd_13_240518_084654_HH_12/ship_patches_uint8/NovaSAR_01_54173_grd_13_240518_084654_HH_12_patch_3_Tanker_uint8.tif,Tanker,0,test
2tfa6x37oerz2lyiw6hp47058/Data/NovaSAR_01_54173_grd_13_240518_084654_HH_12/ship_patches_uint8/NovaSAR_01_54173_grd_13_240518_084654_HH_12_patch_4_Cargo_uint8.tif,Cargo,2,train
2tfa6x37oerz2lyiw6hp47058/Data/NovaSAR_01_54173_grd_13_240518_084654_HH_12/ship_patches_uint8/NovaSAR_01_54173_grd_13_240518_084654_HH_12_patch_5_Fishing_uint8.tif,Fishing,1,train
2tfa6x37oerz2lyiw6hp47058/Data/NovaSAR_01_54173_grd_13_240518_084654_HH_12/ship_patches_uint8/NovaSAR_01_54173_grd_13_240518_084654_HH_12_patch_6_Tanker_uint8.tif,Tanker,0,train
2tfa6x37oerz2lyiw6hp47058/Data/NovaSAR_01_54173_grd_13_240518_084700_HH_13/ship_patches_uint8/NovaSAR_01_54173_grd_13_240518_084700_HH_13_patch_1_Cargo_uint8.tif,Cargo,2,train
2tfa6x37oerz2lyiw6hp47058/Data/NovaSAR_01_54188_grd_13_240518_215503_HH_2/ship_patches_uint8/NovaSAR_01_54188_grd_13_240518_215503_HH_2_patch_10_Fishing_uint8.tif,Fishing,1,train
2tfa6x37oerz2lyiw6hp47058/Data/NovaSAR_01_54188_grd_13_240518_215503_HH_2/ship_patches_uint8/NovaSAR_01_54188_grd_13_240518_215503_HH_2_patch_11_Tanker_uint8.tif,Tanker,0,train
2tfa6x37oerz2lyiw6hp47058/Data/NovaSAR_01_54188_grd_13_240518_215503_HH_2/ship_patches_uint8/NovaSAR_01_54188_grd_13_240518_215503_HH_2_patch_2_Fishing_uint8.tif,Fishing,1,train
2tfa6x37oerz2lyiw6hp47058/Data/NovaSAR_01_54188_grd_13_240518_215503_HH_2/ship_patches_uint8/NovaSAR_01_54188_grd_13_240518_215503_HH_2_patch_3_Cargo_uint8.tif,Cargo,2,validation
2tfa6x37oerz2lyiw6hp47058/Data/NovaSAR_01_54188_grd_13_240518_215503_HH_2/ship_patches_uint8/NovaSAR_01_54188_grd_13_240518_215503_HH_2_patch_5_Cargo_uint8.tif,Cargo,2,test
2tfa6x37oerz2lyiw6hp47058/Data/NovaSAR_01_54188_grd_13_240518_215503_HH_2/ship_patches_uint8/NovaSAR_01_54188_grd_13_240518_215503_HH_2_patch_6_Fishing_uint8.tif,Fishing,1,train
2tfa6x37oerz2lyiw6hp47058/Data/NovaSAR_01_54188_grd_13_240518_215503_HH_2/ship_patches_uint8/NovaSAR_01_54188_grd_13_240518_215503_HH_2_patch_7_Tanker_uint8.tif,Tanker,0,train
2tfa6x37oerz2lyiw6hp47058/Data/NovaSAR_01_54188_grd_13_240518_215503_HH_2/ship_patches_uint8/NovaSAR_01_54188_grd_13_240518_215503_HH_2_patch_8_Cargo_uint8.tif,Cargo,2,train
2tfa6x37oerz2lyiw6hp47058/Data/NovaSAR_01_54188_grd_13_240518_215503_HH_2/ship_patches_uint8/NovaSAR_01_54188_grd_13_240518_215503_HH_2_patch_9_Fishing_uint8.tif,Fishing,1,train
2tfa6x37oerz2lyiw6hp47058/Data/NovaSAR_01_54188_grd_13_240518_215509_HH_3/ship_patches_uint8/NovaSAR_01_54188_grd_13_240518_215509_HH_3_patch_3_Tanker_uint8.tif,Tanker,0,validation
2tfa6x37oerz2lyiw6hp47058/Data/NovaSAR_01_54188_grd_13_240518_215509_HH_3/ship_patches_uint8/NovaSAR_01_54188_grd_13_240518_215509_HH_3_patch_4_Cargo_uint8.tif,Cargo,2,train
2tfa6x37oerz2lyiw6hp47058/Data/NovaSAR_01_54188_grd_13_240518_215509_HH_3/ship_patches_uint8/NovaSAR_01_54188_grd_13_240518_215509_HH_3_patch_8_Fishing_uint8.tif,Fishing,1,validation
2tfa6x37oerz2lyiw6hp47058/Data/NovaSAR_01_54188_grd_13_240518_215537_HH_8/ship_patches_uint8/NovaSAR_01_54188_grd_13_240518_215537_HH_8_patch_6_Cargo_uint8.tif,Cargo,2,test
2tfa6x37oerz2lyiw6hp47058/Data/NovaSAR_01_54188_grd_13_240518_215543_HH_9/ship_patches_uint8/NovaSAR_01_54188_grd_13_240518_215543_HH_9_patch_7_Cargo_uint8.tif,Cargo,2,validation
2tfa6x37oerz2lyiw6hp47058/Data/NovaSAR_01_54205_grd_13_240519_085143_HH_1/ship_patches_uint8/NovaSAR_01_54205_grd_13_240519_085143_HH_1_patch_2_Cargo_uint8.tif,Cargo,2,train
2tfa6x37oerz2lyiw6hp47058/Data/NovaSAR_01_54205_grd_13_240519_085228_HH_9/ship_patches_uint8/NovaSAR_01_54205_grd_13_240519_085228_HH_9_patch_1_Tanker_uint8.tif,Tanker,0,train
2tfa6x37oerz2lyiw6hp47058/Data/NovaSAR_01_54219_grd_13_240519_220035_HH_2/ship_patches_uint8/NovaSAR_01_54219_grd_13_240519_220035_HH_2_patch_1_Fishing_uint8.tif,Fishing,1,train
2tfa6x37oerz2lyiw6hp47058/Data/NovaSAR_01_54219_grd_13_240519_220052_HH_5/ship_patches_uint8/NovaSAR_01_54219_grd_13_240519_220052_HH_5_patch_1_Cargo_uint8.tif,Cargo,2,validation
2tfa6x37oerz2lyiw6hp47058/Data/NovaSAR_01_54219_grd_13_240519_220052_HH_5/ship_patches_uint8/NovaSAR_01_54219_grd_13_240519_220052_HH_5_patch_2_Fishing_uint8.tif,Fishing,1,train
2tfa6x37oerz2lyiw6hp47058/Data/NovaSAR_01_54219_grd_13_240519_220052_HH_5/ship_patches_uint8/NovaSAR_01_54219_grd_13_240519_220052_HH_5_patch_3_Cargo_uint8.tif,Cargo,2,train
2tfa6x37oerz2lyiw6hp47058/Data/NovaSAR_01_54219_grd_13_240519_220058_HH_6/ship_patches_uint8/NovaSAR_01_54219_grd_13_240519_220058_HH_6_patch_1_Cargo_uint8.tif,Cargo,2,test
2tfa6x37oerz2lyiw6hp47058/Data/NovaSAR_01_54219_grd_13_240519_220058_HH_6/ship_patches_uint8/NovaSAR_01_54219_grd_13_240519_220058_HH_6_patch_3_Tanker_uint8.tif,Tanker,0,train
2tfa6x37oerz2lyiw6hp47058/Data/NovaSAR_01_54219_grd_13_240519_220126_HH_11/ship_patches_uint8/NovaSAR_01_54219_grd_13_240519_220126_HH_11_patch_1_Fishing_uint8.tif,Fishing,1,train
2tfa6x37oerz2lyiw6hp47058/Data/NovaSAR_01_54219_grd_13_240519_220126_HH_11/ship_patches_uint8/NovaSAR_01_54219_grd_13_240519_220126_HH_11_patch_2_Fishing_uint8.tif,Fishing,1,test
2tfa6x37oerz2lyiw6hp47058/Data/NovaSAR_01_54219_grd_13_240519_220126_HH_11/ship_patches_uint8/NovaSAR_01_54219_grd_13_240519_220126_HH_11_patch_3_Fishing_uint8.tif,Fishing,1,train
2tfa6x37oerz2lyiw6hp47058/Data/NovaSAR_01_54250_grd_13_240520_220653_HH_1/ship_patches_uint8/NovaSAR_01_54250_grd_13_240520_220653_HH_1_patch_2_Tanker_uint8.tif,Tanker,0,validation
2tfa6x37oerz2lyiw6hp47058/Data/NovaSAR_01_54250_grd_13_240520_220658_HH_2/ship_patches_uint8/NovaSAR_01_54250_grd_13_240520_220658_HH_2_patch_11_Tanker_uint8.tif,Tanker,0,test
2tfa6x37oerz2lyiw6hp47058/Data/NovaSAR_01_54250_grd_13_240520_220658_HH_2/ship_patches_uint8/NovaSAR_01_54250_grd_13_240520_220658_HH_2_patch_14_Cargo_uint8.tif,Cargo,2,train
2tfa6x37oerz2lyiw6hp47058/Data/NovaSAR_01_54250_grd_13_240520_220658_HH_2/ship_patches_uint8/NovaSAR_01_54250_grd_13_240520_220658_HH_2_patch_17_Cargo_uint8.tif,Cargo,2,train
2tfa6x37oerz2lyiw6hp47058/Data/NovaSAR_01_54250_grd_13_240520_220658_HH_2/ship_patches_uint8/NovaSAR_01_54250_grd_13_240520_220658_HH_2_patch_18_Tanker_uint8.tif,Tanker,0,train
2tfa6x37oerz2lyiw6hp47058/Data/NovaSAR_01_54250_grd_13_240520_220658_HH_2/ship_patches_uint8/NovaSAR_01_54250_grd_13_240520_220658_HH_2_patch_19_Tanker_uint8.tif,Tanker,0,train
2tfa6x37oerz2lyiw6hp47058/Data/NovaSAR_01_54250_grd_13_240520_220658_HH_2/ship_patches_uint8/NovaSAR_01_54250_grd_13_240520_220658_HH_2_patch_21_Cargo_uint8.tif,Cargo,2,validation
2tfa6x37oerz2lyiw6hp47058/Data/NovaSAR_01_54250_grd_13_240520_220658_HH_2/ship_patches_uint8/NovaSAR_01_54250_grd_13_240520_220658_HH_2_patch_28_Cargo_uint8.tif,Cargo,2,train
2tfa6x37oerz2lyiw6hp47058/Data/NovaSAR_01_54250_grd_13_240520_220658_HH_2/ship_patches_uint8/NovaSAR_01_54250_grd_13_240520_220658_HH_2_patch_30_Cargo_uint8.tif,Cargo,2,train
2tfa6x37oerz2lyiw6hp47058/Data/NovaSAR_01_54250_grd_13_240520_220658_HH_2/ship_patches_uint8/NovaSAR_01_54250_grd_13_240520_220658_HH_2_patch_31_Tanker_uint8.tif,Tanker,0,train
2tfa6x37oerz2lyiw6hp47058/Data/NovaSAR_01_54250_grd_13_240520_220704_HH_3/ship_patches_uint8/NovaSAR_01_54250_grd_13_240520_220704_HH_3_patch_2_Cargo_uint8.tif,Cargo,2,validation
2tfa6x37oerz2lyiw6hp47058/Data/NovaSAR_01_54250_grd_13_240520_220715_HH_5/ship_patches_uint8/NovaSAR_01_54250_grd_13_240520_220715_HH_5_patch_1_Cargo_uint8.tif,Cargo,2,train
2tfa6x37oerz2lyiw6hp47058/Data/NovaSAR_01_54250_grd_13_240520_220715_HH_5/ship_patches_uint8/NovaSAR_01_54250_grd_13_240520_220715_HH_5_patch_3_Cargo_uint8.tif,Cargo,2,test
2tfa6x37oerz2lyiw6hp47058/Data/NovaSAR_01_54250_grd_13_240520_220715_HH_5/ship_patches_uint8/NovaSAR_01_54250_grd_13_240520_220715_HH_5_patch_4_Tanker_uint8.tif,Tanker,0,train
2tfa6x37oerz2lyiw6hp47058/Data/NovaSAR_01_54250_grd_13_240520_220715_HH_5/ship_patches_uint8/NovaSAR_01_54250_grd_13_240520_220715_HH_5_patch_7_Tanker_uint8.tif,Tanker,0,test
2tfa6x37oerz2lyiw6hp47058/Data/NovaSAR_01_54299_grd_13_240522_221757_HH_2/ship_patches_uint8/NovaSAR_01_54299_grd_13_240522_221757_HH_2_patch_1_Fishing_uint8.tif,Fishing,1,train
2tfa6x37oerz2lyiw6hp47058/Data/NovaSAR_01_54299_grd_13_240522_221757_HH_2/ship_patches_uint8/NovaSAR_01_54299_grd_13_240522_221757_HH_2_patch_2_Tanker_uint8.tif,Tanker,0,train
2tfa6x37oerz2lyiw6hp47058/Data/NovaSAR_01_54299_grd_13_240522_221757_HH_2/ship_patches_uint8/NovaSAR_01_54299_grd_13_240522_221757_HH_2_patch_3_Cargo_uint8.tif,Cargo,2,test
2tfa6x37oerz2lyiw6hp47058/Data/NovaSAR_01_54299_grd_13_240522_221803_HH_3/ship_patches_uint8/NovaSAR_01_54299_grd_13_240522_221803_HH_3_patch_1_Fishing_uint8.tif,Fishing,1,test
2tfa6x37oerz2lyiw6hp47058/Data/NovaSAR_01_54299_grd_13_240522_221803_HH_3/ship_patches_uint8/NovaSAR_01_54299_grd_13_240522_221803_HH_3_patch_2_Fishing_uint8.tif,Fishing,1,train
2tfa6x37oerz2lyiw6hp47058/Data/NovaSAR_01_54299_grd_13_240522_221803_HH_3/ship_patches_uint8/NovaSAR_01_54299_grd_13_240522_221803_HH_3_patch_3_Cargo_uint8.tif,Cargo,2,train
2tfa6x37oerz2lyiw6hp47058/Data/NovaSAR_01_54299_grd_13_240522_221814_HH_5/ship_patches_uint8/NovaSAR_01_54299_grd_13_240522_221814_HH_5_patch_1_Cargo_uint8.tif,Cargo,2,train
2tfa6x37oerz2lyiw6hp47058/Data/NovaSAR_01_54299_grd_13_240522_221814_HH_5/ship_patches_uint8/NovaSAR_01_54299_grd_13_240522_221814_HH_5_patch_2_Cargo_uint8.tif,Cargo,2,train
2tfa6x37oerz2lyiw6hp47058/Data/NovaSAR_01_54299_grd_13_240522_221814_HH_5/ship_patches_uint8/NovaSAR_01_54299_grd_13_240522_221814_HH_5_patch_4_Tanker_uint8.tif,Tanker,0,test
2tfa6x37oerz2lyiw6hp47058/Data/NovaSAR_01_54299_grd_13_240522_221820_HH_6/ship_patches_uint8/NovaSAR_01_54299_grd_13_240522_221820_HH_6_patch_1_Tanker_uint8.tif,Tanker,0,test
2tfa6x37oerz2lyiw6hp47058/Data/NovaSAR_01_54299_grd_13_240522_221820_HH_6/ship_patches_uint8/NovaSAR_01_54299_grd_13_240522_221820_HH_6_patch_2_Cargo_uint8.tif,Cargo,2,train
2tfa6x37oerz2lyiw6hp47058/Data/NovaSAR_01_54299_grd_13_240522_221820_HH_6/ship_patches_uint8/NovaSAR_01_54299_grd_13_240522_221820_HH_6_patch_4_Cargo_uint8.tif,Cargo,2,train
2tfa6x37oerz2lyiw6hp47058/Data/NovaSAR_01_54299_grd_13_240522_221825_HH_7/ship_patches_uint8/NovaSAR_01_54299_grd_13_240522_221825_HH_7_patch_2_Cargo_uint8.tif,Cargo,2,train
2tfa6x37oerz2lyiw6hp47058/Data/NovaSAR_01_54299_grd_13_240522_221825_HH_7/ship_patches_uint8/NovaSAR_01_54299_grd_13_240522_221825_HH_7_patch_3_Tanker_uint8.tif,Tanker,0,train
2tfa6x37oerz2lyiw6hp47058/Data/NovaSAR_01_54299_grd_13_240522_221825_HH_7/ship_patches_uint8/NovaSAR_01_54299_grd_13_240522_221825_HH_7_patch_4_Tanker_uint8.tif,Tanker,0,train
2tfa6x37oerz2lyiw6hp47058/Data/NovaSAR_01_54299_grd_13_240522_221825_HH_7/ship_patches_uint8/NovaSAR_01_54299_grd_13_240522_221825_HH_7_patch_8_Cargo_uint8.tif,Cargo,2,train
2tfa6x37oerz2lyiw6hp47058/Data/NovaSAR_01_54299_grd_13_240522_221825_HH_7/ship_patches_uint8/NovaSAR_01_54299_grd_13_240522_221825_HH_7_patch_9_Cargo_uint8.tif,Cargo,2,train
2tfa6x37oerz2lyiw6hp47058/Data/NovaSAR_01_54317_grd_13_240523_222337_HH_2/ship_patches_uint8/NovaSAR_01_54317_grd_13_240523_222337_HH_2_patch_10_Cargo_uint8.tif,Cargo,2,test
2tfa6x37oerz2lyiw6hp47058/Data/NovaSAR_01_54317_grd_13_240523_222337_HH_2/ship_patches_uint8/NovaSAR_01_54317_grd_13_240523_222337_HH_2_patch_11_Cargo_uint8.tif,Cargo,2,test
2tfa6x37oerz2lyiw6hp47058/Data/NovaSAR_01_54317_grd_13_240523_222337_HH_2/ship_patches_uint8/NovaSAR_01_54317_grd_13_240523_222337_HH_2_patch_12_Tanker_uint8.tif,Tanker,0,train
2tfa6x37oerz2lyiw6hp47058/Data/NovaSAR_01_54317_grd_13_240523_222337_HH_2/ship_patches_uint8/NovaSAR_01_54317_grd_13_240523_222337_HH_2_patch_1_Cargo_uint8.tif,Cargo,2,train
2tfa6x37oerz2lyiw6hp47058/Data/NovaSAR_01_54317_grd_13_240523_222337_HH_2/ship_patches_uint8/NovaSAR_01_54317_grd_13_240523_222337_HH_2_patch_2_Fishing_uint8.tif,Fishing,1,train
2tfa6x37oerz2lyiw6hp47058/Data/NovaSAR_01_54317_grd_13_240523_222337_HH_2/ship_patches_uint8/NovaSAR_01_54317_grd_13_240523_222337_HH_2_patch_3_Tanker_uint8.tif,Tanker,0,train
2tfa6x37oerz2lyiw6hp47058/Data/NovaSAR_01_54317_grd_13_240523_222337_HH_2/ship_patches_uint8/NovaSAR_01_54317_grd_13_240523_222337_HH_2_patch_4_Cargo_uint8.tif,Cargo,2,validation
2tfa6x37oerz2lyiw6hp47058/Data/NovaSAR_01_54317_grd_13_240523_222337_HH_2/ship_patches_uint8/NovaSAR_01_54317_grd_13_240523_222337_HH_2_patch_5_Tanker_uint8.tif,Tanker,0,train
2tfa6x37oerz2lyiw6hp47058/Data/NovaSAR_01_54317_grd_13_240523_222337_HH_2/ship_patches_uint8/NovaSAR_01_54317_grd_13_240523_222337_HH_2_patch_6_Fishing_uint8.tif,Fishing,1,test
2tfa6x37oerz2lyiw6hp47058/Data/NovaSAR_01_54317_grd_13_240523_222337_HH_2/ship_patches_uint8/NovaSAR_01_54317_grd_13_240523_222337_HH_2_patch_7_Cargo_uint8.tif,Cargo,2,train
2tfa6x37oerz2lyiw6hp47058/Data/NovaSAR_01_54317_grd_13_240523_222337_HH_2/ship_patches_uint8/NovaSAR_01_54317_grd_13_240523_222337_HH_2_patch_8_Fishing_uint8.tif,Fishing,1,train
2tfa6x37oerz2lyiw6hp47058/Data/NovaSAR_01_54317_grd_13_240523_222337_HH_2/ship_patches_uint8/NovaSAR_01_54317_grd_13_240523_222337_HH_2_patch_9_Fishing_uint8.tif,Fishing,1,train
2tfa6x37oerz2lyiw6hp47058/Data/NovaSAR_01_54317_grd_13_240523_222342_HH_3/ship_patches_uint8/NovaSAR_01_54317_grd_13_240523_222342_HH_3_patch_10_Fishing_uint8.tif,Fishing,1,train
2tfa6x37oerz2lyiw6hp47058/Data/NovaSAR_01_54317_grd_13_240523_222342_HH_3/ship_patches_uint8/NovaSAR_01_54317_grd_13_240523_222342_HH_3_patch_11_Fishing_uint8.tif,Fishing,1,train
2tfa6x37oerz2lyiw6hp47058/Data/NovaSAR_01_54317_grd_13_240523_222342_HH_3/ship_patches_uint8/NovaSAR_01_54317_grd_13_240523_222342_HH_3_patch_12_Fishing_uint8.tif,Fishing,1,train
2tfa6x37oerz2lyiw6hp47058/Data/NovaSAR_01_54317_grd_13_240523_222342_HH_3/ship_patches_uint8/NovaSAR_01_54317_grd_13_240523_222342_HH_3_patch_13_Fishing_uint8.tif,Fishing,1,train
2tfa6x37oerz2lyiw6hp47058/Data/NovaSAR_01_54317_grd_13_240523_222342_HH_3/ship_patches_uint8/NovaSAR_01_54317_grd_13_240523_222342_HH_3_patch_15_Fishing_uint8.tif,Fishing,1,train
2tfa6x37oerz2lyiw6hp47058/Data/NovaSAR_01_54317_grd_13_240523_222342_HH_3/ship_patches_uint8/NovaSAR_01_54317_grd_13_240523_222342_HH_3_patch_16_Fishing_uint8.tif,Fishing,1,test
2tfa6x37oerz2lyiw6hp47058/Data/NovaSAR_01_54317_grd_13_240523_222342_HH_3/ship_patches_uint8/NovaSAR_01_54317_grd_13_240523_222342_HH_3_patch_1_Fishing_uint8.tif,Fishing,1,train
2tfa6x37oerz2lyiw6hp47058/Data/NovaSAR_01_54317_grd_13_240523_222342_HH_3/ship_patches_uint8/NovaSAR_01_54317_grd_13_240523_222342_HH_3_patch_2_Fishing_uint8.tif,Fishing,1,train
2tfa6x37oerz2lyiw6hp47058/Data/NovaSAR_01_54317_grd_13_240523_222342_HH_3/ship_patches_uint8/NovaSAR_01_54317_grd_13_240523_222342_HH_3_patch_3_Fishing_uint8.tif,Fishing,1,test
2tfa6x37oerz2lyiw6hp47058/Data/NovaSAR_01_54317_grd_13_240523_222342_HH_3/ship_patches_uint8/NovaSAR_01_54317_grd_13_240523_222342_HH_3_patch_4_Fishing_uint8.tif,Fishing,1,test
2tfa6x37oerz2lyiw6hp47058/Data/NovaSAR_01_54317_grd_13_240523_222342_HH_3/ship_patches_uint8/NovaSAR_01_54317_grd_13_240523_222342_HH_3_patch_5_Fishing_uint8.tif,Fishing,1,train
2tfa6x37oerz2lyiw6hp47058/Data/NovaSAR_01_54317_grd_13_240523_222342_HH_3/ship_patches_uint8/NovaSAR_01_54317_grd_13_240523_222342_HH_3_patch_6_Fishing_uint8.tif,Fishing,1,train
2tfa6x37oerz2lyiw6hp47058/Data/NovaSAR_01_54317_grd_13_240523_222342_HH_3/ship_patches_uint8/NovaSAR_01_54317_grd_13_240523_222342_HH_3_patch_8_Cargo_uint8.tif,Cargo,2,train
2tfa6x37oerz2lyiw6hp47058/Data/NovaSAR_01_54317_grd_13_240523_222354_HH_5/ship_patches_uint8/NovaSAR_01_54317_grd_13_240523_222354_HH_5_patch_1_Cargo_uint8.tif,Cargo,2,train
2tfa6x37oerz2lyiw6hp47058/Data/NovaSAR_01_54317_grd_13_240523_222433_HH_12/ship_patches_uint8/NovaSAR_01_54317_grd_13_240523_222433_HH_12_patch_2_Fishing_uint8.tif,Fishing,1,train
2tfa6x37oerz2lyiw6hp47058/Data/NovaSAR_01_54447_grd_13_240528_080742_HH_2/ship_patches_uint8/NovaSAR_01_54447_grd_13_240528_080742_HH_2_patch_3_Tanker_uint8.tif,Tanker,0,train
2tfa6x37oerz2lyiw6hp47058/Data/NovaSAR_01_54447_grd_13_240528_080748_HH_3/ship_patches_uint8/NovaSAR_01_54447_grd_13_240528_080748_HH_3_patch_1_Cargo_uint8.tif,Cargo,2,train
2tfa6x37oerz2lyiw6hp47058/Data/NovaSAR_01_54447_grd_13_240528_080748_HH_3/ship_patches_uint8/NovaSAR_01_54447_grd_13_240528_080748_HH_3_patch_2_Cargo_uint8.tif,Cargo,2,validation
2tfa6x37oerz2lyiw6hp47058/Data/NovaSAR_01_54447_grd_13_240528_080748_HH_3/ship_patches_uint8/NovaSAR_01_54447_grd_13_240528_080748_HH_3_patch_3_Tanker_uint8.tif,Tanker,0,train
2tfa6x37oerz2lyiw6hp47058/Data/NovaSAR_01_54447_grd_13_240528_080816_HH_8/ship_patches_uint8/NovaSAR_01_54447_grd_13_240528_080816_HH_8_patch_1_Fishing_uint8.tif,Fishing,1,train
2tfa6x37oerz2lyiw6hp47058/Data/NovaSAR_01_54447_grd_13_240528_080833_HH_11/ship_patches_uint8/NovaSAR_01_54447_grd_13_240528_080833_HH_11_patch_4_Tanker_uint8.tif,Tanker,0,test
2tfa6x37oerz2lyiw6hp47058/Data/NovaSAR_01_54503_grd_13_240530_081906_HH_2/ship_patches_uint8/NovaSAR_01_54503_grd_13_240530_081906_HH_2_patch_11_Cargo_uint8.tif,Cargo,2,test
2tfa6x37oerz2lyiw6hp47058/Data/NovaSAR_01_54503_grd_13_240530_081906_HH_2/ship_patches_uint8/NovaSAR_01_54503_grd_13_240530_081906_HH_2_patch_3_Cargo_uint8.tif,Cargo,2,train
2tfa6x37oerz2lyiw6hp47058/Data/NovaSAR_01_54503_grd_13_240530_081906_HH_2/ship_patches_uint8/NovaSAR_01_54503_grd_13_240530_081906_HH_2_patch_9_Tanker_uint8.tif,Tanker,0,train
2tfa6x37oerz2lyiw6hp47058/Data/NovaSAR_01_54503_grd_13_240530_081934_HH_7/ship_patches_uint8/NovaSAR_01_54503_grd_13_240530_081934_HH_7_patch_1_Cargo_uint8.tif,Cargo,2,train
2tfa6x37oerz2lyiw6hp47058/Data/NovaSAR_01_54503_grd_13_240530_081934_HH_7/ship_patches_uint8/NovaSAR_01_54503_grd_13_240530_081934_HH_7_patch_3_Fishing_uint8.tif,Fishing,1,train
2tfa6x37oerz2lyiw6hp47058/Data/NovaSAR_01_54503_grd_13_240530_081934_HH_7/ship_patches_uint8/NovaSAR_01_54503_grd_13_240530_081934_HH_7_patch_4_Cargo_uint8.tif,Cargo,2,train
2tfa6x37oerz2lyiw6hp47058/Data/NovaSAR_01_54503_grd_13_240530_081934_HH_7/ship_patches_uint8/NovaSAR_01_54503_grd_13_240530_081934_HH_7_patch_5_Tanker_uint8.tif,Tanker,0,train
2tfa6x37oerz2lyiw6hp47058/Data/NovaSAR_01_54503_grd_13_240530_081934_HH_7/ship_patches_uint8/NovaSAR_01_54503_grd_13_240530_081934_HH_7_patch_7_Cargo_uint8.tif,Cargo,2,train
2tfa6x37oerz2lyiw6hp47058/Data/NovaSAR_01_54503_grd_13_240530_081951_HH_10/ship_patches_uint8/NovaSAR_01_54503_grd_13_240530_081951_HH_10_patch_1_Cargo_uint8.tif,Cargo,2,train
2tfa6x37oerz2lyiw6hp47058/Data/NovaSAR_01_54503_grd_13_240530_082002_HH_12/ship_patches_uint8/NovaSAR_01_54503_grd_13_240530_082002_HH_12_patch_10_Fishing_uint8.tif,Fishing,1,train
2tfa6x37oerz2lyiw6hp47058/Data/NovaSAR_01_54503_grd_13_240530_082002_HH_12/ship_patches_uint8/NovaSAR_01_54503_grd_13_240530_082002_HH_12_patch_11_Fishing_uint8.tif,Fishing,1,train
2tfa6x37oerz2lyiw6hp47058/Data/NovaSAR_01_54503_grd_13_240530_082002_HH_12/ship_patches_uint8/NovaSAR_01_54503_grd_13_240530_082002_HH_12_patch_15_Tanker_uint8.tif,Tanker,0,test
2tfa6x37oerz2lyiw6hp47058/Data/NovaSAR_01_54503_grd_13_240530_082002_HH_12/ship_patches_uint8/NovaSAR_01_54503_grd_13_240530_082002_HH_12_patch_1_Fishing_uint8.tif,Fishing,1,train
2tfa6x37oerz2lyiw6hp47058/Data/NovaSAR_01_54503_grd_13_240530_082008_HH_13/ship_patches_uint8/NovaSAR_01_54503_grd_13_240530_082008_HH_13_patch_2_Fishing_uint8.tif,Fishing,1,test
2tfa6x37oerz2lyiw6hp47058/Data/NovaSAR_01_54503_grd_13_240530_082008_HH_13/ship_patches_uint8/NovaSAR_01_54503_grd_13_240530_082008_HH_13_patch_4_Cargo_uint8.tif,Cargo,2,train
2tfa6x37oerz2lyiw6hp47058/Data/NovaSAR_01_54685_grd_13_240605_220313_HH_3/ship_patches_uint8/NovaSAR_01_54685_grd_13_240605_220313_HH_3_patch_2_Cargo_uint8.tif,Cargo,2,train
2tfa6x37oerz2lyiw6hp47058/Data/NovaSAR_01_54685_grd_13_240605_220313_HH_3/ship_patches_uint8/NovaSAR_01_54685_grd_13_240605_220313_HH_3_patch_3_Tanker_uint8.tif,Tanker,0,train
2tfa6x37oerz2lyiw6hp47058/Data/NovaSAR_01_54685_grd_13_240605_220313_HH_3/ship_patches_uint8/NovaSAR_01_54685_grd_13_240605_220313_HH_3_patch_4_Cargo_uint8.tif,Cargo,2,train
2tfa6x37oerz2lyiw6hp47058/Data/NovaSAR_01_54685_grd_13_240605_220318_HH_4/ship_patches_uint8/NovaSAR_01_54685_grd_13_240605_220318_HH_4_patch_1_Cargo_uint8.tif,Cargo,2,test
2tfa6x37oerz2lyiw6hp47058/Data/NovaSAR_01_54685_grd_13_240605_220318_HH_4/ship_patches_uint8/NovaSAR_01_54685_grd_13_240605_220318_HH_4_patch_2_Cargo_uint8.tif,Cargo,2,train
