sample_id,label_name,label,split
S1A_IW_GRDH_1SDV_20150823T221233_20150823T221258_007396_00A2CA_54D0/11137_10797,Tanker,4,validation
S1A_IW_GRDH_1SDV_20150823T221233_20150823T221258_007396_00A2CA_54D0/1601_7784,Bulk Carrier,0,train
S1A_IW_GRDH_1SDV_20150823T221233_20150823T221258_007396_00A2CA_54D0/1673_6973,Bulk Carrier,0,test
S1A_IW_GRDH_1SDV_20150823T221233_20150823T221258_007396_00A2CA_54D0/2206_8389,Bulk Carrier,0,test
S1A_IW_GRDH_1SDV_20150823T221233_20150823T221258_007396_00A2CA_54D0/2373_8250,Bulk Carrier,0,train
S1A_IW_GRDH_1SDV_20150823T221233_20150823T221258_007396_00A2CA_54D0/8078_15482,Bulk Carrier,0,train
S1A_IW_GRDH_1SDV_20150823T221233_20150823T221258_007396_00A2CA_54D0/9747_10282,Bulk Carrier,0,test
S1A_IW_GRDH_1SDV_20150916T221233_20150916T221258_007746_00AC44_BA63/10265_10354,Bulk Carrier,0,train
S1A_IW_GRDH_1SDV_20150916T221233_20150916T221258_007746_00AC44_BA63/10336_10851,Bulk Carrier,0,train
S1A_IW_GRDH_1SDV_20150916T221233_20150916T221258_007746_00AC44_BA63/10355_10368,Bulk Carrier,0,train
S1A_IW_GRDH_1SDV_20150916T221233_20150916T221258_007746_00AC44_BA63/10442_10301,Bulk Carrier,0,test
S1A_IW_GRDH_1SDV_20150916T221233_20150916T221258_007746_00AC44_BA63/10450_10148,Bulk Carrier,0,train
S1A_IW_GRDH_1SDV_20150916T221233_20150916T221258_007746_00AC44_BA63/10459_10826,Bulk Carrier,0,validation
S1A_IW_GRDH_1SDV_20150916T221233_20150916T221258_007746_00AC44_BA63/10471_10931,Bulk Carrier,0,train
S1A_IW_GRDH_1SDV_20150916T221233_20150916T221258_007746_00AC44_BA63/10591_10713,Bulk Carrier,0,validation
S1A_IW_GRDH_1SDV_20150916T221233_20150916T221258_007746_00AC44_BA63/10729_10756,Bulk Carrier,0,train
S1A_IW_GRDH_1SDV_20150916T221233_20150916T221258_007746_00AC44_BA63/10764_10978,Container Ship,1,train
S1A_IW_GRDH_1SDV_20150916T221233_20150916T221258_007746_00AC44_BA63/10787_11092,Fishing,3,train
S1A_IW_GRDH_1SDV_20150916T221233_20150916T221258_007746_00AC44_BA63/10872_10698,Tanker,4,validation
S1A_IW_GRDH_1SDV_20150916T221233_20150916T221258_007746_00AC44_BA63/10885_10991,Bulk Carrier,0,test
S1A_IW_GRDH_1SDV_20150916T221233_20150916T221258_007746_00AC44_BA63/11254_10233,Tug,5,test
S1A_IW_GRDH_1SDV_20150916T221233_20150916T221258_007746_00AC44_BA63/11344_10802,Tanker,4,train
S1A_IW_GRDH_1SDV_20150916T221233_20150916T221258_007746_00AC44_BA63/11424_10787,Tanker,4,train
S1A_IW_GRDH_1SDV_20150916T221233_20150916T221258_007746_00AC44_BA63/11472_10838,Tanker,4,validation
S1A_IW_GRDH_1SDV_20150916T221233_20150916T221258_007746_00AC44_BA63/11576_10872,Tanker,4,test
S1A_IW_GRDH_1SDV_20150916T221233_20150916T221258_007746_00AC44_BA63/12328_10447,Tanker,4,train
S1A_IW_GRDH_1SDV_20150916T221233_20150916T221258_007746_00AC44_BA63/12641_10436,Container Ship,1,test
S1A_IW_GRDH_1SDV_20150916T221233_20150916T221258_007746_00AC44_BA63/1433_7737,Fishing,3,train
S1A_IW_GRDH_1SDV_20150916T221233_20150916T221258_007746_00AC44_BA63/1466_7683,Bulk Carrier,0,validation
S1A_IW_GRDH_1SDV_20150916T221233_20150916T221258_007746_00AC44_BA63/1645_8025,Bulk Carrier,0,train
S1A_IW_GRDH_1SDV_20150916T221233_20150916T221258_007746_00AC44_BA63/1674_7819,Bulk Carrier,0,train
S1A_IW_GRDH_1SDV_20150916T221233_20150916T221258_007746_00AC44_BA63/1852_7703,Bulk Carrier,0,train
S1A_IW_GRDH_1SDV_20150916T221233_20150916T221258_007746_00AC44_BA63/1866_6375,Bulk Carrier,0,test
S1A_IW_GRDH_1SDV_20150916T221233_20150916T221258_007746_00AC44_BA63/2040_7666,Bulk Carrier,0,train
S1A_IW_GRDH_1SDV_20150916T221233_20150916T221258_007746_00AC44_BA63/2084_6945,Bulk Carrier,0,train
S1A_IW_GRDH_1SDV_20150916T221233_20150916T221258_007746_00AC44_BA63/2165_6957,Bulk Carrier,0,test
S1A_IW_GRDH_1SDV_20150916T221233_20150916T221258_007746_00AC44_BA63/2264_9820,Container Ship,1,validation
S1A_IW_GRDH_1SDV_20150916T221233_20150916T221258_007746_00AC44_BA63/2329_7111,Tanker,4,train
S1A_IW_GRDH_1SDV_20150916T221233_20150916T221258_007746_00AC44_BA63/2411_10963,Bulk Carrier,0,train
S1A_IW_GRDH_1SDV_20150916T221233_20150916T221258_007746_00AC44_BA63/2606_6701,Tanker,4,train
S1A_IW_GRDH_1SDV_20150916T221233_20150916T221258_007746_00AC44_BA63/5305_10355,Bulk Carrier,0,validation
S1A_IW_GRDH_1SDV_20150916T221233_20150916T221258_007746_00AC44_BA63/5575_10389,Bulk Carrier,0,train
S1A_IW_GRDH_1SDV_20150916T221233_20150916T221258_007746_00AC44_BA63/5825_9973,Bulk Carrier,0,train
S1A_IW_GRDH_1SDV_20150916T221233_20150916T221258_007746_00AC44_BA63/5988_10317,Fishing,3,validation
S1A_IW_GRDH_1SDV_20150916T221233_20150916T221258_007746_00AC44_BA63/6004_10788,Tanker,4,validation
S1A_IW_GRDH_1SDV_20150916T221233_20150916T221258_007746_00AC44_BA63/6163_10463,Bulk Carrier,0,train
S1A_IW_GRDH_1SDV_20150916T221233_20150916T221258_007746_00AC44_BA63/6973_12666,Bulk Carrier,0,validation
S1A_IW_GRDH_1SDV_20150916T221233_20150916T221258_007746_00AC44_BA63/7796_10403,Bulk Carrier,0,train
S1A_IW_GRDH_1SDV_20150916T221233_20150916T221258_007746_00AC44_BA63/7908_10545,Bulk Carrier,0,train
S1A_IW_GRDH_1SDV_20150916T221233_20150916T221258_007746_00AC44_BA63/8066_11587,Bulk Carrier,0,test
S1A_IW_GRDH_1SDV_20150916T221233_20150916T221258_007746_00AC44_BA63/8410_11286,Bulk Carrier,0,test
S1A_IW_GRDH_1SDV_20150916T221233_20150916T221258_007746_00AC44_BA63/8756_11844,Bulk Carrier,0,train
S1A_IW_GRDH_1SDV_20150916T221233_20150916T221258_007746_00AC44_BA63/9309_11255,Container Ship,1,train
S1A_IW_GRDH_1SDV_20150916T221233_20150916T221258_007746_00AC44_BA63/9311_11681,Bulk Carrier,0,test
S1A_IW_GRDH_1SDV_20150916T221233_20150916T221258_007746_00AC44_BA63/9477_10211,Bulk Carrier,0,train
S1A_IW_GRDH_1SDV_20150916T221233_20150916T221258_007746_00AC44_BA63/9487_11302,Tanker,4,train
S1A_IW_GRDH_1SDV_20150916T221233_20150916T221258_007746_00AC44_BA63/9538_10385,Container Ship,1,train
S1A_IW_GRDH_1SDV_20150928T221239_20150928T221304_007921_00B100_32A3/10040_6465,Bulk Carrier,0,train
S1A_IW_GRDH_1SDV_20150928T221239_20150928T221304_007921_00B100_32A3/10579_6989,Bulk Carrier,0,train
S1A_IW_GRDH_1SDV_20150928T221239_20150928T221304_007921_00B100_32A3/11085_6161,Tug,5,validation
S1A_IW_GRDH_1SDV_20150928T221239_20150928T221304_007921_00B100_32A3/1154_2583,Bulk Carrier,0,train
S1A_IW_GRDH_1SDV_20150928T221239_20150928T221304_007921_00B100_32A3/1542_7623,Bulk Carrier,0,train
S1A_IW_GRDH_1SDV_20150928T221239_20150928T221304_007921_00B100_32A3/1945_2475,Bulk Carrier,0,train
S1A_IW_GRDH_1SDV_20150928T221239_20150928T221304_007921_00B100_32A3/2304_5915,Container Ship,1,train
S1A_IW_GRDH_1SDV_20150928T221239_20150928T221304_007921_00B100_32A3/5120_6480,Bulk Carrier,0,validation
S1A_IW_GRDH_1SDV_20150928T221239_20150928T221304_007921_00B100_32A3/5269_7388,Tug,5,train
S1A_IW_GRDH_1SDV_20150928T221239_20150928T221304_007921_00B100_32A3/5318_6339,Bulk Carrier,0,train
S1A_IW_GRDH_1SDV_20150928T221239_20150928T221304_007921_00B100_32A3/5487_6538,Bulk Carrier,0,validation
S1A_IW_GRDH_1SDV_20150928T221239_20150928T221304_007921_00B100_32A3/6054_6500,Bulk Carrier,0,train
S1A_IW_GRDH_1SDV_20150928T221239_20150928T221304_007921_00B100_32A3/7531_5901,Dredger,2,train
S1A_IW_GRDH_1SDV_20150928T221239_20150928T221304_007921_00B100_32A3/7736_7488,Bulk Carrier,0,train
S1A_IW_GRDH_1SDV_20150928T221239_20150928T221304_007921_00B100_32A3/8222_10216,Bulk Carrier,0,train
S1A_IW_GRDH_1SDV_20150928T221239_20150928T221304_007921_00B100_32A3/8614_7698,Bulk Carrier,0,train
S1A_IW_GRDH_1SDV_20150928T221239_20150928T221304_007921_00B100_32A3/8803_7899,Bulk Carrier,0,test
S1A_IW_GRDH_1SDV_20150928T221239_20150928T221304_007921_00B100_32A3/8913_7403,Bulk Carrier,0,train
S1A_IW_GRDH_1SDV_20150928T221239_20150928T221304_007921_00B100_32A3/9092_6327,Tanker,4,test
S1A_IW_GRDH_1SDV_20150928T221239_20150928T221304_007921_00B100_32A3/9099_6818,Bulk Carrier,0,validation
S1A_IW_GRDH_1SDV_20150928T221239_20150928T221304_007921_00B100_32A3/9108_6601,Bulk Carrier,0,train
S1A_IW_GRDH_1SDV_20150928T221239_20150928T221304_007921_00B100_32A3/9191_7711,Bulk Carrier,0,train
S1A_IW_GRDH_1SDV_20150928T221239_20150928T221304_007921_00B100_32A3/9211_7385,Bulk Carrier,0,train
S1A_IW_GRDH_1SDV_20150928T221239_20150928T221304_007921_00B100_32A3/9310_6163,Bulk Carrier,0,train
S1A_IW_GRDH_1SDV_20150928T221239_20150928T221304_007921_00B100_32A3/9395_7340,Container Ship,1,train
S1A_IW_GRDH_1SDV_20150928T221239_20150928T221304_007921_00B100_32A3/9457_6276,Bulk Carrier,0,train
S1A_IW_GRDH_1SDV_20150928T221239_20150928T221304_007921_00B100_32A3/9478_7478,Bulk Carrier,0,train
S1A_IW_GRDH_1SDV_20150928T221239_20150928T221304_007921_00B100_32A3/9685_6594,Bulk Carrier,0,train
S1A_IW_GRDH_1SDV_20150928T221239_20150928T221304_007921_00B100_32A3/9685_7467,Bulk Carrier,0,train
S1A_IW_GRDH_1SDV_20150928T221239_20150928T221304_007921_00B100_32A3/9985_6121,Bulk Carrier,0,train
S1A_IW_GRDH_1SDV_20151010T221234_20151010T221259_008096_00B5A1_5C25/1461_7703,Bulk Carrier,0,train
S1A_IW_GRDH_1SDV_20151010T221234_20151010T221259_008096_00B5A1_5C25/1626_7608,Bulk Carrier,0,train
S1A_IW_GRDH_1SDV_20151010T221234_20151010T221259_008096_00B5A1_5C25/1747_8232,Bulk Carrier,0,test
S1A_IW_GRDH_1SDV_20151010T221234_20151010T221259_008096_00B5A1_5C25/1976_8276,Bulk Carrier,0,train
S1A_IW_GRDH_1SDV_20151010T221234_20151010T221259_008096_00B5A1_5C25/2023_6034,Bulk Carrier,0,train
S1A_IW_GRDH_1SDV_20151010T221234_20151010T221259_008096_00B5A1_5C25/2330_6968,Tanker,4,train
S1A_IW_GRDH_1SDV_20151010T221234_20151010T221259_008096_00B5A1_5C25/4544_10398,Bulk Carrier,0,train
S1A_IW_GRDH_1SDV_20151010T221234_20151010T221259_008096_00B5A1_5C25/4566_14216,Bulk Carrier,0,train
S1A_IW_GRDH_1SDV_20151010T221234_20151010T221259_008096_00B5A1_5C25/4666_10261,Bulk Carrier,0,train
S1A_IW_GRDH_1SDV_20151010T221234_20151010T221259_008096_00B5A1_5C25/4891_10433,Bulk Carrier,0,test
S1A_IW_GRDH_1SDV_20151010T221234_20151010T221259_008096_00B5A1_5C25/5067_10529,Bulk Carrier,0,train
S1A_IW_GRDH_1SDV_20151010T221234_20151010T221259_008096_00B5A1_5C25/5093_10151,Bulk Carrier,0,train
S1A_IW_GRDH_1SDV_20151010T221234_20151010T221259_008096_00B5A1_5C25/5117_9920,Bulk Carrier,0,train
S1A_IW_GRDH_1SDV_20151010T221234_20151010T221259_008096_00B5A1_5C25/5314_10138,Bulk Carrier,0,train
S1A_IW_GRDH_1SDV_20151010T221234_20151010T221259_008096_00B5A1_5C25/5356_10537,Bulk Carrier,0,train
S1A_IW_GRDH_1SDV_20151010T221234_20151010T221259_008096_00B5A1_5C25/5468_10193,Bulk Carrier,0,train
S1A_IW_GRDH_1SDV_20151010T221234_20151010T221259_008096_00B5A1_5C25/562_8960,Bulk Carrier,0,validation
S1A_IW_GRDH_1SDV_20151010T221234_20151010T221259_008096_00B5A1_5C25/5665_10120,Bulk Carrier,0,train
S1A_IW_GRDH_1SDV_20151010T221234_20151010T221259_008096_00B5A1_5C25/5705_9918,Bulk Carrier,0,train
S1A_IW_GRDH_1SDV_20151010T221234_20151010T221259_008096_00B5A1_5C25/5864_10022,Bulk Carrier,0,train
S1A_IW_GRDH_1SDV_20151010T221234_20151010T221259_008096_00B5A1_5C25/5966_10313,Bulk Carrier,0,train
S1A_IW_GRDH_1SDV_20151010T221234_20151010T221259_008096_00B5A1_5C25/6019_10523,Bulk Carrier,0,train
S1A_IW_GRDH_1SDV_20151010T221234_20151010T221259_008096_00B5A1_5C25/6073_10143,Tanker,4,validation
S1A_IW_GRDH_1SDV_20151010T221234_20151010T221259_008096_00B5A1_5C25/6299_10302,Bulk Carrier,0,validation
S1A_IW_GRDH_1SDV_20151010T221234_20151010T221259_008096_00B5A1_5C25/6543_14563,Bulk Carrier,0,validation
S1A_IW_GRDH_1SDV_20160102T221226_20160102T221251_009321_00D788_F5BA/1011_12416,Bulk Carrier,0,test
S1A_IW_GRDH_1SDV_20160102T221226_20160102T221251_009321_00D788_F5BA/1033_11837,Bulk Carrier,0,train
S1A_IW_GRDH_1SDV_20160102T221226_20160102T221251_009321_00D788_F5BA/1122_12884,Bulk Carrier,0,train
S1A_IW_GRDH_1SDV_20160102T221226_20160102T221251_009321_00D788_F5BA/1296_12584,Bulk Carrier,0,train
S1A_IW_GRDH_1SDV_20160102T221226_20160102T221251_009321_00D788_F5BA/1308_10218,Bulk Carrier,0,train
S1A_IW_GRDH_1SDV_20160102T221226_20160102T221251_009321_00D788_F5BA/1324_13302,Container Ship,1,train
S1A_IW_GRDH_1SDV_20160102T221226_20160102T221251_009321_00D788_F5BA/1733_10213,Bulk Carrier,0,train
S1A_IW_GRDH_1SDV_20160102T221226_20160102T221251_009321_00D788_F5BA/1817_11528,Bulk Carrier,0,train
S1A_IW_GRDH_1SDV_20160102T221226_20160102T221251_009321_00D788_F5BA/1869_11773,Bulk Carrier,0,train
S1A_IW_GRDH_1SDV_20160102T221226_20160102T221251_009321_00D788_F5BA/1959_9609,Bulk Carrier,0,train
S1A_IW_GRDH_1SDV_20160102T221226_20160102T221251_009321_00D788_F5BA/2552_12228,Bulk Carrier,0,train
S1A_IW_GRDH_1SDV_20160102T221226_20160102T221251_009321_00D788_F5BA/2562_11694,Container Ship,1,test
S1A_IW_GRDH_1SDV_20160102T221226_20160102T221251_009321_00D788_F5BA/2578_11931,Bulk Carrier,0,train
S1A_IW_GRDH_1SDV_20160102T221226_20160102T221251_009321_00D788_F5BA/301_12209,Bulk Carrier,0,train
S1A_IW_GRDH_1SDV_20160102T221226_20160102T221251_009321_00D788_F5BA/3438_13935,Bulk Carrier,0,train
S1A_IW_GRDH_1SDV_20160102T221226_20160102T221251_009321_00D788_F5BA/4062_14313,Container Ship,1,test
S1A_IW_GRDH_1SDV_20160102T221226_20160102T221251_009321_00D788_F5BA/4249_13871,Bulk Carrier,0,train
S1A_IW_GRDH_1SDV_20160102T221226_20160102T221251_009321_00D788_F5BA/4287_13479,Bulk Carrier,0,train
S1A_IW_GRDH_1SDV_20160102T221226_20160102T221251_009321_00D788_F5BA/4623_13476,Bulk Carrier,0,validation
S1A_IW_GRDH_1SDV_20160102T221226_20160102T221251_009321_00D788_F5BA/4742_13733,Bulk Carrier,0,test
S1A_IW_GRDH_1SDV_20160102T221226_20160102T221251_009321_00D788_F5BA/4887_13421,Bulk Carrier,0,train
S1A_IW_GRDH_1SDV_20160102T221226_20160102T221251_009321_00D788_F5BA/494_12509,Bulk Carrier,0,train
S1A_IW_GRDH_1SDV_20160102T221226_20160102T221251_009321_00D788_F5BA/4980_13611,Bulk Carrier,0,test
S1A_IW_GRDH_1SDV_20160102T221226_20160102T221251_009321_00D788_F5BA/5040_14113,Bulk Carrier,0,train
S1A_IW_GRDH_1SDV_20160102T221226_20160102T221251_009321_00D788_F5BA/5208_13611,Bulk Carrier,0,train
S1A_IW_GRDH_1SDV_20160102T221226_20160102T221251_009321_00D788_F5BA/5345_14122,Bulk Carrier,0,train
S1A_IW_GRDH_1SDV_20160102T221226_20160102T221251_009321_00D788_F5BA/5383_13810,Bulk Carrier,0,train
S1A_IW_GRDH_1SDV_20160102T221226_20160102T221251_009321_00D788_F5BA/5452_14344,Container Ship,1,train
S1A_IW_GRDH_1SDV_20160102T221226_20160102T221251_009321_00D788_F5BA/5528_13610,Bulk Carrier,0,train
S1A_IW_GRDH_1SDV_20160102T221226_20160102T221251_009321_00D788_F5BA/5671_13897,Bulk Carrier,0,train
S1A_IW_GRDH_1SDV_20160102T221226_20160102T221251_009321_00D788_F5BA/5744_13716,Bulk Carrier,0,train
S1A_IW_GRDH_1SDV_20160102T221226_20160102T221251_009321_00D788_F5BA/5966_13974,Bulk Carrier,0,validation
S1A_IW_GRDH_1SDV_20160102T221226_20160102T221251_009321_00D788_F5BA/6100_13758,Bulk Carrier,0,train
S1A_IW_GRDH_1SDV_20160102T221226_20160102T221251_009321_00D788_F5BA/6382_13950,Bulk Carrier,0,train
S1A_IW_GRDH_1SDV_20160102T221226_20160102T221251_009321_00D788_F5BA/650_12799,Bulk Carrier,0,train
S1A_IW_GRDH_1SDV_20160102T221226_20160102T221251_009321_00D788_F5BA/7613_13749,Tanker,4,test
S1A_IW_GRDH_1SDV_20160102T221226_20160102T221251_009321_00D788_F5BA/7699_14187,Bulk Carrier,0,train
S1A_IW_GRDH_1SDV_20160102T221226_20160102T221251_009321_00D788_F5BA/7847_14081,Bulk Carrier,0,train
S1A_IW_GRDH_1SDV_20160102T221226_20160102T221251_009321_00D788_F5BA/8750_14226,Container Ship,1,train
S1A_IW_GRDH_1SDV_20160102T221226_20160102T221251_009321_00D788_F5BA/8752_14550,Container Ship,1,train
S1A_IW_GRDH_1SDV_20160102T221226_20160102T221251_009321_00D788_F5BA/8802_14381,Bulk Carrier,0,train
S1A_IW_GRDH_1SDV_20160102T221226_20160102T221251_009321_00D788_F5BA/8804_14046,Bulk Carrier,0,train
S1A_IW_GRDH_1SDV_20160102T221226_20160102T221251_009321_00D788_F5BA/880_13904,Bulk Carrier,0,train
S1A_IW_GRDH_1SDV_20160102T221226_20160102T221251_009321_00D788_F5BA/887_11262,Bulk Carrier,0,train
S1A_IW_GRDH_1SDV_20160102T221226_20160102T221251_009321_00D788_F5BA/8916_13939,Bulk Carrier,0,train
S1A_IW_GRDH_1SDV_20160102T221226_20160102T221251_009321_00D788_F5BA/8921_14540,Bulk Carrier,0,train
S1A_IW_GRDH_1SDV_20160102T221226_20160102T221251_009321_00D788_F5BA/9060_14231,Container Ship,1,train
S1A_IW_GRDH_1SDV_20160102T221226_20160102T221251_009321_00D788_F5BA/9064_13998,Bulk Carrier,0,train
S1A_IW_GRDH_1SDV_20160102T221226_20160102T221251_009321_00D788_F5BA/9102_14465,Container Ship,1,test
S1A_IW_GRDH_1SDV_20160102T221226_20160102T221251_009321_00D788_F5BA/9135_14066,Container Ship,1,train
S1A_IW_GRDH_1SDV_20160102T221226_20160102T221251_009321_00D788_F5BA/9154_13948,Bulk Carrier,0,train
S1A_IW_GRDH_1SDV_20160102T221226_20160102T221251_009321_00D788_F5BA/9190_14258,Container Ship,1,train
S1A_IW_GRDH_1SDV_20160102T221226_20160102T221251_009321_00D788_F5BA/9363_13840,Bulk Carrier,0,train
S1A_IW_GRDH_1SDV_20160102T221226_20160102T221251_009321_00D788_F5BA/9387_13688,Bulk Carrier,0,validation
S1A_IW_GRDH_1SDV_20160102T221226_20160102T221251_009321_00D788_F5BA/9414_14185,Bulk Carrier,0,train
S1A_IW_GRDH_1SDV_20160102T221226_20160102T221251_009321_00D788_F5BA/9618_14105,Bulk Carrier,0,train
S1A_IW_GRDH_1SDV_20160102T221226_20160102T221251_009321_00D788_F5BA/9620_13837,Bulk Carrier,0,train
S1A_IW_GRDH_1SDV_20160102T221226_20160102T221251_009321_00D788_F5BA/9677_14175,Bulk Carrier,0,train
S1A_IW_GRDH_1SDV_20160102T221226_20160102T221251_009321_00D788_F5BA/9712_14047,Bulk Carrier,0,test
S1A_IW_GRDH_1SDV_20160102T221226_20160102T221251_009321_00D788_F5BA/9888_14029,Bulk Carrier,0,test
S1A_IW_GRDH_1SDV_20160102T221226_20160102T221251_009321_00D788_F5BA/991_12225,Bulk Carrier,0,train
S1A_IW_GRDH_1SDV_20160114T221226_20160114T221251_009496_00DC88_46B2/10022_13963,Bulk Carrier,0,train
S1A_IW_GRDH_1SDV_20160114T221226_20160114T221251_009496_00DC88_46B2/10102_13832,Bulk Carrier,0,train
S1A_IW_GRDH_1SDV_20160114T221226_20160114T221251_009496_00DC88_46B2/10113_13600,Bulk Carrier,0,train
S1A_IW_GRDH_1SDV_20160114T221226_20160114T221251_009496_00DC88_46B2/10119_13721,Bulk Carrier,0,train
S1A_IW_GRDH_1SDV_20160114T221226_20160114T221251_009496_00DC88_46B2/10144_13973,Bulk Carrier,0,train
S1A_IW_GRDH_1SDV_20160114T221226_20160114T221251_009496_00DC88_46B2/10189_13639,Bulk Carrier,0,train
S1A_IW_GRDH_1SDV_20160114T221226_20160114T221251_009496_00DC88_46B2/10207_14484,Bulk Carrier,0,test
S1A_IW_GRDH_1SDV_20160114T221226_20160114T221251_009496_00DC88_46B2/10275_14359,Bulk Carrier,0,train
S1A_IW_GRDH_1SDV_20160114T221226_20160114T221251_009496_00DC88_46B2/10279_14733,Bulk Carrier,0,test
S1A_IW_GRDH_1SDV_20160114T221226_20160114T221251_009496_00DC88_46B2/10412_13754,Bulk Carrier,0,train
S1A_IW_GRDH_1SDV_20160114T221226_20160114T221251_009496_00DC88_46B2/10424_14347,Bulk Carrier,0,test
S1A_IW_GRDH_1SDV_20160114T221226_20160114T221251_009496_00DC88_46B2/10480_13996,Bulk Carrier,0,train
S1A_IW_GRDH_1SDV_20160114T221226_20160114T221251_009496_00DC88_46B2/10677_15062,Tug,5,train
S1A_IW_GRDH_1SDV_20160114T221226_20160114T221251_009496_00DC88_46B2/10733_13861,Bulk Carrier,0,validation
S1A_IW_GRDH_1SDV_20160114T221226_20160114T221251_009496_00DC88_46B2/11022_14600,Bulk Carrier,0,train
S1A_IW_GRDH_1SDV_20160114T221226_20160114T221251_009496_00DC88_46B2/11151_14199,Container Ship,1,train
S1A_IW_GRDH_1SDV_20160114T221226_20160114T221251_009496_00DC88_46B2/11261_14685,Tanker,4,train
S1A_IW_GRDH_1SDV_20160114T221226_20160114T221251_009496_00DC88_46B2/11299_14526,Tanker,4,train
S1A_IW_GRDH_1SDV_20160114T221226_20160114T221251_009496_00DC88_46B2/11326_14459,Tanker,4,validation
S1A_IW_GRDH_1SDV_20160114T221226_20160114T221251_009496_00DC88_46B2/1134_12305,Bulk Carrier,0,train
S1A_IW_GRDH_1SDV_20160114T221226_20160114T221251_009496_00DC88_46B2/11444_14060,Bulk Carrier,0,train
S1A_IW_GRDH_1SDV_20160114T221226_20160114T221251_009496_00DC88_46B2/1171_10115,Bulk Carrier,0,train
S1A_IW_GRDH_1SDV_20160114T221226_20160114T221251_009496_00DC88_46B2/1245_12712,Bulk Carrier,0,train
S1A_IW_GRDH_1SDV_20160114T221226_20160114T221251_009496_00DC88_46B2/12862_11818,Dredger,2,train
S1A_IW_GRDH_1SDV_20160114T221226_20160114T221251_009496_00DC88_46B2/1420_13821,Container Ship,1,train
S1A_IW_GRDH_1SDV_20160114T221226_20160114T221251_009496_00DC88_46B2/1638_11562,Bulk Carrier,0,validation
S1A_IW_GRDH_1SDV_20160114T221226_20160114T221251_009496_00DC88_46B2/1921_11804,Bulk Carrier,0,validation
S1A_IW_GRDH_1SDV_20160114T221226_20160114T221251_009496_00DC88_46B2/1922_10755,Bulk Carrier,0,test
S1A_IW_GRDH_1SDV_20160114T221226_20160114T221251_009496_00DC88_46B2/2077_11305,Bulk Carrier,0,train
S1A_IW_GRDH_1SDV_20160114T221226_20160114T221251_009496_00DC88_46B2/2466_11713,Bulk Carrier,0,test
S1A_IW_GRDH_1SDV_20160114T221226_20160114T221251_009496_00DC88_46B2/2503_11378,Bulk Carrier,0,test
S1A_IW_GRDH_1SDV_20160114T221226_20160114T221251_009496_00DC88_46B2/420_12708,Bulk Carrier,0,train
S1A_IW_GRDH_1SDV_20160114T221226_20160114T221251_009496_00DC88_46B2/5109_14012,Bulk Carrier,0,train
S1A_IW_GRDH_1SDV_20160114T221226_20160114T221251_009496_00DC88_46B2/5187_13801,Bulk Carrier,0,train
S1A_IW_GRDH_1SDV_20160114T221226_20160114T221251_009496_00DC88_46B2/5403_14137,Bulk Carrier,0,train
S1A_IW_GRDH_1SDV_20160114T221226_20160114T221251_009496_00DC88_46B2/5474_15922,Bulk Carrier,0,test
S1A_IW_GRDH_1SDV_20160114T221226_20160114T221251_009496_00DC88_46B2/5494_14323,Container Ship,1,test
S1A_IW_GRDH_1SDV_20160114T221226_20160114T221251_009496_00DC88_46B2/5521_14000,Bulk Carrier,0,test
S1A_IW_GRDH_1SDV_20160114T221226_20160114T221251_009496_00DC88_46B2/5723_13545,Bulk Carrier,0,test
S1A_IW_GRDH_1SDV_20160114T221226_20160114T221251_009496_00DC88_46B2/5784_13989,Bulk Carrier,0,test
S1A_IW_GRDH_1SDV_20160114T221226_20160114T221251_009496_00DC88_46B2/5933_13770,Bulk Carrier,0,validation
S1A_IW_GRDH_1SDV_20160114T221226_20160114T221251_009496_00DC88_46B2/6005_13629,Bulk Carrier,0,train
S1A_IW_GRDH_1SDV_20160114T221226_20160114T221251_009496_00DC88_46B2/6049_13487,Bulk Carrier,0,validation
S1A_IW_GRDH_1SDV_20160114T221226_20160114T221251_009496_00DC88_46B2/612_12625,Bulk Carrier,0,train
S1A_IW_GRDH_1SDV_20160114T221226_20160114T221251_009496_00DC88_46B2/616_12432,Bulk Carrier,0,validation
S1A_IW_GRDH_1SDV_20160114T221226_20160114T221251_009496_00DC88_46B2/6175_13665,Bulk Carrier,0,train
S1A_IW_GRDH_1SDV_20160114T221226_20160114T221251_009496_00DC88_46B2/6248_15907,Bulk Carrier,0,train
S1A_IW_GRDH_1SDV_20160114T221226_20160114T221251_009496_00DC88_46B2/6354_13780,Bulk Carrier,0,test
S1A_IW_GRDH_1SDV_20160114T221226_20160114T221251_009496_00DC88_46B2/6549_15786,Container Ship,1,train
S1A_IW_GRDH_1SDV_20160114T221226_20160114T221251_009496_00DC88_46B2/690_13202,Bulk Carrier,0,validation
S1A_IW_GRDH_1SDV_20160114T221226_20160114T221251_009496_00DC88_46B2/732_12958,Bulk Carrier,0,train
S1A_IW_GRDH_1SDV_20160114T221226_20160114T221251_009496_00DC88_46B2/7356_13488,Dredger,2,train
S1A_IW_GRDH_1SDV_20160114T221226_20160114T221251_009496_00DC88_46B2/7813_15290,Bulk Carrier,0,test
S1A_IW_GRDH_1SDV_20160114T221226_20160114T221251_009496_00DC88_46B2/7881_16111,Container Ship,1,test
S1A_IW_GRDH_1SDV_20160114T221226_20160114T221251_009496_00DC88_46B2/8165_15170,Bulk Carrier,0,train
S1A_IW_GRDH_1SDV_20160114T221226_20160114T221251_009496_00DC88_46B2/8321_15756,Bulk Carrier,0,train
S1A_IW_GRDH_1SDV_20160114T221226_20160114T221251_009496_00DC88_46B2/8657_15126,Bulk Carrier,0,train
S1A_IW_GRDH_1SDV_20160114T221226_20160114T221251_009496_00DC88_46B2/8665_14136,Container Ship,1,train
S1A_IW_GRDH_1SDV_20160114T221226_20160114T221251_009496_00DC88_46B2/8855_14222,Bulk Carrier,0,train
S1A_IW_GRDH_1SDV_20160114T221226_20160114T221251_009496_00DC88_46B2/8921_14424,Bulk Carrier,0,train
S1A_IW_GRDH_1SDV_20160114T221226_20160114T221251_009496_00DC88_46B2/9006_14157,Bulk Carrier,0,train
S1A_IW_GRDH_1SDV_20160114T221226_20160114T221251_009496_00DC88_46B2/9008_14361,Bulk Carrier,0,validation
S1A_IW_GRDH_1SDV_20160114T221226_20160114T221251_009496_00DC88_46B2/9150_13657,Bulk Carrier,0,train
S1A_IW_GRDH_1SDV_20160114T221226_20160114T221251_009496_00DC88_46B2/9169_13551,Bulk Carrier,0,train
S1A_IW_GRDH_1SDV_20160114T221226_20160114T221251_009496_00DC88_46B2/9174_14260,Bulk Carrier,0,train
S1A_IW_GRDH_1SDV_20160114T221226_20160114T221251_009496_00DC88_46B2/9220_13962,Bulk Carrier,0,test
S1A_IW_GRDH_1SDV_20160114T221226_20160114T221251_009496_00DC88_46B2/9265_15107,Bulk Carrier,0,train
S1A_IW_GRDH_1SDV_20160114T221226_20160114T221251_009496_00DC88_46B2/9291_13815,Bulk Carrier,0,train
S1A_IW_GRDH_1SDV_20160114T221226_20160114T221251_009496_00DC88_46B2/9309_14235,Bulk Carrier,0,validation
S1A_IW_GRDH_1SDV_20160114T221226_20160114T221251_009496_00DC88_46B2/9327_13926,Container Ship,1,train
S1A_IW_GRDH_1SDV_20160114T221226_20160114T221251_009496_00DC88_46B2/9382_14991,Bulk Carrier,0,train
S1A_IW_GRDH_1SDV_20160114T221226_20160114T221251_009496_00DC88_46B2/9454_14236,Bulk Carrier,0,train
S1A_IW_GRDH_1SDV_20160114T221226_20160114T221251_009496_00DC88_46B2/9521_14762,Bulk Carrier,0,train
S1A_IW_GRDH_1SDV_20160114T221226_20160114T221251_009496_00DC88_46B2/9708_13731,Bulk Carrier,0,test
S1A_IW_GRDH_1SDV_20160114T221226_20160114T221251_009496_00DC88_46B2/9709_14953,Bulk Carrier,0,test
S1A_IW_GRDH_1SDV_20160114T221226_20160114T221251_009496_00DC88_46B2/9713_13935,Bulk Carrier,0,test
S1A_IW_GRDH_1SDV_20160114T221226_20160114T221251_009496_00DC88_46B2/9826_13837,Bulk Carrier,0,train
S1A_IW_GRDH_1SDV_20160114T221226_20160114T221251_009496_00DC88_46B2/9853_13747,Bulk Carrier,0,train
S1A_IW_GRDH_1SDV_20160114T221226_20160114T221251_009496_00DC88_46B2/9992_13692,Bulk Carrier,0,train
S1A_IW_GRDH_1SDV_20160126T221225_20160126T221250_009671_00E1AF_228F/10069_14804,Bulk Carrier,0,train
S1A_IW_GRDH_1SDV_20160126T221225_20160126T221250_009671_00E1AF_228F/1006_13027,Bulk Carrier,0,train
S1A_IW_GRDH_1SDV_20160126T221225_20160126T221250_009671_00E1AF_228F/10088_14450,Bulk Carrier,0,train
S1A_IW_GRDH_1SDV_20160126T221225_20160126T221250_009671_00E1AF_228F/10249_15010,Bulk Carrier,0,train
S1A_IW_GRDH_1SDV_20160126T221225_20160126T221250_009671_00E1AF_228F/10488_14686,Bulk Carrier,0,train
S1A_IW_GRDH_1SDV_20160126T221225_20160126T221250_009671_00E1AF_228F/10540_14837,Bulk Carrier,0,train
S1A_IW_GRDH_1SDV_20160126T221225_20160126T221250_009671_00E1AF_228F/10640_14965,Bulk Carrier,0,train
S1A_IW_GRDH_1SDV_20160126T221225_20160126T221250_009671_00E1AF_228F/10683_14480,Bulk Carrier,0,test
S1A_IW_GRDH_1SDV_20160126T221225_20160126T221250_009671_00E1AF_228F/10749_14618,Bulk Carrier,0,train
S1A_IW_GRDH_1SDV_20160126T221225_20160126T221250_009671_00E1AF_228F/10996_14603,Bulk Carrier,0,train
S1A_IW_GRDH_1SDV_20160126T221225_20160126T221250_009671_00E1AF_228F/11089_14506,Tanker,4,train
S1A_IW_GRDH_1SDV_20160126T221225_20160126T221250_009671_00E1AF_228F/11134_14326,Tanker,4,train
S1A_IW_GRDH_1SDV_20160126T221225_20160126T221250_009671_00E1AF_228F/11330_14591,Tanker,4,test
S1A_IW_GRDH_1SDV_20160126T221225_20160126T221250_009671_00E1AF_228F/11375_14481,Tanker,4,test
S1A_IW_GRDH_1SDV_20160126T221225_20160126T221250_009671_00E1AF_228F/11527_14615,Tanker,4,train
S1A_IW_GRDH_1SDV_20160126T221225_20160126T221250_009671_00E1AF_228F/11530_14505,Tanker,4,train
S1A_IW_GRDH_1SDV_20160126T221225_20160126T221250_009671_00E1AF_228F/11538_14353,Tanker,4,validation
S1A_IW_GRDH_1SDV_20160126T221225_20160126T221250_009671_00E1AF_228F/11547_14975,Tanker,4,test
S1A_IW_GRDH_1SDV_20160126T221225_20160126T221250_009671_00E1AF_228F/1171_10117,Bulk Carrier,0,train
S1A_IW_GRDH_1SDV_20160126T221225_20160126T221250_009671_00E1AF_228F/1215_12780,Bulk Carrier,0,train
S1A_IW_GRDH_1SDV_20160126T221225_20160126T221250_009671_00E1AF_228F/1453_13967,Bulk Carrier,0,train
S1A_IW_GRDH_1SDV_20160126T221225_20160126T221250_009671_00E1AF_228F/1671_14581,Container Ship,1,train
S1A_IW_GRDH_1SDV_20160126T221225_20160126T221250_009671_00E1AF_228F/1865_11553,Bulk Carrier,0,test
S1A_IW_GRDH_1SDV_20160126T221225_20160126T221250_009671_00E1AF_228F/1954_14906,Bulk Carrier,0,validation
S1A_IW_GRDH_1SDV_20160126T221225_20160126T221250_009671_00E1AF_228F/2013_12064,Bulk Carrier,0,train
S1A_IW_GRDH_1SDV_20160126T221225_20160126T221250_009671_00E1AF_228F/2020_11777,Bulk Carrier,0,train
S1A_IW_GRDH_1SDV_20160126T221225_20160126T221250_009671_00E1AF_228F/2062_13786,Bulk Carrier,0,train
S1A_IW_GRDH_1SDV_20160126T221225_20160126T221250_009671_00E1AF_228F/2237_11594,Tanker,4,test
S1A_IW_GRDH_1SDV_20160126T221225_20160126T221250_009671_00E1AF_228F/2350_11493,Bulk Carrier,0,train
S1A_IW_GRDH_1SDV_20160126T221225_20160126T221250_009671_00E1AF_228F/2358_12107,Bulk Carrier,0,train
S1A_IW_GRDH_1SDV_20160126T221225_20160126T221250_009671_00E1AF_228F/2464_11734,Bulk Carrier,0,train
S1A_IW_GRDH_1SDV_20160126T221225_20160126T221250_009671_00E1AF_228F/2733_14487,Bulk Carrier,0,train
S1A_IW_GRDH_1SDV_20160126T221225_20160126T221250_009671_00E1AF_228F/3250_13595,Bulk Carrier,0,train
S1A_IW_GRDH_1SDV_20160126T221225_20160126T221250_009671_00E1AF_228F/4635_13723,Bulk Carrier,0,train
S1A_IW_GRDH_1SDV_20160126T221225_20160126T221250_009671_00E1AF_228F/4638_16275,Tug,5,train
S1A_IW_GRDH_1SDV_20160126T221225_20160126T221250_009671_00E1AF_228F/4819_13893,Bulk Carrier,0,train
S1A_IW_GRDH_1SDV_20160126T221225_20160126T221250_009671_00E1AF_228F/4938_14090,Bulk Carrier,0,train
S1A_IW_GRDH_1SDV_20160126T221225_20160126T221250_009671_00E1AF_228F/517_13046,Bulk Carrier,0,test
S1A_IW_GRDH_1SDV_20160126T221225_20160126T221250_009671_00E1AF_228F/5195_13830,Bulk Carrier,0,train
S1A_IW_GRDH_1SDV_20160126T221225_20160126T221250_009671_00E1AF_228F/525_12844,Bulk Carrier,0,train
S1A_IW_GRDH_1SDV_20160126T221225_20160126T221250_009671_00E1AF_228F/5431_14052,Bulk Carrier,0,train
S1A_IW_GRDH_1SDV_20160126T221225_20160126T221250_009671_00E1AF_228F/5501_13797,Bulk Carrier,0,train
S1A_IW_GRDH_1SDV_20160126T221225_20160126T221250_009671_00E1AF_228F/5654_14102,Bulk Carrier,0,train
S1A_IW_GRDH_1SDV_20160126T221225_20160126T221250_009671_00E1AF_228F/5751_13676,Bulk Carrier,0,test
S1A_IW_GRDH_1SDV_20160126T221225_20160126T221250_009671_00E1AF_228F/5780_13917,Bulk Carrier,0,train
S1A_IW_GRDH_1SDV_20160126T221225_20160126T221250_009671_00E1AF_228F/5914_14125,Bulk Carrier,0,train
S1A_IW_GRDH_1SDV_20160126T221225_20160126T221250_009671_00E1AF_228F/6029_13706,Bulk Carrier,0,test
S1A_IW_GRDH_1SDV_20160126T221225_20160126T221250_009671_00E1AF_228F/6076_16355,Tanker,4,train
S1A_IW_GRDH_1SDV_20160126T221225_20160126T221250_009671_00E1AF_228F/6123_14052,Bulk Carrier,0,test
S1A_IW_GRDH_1SDV_20160126T221225_20160126T221250_009671_00E1AF_228F/6156_13687,Bulk Carrier,0,train
S1A_IW_GRDH_1SDV_20160126T221225_20160126T221250_009671_00E1AF_228F/6255_13829,Bulk Carrier,0,test
S1A_IW_GRDH_1SDV_20160126T221225_20160126T221250_009671_00E1AF_228F/6327_16347,Bulk Carrier,0,train
S1A_IW_GRDH_1SDV_20160126T221225_20160126T221250_009671_00E1AF_228F/6332_14742,Container Ship,1,test
S1A_IW_GRDH_1SDV_20160126T221225_20160126T221250_009671_00E1AF_228F/6349_16181,Bulk Carrier,0,train
S1A_IW_GRDH_1SDV_20160126T221225_20160126T221250_009671_00E1AF_228F/6464_16603,Bulk Carrier,0,train
S1A_IW_GRDH_1SDV_20160126T221225_20160126T221250_009671_00E1AF_228F/6584_16392,Bulk Carrier,0,train
S1A_IW_GRDH_1SDV_20160126T221225_20160126T221250_009671_00E1AF_228F/6608_16655,Bulk Carrier,0,train
S1A_IW_GRDH_1SDV_20160126T221225_20160126T221250_009671_00E1AF_228F/698_12437,Bulk Carrier,0,train
S1A_IW_GRDH_1SDV_20160126T221225_20160126T221250_009671_00E1AF_228F/7201_16589,Bulk Carrier,0,train
S1A_IW_GRDH_1SDV_20160126T221225_20160126T221250_009671_00E1AF_228F/7574_16097,Tanker,4,train
S1A_IW_GRDH_1SDV_20160126T221225_20160126T221250_009671_00E1AF_228F/7700_15330,Bulk Carrier,0,train
S1A_IW_GRDH_1SDV_20160126T221225_20160126T221250_009671_00E1AF_228F/7853_14977,Container Ship,1,validation
S1A_IW_GRDH_1SDV_20160126T221225_20160126T221250_009671_00E1AF_228F/854_13946,Container Ship,1,train
S1A_IW_GRDH_1SDV_20160126T221225_20160126T221250_009671_00E1AF_228F/8669_15141,Bulk Carrier,0,train
S1A_IW_GRDH_1SDV_20160126T221225_20160126T221250_009671_00E1AF_228F/8723_14999,Bulk Carrier,0,train
S1A_IW_GRDH_1SDV_20160126T221225_20160126T221250_009671_00E1AF_228F/8914_15173,Container Ship,1,train
S1A_IW_GRDH_1SDV_20160126T221225_20160126T221250_009671_00E1AF_228F/893_12763,Bulk Carrier,0,train
S1A_IW_GRDH_1SDV_20160126T221225_20160126T221250_009671_00E1AF_228F/9047_14941,Bulk Carrier,0,train
S1A_IW_GRDH_1SDV_20160126T221225_20160126T221250_009671_00E1AF_228F/9435_15171,Bulk Carrier,0,train
S1A_IW_GRDH_1SDV_20160126T221225_20160126T221250_009671_00E1AF_228F/9458_14635,Bulk Carrier,0,validation
S1A_IW_GRDH_1SDV_20160126T221225_20160126T221250_009671_00E1AF_228F/9530_14904,Bulk Carrier,0,train
S1A_IW_GRDH_1SDV_20160126T221225_20160126T221250_009671_00E1AF_228F/9597_14729,Bulk Carrier,0,train
S1A_IW_GRDH_1SDV_20160126T221225_20160126T221250_009671_00E1AF_228F/9682_14944,Bulk Carrier,0,train
S1A_IW_GRDH_1SDV_20160126T221225_20160126T221250_009671_00E1AF_228F/9819_15063,Bulk Carrier,0,test
S1A_IW_GRDH_1SDV_20160126T221225_20160126T221250_009671_00E1AF_228F/9876_14823,Bulk Carrier,0,train
S1A_IW_GRDH_1SDV_20160126T221225_20160126T221250_009671_00E1AF_228F/9993_15023,Bulk Carrier,0,train
S1A_IW_GRDH_1SDV_20160219T221225_20160219T221250_010021_00EBE1_C9D5/10044_13958,Bulk Carrier,0,train
S1A_IW_GRDH_1SDV_20160219T221225_20160219T221250_010021_00EBE1_C9D5/10151_13810,Bulk Carrier,0,train
S1A_IW_GRDH_1SDV_20160219T221225_20160219T221250_010021_00EBE1_C9D5/10276_13858,Bulk Carrier,0,train
S1A_IW_GRDH_1SDV_20160219T221225_20160219T221250_010021_00EBE1_C9D5/10279_14630,Bulk Carrier,0,train
S1A_IW_GRDH_1SDV_20160219T221225_20160219T221250_010021_00EBE1_C9D5/10376_14940,Container Ship,1,train
S1A_IW_GRDH_1SDV_20160219T221225_20160219T221250_010021_00EBE1_C9D5/10404_14600,Container Ship,1,train
S1A_IW_GRDH_1SDV_20160219T221225_20160219T221250_010021_00EBE1_C9D5/10405_13802,Bulk Carrier,0,train
S1A_IW_GRDH_1SDV_20160219T221225_20160219T221250_010021_00EBE1_C9D5/10442_14394,Bulk Carrier,0,train
S1A_IW_GRDH_1SDV_20160219T221225_20160219T221250_010021_00EBE1_C9D5/10575_14521,Bulk Carrier,0,train
S1A_IW_GRDH_1SDV_20160219T221225_20160219T221250_010021_00EBE1_C9D5/10580_13903,Container Ship,1,test
S1A_IW_GRDH_1SDV_20160219T221225_20160219T221250_010021_00EBE1_C9D5/10638_15519,Bulk Carrier,0,train
S1A_IW_GRDH_1SDV_20160219T221225_20160219T221250_010021_00EBE1_C9D5/10766_14461,Bulk Carrier,0,validation
S1A_IW_GRDH_1SDV_20160219T221225_20160219T221250_010021_00EBE1_C9D5/10832_14602,Container Ship,1,test
S1A_IW_GRDH_1SDV_20160219T221225_20160219T221250_010021_00EBE1_C9D5/1083_12933,Bulk Carrier,0,train
S1A_IW_GRDH_1SDV_20160219T221225_20160219T221250_010021_00EBE1_C9D5/10840_14386,Bulk Carrier,0,train
S1A_IW_GRDH_1SDV_20160219T221225_20160219T221250_010021_00EBE1_C9D5/10867_13777,Bulk Carrier,0,train
S1A_IW_GRDH_1SDV_20160219T221225_20160219T221250_010021_00EBE1_C9D5/10980_14620,Bulk Carrier,0,test
S1A_IW_GRDH_1SDV_20160219T221225_20160219T221250_010021_00EBE1_C9D5/11126_14570,Tanker,4,test
S1A_IW_GRDH_1SDV_20160219T221225_20160219T221250_010021_00EBE1_C9D5/11214_14569,Tanker,4,train
S1A_IW_GRDH_1SDV_20160219T221225_20160219T221250_010021_00EBE1_C9D5/11847_14060,Bulk Carrier,0,train
S1A_IW_GRDH_1SDV_20160219T221225_20160219T221250_010021_00EBE1_C9D5/1248_13438,Bulk Carrier,0,train
S1A_IW_GRDH_1SDV_20160219T221225_20160219T221250_010021_00EBE1_C9D5/2437_13307,Container Ship,1,train
S1A_IW_GRDH_1SDV_20160219T221225_20160219T221250_010021_00EBE1_C9D5/2935_13804,Bulk Carrier,0,train
S1A_IW_GRDH_1SDV_20160219T221225_20160219T221250_010021_00EBE1_C9D5/4112_13980,Bulk Carrier,0,train
S1A_IW_GRDH_1SDV_20160219T221225_20160219T221250_010021_00EBE1_C9D5/4524_13336,Bulk Carrier,0,train
S1A_IW_GRDH_1SDV_20160219T221225_20160219T221250_010021_00EBE1_C9D5/4620_14060,Bulk Carrier,0,train
S1A_IW_GRDH_1SDV_20160219T221225_20160219T221250_010021_00EBE1_C9D5/510_12605,Bulk Carrier,0,train
S1A_IW_GRDH_1SDV_20160219T221225_20160219T221250_010021_00EBE1_C9D5/5306_13997,Bulk Carrier,0,train
S1A_IW_GRDH_1SDV_20160219T221225_20160219T221250_010021_00EBE1_C9D5/5364_13522,Bulk Carrier,0,test
S1A_IW_GRDH_1SDV_20160219T221225_20160219T221250_010021_00EBE1_C9D5/5549_13912,Bulk Carrier,0,test
S1A_IW_GRDH_1SDV_20160219T221225_20160219T221250_010021_00EBE1_C9D5/5794_13846,Bulk Carrier,0,test
S1A_IW_GRDH_1SDV_20160219T221225_20160219T221250_010021_00EBE1_C9D5/5894_14344,Bulk Carrier,0,test
S1A_IW_GRDH_1SDV_20160219T221225_20160219T221250_010021_00EBE1_C9D5/5919_13634,Bulk Carrier,0,train
S1A_IW_GRDH_1SDV_20160219T221225_20160219T221250_010021_00EBE1_C9D5/6111_13660,Bulk Carrier,0,train
S1A_IW_GRDH_1SDV_20160219T221225_20160219T221250_010021_00EBE1_C9D5/6313_13975,Bulk Carrier,0,train
S1A_IW_GRDH_1SDV_20160219T221225_20160219T221250_010021_00EBE1_C9D5/6835_16068,Bulk Carrier,0,train
S1A_IW_GRDH_1SDV_20160219T221225_20160219T221250_010021_00EBE1_C9D5/6947_16268,Bulk Carrier,0,train
S1A_IW_GRDH_1SDV_20160219T221225_20160219T221250_010021_00EBE1_C9D5/6986_15979,Bulk Carrier,0,train
S1A_IW_GRDH_1SDV_20160219T221225_20160219T221250_010021_00EBE1_C9D5/7039_16571,Bulk Carrier,0,train
S1A_IW_GRDH_1SDV_20160219T221225_20160219T221250_010021_00EBE1_C9D5/7133_16452,Bulk Carrier,0,train
S1A_IW_GRDH_1SDV_20160219T221225_20160219T221250_010021_00EBE1_C9D5/7169_14826,Container Ship,1,validation
S1A_IW_GRDH_1SDV_20160219T221225_20160219T221250_010021_00EBE1_C9D5/7242_15028,Tanker,4,validation
S1A_IW_GRDH_1SDV_20160219T221225_20160219T221250_010021_00EBE1_C9D5/7609_15815,Container Ship,1,train
S1A_IW_GRDH_1SDV_20160219T221225_20160219T221250_010021_00EBE1_C9D5/7873_14171,Bulk Carrier,0,train
S1A_IW_GRDH_1SDV_20160219T221225_20160219T221250_010021_00EBE1_C9D5/7957_14018,Bulk Carrier,0,train
S1A_IW_GRDH_1SDV_20160219T221225_20160219T221250_010021_00EBE1_C9D5/8045_15316,Bulk Carrier,0,test
S1A_IW_GRDH_1SDV_20160219T221225_20160219T221250_010021_00EBE1_C9D5/813_15315,Container Ship,1,train
S1A_IW_GRDH_1SDV_20160219T221225_20160219T221250_010021_00EBE1_C9D5/8156_14949,Bulk Carrier,0,test
S1A_IW_GRDH_1SDV_20160219T221225_20160219T221250_010021_00EBE1_C9D5/8247_13820,Tanker,4,train
S1A_IW_GRDH_1SDV_20160219T221225_20160219T221250_010021_00EBE1_C9D5/8343_15015,Bulk Carrier,0,train
S1A_IW_GRDH_1SDV_20160219T221225_20160219T221250_010021_00EBE1_C9D5/8388_14180,Bulk Carrier,0,validation
S1A_IW_GRDH_1SDV_20160219T221225_20160219T221250_010021_00EBE1_C9D5/8389_14008,Bulk Carrier,0,validation
S1A_IW_GRDH_1SDV_20160219T221225_20160219T221250_010021_00EBE1_C9D5/8399_14913,Bulk Carrier,0,train
S1A_IW_GRDH_1SDV_20160219T221225_20160219T221250_010021_00EBE1_C9D5/8467_13847,Container Ship,1,train
S1A_IW_GRDH_1SDV_20160219T221225_20160219T221250_010021_00EBE1_C9D5/8542_14813,Bulk Carrier,0,test
S1A_IW_GRDH_1SDV_20160219T221225_20160219T221250_010021_00EBE1_C9D5/8666_15025,Bulk Carrier,0,train
S1A_IW_GRDH_1SDV_20160219T221225_20160219T221250_010021_00EBE1_C9D5/8938_15057,Bulk Carrier,0,test
S1A_IW_GRDH_1SDV_20160219T221225_20160219T221250_010021_00EBE1_C9D5/8958_15214,Bulk Carrier,0,test
S1A_IW_GRDH_1SDV_20160219T221225_20160219T221250_010021_00EBE1_C9D5/9000_14357,Bulk Carrier,0,train
S1A_IW_GRDH_1SDV_20160219T221225_20160219T221250_010021_00EBE1_C9D5/9042_14118,Container Ship,1,train
S1A_IW_GRDH_1SDV_20160219T221225_20160219T221250_010021_00EBE1_C9D5/9044_14234,Bulk Carrier,0,train
S1A_IW_GRDH_1SDV_20160219T221225_20160219T221250_010021_00EBE1_C9D5/9081_14003,Bulk Carrier,0,test
S1A_IW_GRDH_1SDV_20160219T221225_20160219T221250_010021_00EBE1_C9D5/9108_14889,Bulk Carrier,0,train
S1A_IW_GRDH_1SDV_20160219T221225_20160219T221250_010021_00EBE1_C9D5/9125_15184,Bulk Carrier,0,test
S1A_IW_GRDH_1SDV_20160219T221225_20160219T221250_010021_00EBE1_C9D5/9186_14304,Bulk Carrier,0,train
S1A_IW_GRDH_1SDV_20160219T221225_20160219T221250_010021_00EBE1_C9D5/9252_13774,Bulk Carrier,0,train
S1A_IW_GRDH_1SDV_20160219T221225_20160219T221250_010021_00EBE1_C9D5/9256_14852,Bulk Carrier,0,test
S1A_IW_GRDH_1SDV_20160219T221225_20160219T221250_010021_00EBE1_C9D5/9297_14313,Container Ship,1,train
S1A_IW_GRDH_1SDV_20160219T221225_20160219T221250_010021_00EBE1_C9D5/9358_14992,Bulk Carrier,0,train
S1A_IW_GRDH_1SDV_20160219T221225_20160219T221250_010021_00EBE1_C9D5/9413_14793,Bulk Carrier,0,validation
S1A_IW_GRDH_1SDV_20160219T221225_20160219T221250_010021_00EBE1_C9D5/9441_14709,Container Ship,1,train
S1A_IW_GRDH_1SDV_20160219T221225_20160219T221250_010021_00EBE1_C9D5/9469_13862,Bulk Carrier,0,train
S1A_IW_GRDH_1SDV_20160219T221225_20160219T221250_010021_00EBE1_C9D5/9584_15041,Bulk Carrier,0,test
S1A_IW_GRDH_1SDV_20160219T221225_20160219T221250_010021_00EBE1_C9D5/9653_13881,Container Ship,1,train
S1A_IW_GRDH_1SDV_20160219T221225_20160219T221250_010021_00EBE1_C9D5/9678_13733,Bulk Carrier,0,train
S1A_IW_GRDH_1SDV_20160219T221225_20160219T221250_010021_00EBE1_C9D5/982_13333,Bulk Carrier,0,train
S1A_IW_GRDH_1SDV_20160219T221225_20160219T221250_010021_00EBE1_C9D5/9939_13512,Bulk Carrier,0,train
S1A_IW_GRDH_1SDV_20160219T221225_20160219T221250_010021_00EBE1_C9D5/9959_14882,Bulk Carrier,0,test
S1A_IW_GRDH_1SDV_20160219T221225_20160219T221250_010021_00EBE1_C9D5/9989_13686,Bulk Carrier,0,train
S1A_IW_GRDH_1SDV_20160219T221225_20160219T221250_010021_00EBE1_C9D5/9997_13838,Bulk Carrier,0,validation
S1A_IW_GRDH_1SDV_20160302T221225_20160302T221250_010196_00F0D2_D0C8/10101_13555,Bulk Carrier,0,validation
S1A_IW_GRDH_1SDV_20160302T221225_20160302T221250_010196_00F0D2_D0C8/10154_14806,Bulk Carrier,0,train
S1A_IW_GRDH_1SDV_20160302T221225_20160302T221250_010196_00F0D2_D0C8/10195_13966,Bulk Carrier,0,validation
S1A_IW_GRDH_1SDV_20160302T221225_20160302T221250_010196_00F0D2_D0C8/10197_14598,Bulk Carrier,0,validation
S1A_IW_GRDH_1SDV_20160302T221225_20160302T221250_010196_00F0D2_D0C8/10335_14333,Bulk Carrier,0,train
S1A_IW_GRDH_1SDV_20160302T221225_20160302T221250_010196_00F0D2_D0C8/10438_14322,Bulk Carrier,0,train
S1A_IW_GRDH_1SDV_20160302T221225_20160302T221250_010196_00F0D2_D0C8/10513_14605,Container Ship,1,train
S1A_IW_GRDH_1SDV_20160302T221225_20160302T221250_010196_00F0D2_D0C8/10554_14750,Bulk Carrier,0,train
S1A_IW_GRDH_1SDV_20160302T221225_20160302T221250_010196_00F0D2_D0C8/10652_14494,Bulk Carrier,0,train
S1A_IW_GRDH_1SDV_20160302T221225_20160302T221250_010196_00F0D2_D0C8/10795_14568,Bulk Carrier,0,test
S1A_IW_GRDH_1SDV_20160302T221225_20160302T221250_010196_00F0D2_D0C8/10836_14421,Bulk Carrier,0,train
S1A_IW_GRDH_1SDV_20160302T221225_20160302T221250_010196_00F0D2_D0C8/10913_14681,Bulk Carrier,0,train
S1A_IW_GRDH_1SDV_20160302T221225_20160302T221250_010196_00F0D2_D0C8/10952_14503,Bulk Carrier,0,train
S1A_IW_GRDH_1SDV_20160302T221225_20160302T221250_010196_00F0D2_D0C8/10958_13873,Bulk Carrier,0,train
S1A_IW_GRDH_1SDV_20160302T221225_20160302T221250_010196_00F0D2_D0C8/11011_14339,Bulk Carrier,0,train
S1A_IW_GRDH_1SDV_20160302T221225_20160302T221250_010196_00F0D2_D0C8/11284_14386,Tanker,4,test
S1A_IW_GRDH_1SDV_20160302T221225_20160302T221250_010196_00F0D2_D0C8/11398_14437,Fishing,3,validation
S1A_IW_GRDH_1SDV_20160302T221225_20160302T221250_010196_00F0D2_D0C8/11494_14448,Tanker,4,train
S1A_IW_GRDH_1SDV_20160302T221225_20160302T221250_010196_00F0D2_D0C8/11555_14506,Tanker,4,validation
S1A_IW_GRDH_1SDV_20160302T221225_20160302T221250_010196_00F0D2_D0C8/11944_14377,Tanker,4,validation
S1A_IW_GRDH_1SDV_20160302T221225_20160302T221250_010196_00F0D2_D0C8/13394_16627,Dredger,2,validation
S1A_IW_GRDH_1SDV_20160302T221225_20160302T221250_010196_00F0D2_D0C8/1505_15264,Bulk Carrier,0,validation
S1A_IW_GRDH_1SDV_20160302T221225_20160302T221250_010196_00F0D2_D0C8/1580_10319,Bulk Carrier,0,train
S1A_IW_GRDH_1SDV_20160302T221225_20160302T221250_010196_00F0D2_D0C8/1652_9818,Bulk Carrier,0,test
S1A_IW_GRDH_1SDV_20160302T221225_20160302T221250_010196_00F0D2_D0C8/1677_11618,Bulk Carrier,0,train
S1A_IW_GRDH_1SDV_20160302T221225_20160302T221250_010196_00F0D2_D0C8/1736_10383,Bulk Carrier,0,train
S1A_IW_GRDH_1SDV_20160302T221225_20160302T221250_010196_00F0D2_D0C8/1785_11402,Bulk Carrier,0,train
S1A_IW_GRDH_1SDV_20160302T221225_20160302T221250_010196_00F0D2_D0C8/1936_14444,Bulk Carrier,0,train
S1A_IW_GRDH_1SDV_20160302T221225_20160302T221250_010196_00F0D2_D0C8/2001_10029,Bulk Carrier,0,train
S1A_IW_GRDH_1SDV_20160302T221225_20160302T221250_010196_00F0D2_D0C8/2004_11914,Bulk Carrier,0,train
S1A_IW_GRDH_1SDV_20160302T221225_20160302T221250_010196_00F0D2_D0C8/2135_11470,Bulk Carrier,0,train
S1A_IW_GRDH_1SDV_20160302T221225_20160302T221250_010196_00F0D2_D0C8/2410_13980,Bulk Carrier,0,train
S1A_IW_GRDH_1SDV_20160302T221225_20160302T221250_010196_00F0D2_D0C8/2450_13040,Container Ship,1,test
S1A_IW_GRDH_1SDV_20160302T221225_20160302T221250_010196_00F0D2_D0C8/2481_10399,Tanker,4,train
S1A_IW_GRDH_1SDV_20160302T221225_20160302T221250_010196_00F0D2_D0C8/2555_11765,Bulk Carrier,0,train
S1A_IW_GRDH_1SDV_20160302T221225_20160302T221250_010196_00F0D2_D0C8/2985_13777,Bulk Carrier,0,train
S1A_IW_GRDH_1SDV_20160302T221225_20160302T221250_010196_00F0D2_D0C8/4992_13569,Bulk Carrier,0,train
S1A_IW_GRDH_1SDV_20160302T221225_20160302T221250_010196_00F0D2_D0C8/5169_13625,Bulk Carrier,0,test
S1A_IW_GRDH_1SDV_20160302T221225_20160302T221250_010196_00F0D2_D0C8/5367_13764,Bulk Carrier,0,train
S1A_IW_GRDH_1SDV_20160302T221225_20160302T221250_010196_00F0D2_D0C8/5450_13544,Bulk Carrier,0,train
S1A_IW_GRDH_1SDV_20160302T221225_20160302T221250_010196_00F0D2_D0C8/5641_14141,Bulk Carrier,0,train
S1A_IW_GRDH_1SDV_20160302T221225_20160302T221250_010196_00F0D2_D0C8/5745_13608,Bulk Carrier,0,validation
S1A_IW_GRDH_1SDV_20160302T221225_20160302T221250_010196_00F0D2_D0C8/5866_13951,Bulk Carrier,0,train
S1A_IW_GRDH_1SDV_20160302T221225_20160302T221250_010196_00F0D2_D0C8/5910_13589,Bulk Carrier,0,train
S1A_IW_GRDH_1SDV_20160302T221225_20160302T221250_010196_00F0D2_D0C8/6109_14096,Bulk Carrier,0,train
S1A_IW_GRDH_1SDV_20160302T221225_20160302T221250_010196_00F0D2_D0C8/6965_16257,Bulk Carrier,0,test
S1A_IW_GRDH_1SDV_20160302T221225_20160302T221250_010196_00F0D2_D0C8/7134_16395,Bulk Carrier,0,train
S1A_IW_GRDH_1SDV_20160302T221225_20160302T221250_010196_00F0D2_D0C8/7353_16450,Bulk Carrier,0,train
S1A_IW_GRDH_1SDV_20160302T221225_20160302T221250_010196_00F0D2_D0C8/7531_13418,Dredger,2,train
S1A_IW_GRDH_1SDV_20160302T221225_20160302T221250_010196_00F0D2_D0C8/7643_15793,Container Ship,1,train
S1A_IW_GRDH_1SDV_20160302T221225_20160302T221250_010196_00F0D2_D0C8/8013_14875,Container Ship,1,test
S1A_IW_GRDH_1SDV_20160302T221225_20160302T221250_010196_00F0D2_D0C8/8214_15006,Bulk Carrier,0,train
S1A_IW_GRDH_1SDV_20160302T221225_20160302T221250_010196_00F0D2_D0C8/8313_14065,Bulk Carrier,0,train
S1A_IW_GRDH_1SDV_20160302T221225_20160302T221250_010196_00F0D2_D0C8/8399_14454,Bulk Carrier,0,test
S1A_IW_GRDH_1SDV_20160302T221225_20160302T221250_010196_00F0D2_D0C8/8575_15047,Bulk Carrier,0,test
S1A_IW_GRDH_1SDV_20160302T221225_20160302T221250_010196_00F0D2_D0C8/8911_15048,Bulk Carrier,0,train
S1A_IW_GRDH_1SDV_20160302T221225_20160302T221250_010196_00F0D2_D0C8/9042_14915,Bulk Carrier,0,train
S1A_IW_GRDH_1SDV_20160302T221225_20160302T221250_010196_00F0D2_D0C8/9050_14065,Bulk Carrier,0,validation
S1A_IW_GRDH_1SDV_20160302T221225_20160302T221250_010196_00F0D2_D0C8/9099_14237,Bulk Carrier,0,train
S1A_IW_GRDH_1SDV_20160302T221225_20160302T221250_010196_00F0D2_D0C8/9221_13793,Bulk Carrier,0,test
S1A_IW_GRDH_1SDV_20160302T221225_20160302T221250_010196_00F0D2_D0C8/9368_13792,Bulk Carrier,0,test
S1A_IW_GRDH_1SDV_20160302T221225_20160302T221250_010196_00F0D2_D0C8/9386_14154,Bulk Carrier,0,test
S1A_IW_GRDH_1SDV_20160302T221225_20160302T221250_010196_00F0D2_D0C8/9444_15124,Bulk Carrier,0,test
S1A_IW_GRDH_1SDV_20160302T221225_20160302T221250_010196_00F0D2_D0C8/9484_13924,Bulk Carrier,0,train
S1A_IW_GRDH_1SDV_20160302T221225_20160302T221250_010196_00F0D2_D0C8/9494_14074,Bulk Carrier,0,train
S1A_IW_GRDH_1SDV_20160302T221225_20160302T221250_010196_00F0D2_D0C8/9515_14897,Bulk Carrier,0,train
S1A_IW_GRDH_1SDV_20160302T221225_20160302T221250_010196_00F0D2_D0C8/9571_14151,Container Ship,1,train
S1A_IW_GRDH_1SDV_20160302T221225_20160302T221250_010196_00F0D2_D0C8/9658_13677,Bulk Carrier,0,train
S1A_IW_GRDH_1SDV_20160302T221225_20160302T221250_010196_00F0D2_D0C8/9681_13809,Bulk Carrier,0,train
S1A_IW_GRDH_1SDV_20160302T221225_20160302T221250_010196_00F0D2_D0C8/9776_13871,Bulk Carrier,0,test
S1A_IW_GRDH_1SDV_20160302T221225_20160302T221250_010196_00F0D2_D0C8/9790_14097,Bulk Carrier,0,train
S1A_IW_GRDH_1SDV_20160302T221225_20160302T221250_010196_00F0D2_D0C8/9806_13979,Bulk Carrier,0,test
S1A_IW_GRDH_1SDV_20160302T221225_20160302T221250_010196_00F0D2_D0C8/9882_13781,Bulk Carrier,0,train
S1A_IW_GRDH_1SDV_20160302T221225_20160302T221250_010196_00F0D2_D0C8/9933_13899,Bulk Carrier,0,test
S1A_IW_GRDH_1SDV_20160302T221225_20160302T221250_010196_00F0D2_D0C8/9952_14834,Bulk Carrier,0,train
S1A_IW_GRDH_1SDV_20160302T221225_20160302T221250_010196_00F0D2_D0C8/9997_14695,Bulk Carrier,0,train
S1A_IW_GRDH_1SDV_20160326T221226_20160326T221251_010546_00FAC9_4D44/10100_13941,Bulk Carrier,0,train
S1A_IW_GRDH_1SDV_20160326T221226_20160326T221251_010546_00FAC9_4D44/10164_14486,Bulk Carrier,0,train
S1A_IW_GRDH_1SDV_20160326T221226_20160326T221251_010546_00FAC9_4D44/10251_13886,Bulk Carrier,0,train
S1A_IW_GRDH_1SDV_20160326T221226_20160326T221251_010546_00FAC9_4D44/10464_14574,Bulk Carrier,0,train
S1A_IW_GRDH_1SDV_20160326T221226_20160326T221251_010546_00FAC9_4D44/10544_13898,Bulk Carrier,0,train
S1A_IW_GRDH_1SDV_20160326T221226_20160326T221251_010546_00FAC9_4D44/10632_13802,Bulk Carrier,0,test
S1A_IW_GRDH_1SDV_20160326T221226_20160326T221251_010546_00FAC9_4D44/10929_14065,Container Ship,1,train
S1A_IW_GRDH_1SDV_20160326T221226_20160326T221251_010546_00FAC9_4D44/11075_13848,Bulk Carrier,0,train
S1A_IW_GRDH_1SDV_20160326T221226_20160326T221251_010546_00FAC9_4D44/11076_14458,Tanker,4,train
S1A_IW_GRDH_1SDV_20160326T221226_20160326T221251_010546_00FAC9_4D44/11416_14057,Container Ship,1,train
S1A_IW_GRDH_1SDV_20160326T221226_20160326T221251_010546_00FAC9_4D44/11479_14542,Tanker,4,train
S1A_IW_GRDH_1SDV_20160326T221226_20160326T221251_010546_00FAC9_4D44/11642_13864,Tanker,4,train
S1A_IW_GRDH_1SDV_20160326T221226_20160326T221251_010546_00FAC9_4D44/1382_13884,Container Ship,1,train
S1A_IW_GRDH_1SDV_20160326T221226_20160326T221251_010546_00FAC9_4D44/1441_11477,Bulk Carrier,0,train
S1A_IW_GRDH_1SDV_20160326T221226_20160326T221251_010546_00FAC9_4D44/1481_12798,Bulk Carrier,0,train
S1A_IW_GRDH_1SDV_20160326T221226_20160326T221251_010546_00FAC9_4D44/1608_10231,Bulk Carrier,0,train
S1A_IW_GRDH_1SDV_20160326T221226_20160326T221251_010546_00FAC9_4D44/1681_9985,Bulk Carrier,0,test
S1A_IW_GRDH_1SDV_20160326T221226_20160326T221251_010546_00FAC9_4D44/1710_11335,Bulk Carrier,0,train
S1A_IW_GRDH_1SDV_20160326T221226_20160326T221251_010546_00FAC9_4D44/1742_10182,Bulk Carrier,0,train
S1A_IW_GRDH_1SDV_20160326T221226_20160326T221251_010546_00FAC9_4D44/1780_13352,Container Ship,1,train
S1A_IW_GRDH_1SDV_20160326T221226_20160326T221251_010546_00FAC9_4D44/1814_11468,Bulk Carrier,0,validation
S1A_IW_GRDH_1SDV_20160326T221226_20160326T221251_010546_00FAC9_4D44/1954_11553,Bulk Carrier,0,train
S1A_IW_GRDH_1SDV_20160326T221226_20160326T221251_010546_00FAC9_4D44/2118_11313,Bulk Carrier,0,train
S1A_IW_GRDH_1SDV_20160326T221226_20160326T221251_010546_00FAC9_4D44/2178_11546,Bulk Carrier,0,test
S1A_IW_GRDH_1SDV_20160326T221226_20160326T221251_010546_00FAC9_4D44/2376_11737,Bulk Carrier,0,train
S1A_IW_GRDH_1SDV_20160326T221226_20160326T221251_010546_00FAC9_4D44/2424_11513,Bulk Carrier,0,train
S1A_IW_GRDH_1SDV_20160326T221226_20160326T221251_010546_00FAC9_4D44/2629_11492,Bulk Carrier,0,validation
S1A_IW_GRDH_1SDV_20160326T221226_20160326T221251_010546_00FAC9_4D44/3687_16538,Tanker,4,train
S1A_IW_GRDH_1SDV_20160326T221226_20160326T221251_010546_00FAC9_4D44/4976_13939,Bulk Carrier,0,train
S1A_IW_GRDH_1SDV_20160326T221226_20160326T221251_010546_00FAC9_4D44/5240_13532,Bulk Carrier,0,train
S1A_IW_GRDH_1SDV_20160326T221226_20160326T221251_010546_00FAC9_4D44/5401_13785,Bulk Carrier,0,train
S1A_IW_GRDH_1SDV_20160326T221226_20160326T221251_010546_00FAC9_4D44/5469_14086,Bulk Carrier,0,train
S1A_IW_GRDH_1SDV_20160326T221226_20160326T221251_010546_00FAC9_4D44/5717_13893,Bulk Carrier,0,train
S1A_IW_GRDH_1SDV_20160326T221226_20160326T221251_010546_00FAC9_4D44/5852_15590,Tanker,4,test
S1A_IW_GRDH_1SDV_20160326T221226_20160326T221251_010546_00FAC9_4D44/6259_14811,Bulk Carrier,0,train
S1A_IW_GRDH_1SDV_20160326T221226_20160326T221251_010546_00FAC9_4D44/7093_16583,Bulk Carrier,0,test
S1A_IW_GRDH_1SDV_20160326T221226_20160326T221251_010546_00FAC9_4D44/7458_13412,Tug,5,test
S1A_IW_GRDH_1SDV_20160326T221226_20160326T221251_010546_00FAC9_4D44/7742_13402,Dredger,2,test
S1A_IW_GRDH_1SDV_20160326T221226_20160326T221251_010546_00FAC9_4D44/790_13461,Container Ship,1,train
S1A_IW_GRDH_1SDV_20160326T221226_20160326T221251_010546_00FAC9_4D44/8485_15321,Container Ship,1,train
S1A_IW_GRDH_1SDV_20160326T221226_20160326T221251_010546_00FAC9_4D44/8706_14769,Container Ship,1,train
S1A_IW_GRDH_1SDV_20160326T221226_20160326T221251_010546_00FAC9_4D44/8877_14293,Bulk Carrier,0,train
S1A_IW_GRDH_1SDV_20160326T221226_20160326T221251_010546_00FAC9_4D44/9272_14159,Bulk Carrier,0,test
S1A_IW_GRDH_1SDV_20160326T221226_20160326T221251_010546_00FAC9_4D44/9385_13820,Bulk Carrier,0,train
S1A_IW_GRDH_1SDV_20160326T221226_20160326T221251_010546_00FAC9_4D44/9400_14089,Bulk Carrier,0,train
S1A_IW_GRDH_1SDV_20160326T221226_20160326T221251_010546_00FAC9_4D44/9451_13974,Bulk Carrier,0,train
S1A_IW_GRDH_1SDV_20160326T221226_20160326T221251_010546_00FAC9_4D44/9486_15069,Bulk Carrier,0,validation
S1A_IW_GRDH_1SDV_20160326T221226_20160326T221251_010546_00FAC9_4D44/9572_13714,Bulk Carrier,0,test
S1A_IW_GRDH_1SDV_20160326T221226_20160326T221251_010546_00FAC9_4D44/9639_13563,Bulk Carrier,0,train
S1A_IW_GRDH_1SDV_20160326T221226_20160326T221251_010546_00FAC9_4D44/9692_14541,Bulk Carrier,0,train
S1A_IW_GRDH_1SDV_20160326T221226_20160326T221251_010546_00FAC9_4D44/9697_13858,Bulk Carrier,0,validation
S1A_IW_GRDH_1SDV_20160326T221226_20160326T221251_010546_00FAC9_4D44/9754_14047,Bulk Carrier,0,validation
S1A_IW_GRDH_1SDV_20160326T221226_20160326T221251_010546_00FAC9_4D44/9865_13819,Bulk Carrier,0,train
S1A_IW_GRDH_1SDV_20160328T095421_20160328T095446_010568_00FB64_215C/10851_335,Tanker,4,train
S1A_IW_GRDH_1SDV_20160328T095421_20160328T095446_010568_00FB64_215C/11029_2592,Tanker,4,train
S1A_IW_GRDH_1SDV_20160328T095421_20160328T095446_010568_00FB64_215C/11031_489,Tanker,4,train
S1A_IW_GRDH_1SDV_20160328T095421_20160328T095446_010568_00FB64_215C/11186_3038,Tanker,4,train
S1A_IW_GRDH_1SDV_20160328T095421_20160328T095446_010568_00FB64_215C/11220_2087,Tanker,4,test
S1A_IW_GRDH_1SDV_20160328T095421_20160328T095446_010568_00FB64_215C/11227_2334,Container Ship,1,test
S1A_IW_GRDH_1SDV_20160328T095421_20160328T095446_010568_00FB64_215C/11250_2043,Tanker,4,train
S1A_IW_GRDH_1SDV_20160328T095421_20160328T095446_010568_00FB64_215C/11265_3094,Tanker,4,test
S1A_IW_GRDH_1SDV_20160328T095421_20160328T095446_010568_00FB64_215C/11286_2980,Tanker,4,train
S1A_IW_GRDH_1SDV_20160328T095421_20160328T095446_010568_00FB64_215C/11316_2346,Tanker,4,train
S1A_IW_GRDH_1SDV_20160328T095421_20160328T095446_010568_00FB64_215C/11439_2396,Tanker,4,train
S1A_IW_GRDH_1SDV_20160328T095421_20160328T095446_010568_00FB64_215C/12098_217,Tanker,4,validation
S1A_IW_GRDH_1SDV_20160328T095421_20160328T095446_010568_00FB64_215C/12377_293,Tanker,4,train
S1A_IW_GRDH_1SDV_20160328T095421_20160328T095446_010568_00FB64_215C/12652_3006,Tanker,4,train
S1A_IW_GRDH_1SDV_20160328T095421_20160328T095446_010568_00FB64_215C/12816_14851,Fishing,3,train
S1A_IW_GRDH_1SDV_20160328T095421_20160328T095446_010568_00FB64_215C/13109_14973,Dredger,2,train
S1A_IW_GRDH_1SDV_20160328T095421_20160328T095446_010568_00FB64_215C/13176_14927,Dredger,2,train
S1A_IW_GRDH_1SDV_20160328T095421_20160328T095446_010568_00FB64_215C/13265_2933,Tanker,4,validation
S1A_IW_GRDH_1SDV_20160328T095421_20160328T095446_010568_00FB64_215C/13288_14862,Tanker,4,train
S1A_IW_GRDH_1SDV_20160328T095421_20160328T095446_010568_00FB64_215C/13399_14793,Tanker,4,train
S1A_IW_GRDH_1SDV_20160328T095421_20160328T095446_010568_00FB64_215C/14534_14235,Container Ship,1,train
S1A_IW_GRDH_1SDV_20160328T095421_20160328T095446_010568_00FB64_215C/14556_14333,Dredger,2,train
S1A_IW_GRDH_1SDV_20160328T095421_20160328T095446_010568_00FB64_215C/14602_12498,Tanker,4,test
S1A_IW_GRDH_1SDV_20160328T095421_20160328T095446_010568_00FB64_215C/14753_14037,Bulk Carrier,0,train
S1A_IW_GRDH_1SDV_20160328T095421_20160328T095446_010568_00FB64_215C/14813_6729,Tanker,4,validation
S1A_IW_GRDH_1SDV_20160328T095421_20160328T095446_010568_00FB64_215C/15282_5315,Fishing,3,validation
S1A_IW_GRDH_1SDV_20160328T095421_20160328T095446_010568_00FB64_215C/15419_6312,Bulk Carrier,0,train
S1A_IW_GRDH_1SDV_20160328T095421_20160328T095446_010568_00FB64_215C/15465_1726,Bulk Carrier,0,test
S1A_IW_GRDH_1SDV_20160328T095421_20160328T095446_010568_00FB64_215C/15543_6180,Bulk Carrier,0,train
S1A_IW_GRDH_1SDV_20160328T095421_20160328T095446_010568_00FB64_215C/15565_1881,Bulk Carrier,0,train
S1A_IW_GRDH_1SDV_20160328T095421_20160328T095446_010568_00FB64_215C/15611_5674,Tanker,4,train
S1A_IW_GRDH_1SDV_20160328T095421_20160328T095446_010568_00FB64_215C/15617_810,Dredger,2,train
S1A_IW_GRDH_1SDV_20160328T095421_20160328T095446_010568_00FB64_215C/15677_6734,Tanker,4,train
S1A_IW_GRDH_1SDV_20160328T095421_20160328T095446_010568_00FB64_215C/15776_13379,Fishing,3,test
S1A_IW_GRDH_1SDV_20160328T095421_20160328T095446_010568_00FB64_215C/15781_710,Fishing,3,test
S1A_IW_GRDH_1SDV_20160328T095421_20160328T095446_010568_00FB64_215C/16006_1259,Tanker,4,train
S1A_IW_GRDH_1SDV_20160328T095421_20160328T095446_010568_00FB64_215C/16019_1239,Tanker,4,train
S1A_IW_GRDH_1SDV_20160328T095421_20160328T095446_010568_00FB64_215C/16059_4949,Fishing,3,test
S1A_IW_GRDH_1SDV_20160328T095421_20160328T095446_010568_00FB64_215C/16075_4904,Tanker,4,train
S1A_IW_GRDH_1SDV_20160328T095421_20160328T095446_010568_00FB64_215C/16202_13311,Bulk Carrier,0,test
S1A_IW_GRDH_1SDV_20160328T095421_20160328T095446_010568_00FB64_215C/16242_7639,Tanker,4,test
S1A_IW_GRDH_1SDV_20160328T095421_20160328T095446_010568_00FB64_215C/16498_4160,Container Ship,1,test
S1A_IW_GRDH_1SDV_20160328T095421_20160328T095446_010568_00FB64_215C/16611_12883,Container Ship,1,test
S1A_IW_GRDH_1SDV_20160328T095421_20160328T095446_010568_00FB64_215C/17311_8326,Fishing,3,train
S1A_IW_GRDH_1SDV_20160328T095421_20160328T095446_010568_00FB64_215C/17391_8226,Tanker,4,train
S1A_IW_GRDH_1SDV_20160328T095421_20160328T095446_010568_00FB64_215C/17489_3631,Fishing,3,train
S1A_IW_GRDH_1SDV_20160328T095421_20160328T095446_010568_00FB64_215C/17872_5354,Bulk Carrier,0,train
S1A_IW_GRDH_1SDV_20160328T095421_20160328T095446_010568_00FB64_215C/18182_11682,Container Ship,1,train
S1A_IW_GRDH_1SDV_20160328T095421_20160328T095446_010568_00FB64_215C/18306_11608,Container Ship,1,train
S1A_IW_GRDH_1SDV_20160328T095421_20160328T095446_010568_00FB64_215C/18379_4965,Container Ship,1,validation
S1A_IW_GRDH_1SDV_20160328T095421_20160328T095446_010568_00FB64_215C/18424_12885,Fishing,3,train
S1A_IW_GRDH_1SDV_20160328T095421_20160328T095446_010568_00FB64_215C/18477_4775,Container Ship,1,test
S1A_IW_GRDH_1SDV_20160328T095421_20160328T095446_010568_00FB64_215C/18490_5962,Bulk Carrier,0,train
S1A_IW_GRDH_1SDV_20160328T095421_20160328T095446_010568_00FB64_215C/18594_5009,Container Ship,1,train
S1A_IW_GRDH_1SDV_20160328T095421_20160328T095446_010568_00FB64_215C/18777_4672,Container Ship,1,test
S1A_IW_GRDH_1SDV_20160328T095421_20160328T095446_010568_00FB64_215C/18869_11835,Container Ship,1,train
S1A_IW_GRDH_1SDV_20160328T095421_20160328T095446_010568_00FB64_215C/18922_3914,Fishing,3,train
S1A_IW_GRDH_1SDV_20160328T095421_20160328T095446_010568_00FB64_215C/18962_4755,Container Ship,1,train
S1A_IW_GRDH_1SDV_20160328T095421_20160328T095446_010568_00FB64_215C/19001_5543,Bulk Carrier,0,train
S1A_IW_GRDH_1SDV_20160328T095421_20160328T095446_010568_00FB64_215C/19181_3020,Tanker,4,test
S1A_IW_GRDH_1SDV_20160328T095421_20160328T095446_010568_00FB64_215C/19217_4517,Container Ship,1,validation
S1A_IW_GRDH_1SDV_20160328T095421_20160328T095446_010568_00FB64_215C/19224_4678,Container Ship,1,validation
S1A_IW_GRDH_1SDV_20160328T095421_20160328T095446_010568_00FB64_215C/19229_8256,Container Ship,1,train
S1A_IW_GRDH_1SDV_20160328T095421_20160328T095446_010568_00FB64_215C/19259_12944,Container Ship,1,train
S1A_IW_GRDH_1SDV_20160328T095421_20160328T095446_010568_00FB64_215C/19262_3875,Container Ship,1,test
S1A_IW_GRDH_1SDV_20160328T095421_20160328T095446_010568_00FB64_215C/19267_12724,Bulk Carrier,0,train
S1A_IW_GRDH_1SDV_20160328T095421_20160328T095446_010568_00FB64_215C/19300_11476,Container Ship,1,train
S1A_IW_GRDH_1SDV_20160328T095421_20160328T095446_010568_00FB64_215C/19326_4363,Container Ship,1,test
S1A_IW_GRDH_1SDV_20160328T095421_20160328T095446_010568_00FB64_215C/19422_12992,Container Ship,1,validation
S1A_IW_GRDH_1SDV_20160328T095421_20160328T095446_010568_00FB64_215C/19453_4619,Fishing,3,test
S1A_IW_GRDH_1SDV_20160328T095421_20160328T095446_010568_00FB64_215C/19461_2854,Bulk Carrier,0,train
S1A_IW_GRDH_1SDV_20160328T095421_20160328T095446_010568_00FB64_215C/19465_4437,Tanker,4,train
S1A_IW_GRDH_1SDV_20160328T095421_20160328T095446_010568_00FB64_215C/19475_13718,Container Ship,1,train
S1A_IW_GRDH_1SDV_20160328T095421_20160328T095446_010568_00FB64_215C/19477_4152,Container Ship,1,train
S1A_IW_GRDH_1SDV_20160328T095421_20160328T095446_010568_00FB64_215C/19561_3951,Bulk Carrier,0,train
S1A_IW_GRDH_1SDV_20160328T095421_20160328T095446_010568_00FB64_215C/19638_13032,Bulk Carrier,0,validation
S1A_IW_GRDH_1SDV_20160328T095421_20160328T095446_010568_00FB64_215C/19651_8113,Container Ship,1,train
S1A_IW_GRDH_1SDV_20160328T095421_20160328T095446_010568_00FB64_215C/19663_13145,Container Ship,1,train
S1A_IW_GRDH_1SDV_20160328T095421_20160328T095446_010568_00FB64_215C/19692_4460,Container Ship,1,train
S1A_IW_GRDH_1SDV_20160328T095421_20160328T095446_010568_00FB64_215C/19753_8024,Container Ship,1,train
S1A_IW_GRDH_1SDV_20160328T095421_20160328T095446_010568_00FB64_215C/19780_10131,Tanker,4,train
S1A_IW_GRDH_1SDV_20160328T095421_20160328T095446_010568_00FB64_215C/19796_13619,Tanker,4,train
S1A_IW_GRDH_1SDV_20160328T095421_20160328T095446_010568_00FB64_215C/19855_87,Container Ship,1,train
S1A_IW_GRDH_1SDV_20160328T095421_20160328T095446_010568_00FB64_215C/19886_8098,Bulk Carrier,0,train
S1A_IW_GRDH_1SDV_20160328T095421_20160328T095446_010568_00FB64_215C/19904_4240,Container Ship,1,train
S1A_IW_GRDH_1SDV_20160328T095421_20160328T095446_010568_00FB64_215C/19913_11409,Tanker,4,train
S1A_IW_GRDH_1SDV_20160328T095421_20160328T095446_010568_00FB64_215C/19922_9397,Container Ship,1,train
S1A_IW_GRDH_1SDV_20160328T095421_20160328T095446_010568_00FB64_215C/19933_4048,Container Ship,1,train
S1A_IW_GRDH_1SDV_20160328T095421_20160328T095446_010568_00FB64_215C/19953_4648,Container Ship,1,train
S1A_IW_GRDH_1SDV_20160328T095421_20160328T095446_010568_00FB64_215C/19957_7401,Container Ship,1,train
S1A_IW_GRDH_1SDV_20160328T095421_20160328T095446_010568_00FB64_215C/19963_7247,Container Ship,1,train
S1A_IW_GRDH_1SDV_20160328T095421_20160328T095446_010568_00FB64_215C/19971_7655,Container Ship,1,train
S1A_IW_GRDH_1SDV_20160328T095421_20160328T095446_010568_00FB64_215C/20001_3936,Container Ship,1,train
S1A_IW_GRDH_1SDV_20160328T095421_20160328T095446_010568_00FB64_215C/20019_7828,Container Ship,1,validation
S1A_IW_GRDH_1SDV_20160328T095421_20160328T095446_010568_00FB64_215C/20038_8299,Tug,5,train
S1A_IW_GRDH_1SDV_20160328T095421_20160328T095446_010568_00FB64_215C/20059_6677,Bulk Carrier,0,test
S1A_IW_GRDH_1SDV_20160328T095421_20160328T095446_010568_00FB64_215C/20070_4149,Container Ship,1,train
S1A_IW_GRDH_1SDV_20160328T095421_20160328T095446_010568_00FB64_215C/20074_8287,Tug,5,train
S1A_IW_GRDH_1SDV_20160328T095421_20160328T095446_010568_00FB64_215C/20104_6895,Container Ship,1,test
S1A_IW_GRDH_1SDV_20160328T095421_20160328T095446_010568_00FB64_215C/20154_7981,Bulk Carrier,0,train
S1A_IW_GRDH_1SDV_20160328T095421_20160328T095446_010568_00FB64_215C/20200_8441,Tug,5,validation
S1A_IW_GRDH_1SDV_20160328T095421_20160328T095446_010568_00FB64_215C/20206_4335,Container Ship,1,validation
S1A_IW_GRDH_1SDV_20160328T095421_20160328T095446_010568_00FB64_215C/20301_11057,Container Ship,1,train
S1A_IW_GRDH_1SDV_20160328T095421_20160328T095446_010568_00FB64_215C/20420_2747,Container Ship,1,train
S1A_IW_GRDH_1SDV_20160328T095421_20160328T095446_010568_00FB64_215C/20420_6605,Container Ship,1,test
S1A_IW_GRDH_1SDV_20160328T095421_20160328T095446_010568_00FB64_215C/20441_3312,Container Ship,1,validation
S1A_IW_GRDH_1SDV_20160328T095421_20160328T095446_010568_00FB64_215C/20540_435,Tanker,4,train
S1A_IW_GRDH_1SDV_20160328T095421_20160328T095446_010568_00FB64_215C/20600_13107,Container Ship,1,test
S1A_IW_GRDH_1SDV_20160328T095421_20160328T095446_010568_00FB64_215C/20624_3516,Container Ship,1,train
S1A_IW_GRDH_1SDV_20160328T095421_20160328T095446_010568_00FB64_215C/20695_6524,Container Ship,1,train
S1A_IW_GRDH_1SDV_20160328T095421_20160328T095446_010568_00FB64_215C/20727_3247,Container Ship,1,train
S1A_IW_GRDH_1SDV_20160328T095421_20160328T095446_010568_00FB64_215C/20857_11949,Bulk Carrier,0,train
S1A_IW_GRDH_1SDV_20160328T095421_20160328T095446_010568_00FB64_215C/20903_10198,Fishing,3,train
S1A_IW_GRDH_1SDV_20160328T095421_20160328T095446_010568_00FB64_215C/20927_1202,Fishing,3,train
S1A_IW_GRDH_1SDV_20160328T095421_20160328T095446_010568_00FB64_215C/20944_5362,Container Ship,1,train
S1A_IW_GRDH_1SDV_20160328T095421_20160328T095446_010568_00FB64_215C/21024_8424,Fishing,3,train
S1A_IW_GRDH_1SDV_20160328T095421_20160328T095446_010568_00FB64_215C/21065_11899,Bulk Carrier,0,test
S1A_IW_GRDH_1SDV_20160328T095421_20160328T095446_010568_00FB64_215C/21074_11765,Container Ship,1,test
S1A_IW_GRDH_1SDV_20160328T095421_20160328T095446_010568_00FB64_215C/21077_2340,Tanker,4,train
S1A_IW_GRDH_1SDV_20160328T095421_20160328T095446_010568_00FB64_215C/21077_9735,Bulk Carrier,0,test
S1A_IW_GRDH_1SDV_20160328T095421_20160328T095446_010568_00FB64_215C/21220_10824,Bulk Carrier,0,train
S1A_IW_GRDH_1SDV_20160328T095421_20160328T095446_010568_00FB64_215C/21317_6255,Container Ship,1,test
S1A_IW_GRDH_1SDV_20160328T095421_20160328T095446_010568_00FB64_215C/21322_12362,Bulk Carrier,0,train
S1A_IW_GRDH_1SDV_20160328T095421_20160328T095446_010568_00FB64_215C/21326_11086,Container Ship,1,train
S1A_IW_GRDH_1SDV_20160328T095421_20160328T095446_010568_00FB64_215C/21333_9654,Bulk Carrier,0,train
S1A_IW_GRDH_1SDV_20160328T095421_20160328T095446_010568_00FB64_215C/21369_11894,Container Ship,1,test
S1A_IW_GRDH_1SDV_20160328T095421_20160328T095446_010568_00FB64_215C/21484_10895,Bulk Carrier,0,train
S1A_IW_GRDH_1SDV_20160328T095421_20160328T095446_010568_00FB64_215C/21499_11642,Tanker,4,test
S1A_IW_GRDH_1SDV_20160328T095421_20160328T095446_010568_00FB64_215C/21543_12808,Container Ship,1,validation
S1A_IW_GRDH_1SDV_20160328T095421_20160328T095446_010568_00FB64_215C/21544_9840,Container Ship,1,train
S1A_IW_GRDH_1SDV_20160328T095421_20160328T095446_010568_00FB64_215C/21568_10640,Container Ship,1,test
S1A_IW_GRDH_1SDV_20160328T095421_20160328T095446_010568_00FB64_215C/21608_11757,Bulk Carrier,0,train
S1A_IW_GRDH_1SDV_20160328T095421_20160328T095446_010568_00FB64_215C/21628_10399,Container Ship,1,train
S1A_IW_GRDH_1SDV_20160328T095421_20160328T095446_010568_00FB64_215C/21640_8106,Container Ship,1,train
S1A_IW_GRDH_1SDV_20160328T095421_20160328T095446_010568_00FB64_215C/21810_10198,Container Ship,1,train
S1A_IW_GRDH_1SDV_20160328T095421_20160328T095446_010568_00FB64_215C/21876_12407,Fishing,3,test
S1A_IW_GRDH_1SDV_20160328T095421_20160328T095446_010568_00FB64_215C/21911_11190,Bulk Carrier,0,validation
S1A_IW_GRDH_1SDV_20160328T095421_20160328T095446_010568_00FB64_215C/22012_10856,Container Ship,1,validation
S1A_IW_GRDH_1SDV_20160328T095421_20160328T095446_010568_00FB64_215C/22070_11267,Container Ship,1,train
S1A_IW_GRDH_1SDV_20160328T095421_20160328T095446_010568_00FB64_215C/22220_10685,Container Ship,1,train
S1A_IW_GRDH_1SDV_20160328T095421_20160328T095446_010568_00FB64_215C/22281_11214,Container Ship,1,test
S1A_IW_GRDH_1SDV_20160328T095421_20160328T095446_010568_00FB64_215C/22365_10863,Bulk Carrier,0,train
S1A_IW_GRDH_1SDV_20160328T095421_20160328T095446_010568_00FB64_215C/22458_10619,Container Ship,1,validation
S1A_IW_GRDH_1SDV_20160328T095421_20160328T095446_010568_00FB64_215C/22675_1602,Fishing,3,train
S1A_IW_GRDH_1SDV_20160328T095421_20160328T095446_010568_00FB64_215C/22677_12195,Bulk Carrier,0,train
S1A_IW_GRDH_1SDV_20160328T095421_20160328T095446_010568_00FB64_215C/22840_12877,Container Ship,1,train
S1A_IW_GRDH_1SDV_20160328T095421_20160328T095446_010568_00FB64_215C/22859_10454,Container Ship,1,train
S1A_IW_GRDH_1SDV_20160328T095421_20160328T095446_010568_00FB64_215C/22953_9771,Bulk Carrier,0,train
S1A_IW_GRDH_1SDV_20160328T095421_20160328T095446_010568_00FB64_215C/22970_1223,Fishing,3,train
S1A_IW_GRDH_1SDV_20160328T095421_20160328T095446_010568_00FB64_215C/22975_853,Fishing,3,train
S1A_IW_GRDH_1SDV_20160328T095421_20160328T095446_010568_00FB64_215C/23125_11046,Fishing,3,train
S1A_IW_GRDH_1SDV_20160328T095421_20160328T095446_010568_00FB64_215C/23166_910,Fishing,3,train
S1A_IW_GRDH_1SDV_20160328T095421_20160328T095446_010568_00FB64_215C/23473_5460,Container Ship,1,validation
S1A_IW_GRDH_1SDV_20160328T095421_20160328T095446_010568_00FB64_215C/23608_4995,Bulk Carrier,0,train
S1A_IW_GRDH_1SDV_20160328T095421_20160328T095446_010568_00FB64_215C/23669_7518,Bulk Carrier,0,train
S1A_IW_GRDH_1SDV_20160328T095421_20160328T095446_010568_00FB64_215C/23684_4077,Container Ship,1,train
S1A_IW_GRDH_1SDV_20160328T095421_20160328T095446_010568_00FB64_215C/24017_3462,Container Ship,1,train
S1A_IW_GRDH_1SDV_20160328T095421_20160328T095446_010568_00FB64_215C/24221_1622,Fishing,3,test
S1A_IW_GRDH_1SDV_20160328T095421_20160328T095446_010568_00FB64_215C/24232_13202,Container Ship,1,train
S1A_IW_GRDH_1SDV_20160328T095421_20160328T095446_010568_00FB64_215C/24500_13111,Fishing,3,test
S1A_IW_GRDH_1SDV_20160328T095421_20160328T095446_010568_00FB64_215C/24672_3468,Bulk Carrier,0,train
S1A_IW_GRDH_1SDV_20160328T095421_20160328T095446_010568_00FB64_215C/5998_8270,Container Ship,1,validation
S1A_IW_GRDH_1SDV_20160328T095421_20160328T095446_010568_00FB64_215C/6223_8088,Tanker,4,train
S1A_IW_GRDH_1SDV_20160328T095421_20160328T095446_010568_00FB64_215C/6379_8030,Tanker,4,test
S1A_IW_GRDH_1SDV_20160328T095421_20160328T095446_010568_00FB64_215C/6497_8094,Tanker,4,train
S1A_IW_GRDH_1SDV_20160328T095421_20160328T095446_010568_00FB64_215C/6518_7981,Tanker,4,train
S1A_IW_GRDH_1SDV_20160328T095421_20160328T095446_010568_00FB64_215C/6621_8026,Tanker,4,test
S1A_IW_GRDH_1SDV_20160328T095421_20160328T095446_010568_00FB64_215C/6670_8124,Tanker,4,train
S1A_IW_GRDH_1SDV_20160328T095421_20160328T095446_010568_00FB64_215C/6895_8109,Tanker,4,train
S1A_IW_GRDH_1SDV_20160328T095421_20160328T095446_010568_00FB64_215C/7738_8927,Bulk Carrier,0,train
S1A_IW_GRDH_1SDV_20160405T102459_20160405T102528_010685_00FED5_97D5/111_7210,Container Ship,1,train
S1A_IW_GRDH_1SDV_20160405T102459_20160405T102528_010685_00FED5_97D5/1308_6585,Container Ship,1,validation
S1A_IW_GRDH_1SDV_20160405T102459_20160405T102528_010685_00FED5_97D5/1316_6779,Container Ship,1,train
S1A_IW_GRDH_1SDV_20160405T102459_20160405T102528_010685_00FED5_97D5/13298_8813,Tanker,4,train
S1A_IW_GRDH_1SDV_20160405T102459_20160405T102528_010685_00FED5_97D5/13916_7529,Bulk Carrier,0,test
S1A_IW_GRDH_1SDV_20160405T102459_20160405T102528_010685_00FED5_97D5/13926_9363,Tanker,4,test
S1A_IW_GRDH_1SDV_20160405T102459_20160405T102528_010685_00FED5_97D5/14945_9830,Tanker,4,train
S1A_IW_GRDH_1SDV_20160405T102459_20160405T102528_010685_00FED5_97D5/15292_5310,Container Ship,1,train
S1A_IW_GRDH_1SDV_20160405T102459_20160405T102528_010685_00FED5_97D5/16460_5364,Container Ship,1,test
S1A_IW_GRDH_1SDV_20160405T102459_20160405T102528_010685_00FED5_97D5/16576_6171,Container Ship,1,validation
S1A_IW_GRDH_1SDV_20160405T102459_20160405T102528_010685_00FED5_97D5/17129_9942,Tanker,4,train
S1A_IW_GRDH_1SDV_20160405T102459_20160405T102528_010685_00FED5_97D5/17808_8820,Container Ship,1,train
S1A_IW_GRDH_1SDV_20160405T102459_20160405T102528_010685_00FED5_97D5/17912_11348,Fishing,3,train
S1A_IW_GRDH_1SDV_20160405T102459_20160405T102528_010685_00FED5_97D5/18551_4749,Bulk Carrier,0,train
S1A_IW_GRDH_1SDV_20160405T102459_20160405T102528_010685_00FED5_97D5/2016_3216,Bulk Carrier,0,train
S1A_IW_GRDH_1SDV_20160405T102459_20160405T102528_010685_00FED5_97D5/20330_9820,Tanker,4,train
S1A_IW_GRDH_1SDV_20160405T102459_20160405T102528_010685_00FED5_97D5/2043_4612,Container Ship,1,train
S1A_IW_GRDH_1SDV_20160405T102459_20160405T102528_010685_00FED5_97D5/223_7841,Tanker,4,train
S1A_IW_GRDH_1SDV_20160405T102459_20160405T102528_010685_00FED5_97D5/226_4370,Tanker,4,train
S1A_IW_GRDH_1SDV_20160405T102459_20160405T102528_010685_00FED5_97D5/22939_7811,Bulk Carrier,0,test
S1A_IW_GRDH_1SDV_20160405T102459_20160405T102528_010685_00FED5_97D5/2630_5956,Container Ship,1,test
S1A_IW_GRDH_1SDV_20160405T102459_20160405T102528_010685_00FED5_97D5/268_8545,Container Ship,1,train
S1A_IW_GRDH_1SDV_20160405T102459_20160405T102528_010685_00FED5_97D5/2707_5543,Container Ship,1,test
S1A_IW_GRDH_1SDV_20160405T102459_20160405T102528_010685_00FED5_97D5/2762_6036,Container Ship,1,train
S1A_IW_GRDH_1SDV_20160405T102459_20160405T102528_010685_00FED5_97D5/2867_5881,Bulk Carrier,0,train
S1A_IW_GRDH_1SDV_20160405T102459_20160405T102528_010685_00FED5_97D5/293_6834,Container Ship,1,test
S1A_IW_GRDH_1SDV_20160405T102459_20160405T102528_010685_00FED5_97D5/304_7039,Bulk Carrier,0,train
S1A_IW_GRDH_1SDV_20160405T102459_20160405T102528_010685_00FED5_97D5/3088_11936,Container Ship,1,test
S1A_IW_GRDH_1SDV_20160405T102459_20160405T102528_010685_00FED5_97D5/3133_6885,Bulk Carrier,0,validation
S1A_IW_GRDH_1SDV_20160405T102459_20160405T102528_010685_00FED5_97D5/3175_5673,Container Ship,1,train
S1A_IW_GRDH_1SDV_20160405T102459_20160405T102528_010685_00FED5_97D5/3188_6382,Container Ship,1,test
S1A_IW_GRDH_1SDV_20160405T102459_20160405T102528_010685_00FED5_97D5/320_7830,Container Ship,1,train
S1A_IW_GRDH_1SDV_20160405T102459_20160405T102528_010685_00FED5_97D5/3228_11834,Container Ship,1,test
S1A_IW_GRDH_1SDV_20160405T102459_20160405T102528_010685_00FED5_97D5/3531_11108,Container Ship,1,test
S1A_IW_GRDH_1SDV_20160405T102459_20160405T102528_010685_00FED5_97D5/3650_8818,Tanker,4,train
S1A_IW_GRDH_1SDV_20160405T102459_20160405T102528_010685_00FED5_97D5/3826_5848,Container Ship,1,train
S1A_IW_GRDH_1SDV_20160405T102459_20160405T102528_010685_00FED5_97D5/3834_6145,Container Ship,1,validation
S1A_IW_GRDH_1SDV_20160405T102459_20160405T102528_010685_00FED5_97D5/392_6957,Container Ship,1,test
S1A_IW_GRDH_1SDV_20160405T102459_20160405T102528_010685_00FED5_97D5/394_2746,Container Ship,1,train
S1A_IW_GRDH_1SDV_20160405T102459_20160405T102528_010685_00FED5_97D5/404_7115,Container Ship,1,test
S1A_IW_GRDH_1SDV_20160405T102459_20160405T102528_010685_00FED5_97D5/4096_4818,Bulk Carrier,0,test
S1A_IW_GRDH_1SDV_20160405T102459_20160405T102528_010685_00FED5_97D5/418_6842,Container Ship,1,train
S1A_IW_GRDH_1SDV_20160405T102459_20160405T102528_010685_00FED5_97D5/4524_7295,Container Ship,1,train
S1A_IW_GRDH_1SDV_20160405T102459_20160405T102528_010685_00FED5_97D5/4576_8743,Tanker,4,test
S1A_IW_GRDH_1SDV_20160405T102459_20160405T102528_010685_00FED5_97D5/4605_6867,Bulk Carrier,0,train
S1A_IW_GRDH_1SDV_20160405T102459_20160405T102528_010685_00FED5_97D5/4678_5946,Container Ship,1,train
S1A_IW_GRDH_1SDV_20160405T102459_20160405T102528_010685_00FED5_97D5/4884_9836,Container Ship,1,train
S1A_IW_GRDH_1SDV_20160405T102459_20160405T102528_010685_00FED5_97D5/48_7700,Bulk Carrier,0,train
S1A_IW_GRDH_1SDV_20160405T102459_20160405T102528_010685_00FED5_97D5/490_7031,Container Ship,1,train
S1A_IW_GRDH_1SDV_20160405T102459_20160405T102528_010685_00FED5_97D5/5394_8376,Container Ship,1,train
S1A_IW_GRDH_1SDV_20160405T102459_20160405T102528_010685_00FED5_97D5/5741_10688,Tanker,4,train
S1A_IW_GRDH_1SDV_20160405T102459_20160405T102528_010685_00FED5_97D5/5741_11626,Tanker,4,train
S1A_IW_GRDH_1SDV_20160405T102459_20160405T102528_010685_00FED5_97D5/5750_11572,Tanker,4,test
S1A_IW_GRDH_1SDV_20160405T102459_20160405T102528_010685_00FED5_97D5/5785_11651,Tanker,4,train
S1A_IW_GRDH_1SDV_20160405T102459_20160405T102528_010685_00FED5_97D5/5796_11587,Tanker,4,train
S1A_IW_GRDH_1SDV_20160405T102459_20160405T102528_010685_00FED5_97D5/5827_11633,Tanker,4,train
S1A_IW_GRDH_1SDV_20160405T102459_20160405T102528_010685_00FED5_97D5/5828_11546,Tanker,4,validation
S1A_IW_GRDH_1SDV_20160405T102459_20160405T102528_010685_00FED5_97D5/5862_11586,Tanker,4,train
S1A_IW_GRDH_1SDV_20160405T102459_20160405T102528_010685_00FED5_97D5/5907_11594,Tanker,4,train
S1A_IW_GRDH_1SDV_20160405T102459_20160405T102528_010685_00FED5_97D5/6108_7892,Container Ship,1,test
S1A_IW_GRDH_1SDV_20160405T102459_20160405T102528_010685_00FED5_97D5/618_7092,Container Ship,1,train
S1A_IW_GRDH_1SDV_20160405T102459_20160405T102528_010685_00FED5_97D5/6323_12052,Dredger,2,validation
S1A_IW_GRDH_1SDV_20160405T102459_20160405T102528_010685_00FED5_97D5/6390_10852,Dredger,2,train
S1A_IW_GRDH_1SDV_20160405T102459_20160405T102528_010685_00FED5_97D5/6478_8443,Container Ship,1,train
S1A_IW_GRDH_1SDV_20160405T102459_20160405T102528_010685_00FED5_97D5/6602_11975,Tanker,4,train
S1A_IW_GRDH_1SDV_20160405T102459_20160405T102528_010685_00FED5_97D5/6637_11940,Tanker,4,train
S1A_IW_GRDH_1SDV_20160405T102459_20160405T102528_010685_00FED5_97D5/664_6687,Container Ship,1,train
S1A_IW_GRDH_1SDV_20160405T102459_20160405T102528_010685_00FED5_97D5/6658_11902,Tanker,4,test
S1A_IW_GRDH_1SDV_20160405T102459_20160405T102528_010685_00FED5_97D5/6713_12046,Tanker,4,train
S1A_IW_GRDH_1SDV_20160405T102459_20160405T102528_010685_00FED5_97D5/7032_6319,Container Ship,1,train
S1A_IW_GRDH_1SDV_20160405T102459_20160405T102528_010685_00FED5_97D5/706_7172,Bulk Carrier,0,test
S1A_IW_GRDH_1SDV_20160405T102459_20160405T102528_010685_00FED5_97D5/716_7081,Container Ship,1,train
S1A_IW_GRDH_1SDV_20160405T102459_20160405T102528_010685_00FED5_97D5/7505_7501,Tanker,4,test
S1A_IW_GRDH_1SDV_20160405T102459_20160405T102528_010685_00FED5_97D5/767_7719,Container Ship,1,train
S1A_IW_GRDH_1SDV_20160405T102459_20160405T102528_010685_00FED5_97D5/7801_6719,Container Ship,1,validation
S1A_IW_GRDH_1SDV_20160405T102459_20160405T102528_010685_00FED5_97D5/7909_5729,Bulk Carrier,0,train
S1A_IW_GRDH_1SDV_20160405T102459_20160405T102528_010685_00FED5_97D5/8042_9369,Tanker,4,train
S1A_IW_GRDH_1SDV_20160405T102459_20160405T102528_010685_00FED5_97D5/811_6731,Container Ship,1,train
S1A_IW_GRDH_1SDV_20160405T102459_20160405T102528_010685_00FED5_97D5/8170_8212,Tanker,4,train
S1A_IW_GRDH_1SDV_20160405T102459_20160405T102528_010685_00FED5_97D5/8780_10478,Fishing,3,validation
S1A_IW_GRDH_1SDV_20160405T102459_20160405T102528_010685_00FED5_97D5/921_6637,Container Ship,1,train
S1A_IW_GRDH_1SDV_20160405T102459_20160405T102528_010685_00FED5_97D5/9973_8505,Tanker,4,train
S1A_IW_GRDH_1SDV_20160407T221226_20160407T221251_010721_00FFEA_ADBD/10278_13508,Bulk Carrier,0,train
S1A_IW_GRDH_1SDV_20160407T221226_20160407T221251_010721_00FFEA_ADBD/10517_13938,Bulk Carrier,0,train
S1A_IW_GRDH_1SDV_20160407T221226_20160407T221251_010721_00FFEA_ADBD/10628_13668,Bulk Carrier,0,train
S1A_IW_GRDH_1SDV_20160407T221226_20160407T221251_010721_00FFEA_ADBD/10645_13904,Bulk Carrier,0,test
S1A_IW_GRDH_1SDV_20160407T221226_20160407T221251_010721_00FFEA_ADBD/1518_15028,Bulk Carrier,0,test
S1A_IW_GRDH_1SDV_20160407T221226_20160407T221251_010721_00FFEA_ADBD/1618_11297,Bulk Carrier,0,test
S1A_IW_GRDH_1SDV_20160407T221226_20160407T221251_010721_00FFEA_ADBD/2258_11463,Bulk Carrier,0,validation
S1A_IW_GRDH_1SDV_20160407T221226_20160407T221251_010721_00FFEA_ADBD/2564_14182,Bulk Carrier,0,test
S1A_IW_GRDH_1SDV_20160407T221226_20160407T221251_010721_00FFEA_ADBD/3199_14851,Tanker,4,train
S1A_IW_GRDH_1SDV_20160407T221226_20160407T221251_010721_00FFEA_ADBD/5146_14041,Bulk Carrier,0,train
S1A_IW_GRDH_1SDV_20160407T221226_20160407T221251_010721_00FFEA_ADBD/5416_13476,Bulk Carrier,0,train
S1A_IW_GRDH_1SDV_20160407T221226_20160407T221251_010721_00FFEA_ADBD/5528_13585,Bulk Carrier,0,train
S1A_IW_GRDH_1SDV_20160407T221226_20160407T221251_010721_00FFEA_ADBD/5685_13503,Bulk Carrier,0,test
S1A_IW_GRDH_1SDV_20160407T221226_20160407T221251_010721_00FFEA_ADBD/5752_13864,Bulk Carrier,0,train
S1A_IW_GRDH_1SDV_20160407T221226_20160407T221251_010721_00FFEA_ADBD/6265_16233,Fishing,3,train
S1A_IW_GRDH_1SDV_20160407T221226_20160407T221251_010721_00FFEA_ADBD/631_12866,Bulk Carrier,0,test
S1A_IW_GRDH_1SDV_20160407T221226_20160407T221251_010721_00FFEA_ADBD/7092_16074,Tanker,4,train
S1A_IW_GRDH_1SDV_20160407T221226_20160407T221251_010721_00FFEA_ADBD/7773_13805,Dredger,2,train
S1A_IW_GRDH_1SDV_20160407T221226_20160407T221251_010721_00FFEA_ADBD/7817_13982,Bulk Carrier,0,train
S1A_IW_GRDH_1SDV_20160407T221226_20160407T221251_010721_00FFEA_ADBD/8056_14231,Bulk Carrier,0,test
S1A_IW_GRDH_1SDV_20160407T221226_20160407T221251_010721_00FFEA_ADBD/8206_14070,Bulk Carrier,0,train
S1A_IW_GRDH_1SDV_20160407T221226_20160407T221251_010721_00FFEA_ADBD/8711_14047,Container Ship,1,train
S1A_IW_GRDH_1SDV_20160407T221226_20160407T221251_010721_00FFEA_ADBD/8816_14378,Bulk Carrier,0,train
S1A_IW_GRDH_1SDV_20160407T221226_20160407T221251_010721_00FFEA_ADBD/8857_14227,Container Ship,1,train
S1A_IW_GRDH_1SDV_20160407T221226_20160407T221251_010721_00FFEA_ADBD/8993_14393,Bulk Carrier,0,train
S1A_IW_GRDH_1SDV_20160407T221226_20160407T221251_010721_00FFEA_ADBD/9050_14118,Bulk Carrier,0,train
S1A_IW_GRDH_1SDV_20160407T221226_20160407T221251_010721_00FFEA_ADBD/9167_15134,Tanker,4,train
S1A_IW_GRDH_1SDV_20160407T221226_20160407T221251_010721_00FFEA_ADBD/9168_14053,Bulk Carrier,0,train
S1A_IW_GRDH_1SDV_20160407T221226_20160407T221251_010721_00FFEA_ADBD/9213_14226,Bulk Carrier,0,train
S1A_IW_GRDH_1SDV_20160407T221226_20160407T221251_010721_00FFEA_ADBD/9324_14027,Bulk Carrier,0,train
S1A_IW_GRDH_1SDV_20160407T221226_20160407T221251_010721_00FFEA_ADBD/9482_13691,Bulk Carrier,0,train
S1A_IW_GRDH_1SDV_20160407T221226_20160407T221251_010721_00FFEA_ADBD/9547_14218,Bulk Carrier,0,test
S1A_IW_GRDH_1SDV_20160407T221226_20160407T221251_010721_00FFEA_ADBD/9610_13962,Bulk Carrier,0,train
S1A_IW_GRDH_1SDV_20160407T221226_20160407T221251_010721_00FFEA_ADBD/9896_14003,Bulk Carrier,0,train
S1A_IW_GRDH_1SDV_20160419T221227_20160419T221252_010896_01052F_69E2/10026_13773,Bulk Carrier,0,train
S1A_IW_GRDH_1SDV_20160419T221227_20160419T221252_010896_01052F_69E2/10078_13935,Bulk Carrier,0,test
S1A_IW_GRDH_1SDV_20160419T221227_20160419T221252_010896_01052F_69E2/10190_13764,Bulk Carrier,0,validation
S1A_IW_GRDH_1SDV_20160419T221227_20160419T221252_010896_01052F_69E2/10347_14427,Bulk Carrier,0,train
S1A_IW_GRDH_1SDV_20160419T221227_20160419T221252_010896_01052F_69E2/10371_14321,Bulk Carrier,0,train
S1A_IW_GRDH_1SDV_20160419T221227_20160419T221252_010896_01052F_69E2/10409_13973,Bulk Carrier,0,train
S1A_IW_GRDH_1SDV_20160419T221227_20160419T221252_010896_01052F_69E2/10469_13741,Bulk Carrier,0,train
S1A_IW_GRDH_1SDV_20160419T221227_20160419T221252_010896_01052F_69E2/10500_14300,Bulk Carrier,0,test
S1A_IW_GRDH_1SDV_20160419T221227_20160419T221252_010896_01052F_69E2/10568_14394,Bulk Carrier,0,train
S1A_IW_GRDH_1SDV_20160419T221227_20160419T221252_010896_01052F_69E2/10589_13683,Bulk Carrier,0,train
S1A_IW_GRDH_1SDV_20160419T221227_20160419T221252_010896_01052F_69E2/10645_14517,Bulk Carrier,0,train
S1A_IW_GRDH_1SDV_20160419T221227_20160419T221252_010896_01052F_69E2/10737_13725,Bulk Carrier,0,train
S1A_IW_GRDH_1SDV_20160419T221227_20160419T221252_010896_01052F_69E2/10842_13905,Bulk Carrier,0,train
S1A_IW_GRDH_1SDV_20160419T221227_20160419T221252_010896_01052F_69E2/1099_12617,Bulk Carrier,0,validation
S1A_IW_GRDH_1SDV_20160419T221227_20160419T221252_010896_01052F_69E2/11093_14581,Tanker,4,train
S1A_IW_GRDH_1SDV_20160419T221227_20160419T221252_010896_01052F_69E2/11229_14482,Tanker,4,test
S1A_IW_GRDH_1SDV_20160419T221227_20160419T221252_010896_01052F_69E2/11440_14433,Tanker,4,train
S1A_IW_GRDH_1SDV_20160419T221227_20160419T221252_010896_01052F_69E2/11518_14381,Tanker,4,train
S1A_IW_GRDH_1SDV_20160419T221227_20160419T221252_010896_01052F_69E2/1155_10113,Bulk Carrier,0,test
S1A_IW_GRDH_1SDV_20160419T221227_20160419T221252_010896_01052F_69E2/1591_11521,Bulk Carrier,0,train
S1A_IW_GRDH_1SDV_20160419T221227_20160419T221252_010896_01052F_69E2/1983_11669,Bulk Carrier,0,train
S1A_IW_GRDH_1SDV_20160419T221227_20160419T221252_010896_01052F_69E2/2151_10178,Bulk Carrier,0,train
S1A_IW_GRDH_1SDV_20160419T221227_20160419T221252_010896_01052F_69E2/2686_13547,Container Ship,1,train
S1A_IW_GRDH_1SDV_20160419T221227_20160419T221252_010896_01052F_69E2/2895_13750,Bulk Carrier,0,train
S1A_IW_GRDH_1SDV_20160419T221227_20160419T221252_010896_01052F_69E2/417_12688,Bulk Carrier,0,train
S1A_IW_GRDH_1SDV_20160419T221227_20160419T221252_010896_01052F_69E2/5427_13496,Bulk Carrier,0,test
S1A_IW_GRDH_1SDV_20160419T221227_20160419T221252_010896_01052F_69E2/5462_13896,Bulk Carrier,0,train
S1A_IW_GRDH_1SDV_20160419T221227_20160419T221252_010896_01052F_69E2/6028_13933,Bulk Carrier,0,test
S1A_IW_GRDH_1SDV_20160419T221227_20160419T221252_010896_01052F_69E2/6044_13724,Bulk Carrier,0,validation
S1A_IW_GRDH_1SDV_20160419T221227_20160419T221252_010896_01052F_69E2/6075_14068,Bulk Carrier,0,train
S1A_IW_GRDH_1SDV_20160419T221227_20160419T221252_010896_01052F_69E2/6254_13959,Bulk Carrier,0,train
S1A_IW_GRDH_1SDV_20160419T221227_20160419T221252_010896_01052F_69E2/674_12965,Bulk Carrier,0,train
S1A_IW_GRDH_1SDV_20160419T221227_20160419T221252_010896_01052F_69E2/6921_16309,Bulk Carrier,0,train
S1A_IW_GRDH_1SDV_20160419T221227_20160419T221252_010896_01052F_69E2/7015_16167,Bulk Carrier,0,train
S1A_IW_GRDH_1SDV_20160419T221227_20160419T221252_010896_01052F_69E2/7852_14170,Bulk Carrier,0,train
S1A_IW_GRDH_1SDV_20160419T221227_20160419T221252_010896_01052F_69E2/8805_14396,Bulk Carrier,0,train
S1A_IW_GRDH_1SDV_20160419T221227_20160419T221252_010896_01052F_69E2/8856_14233,Container Ship,1,train
S1A_IW_GRDH_1SDV_20160419T221227_20160419T221252_010896_01052F_69E2/8891_14888,Fishing,3,train
S1A_IW_GRDH_1SDV_20160419T221227_20160419T221252_010896_01052F_69E2/8951_14349,Bulk Carrier,0,validation
S1A_IW_GRDH_1SDV_20160419T221227_20160419T221252_010896_01052F_69E2/905_12614,Bulk Carrier,0,test
S1A_IW_GRDH_1SDV_20160419T221227_20160419T221252_010896_01052F_69E2/9079_15109,Bulk Carrier,0,train
S1A_IW_GRDH_1SDV_20160419T221227_20160419T221252_010896_01052F_69E2/9124_14338,Bulk Carrier,0,train
S1A_IW_GRDH_1SDV_20160419T221227_20160419T221252_010896_01052F_69E2/9177_13543,Bulk Carrier,0,train
S1A_IW_GRDH_1SDV_20160419T221227_20160419T221252_010896_01052F_69E2/9182_14920,Container Ship,1,test
S1A_IW_GRDH_1SDV_20160419T221227_20160419T221252_010896_01052F_69E2/922_12848,Bulk Carrier,0,train
S1A_IW_GRDH_1SDV_20160419T221227_20160419T221252_010896_01052F_69E2/9267_14320,Container Ship,1,train
S1A_IW_GRDH_1SDV_20160419T221227_20160419T221252_010896_01052F_69E2/9431_13975,Bulk Carrier,0,train
S1A_IW_GRDH_1SDV_20160419T221227_20160419T221252_010896_01052F_69E2/9453_14173,Bulk Carrier,0,validation
S1A_IW_GRDH_1SDV_20160419T221227_20160419T221252_010896_01052F_69E2/9604_14069,Bulk Carrier,0,test
S1A_IW_GRDH_1SDV_20160419T221227_20160419T221252_010896_01052F_69E2/9744_13753,Bulk Carrier,0,train
S1A_IW_GRDH_1SDV_20160419T221227_20160419T221252_010896_01052F_69E2/9828_13895,Bulk Carrier,0,train
S1A_IW_GRDH_1SDV_20160419T221227_20160419T221252_010896_01052F_69E2/9884_13801,Bulk Carrier,0,train
S1A_IW_GRDH_1SDV_20160513T221231_20160513T221256_011246_011040_617A/10079_11860,Bulk Carrier,0,train
S1A_IW_GRDH_1SDV_20160513T221231_20160513T221256_011246_011040_617A/10187_12130,Bulk Carrier,0,train
S1A_IW_GRDH_1SDV_20160513T221231_20160513T221256_011246_011040_617A/10239_12909,Bulk Carrier,0,validation
S1A_IW_GRDH_1SDV_20160513T221231_20160513T221256_011246_011040_617A/10240_12578,Bulk Carrier,0,train
S1A_IW_GRDH_1SDV_20160513T221231_20160513T221256_011246_011040_617A/10346_12035,Bulk Carrier,0,train
S1A_IW_GRDH_1SDV_20160513T221231_20160513T221256_011246_011040_617A/10431_12133,Bulk Carrier,0,train
S1A_IW_GRDH_1SDV_20160513T221231_20160513T221256_011246_011040_617A/10460_12660,Bulk Carrier,0,train
S1A_IW_GRDH_1SDV_20160513T221231_20160513T221256_011246_011040_617A/10859_11983,Bulk Carrier,0,train
S1A_IW_GRDH_1SDV_20160513T221231_20160513T221256_011246_011040_617A/10877_12089,Bulk Carrier,0,train
S1A_IW_GRDH_1SDV_20160513T221231_20160513T221256_011246_011040_617A/11305_12740,Bulk Carrier,0,train
S1A_IW_GRDH_1SDV_20160513T221231_20160513T221256_011246_011040_617A/11427_12678,Tanker,4,test
S1A_IW_GRDH_1SDV_20160513T221231_20160513T221256_011246_011040_617A/11593_12695,Tanker,4,train
S1A_IW_GRDH_1SDV_20160513T221231_20160513T221256_011246_011040_617A/1161_8271,Fishing,3,train
S1A_IW_GRDH_1SDV_20160513T221231_20160513T221256_011246_011040_617A/11971_12799,Dredger,2,test
S1A_IW_GRDH_1SDV_20160513T221231_20160513T221256_011246_011040_617A/12942_12176,Container Ship,1,train
S1A_IW_GRDH_1SDV_20160513T221231_20160513T221256_011246_011040_617A/13631_11073,Dredger,2,test
S1A_IW_GRDH_1SDV_20160513T221231_20160513T221256_011246_011040_617A/1487_9543,Bulk Carrier,0,train
S1A_IW_GRDH_1SDV_20160513T221231_20160513T221256_011246_011040_617A/1626_9512,Bulk Carrier,0,train
S1A_IW_GRDH_1SDV_20160513T221231_20160513T221256_011246_011040_617A/1763_9381,Bulk Carrier,0,train
S1A_IW_GRDH_1SDV_20160513T221231_20160513T221256_011246_011040_617A/1775_9626,Bulk Carrier,0,train
S1A_IW_GRDH_1SDV_20160513T221231_20160513T221256_011246_011040_617A/1817_8441,Bulk Carrier,0,test
S1A_IW_GRDH_1SDV_20160513T221231_20160513T221256_011246_011040_617A/1844_12524,Bulk Carrier,0,train
S1A_IW_GRDH_1SDV_20160513T221231_20160513T221256_011246_011040_617A/1977_12802,Bulk Carrier,0,validation
S1A_IW_GRDH_1SDV_20160513T221231_20160513T221256_011246_011040_617A/2021_10049,Bulk Carrier,0,train
S1A_IW_GRDH_1SDV_20160513T221231_20160513T221256_011246_011040_617A/2134_9502,Bulk Carrier,0,train
S1A_IW_GRDH_1SDV_20160513T221231_20160513T221256_011246_011040_617A/2182_12220,Bulk Carrier,0,test
S1A_IW_GRDH_1SDV_20160513T221231_20160513T221256_011246_011040_617A/2325_9887,Bulk Carrier,0,train
S1A_IW_GRDH_1SDV_20160513T221231_20160513T221256_011246_011040_617A/2677_10751,Tanker,4,train
S1A_IW_GRDH_1SDV_20160513T221231_20160513T221256_011246_011040_617A/2774_7587,Bulk Carrier,0,test
S1A_IW_GRDH_1SDV_20160513T221231_20160513T221256_011246_011040_617A/4107_14077,Bulk Carrier,0,test
S1A_IW_GRDH_1SDV_20160513T221231_20160513T221256_011246_011040_617A/5377_16503,Bulk Carrier,0,train
S1A_IW_GRDH_1SDV_20160513T221231_20160513T221256_011246_011040_617A/5400_11979,Bulk Carrier,0,train
S1A_IW_GRDH_1SDV_20160513T221231_20160513T221256_011246_011040_617A/5498_12136,Bulk Carrier,0,train
S1A_IW_GRDH_1SDV_20160513T221231_20160513T221256_011246_011040_617A/5581_11895,Bulk Carrier,0,validation
S1A_IW_GRDH_1SDV_20160513T221231_20160513T221256_011246_011040_617A/5607_12466,Container Ship,1,validation
S1A_IW_GRDH_1SDV_20160513T221231_20160513T221256_011246_011040_617A/5618_12873,Bulk Carrier,0,train
S1A_IW_GRDH_1SDV_20160513T221231_20160513T221256_011246_011040_617A/6078_14470,Bulk Carrier,0,train
S1A_IW_GRDH_1SDV_20160513T221231_20160513T221256_011246_011040_617A/6294_12244,Bulk Carrier,0,test
S1A_IW_GRDH_1SDV_20160513T221231_20160513T221256_011246_011040_617A/6420_14666,Bulk Carrier,0,train
S1A_IW_GRDH_1SDV_20160513T221231_20160513T221256_011246_011040_617A/6464_11970,Fishing,3,train
S1A_IW_GRDH_1SDV_20160513T221231_20160513T221256_011246_011040_617A/6608_14441,Bulk Carrier,0,validation
S1A_IW_GRDH_1SDV_20160513T221231_20160513T221256_011246_011040_617A/7115_14498,Bulk Carrier,0,train
S1A_IW_GRDH_1SDV_20160513T221231_20160513T221256_011246_011040_617A/7207_12965,Container Ship,1,train
S1A_IW_GRDH_1SDV_20160513T221231_20160513T221256_011246_011040_617A/7353_11624,Dredger,2,train
S1A_IW_GRDH_1SDV_20160513T221231_20160513T221256_011246_011040_617A/7525_12296,Bulk Carrier,0,train
S1A_IW_GRDH_1SDV_20160513T221231_20160513T221256_011246_011040_617A/7534_16656,Bulk Carrier,0,test
S1A_IW_GRDH_1SDV_20160513T221231_20160513T221256_011246_011040_617A/7685_11930,Tanker,4,train
S1A_IW_GRDH_1SDV_20160513T221231_20160513T221256_011246_011040_617A/7792_13757,Tug,5,train
S1A_IW_GRDH_1SDV_20160513T221231_20160513T221256_011246_011040_617A/7902_12333,Container Ship,1,test
S1A_IW_GRDH_1SDV_20160513T221231_20160513T221256_011246_011040_617A/8396_11324,Tug,5,train
S1A_IW_GRDH_1SDV_20160513T221231_20160513T221256_011246_011040_617A/8648_16355,Bulk Carrier,0,validation
S1A_IW_GRDH_1SDV_20160513T221231_20160513T221256_011246_011040_617A/8755_16269,Bulk Carrier,0,validation
S1A_IW_GRDH_1SDV_20160513T221231_20160513T221256_011246_011040_617A/8783_12288,Container Ship,1,train
S1A_IW_GRDH_1SDV_20160513T221231_20160513T221256_011246_011040_617A/8805_12490,Bulk Carrier,0,train
S1A_IW_GRDH_1SDV_20160513T221231_20160513T221256_011246_011040_617A/8844_16132,Bulk Carrier,0,test
S1A_IW_GRDH_1SDV_20160513T221231_20160513T221256_011246_011040_617A/9003_12522,Container Ship,1,train
S1A_IW_GRDH_1SDV_20160513T221231_20160513T221256_011246_011040_617A/9081_13145,Bulk Carrier,0,test
S1A_IW_GRDH_1SDV_20160513T221231_20160513T221256_011246_011040_617A/9090_12408,Bulk Carrier,0,train
S1A_IW_GRDH_1SDV_20160513T221231_20160513T221256_011246_011040_617A/9225_12023,Bulk Carrier,0,train
S1A_IW_GRDH_1SDV_20160513T221231_20160513T221256_011246_011040_617A/9227_13358,Bulk Carrier,0,train
S1A_IW_GRDH_1SDV_20160513T221231_20160513T221256_011246_011040_617A/9318_12439,Bulk Carrier,0,test
S1A_IW_GRDH_1SDV_20160513T221231_20160513T221256_011246_011040_617A/9335_13196,Bulk Carrier,0,validation
S1A_IW_GRDH_1SDV_20160513T221231_20160513T221256_011246_011040_617A/9341_13063,Bulk Carrier,0,train
S1A_IW_GRDH_1SDV_20160513T221231_20160513T221256_011246_011040_617A/9351_13307,Bulk Carrier,0,train
S1A_IW_GRDH_1SDV_20160513T221231_20160513T221256_011246_011040_617A/9525_11779,Bulk Carrier,0,test
S1A_IW_GRDH_1SDV_20160513T221231_20160513T221256_011246_011040_617A/9645_11856,Bulk Carrier,0,train
S1A_IW_GRDH_1SDV_20160513T221231_20160513T221256_011246_011040_617A/9750_12279,Bulk Carrier,0,validation
S1A_IW_GRDH_1SDV_20160513T221231_20160513T221256_011246_011040_617A/9920_12074,Bulk Carrier,0,train
S1A_IW_GRDH_1SDV_20160513T221231_20160513T221256_011246_011040_617A/9972_13087,Bulk Carrier,0,train
S1A_IW_GRDH_1SDV_20160523T102501_20160523T102530_011385_0114CC_4FED/110_7225,Container Ship,1,train
S1A_IW_GRDH_1SDV_20160523T102501_20160523T102530_011385_0114CC_4FED/11638_8922,Tanker,4,train
S1A_IW_GRDH_1SDV_20160523T102501_20160523T102530_011385_0114CC_4FED/11835_9532,Fishing,3,train
S1A_IW_GRDH_1SDV_20160523T102501_20160523T102530_011385_0114CC_4FED/125_7052,Bulk Carrier,0,train
S1A_IW_GRDH_1SDV_20160523T102501_20160523T102530_011385_0114CC_4FED/12656_9656,Tanker,4,train
S1A_IW_GRDH_1SDV_20160523T102501_20160523T102530_011385_0114CC_4FED/14883_8797,Tanker,4,train
S1A_IW_GRDH_1SDV_20160523T102501_20160523T102530_011385_0114CC_4FED/16141_9107,Tanker,4,train
S1A_IW_GRDH_1SDV_20160523T102501_20160523T102530_011385_0114CC_4FED/16887_9703,Tanker,4,train
S1A_IW_GRDH_1SDV_20160523T102501_20160523T102530_011385_0114CC_4FED/20660_9801,Tanker,4,train
S1A_IW_GRDH_1SDV_20160523T102501_20160523T102530_011385_0114CC_4FED/215_7247,Container Ship,1,train
S1A_IW_GRDH_1SDV_20160523T102501_20160523T102530_011385_0114CC_4FED/2180_7182,Tanker,4,train
S1A_IW_GRDH_1SDV_20160523T102501_20160523T102530_011385_0114CC_4FED/22332_10682,Tanker,4,train
S1A_IW_GRDH_1SDV_20160523T102501_20160523T102530_011385_0114CC_4FED/2465_5045,Tanker,4,train
S1A_IW_GRDH_1SDV_20160523T102501_20160523T102530_011385_0114CC_4FED/2522_7039,Tanker,4,validation
S1A_IW_GRDH_1SDV_20160523T102501_20160523T102530_011385_0114CC_4FED/2786_5988,Bulk Carrier,0,train
S1A_IW_GRDH_1SDV_20160523T102501_20160523T102530_011385_0114CC_4FED/2820_6209,Container Ship,1,train
S1A_IW_GRDH_1SDV_20160523T102501_20160523T102530_011385_0114CC_4FED/296_6831,Container Ship,1,train
S1A_IW_GRDH_1SDV_20160523T102501_20160523T102530_011385_0114CC_4FED/3198_11878,Container Ship,1,train
S1A_IW_GRDH_1SDV_20160523T102501_20160523T102530_011385_0114CC_4FED/3198_5579,Container Ship,1,train
S1A_IW_GRDH_1SDV_20160523T102501_20160523T102530_011385_0114CC_4FED/3220_6470,Bulk Carrier,0,train
S1A_IW_GRDH_1SDV_20160523T102501_20160523T102530_011385_0114CC_4FED/3259_6809,Container Ship,1,train
S1A_IW_GRDH_1SDV_20160523T102501_20160523T102530_011385_0114CC_4FED/3549_5705,Container Ship,1,train
S1A_IW_GRDH_1SDV_20160523T102501_20160523T102530_011385_0114CC_4FED/3585_11779,Tanker,4,test
S1A_IW_GRDH_1SDV_20160523T102501_20160523T102530_011385_0114CC_4FED/361_7151,Container Ship,1,train
S1A_IW_GRDH_1SDV_20160523T102501_20160523T102530_011385_0114CC_4FED/375_1750,Container Ship,1,train
S1A_IW_GRDH_1SDV_20160523T102501_20160523T102530_011385_0114CC_4FED/3789_6667,Container Ship,1,train
S1A_IW_GRDH_1SDV_20160523T102501_20160523T102530_011385_0114CC_4FED/3829_6144,Container Ship,1,train
S1A_IW_GRDH_1SDV_20160523T102501_20160523T102530_011385_0114CC_4FED/396_6960,Container Ship,1,train
S1A_IW_GRDH_1SDV_20160523T102501_20160523T102530_011385_0114CC_4FED/3988_5699,Container Ship,1,train
S1A_IW_GRDH_1SDV_20160523T102501_20160523T102530_011385_0114CC_4FED/4682_8211,Container Ship,1,train
S1A_IW_GRDH_1SDV_20160523T102501_20160523T102530_011385_0114CC_4FED/4938_9713,Container Ship,1,train
S1A_IW_GRDH_1SDV_20160523T102501_20160523T102530_011385_0114CC_4FED/508_5345,Fishing,3,train
S1A_IW_GRDH_1SDV_20160523T102501_20160523T102530_011385_0114CC_4FED/5778_11941,Tanker,4,train
S1A_IW_GRDH_1SDV_20160523T102501_20160523T102530_011385_0114CC_4FED/5789_11496,Tanker,4,train
S1A_IW_GRDH_1SDV_20160523T102501_20160523T102530_011385_0114CC_4FED/5812_11570,Tanker,4,test
S1A_IW_GRDH_1SDV_20160523T102501_20160523T102530_011385_0114CC_4FED/5817_11535,Tanker,4,train
S1A_IW_GRDH_1SDV_20160523T102501_20160523T102530_011385_0114CC_4FED/5822_11624,Tanker,4,validation
S1A_IW_GRDH_1SDV_20160523T102501_20160523T102530_011385_0114CC_4FED/5869_11546,Tanker,4,test
S1A_IW_GRDH_1SDV_20160523T102501_20160523T102530_011385_0114CC_4FED/6151_10880,Tanker,4,train
S1A_IW_GRDH_1SDV_20160523T102501_20160523T102530_011385_0114CC_4FED/6589_11893,Tanker,4,train
S1A_IW_GRDH_1SDV_20160523T102501_20160523T102530_011385_0114CC_4FED/6614_12028,Tanker,4,train
S1A_IW_GRDH_1SDV_20160523T102501_20160523T102530_011385_0114CC_4FED/6674_12039,Tanker,4,train
S1A_IW_GRDH_1SDV_20160523T102501_20160523T102530_011385_0114CC_4FED/6722_11852,Tanker,4,train
S1A_IW_GRDH_1SDV_20160523T102501_20160523T102530_011385_0114CC_4FED/7393_10247,Tanker,4,train
S1A_IW_GRDH_1SDV_20160523T102501_20160523T102530_011385_0114CC_4FED/7829_8228,Tanker,4,train
S1A_IW_GRDH_1SDV_20160523T102501_20160523T102530_011385_0114CC_4FED/8140_8361,Tanker,4,train
S1A_IW_GRDH_1SDV_20160525T221231_20160525T221256_011421_0115FD_6054/10158_11555,Bulk Carrier,0,train
S1A_IW_GRDH_1SDV_20160525T221231_20160525T221256_011421_0115FD_6054/10203_12579,Bulk Carrier,0,train
S1A_IW_GRDH_1SDV_20160525T221231_20160525T221256_011421_0115FD_6054/10239_11931,Bulk Carrier,0,train
S1A_IW_GRDH_1SDV_20160525T221231_20160525T221256_011421_0115FD_6054/10251_12718,Bulk Carrier,0,train
S1A_IW_GRDH_1SDV_20160525T221231_20160525T221256_011421_0115FD_6054/10288_12497,Bulk Carrier,0,train
S1A_IW_GRDH_1SDV_20160525T221231_20160525T221256_011421_0115FD_6054/10358_12772,Bulk Carrier,0,test
S1A_IW_GRDH_1SDV_20160525T221231_20160525T221256_011421_0115FD_6054/10362_12036,Bulk Carrier,0,test
S1A_IW_GRDH_1SDV_20160525T221231_20160525T221256_011421_0115FD_6054/10375_11702,Bulk Carrier,0,train
S1A_IW_GRDH_1SDV_20160525T221231_20160525T221256_011421_0115FD_6054/10378_11613,Bulk Carrier,0,train
S1A_IW_GRDH_1SDV_20160525T221231_20160525T221256_011421_0115FD_6054/10388_12451,Bulk Carrier,0,train
S1A_IW_GRDH_1SDV_20160525T221231_20160525T221256_011421_0115FD_6054/10429_12572,Bulk Carrier,0,validation
S1A_IW_GRDH_1SDV_20160525T221231_20160525T221256_011421_0115FD_6054/10432_11814,Bulk Carrier,0,train
S1A_IW_GRDH_1SDV_20160525T221231_20160525T221256_011421_0115FD_6054/10470_12850,Bulk Carrier,0,train
S1A_IW_GRDH_1SDV_20160525T221231_20160525T221256_011421_0115FD_6054/10571_12987,Bulk Carrier,0,train
S1A_IW_GRDH_1SDV_20160525T221231_20160525T221256_011421_0115FD_6054/10638_12670,Bulk Carrier,0,test
S1A_IW_GRDH_1SDV_20160525T221231_20160525T221256_011421_0115FD_6054/10805_11715,Bulk Carrier,0,train
S1A_IW_GRDH_1SDV_20160525T221231_20160525T221256_011421_0115FD_6054/10807_11968,Bulk Carrier,0,train
S1A_IW_GRDH_1SDV_20160525T221231_20160525T221256_011421_0115FD_6054/11242_12650,Tanker,4,test
S1A_IW_GRDH_1SDV_20160525T221231_20160525T221256_011421_0115FD_6054/11381_12488,Tanker,4,train
S1A_IW_GRDH_1SDV_20160525T221231_20160525T221256_011421_0115FD_6054/11449_12546,Tanker,4,test
S1A_IW_GRDH_1SDV_20160525T221231_20160525T221256_011421_0115FD_6054/11480_12681,Tanker,4,test
S1A_IW_GRDH_1SDV_20160525T221231_20160525T221256_011421_0115FD_6054/11579_11938,Bulk Carrier,0,train
S1A_IW_GRDH_1SDV_20160525T221231_20160525T221256_011421_0115FD_6054/11588_12642,Tanker,4,train
S1A_IW_GRDH_1SDV_20160525T221231_20160525T221256_011421_0115FD_6054/11611_12062,Tug,5,train
S1A_IW_GRDH_1SDV_20160525T221231_20160525T221256_011421_0115FD_6054/11623_12534,Tanker,4,test
S1A_IW_GRDH_1SDV_20160525T221231_20160525T221256_011421_0115FD_6054/11891_12487,Tanker,4,train
S1A_IW_GRDH_1SDV_20160525T221231_20160525T221256_011421_0115FD_6054/1346_12726,Container Ship,1,train
S1A_IW_GRDH_1SDV_20160525T221231_20160525T221256_011421_0115FD_6054/1486_9546,Bulk Carrier,0,train
S1A_IW_GRDH_1SDV_20160525T221231_20160525T221256_011421_0115FD_6054/1554_9393,Bulk Carrier,0,train
S1A_IW_GRDH_1SDV_20160525T221231_20160525T221256_011421_0115FD_6054/1587_8106,Bulk Carrier,0,train
S1A_IW_GRDH_1SDV_20160525T221231_20160525T221256_011421_0115FD_6054/1606_8297,Bulk Carrier,0,train
S1A_IW_GRDH_1SDV_20160525T221231_20160525T221256_011421_0115FD_6054/1700_9620,Bulk Carrier,0,test
S1A_IW_GRDH_1SDV_20160525T221231_20160525T221256_011421_0115FD_6054/1710_10296,Container Ship,1,train
S1A_IW_GRDH_1SDV_20160525T221231_20160525T221256_011421_0115FD_6054/1715_16418,Tug,5,test
S1A_IW_GRDH_1SDV_20160525T221231_20160525T221256_011421_0115FD_6054/1759_8386,Bulk Carrier,0,train
S1A_IW_GRDH_1SDV_20160525T221231_20160525T221256_011421_0115FD_6054/1849_9955,Bulk Carrier,0,train
S1A_IW_GRDH_1SDV_20160525T221231_20160525T221256_011421_0115FD_6054/1900_9400,Bulk Carrier,0,train
S1A_IW_GRDH_1SDV_20160525T221231_20160525T221256_011421_0115FD_6054/1966_9832,Bulk Carrier,0,train
S1A_IW_GRDH_1SDV_20160525T221231_20160525T221256_011421_0115FD_6054/2070_10024,Bulk Carrier,0,test
S1A_IW_GRDH_1SDV_20160525T221231_20160525T221256_011421_0115FD_6054/2104_9856,Bulk Carrier,0,test
S1A_IW_GRDH_1SDV_20160525T221231_20160525T221256_011421_0115FD_6054/2169_9703,Bulk Carrier,0,train
S1A_IW_GRDH_1SDV_20160525T221231_20160525T221256_011421_0115FD_6054/2370_9624,Bulk Carrier,0,train
S1A_IW_GRDH_1SDV_20160525T221231_20160525T221256_011421_0115FD_6054/2945_10602,Tanker,4,test
S1A_IW_GRDH_1SDV_20160525T221231_20160525T221256_011421_0115FD_6054/4174_12310,Container Ship,1,train
S1A_IW_GRDH_1SDV_20160525T221231_20160525T221256_011421_0115FD_6054/4433_13492,Fishing,3,train
S1A_IW_GRDH_1SDV_20160525T221231_20160525T221256_011421_0115FD_6054/4646_13221,Tanker,4,train
S1A_IW_GRDH_1SDV_20160525T221231_20160525T221256_011421_0115FD_6054/5497_12244,Bulk Carrier,0,train
S1A_IW_GRDH_1SDV_20160525T221231_20160525T221256_011421_0115FD_6054/5764_12198,Bulk Carrier,0,test
S1A_IW_GRDH_1SDV_20160525T221231_20160525T221256_011421_0115FD_6054/5926_12502,Bulk Carrier,0,test
S1A_IW_GRDH_1SDV_20160525T221231_20160525T221256_011421_0115FD_6054/6265_12213,Bulk Carrier,0,test
S1A_IW_GRDH_1SDV_20160525T221231_20160525T221256_011421_0115FD_6054/6335_12521,Bulk Carrier,0,train
S1A_IW_GRDH_1SDV_20160525T221231_20160525T221256_011421_0115FD_6054/6460_16512,Tanker,4,train
S1A_IW_GRDH_1SDV_20160525T221231_20160525T221256_011421_0115FD_6054/7130_16381,Bulk Carrier,0,test
S1A_IW_GRDH_1SDV_20160525T221231_20160525T221256_011421_0115FD_6054/7563_16585,Bulk Carrier,0,validation
S1A_IW_GRDH_1SDV_20160525T221231_20160525T221256_011421_0115FD_6054/7700_12300,Bulk Carrier,0,train
S1A_IW_GRDH_1SDV_20160525T221231_20160525T221256_011421_0115FD_6054/7756_12146,Bulk Carrier,0,test
S1A_IW_GRDH_1SDV_20160525T221231_20160525T221256_011421_0115FD_6054/8292_16086,Bulk Carrier,0,test
S1A_IW_GRDH_1SDV_20160525T221231_20160525T221256_011421_0115FD_6054/8539_12368,Bulk Carrier,0,train
S1A_IW_GRDH_1SDV_20160525T221231_20160525T221256_011421_0115FD_6054/8592_16297,Bulk Carrier,0,validation
S1A_IW_GRDH_1SDV_20160525T221231_20160525T221256_011421_0115FD_6054/8689_13634,Tanker,4,train
S1A_IW_GRDH_1SDV_20160525T221231_20160525T221256_011421_0115FD_6054/8736_12270,Container Ship,1,test
S1A_IW_GRDH_1SDV_20160525T221231_20160525T221256_011421_0115FD_6054/8796_12043,Bulk Carrier,0,train
S1A_IW_GRDH_1SDV_20160525T221231_20160525T221256_011421_0115FD_6054/8900_12196,Bulk Carrier,0,train
S1A_IW_GRDH_1SDV_20160525T221231_20160525T221256_011421_0115FD_6054/8985_12366,Bulk Carrier,0,train
S1A_IW_GRDH_1SDV_20160525T221231_20160525T221256_011421_0115FD_6054/9127_11919,Tanker,4,train
S1A_IW_GRDH_1SDV_20160525T221231_20160525T221256_011421_0115FD_6054/9139_12506,Container Ship,1,validation
S1A_IW_GRDH_1SDV_20160525T221231_20160525T221256_011421_0115FD_6054/9265_12584,Bulk Carrier,0,test
S1A_IW_GRDH_1SDV_20160525T221231_20160525T221256_011421_0115FD_6054/9325_11854,Bulk Carrier,0,train
S1A_IW_GRDH_1SDV_20160525T221231_20160525T221256_011421_0115FD_6054/9340_12288,Container Ship,1,train
S1A_IW_GRDH_1SDV_20160525T221231_20160525T221256_011421_0115FD_6054/9473_12314,Bulk Carrier,0,validation
S1A_IW_GRDH_1SDV_20160525T221231_20160525T221256_011421_0115FD_6054/9827_11705,Bulk Carrier,0,test
S1A_IW_GRDH_1SDV_20160525T221231_20160525T221256_011421_0115FD_6054/9907_11832,Bulk Carrier,0,test
S1A_IW_GRDH_1SDV_20160606T221232_20160606T221257_011596_011B8A_E6B1/10493_12992,Bulk Carrier,0,train
S1A_IW_GRDH_1SDV_20160606T221232_20160606T221257_011596_011B8A_E6B1/10548_12667,Bulk Carrier,0,train
S1A_IW_GRDH_1SDV_20160606T221232_20160606T221257_011596_011B8A_E6B1/10700_13638,Bulk Carrier,0,test
S1A_IW_GRDH_1SDV_20160606T221232_20160606T221257_011596_011B8A_E6B1/10809_12615,Bulk Carrier,0,train
S1A_IW_GRDH_1SDV_20160606T221232_20160606T221257_011596_011B8A_E6B1/11149_12490,Tanker,4,train
S1A_IW_GRDH_1SDV_20160606T221232_20160606T221257_011596_011B8A_E6B1/11259_12623,Tanker,4,train
S1A_IW_GRDH_1SDV_20160606T221232_20160606T221257_011596_011B8A_E6B1/12265_10646,Dredger,2,train
S1A_IW_GRDH_1SDV_20160606T221232_20160606T221257_011596_011B8A_E6B1/1488_9697,Bulk Carrier,0,train
S1A_IW_GRDH_1SDV_20160606T221232_20160606T221257_011596_011B8A_E6B1/1726_8128,Bulk Carrier,0,train
S1A_IW_GRDH_1SDV_20160606T221232_20160606T221257_011596_011B8A_E6B1/1798_8509,Bulk Carrier,0,validation
S1A_IW_GRDH_1SDV_20160606T221232_20160606T221257_011596_011B8A_E6B1/1819_9797,Bulk Carrier,0,train
S1A_IW_GRDH_1SDV_20160606T221232_20160606T221257_011596_011B8A_E6B1/2019_7943,Bulk Carrier,0,train
S1A_IW_GRDH_1SDV_20160606T221232_20160606T221257_011596_011B8A_E6B1/2156_9647,Bulk Carrier,0,train
S1A_IW_GRDH_1SDV_20160606T221232_20160606T221257_011596_011B8A_E6B1/2259_9484,Bulk Carrier,0,train
S1A_IW_GRDH_1SDV_20160606T221232_20160606T221257_011596_011B8A_E6B1/2580_8624,Tanker,4,train
S1A_IW_GRDH_1SDV_20160606T221232_20160606T221257_011596_011B8A_E6B1/5704_12139,Bulk Carrier,0,train
S1A_IW_GRDH_1SDV_20160606T221232_20160606T221257_011596_011B8A_E6B1/6279_11943,Bulk Carrier,0,test
S1A_IW_GRDH_1SDV_20160606T221232_20160606T221257_011596_011B8A_E6B1/7214_16526,Bulk Carrier,0,train
S1A_IW_GRDH_1SDV_20160606T221232_20160606T221257_011596_011B8A_E6B1/7416_16560,Bulk Carrier,0,test
S1A_IW_GRDH_1SDV_20160606T221232_20160606T221257_011596_011B8A_E6B1/7557_12286,Fishing,3,train
S1A_IW_GRDH_1SDV_20160606T221232_20160606T221257_011596_011B8A_E6B1/7854_12279,Bulk Carrier,0,train
S1A_IW_GRDH_1SDV_20160606T221232_20160606T221257_011596_011B8A_E6B1/8270_12173,Bulk Carrier,0,train
S1A_IW_GRDH_1SDV_20160606T221232_20160606T221257_011596_011B8A_E6B1/8377_11326,Tug,5,test
S1A_IW_GRDH_1SDV_20160606T221232_20160606T221257_011596_011B8A_E6B1/8474_12451,Bulk Carrier,0,validation
S1A_IW_GRDH_1SDV_20160606T221232_20160606T221257_011596_011B8A_E6B1/8563_12346,Bulk Carrier,0,train
S1A_IW_GRDH_1SDV_20160606T221232_20160606T221257_011596_011B8A_E6B1/8705_12499,Bulk Carrier,0,train
S1A_IW_GRDH_1SDV_20160606T221232_20160606T221257_011596_011B8A_E6B1/8941_12196,Bulk Carrier,0,test
S1A_IW_GRDH_1SDV_20160606T221232_20160606T221257_011596_011B8A_E6B1/8947_12411,Bulk Carrier,0,train
S1A_IW_GRDH_1SDV_20160606T221232_20160606T221257_011596_011B8A_E6B1/9019_12551,Bulk Carrier,0,test
S1A_IW_GRDH_1SDV_20160606T221232_20160606T221257_011596_011B8A_E6B1/9066_13275,Container Ship,1,train
S1A_IW_GRDH_1SDV_20160606T221232_20160606T221257_011596_011B8A_E6B1/9208_12396,Bulk Carrier,0,train
S1A_IW_GRDH_1SDV_20160606T221232_20160606T221257_011596_011B8A_E6B1/9353_12169,Bulk Carrier,0,train
S1A_IW_GRDH_1SDV_20160606T221232_20160606T221257_011596_011B8A_E6B1/9379_12022,Bulk Carrier,0,train
S1A_IW_GRDH_1SDV_20160606T221232_20160606T221257_011596_011B8A_E6B1/9403_13330,Tug,5,train
S1A_IW_GRDH_1SDV_20160606T221232_20160606T221257_011596_011B8A_E6B1/9457_12222,Bulk Carrier,0,test
S1A_IW_GRDH_1SDV_20160630T221233_20160630T221258_011946_012696_1AA1/10196_12542,Bulk Carrier,0,train
S1A_IW_GRDH_1SDV_20160630T221233_20160630T221258_011946_012696_1AA1/10228_12043,Bulk Carrier,0,train
S1A_IW_GRDH_1SDV_20160630T221233_20160630T221258_011946_012696_1AA1/10285_12653,Bulk Carrier,0,train
S1A_IW_GRDH_1SDV_20160630T221233_20160630T221258_011946_012696_1AA1/10303_11943,Bulk Carrier,0,train
S1A_IW_GRDH_1SDV_20160630T221233_20160630T221258_011946_012696_1AA1/10483_12554,Container Ship,1,train
S1A_IW_GRDH_1SDV_20160630T221233_20160630T221258_011946_012696_1AA1/10515_11643,Bulk Carrier,0,train
S1A_IW_GRDH_1SDV_20160630T221233_20160630T221258_011946_012696_1AA1/10570_12094,Bulk Carrier,0,test
S1A_IW_GRDH_1SDV_20160630T221233_20160630T221258_011946_012696_1AA1/10655_12022,Bulk Carrier,0,train
S1A_IW_GRDH_1SDV_20160630T221233_20160630T221258_011946_012696_1AA1/10661_11858,Bulk Carrier,0,train
S1A_IW_GRDH_1SDV_20160630T221233_20160630T221258_011946_012696_1AA1/10751_12755,Tanker,4,train
S1A_IW_GRDH_1SDV_20160630T221233_20160630T221258_011946_012696_1AA1/10917_12959,Bulk Carrier,0,test
S1A_IW_GRDH_1SDV_20160630T221233_20160630T221258_011946_012696_1AA1/11088_12597,Tanker,4,train
S1A_IW_GRDH_1SDV_20160630T221233_20160630T221258_011946_012696_1AA1/11257_12664,Tanker,4,train
S1A_IW_GRDH_1SDV_20160630T221233_20160630T221258_011946_012696_1AA1/11259_12497,Tanker,4,train
S1A_IW_GRDH_1SDV_20160630T221233_20160630T221258_011946_012696_1AA1/11434_12675,Tanker,4,train
S1A_IW_GRDH_1SDV_20160630T221233_20160630T221258_011946_012696_1AA1/11521_12495,Tanker,4,train
S1A_IW_GRDH_1SDV_20160630T221233_20160630T221258_011946_012696_1AA1/12338_12258,Dredger,2,train
S1A_IW_GRDH_1SDV_20160630T221233_20160630T221258_011946_012696_1AA1/13256_14663,Dredger,2,test
S1A_IW_GRDH_1SDV_20160630T221233_20160630T221258_011946_012696_1AA1/1494_9311,Tanker,4,train
S1A_IW_GRDH_1SDV_20160630T221233_20160630T221258_011946_012696_1AA1/1517_11767,Bulk Carrier,0,train
S1A_IW_GRDH_1SDV_20160630T221233_20160630T221258_011946_012696_1AA1/1525_9534,Container Ship,1,test
S1A_IW_GRDH_1SDV_20160630T221233_20160630T221258_011946_012696_1AA1/1584_11038,Tanker,4,test
S1A_IW_GRDH_1SDV_20160630T221233_20160630T221258_011946_012696_1AA1/1621_8581,Bulk Carrier,0,validation
S1A_IW_GRDH_1SDV_20160630T221233_20160630T221258_011946_012696_1AA1/1773_7918,Bulk Carrier,0,validation
S1A_IW_GRDH_1SDV_20160630T221233_20160630T221258_011946_012696_1AA1/1815_8521,Bulk Carrier,0,train
S1A_IW_GRDH_1SDV_20160630T221233_20160630T221258_011946_012696_1AA1/1824_8238,Bulk Carrier,0,train
S1A_IW_GRDH_1SDV_20160630T221233_20160630T221258_011946_012696_1AA1/1935_8977,Bulk Carrier,0,test
S1A_IW_GRDH_1SDV_20160630T221233_20160630T221258_011946_012696_1AA1/2069_10000,Bulk Carrier,0,train
S1A_IW_GRDH_1SDV_20160630T221233_20160630T221258_011946_012696_1AA1/2120_9465,Bulk Carrier,0,validation
S1A_IW_GRDH_1SDV_20160630T221233_20160630T221258_011946_012696_1AA1/2157_9624,Bulk Carrier,0,train
S1A_IW_GRDH_1SDV_20160630T221233_20160630T221258_011946_012696_1AA1/2352_9707,Bulk Carrier,0,train
S1A_IW_GRDH_1SDV_20160630T221233_20160630T221258_011946_012696_1AA1/2543_9761,Bulk Carrier,0,train
S1A_IW_GRDH_1SDV_20160630T221233_20160630T221258_011946_012696_1AA1/2602_8500,Tanker,4,train
S1A_IW_GRDH_1SDV_20160630T221233_20160630T221258_011946_012696_1AA1/2950_8068,Bulk Carrier,0,train
S1A_IW_GRDH_1SDV_20160630T221233_20160630T221258_011946_012696_1AA1/384_9455,Bulk Carrier,0,train
S1A_IW_GRDH_1SDV_20160630T221233_20160630T221258_011946_012696_1AA1/4392_16289,Bulk Carrier,0,validation
S1A_IW_GRDH_1SDV_20160630T221233_20160630T221258_011946_012696_1AA1/4885_12518,Container Ship,1,train
S1A_IW_GRDH_1SDV_20160630T221233_20160630T221258_011946_012696_1AA1/5076_12170,Bulk Carrier,0,train
S1A_IW_GRDH_1SDV_20160630T221233_20160630T221258_011946_012696_1AA1/5109_11973,Bulk Carrier,0,train
S1A_IW_GRDH_1SDV_20160630T221233_20160630T221258_011946_012696_1AA1/5216_15621,Bulk Carrier,0,test
S1A_IW_GRDH_1SDV_20160630T221233_20160630T221258_011946_012696_1AA1/537_15856,Bulk Carrier,0,train
S1A_IW_GRDH_1SDV_20160630T221233_20160630T221258_011946_012696_1AA1/5429_11699,Bulk Carrier,0,train
S1A_IW_GRDH_1SDV_20160630T221233_20160630T221258_011946_012696_1AA1/5618_12136,Bulk Carrier,0,test
S1A_IW_GRDH_1SDV_20160630T221233_20160630T221258_011946_012696_1AA1/5752_11532,Bulk Carrier,0,test
S1A_IW_GRDH_1SDV_20160630T221233_20160630T221258_011946_012696_1AA1/5885_12175,Bulk Carrier,0,train
S1A_IW_GRDH_1SDV_20160630T221233_20160630T221258_011946_012696_1AA1/6113_12317,Bulk Carrier,0,train
S1A_IW_GRDH_1SDV_20160630T221233_20160630T221258_011946_012696_1AA1/6304_11976,Bulk Carrier,0,train
S1A_IW_GRDH_1SDV_20160630T221233_20160630T221258_011946_012696_1AA1/6312_16474,Bulk Carrier,0,train
S1A_IW_GRDH_1SDV_20160630T221233_20160630T221258_011946_012696_1AA1/7156_16306,Bulk Carrier,0,train
S1A_IW_GRDH_1SDV_20160630T221233_20160630T221258_011946_012696_1AA1/7213_16498,Bulk Carrier,0,train
S1A_IW_GRDH_1SDV_20160630T221233_20160630T221258_011946_012696_1AA1/7407_16667,Bulk Carrier,0,train
S1A_IW_GRDH_1SDV_20160630T221233_20160630T221258_011946_012696_1AA1/7500_16476,Bulk Carrier,0,test
S1A_IW_GRDH_1SDV_20160630T221233_20160630T221258_011946_012696_1AA1/7562_11943,Bulk Carrier,0,test
S1A_IW_GRDH_1SDV_20160630T221233_20160630T221258_011946_012696_1AA1/7623_12601,Bulk Carrier,0,train
S1A_IW_GRDH_1SDV_20160630T221233_20160630T221258_011946_012696_1AA1/7864_13366,Tanker,4,train
S1A_IW_GRDH_1SDV_20160630T221233_20160630T221258_011946_012696_1AA1/7936_12337,Bulk Carrier,0,validation
S1A_IW_GRDH_1SDV_20160630T221233_20160630T221258_011946_012696_1AA1/7989_12607,Bulk Carrier,0,train
S1A_IW_GRDH_1SDV_20160630T221233_20160630T221258_011946_012696_1AA1/8303_12213,Container Ship,1,train
S1A_IW_GRDH_1SDV_20160630T221233_20160630T221258_011946_012696_1AA1/8501_16117,Bulk Carrier,0,test
S1A_IW_GRDH_1SDV_20160630T221233_20160630T221258_011946_012696_1AA1/8527_12117,Bulk Carrier,0,train
S1A_IW_GRDH_1SDV_20160630T221233_20160630T221258_011946_012696_1AA1/8536_12445,Bulk Carrier,0,train
S1A_IW_GRDH_1SDV_20160630T221233_20160630T221258_011946_012696_1AA1/8561_16213,Bulk Carrier,0,test
S1A_IW_GRDH_1SDV_20160630T221233_20160630T221258_011946_012696_1AA1/8643_12255,Bulk Carrier,0,test
S1A_IW_GRDH_1SDV_20160630T221233_20160630T221258_011946_012696_1AA1/8761_12680,Container Ship,1,train
S1A_IW_GRDH_1SDV_20160630T221233_20160630T221258_011946_012696_1AA1/8787_12310,Container Ship,1,train
S1A_IW_GRDH_1SDV_20160630T221233_20160630T221258_011946_012696_1AA1/8927_12623,Container Ship,1,train
S1A_IW_GRDH_1SDV_20160630T221233_20160630T221258_011946_012696_1AA1/8957_13011,Container Ship,1,train
S1A_IW_GRDH_1SDV_20160630T221233_20160630T221258_011946_012696_1AA1/9030_12455,Bulk Carrier,0,train
S1A_IW_GRDH_1SDV_20160630T221233_20160630T221258_011946_012696_1AA1/9037_12280,Container Ship,1,train
S1A_IW_GRDH_1SDV_20160630T221233_20160630T221258_011946_012696_1AA1/9203_12499,Container Ship,1,train
S1A_IW_GRDH_1SDV_20160630T221233_20160630T221258_011946_012696_1AA1/9236_12223,Bulk Carrier,0,validation
S1A_IW_GRDH_1SDV_20160630T221233_20160630T221258_011946_012696_1AA1/9500_12277,Bulk Carrier,0,train
S1A_IW_GRDH_1SDV_20160630T221233_20160630T221258_011946_012696_1AA1/9631_11921,Bulk Carrier,0,validation
S1A_IW_GRDH_1SDV_20160630T221233_20160630T221258_011946_012696_1AA1/9881_11736,Bulk Carrier,0,train
S1A_IW_GRDH_1SDV_20160630T221233_20160630T221258_011946_012696_1AA1/9889_12602,Bulk Carrier,0,train
S1A_IW_GRDH_1SDV_20160630T221233_20160630T221258_011946_012696_1AA1/9898_12203,Bulk Carrier,0,train
S1A_IW_GRDH_1SDV_20160712T221240_20160712T221305_012121_012C5B_8569/1607_4188,Bulk Carrier,0,train
S1A_IW_GRDH_1SDV_20160712T221240_20160712T221305_012121_012C5B_8569/1714_5582,Bulk Carrier,0,train
S1A_IW_GRDH_1SDV_20160712T221240_20160712T221305_012121_012C5B_8569/1807_5957,Bulk Carrier,0,train
S1A_IW_GRDH_1SDV_20160712T221240_20160712T221305_012121_012C5B_8569/1813_5791,Bulk Carrier,0,train
S1A_IW_GRDH_1SDV_20160712T221240_20160712T221305_012121_012C5B_8569/1886_5656,Bulk Carrier,0,train
S1A_IW_GRDH_1SDV_20160712T221240_20160712T221305_012121_012C5B_8569/2053_5760,Bulk Carrier,0,test
S1A_IW_GRDH_1SDV_20160712T221240_20160712T221305_012121_012C5B_8569/2112_7706,Container Ship,1,train
S1A_IW_GRDH_1SDV_20160712T221240_20160712T221305_012121_012C5B_8569/2162_5985,Bulk Carrier,0,train
S1A_IW_GRDH_1SDV_20160712T221240_20160712T221305_012121_012C5B_8569/2175_3982,Bulk Carrier,0,train
S1A_IW_GRDH_1SDV_20160712T221240_20160712T221305_012121_012C5B_8569/2180_4140,Bulk Carrier,0,train
S1A_IW_GRDH_1SDV_20160712T221240_20160712T221305_012121_012C5B_8569/2245_5588,Bulk Carrier,0,test
S1A_IW_GRDH_1SDV_20160712T221240_20160712T221305_012121_012C5B_8569/2476_5616,Bulk Carrier,0,train
S1A_IW_GRDH_1SDV_20160712T221240_20160712T221305_012121_012C5B_8569/3166_8427,Bulk Carrier,0,validation
S1A_IW_GRDH_1SDV_20160712T221240_20160712T221305_012121_012C5B_8569/673_6686,Bulk Carrier,0,train
S1A_IW_GRDH_1SDV_20160712T221240_20160712T221305_012121_012C5B_8569/8055_8020,Tanker,4,train
S1A_IW_GRDH_1SDV_20160712T221240_20160712T221305_012121_012C5B_8569/8802_8386,Container Ship,1,train
S1A_IW_GRDH_1SDV_20160712T221240_20160712T221305_012121_012C5B_8569/9134_9236,Bulk Carrier,0,train
S1A_IW_GRDH_1SDV_20160712T221240_20160712T221305_012121_012C5B_8569/9318_9176,Bulk Carrier,0,validation
S1A_IW_GRDH_1SDV_20160712T221240_20160712T221305_012121_012C5B_8569/9472_9134,Bulk Carrier,0,train
S1A_IW_GRDH_1SDV_20160712T221240_20160712T221305_012121_012C5B_8569/9539_9231,Bulk Carrier,0,train
S1A_IW_GRDH_1SDV_20160817T221236_20160817T221301_012646_013D9A_4929/10503_11757,Bulk Carrier,0,train
S1A_IW_GRDH_1SDV_20160817T221236_20160817T221301_012646_013D9A_4929/10627_11866,Bulk Carrier,0,train
S1A_IW_GRDH_1SDV_20160817T221236_20160817T221301_012646_013D9A_4929/10681_12938,Bulk Carrier,0,train
S1A_IW_GRDH_1SDV_20160817T221236_20160817T221301_012646_013D9A_4929/11032_12206,Container Ship,1,test
S1A_IW_GRDH_1SDV_20160817T221236_20160817T221301_012646_013D9A_4929/11094_12639,Tanker,4,train
S1A_IW_GRDH_1SDV_20160817T221236_20160817T221301_012646_013D9A_4929/11185_12658,Tanker,4,train
S1A_IW_GRDH_1SDV_20160817T221236_20160817T221301_012646_013D9A_4929/1121_10793,Bulk Carrier,0,test
S1A_IW_GRDH_1SDV_20160817T221236_20160817T221301_012646_013D9A_4929/11232_12568,Tanker,4,test
S1A_IW_GRDH_1SDV_20160817T221236_20160817T221301_012646_013D9A_4929/1133_11137,Bulk Carrier,0,test
S1A_IW_GRDH_1SDV_20160817T221236_20160817T221301_012646_013D9A_4929/12079_12397,Tanker,4,train
S1A_IW_GRDH_1SDV_20160817T221236_20160817T221301_012646_013D9A_4929/1230_9581,Tug,5,train
S1A_IW_GRDH_1SDV_20160817T221236_20160817T221301_012646_013D9A_4929/1243_9507,Tug,5,train
S1A_IW_GRDH_1SDV_20160817T221236_20160817T221301_012646_013D9A_4929/12586_12286,Dredger,2,train
S1A_IW_GRDH_1SDV_20160817T221236_20160817T221301_012646_013D9A_4929/1259_16317,Bulk Carrier,0,test
S1A_IW_GRDH_1SDV_20160817T221236_20160817T221301_012646_013D9A_4929/1292_8370,Bulk Carrier,0,validation
S1A_IW_GRDH_1SDV_20160817T221236_20160817T221301_012646_013D9A_4929/13178_11188,Dredger,2,train
S1A_IW_GRDH_1SDV_20160817T221236_20160817T221301_012646_013D9A_4929/1367_9555,Bulk Carrier,0,train
S1A_IW_GRDH_1SDV_20160817T221236_20160817T221301_012646_013D9A_4929/1414_9736,Bulk Carrier,0,train
S1A_IW_GRDH_1SDV_20160817T221236_20160817T221301_012646_013D9A_4929/1424_8034,Bulk Carrier,0,validation
S1A_IW_GRDH_1SDV_20160817T221236_20160817T221301_012646_013D9A_4929/1470_10951,Bulk Carrier,0,train
S1A_IW_GRDH_1SDV_20160817T221236_20160817T221301_012646_013D9A_4929/1484_9627,Bulk Carrier,0,train
S1A_IW_GRDH_1SDV_20160817T221236_20160817T221301_012646_013D9A_4929/1500_9439,Bulk Carrier,0,train
S1A_IW_GRDH_1SDV_20160817T221236_20160817T221301_012646_013D9A_4929/1681_9889,Bulk Carrier,0,test
S1A_IW_GRDH_1SDV_20160817T221236_20160817T221301_012646_013D9A_4929/1683_10096,Bulk Carrier,0,test
S1A_IW_GRDH_1SDV_20160817T221236_20160817T221301_012646_013D9A_4929/1763_8497,Bulk Carrier,0,train
S1A_IW_GRDH_1SDV_20160817T221236_20160817T221301_012646_013D9A_4929/1785_9787,Bulk Carrier,0,train
S1A_IW_GRDH_1SDV_20160817T221236_20160817T221301_012646_013D9A_4929/1884_9380,Bulk Carrier,0,train
S1A_IW_GRDH_1SDV_20160817T221236_20160817T221301_012646_013D9A_4929/1902_8003,Bulk Carrier,0,train
S1A_IW_GRDH_1SDV_20160817T221236_20160817T221301_012646_013D9A_4929/1952_10107,Bulk Carrier,0,train
S1A_IW_GRDH_1SDV_20160817T221236_20160817T221301_012646_013D9A_4929/2048_9496,Bulk Carrier,0,train
S1A_IW_GRDH_1SDV_20160817T221236_20160817T221301_012646_013D9A_4929/2140_10259,Bulk Carrier,0,train
S1A_IW_GRDH_1SDV_20160817T221236_20160817T221301_012646_013D9A_4929/2214_8292,Bulk Carrier,0,test
S1A_IW_GRDH_1SDV_20160817T221236_20160817T221301_012646_013D9A_4929/2301_9914,Bulk Carrier,0,validation
S1A_IW_GRDH_1SDV_20160817T221236_20160817T221301_012646_013D9A_4929/2347_8642,Tanker,4,validation
S1A_IW_GRDH_1SDV_20160817T221236_20160817T221301_012646_013D9A_4929/2412_10318,Bulk Carrier,0,train
S1A_IW_GRDH_1SDV_20160817T221236_20160817T221301_012646_013D9A_4929/2412_9529,Bulk Carrier,0,train
S1A_IW_GRDH_1SDV_20160817T221236_20160817T221301_012646_013D9A_4929/2525_9990,Bulk Carrier,0,train
S1A_IW_GRDH_1SDV_20160817T221236_20160817T221301_012646_013D9A_4929/2563_10298,Bulk Carrier,0,train
S1A_IW_GRDH_1SDV_20160817T221236_20160817T221301_012646_013D9A_4929/2651_8501,Tanker,4,validation
S1A_IW_GRDH_1SDV_20160817T221236_20160817T221301_012646_013D9A_4929/2736_9960,Tanker,4,train
S1A_IW_GRDH_1SDV_20160817T221236_20160817T221301_012646_013D9A_4929/2773_15093,Bulk Carrier,0,train
S1A_IW_GRDH_1SDV_20160817T221236_20160817T221301_012646_013D9A_4929/4062_12281,Bulk Carrier,0,test
S1A_IW_GRDH_1SDV_20160817T221236_20160817T221301_012646_013D9A_4929/4447_12301,Container Ship,1,test
S1A_IW_GRDH_1SDV_20160817T221236_20160817T221301_012646_013D9A_4929/556_10983,Bulk Carrier,0,validation
S1A_IW_GRDH_1SDV_20160817T221236_20160817T221301_012646_013D9A_4929/568_10743,Bulk Carrier,0,train
S1A_IW_GRDH_1SDV_20160817T221236_20160817T221301_012646_013D9A_4929/5694_12071,Bulk Carrier,0,train
S1A_IW_GRDH_1SDV_20160817T221236_20160817T221301_012646_013D9A_4929/5782_11623,Bulk Carrier,0,validation
S1A_IW_GRDH_1SDV_20160817T221236_20160817T221301_012646_013D9A_4929/5893_11806,Bulk Carrier,0,train
S1A_IW_GRDH_1SDV_20160817T221236_20160817T221301_012646_013D9A_4929/5927_14422,Bulk Carrier,0,train
S1A_IW_GRDH_1SDV_20160817T221236_20160817T221301_012646_013D9A_4929/6001_16640,Bulk Carrier,0,train
S1A_IW_GRDH_1SDV_20160817T221236_20160817T221301_012646_013D9A_4929/6009_14551,Bulk Carrier,0,train
S1A_IW_GRDH_1SDV_20160817T221236_20160817T221301_012646_013D9A_4929/6070_12209,Bulk Carrier,0,validation
S1A_IW_GRDH_1SDV_20160817T221236_20160817T221301_012646_013D9A_4929/6121_16239,Bulk Carrier,0,test
S1A_IW_GRDH_1SDV_20160817T221236_20160817T221301_012646_013D9A_4929/6147_16493,Bulk Carrier,0,train
S1A_IW_GRDH_1SDV_20160817T221236_20160817T221301_012646_013D9A_4929/617_10576,Bulk Carrier,0,test
S1A_IW_GRDH_1SDV_20160817T221236_20160817T221301_012646_013D9A_4929/6233_16021,Bulk Carrier,0,train
S1A_IW_GRDH_1SDV_20160817T221236_20160817T221301_012646_013D9A_4929/6252_12069,Bulk Carrier,0,train
S1A_IW_GRDH_1SDV_20160817T221236_20160817T221301_012646_013D9A_4929/6350_16482,Bulk Carrier,0,train
S1A_IW_GRDH_1SDV_20160817T221236_20160817T221301_012646_013D9A_4929/6426_12559,Tanker,4,train
S1A_IW_GRDH_1SDV_20160817T221236_20160817T221301_012646_013D9A_4929/6457_16018,Bulk Carrier,0,test
S1A_IW_GRDH_1SDV_20160817T221236_20160817T221301_012646_013D9A_4929/7005_13415,Container Ship,1,test
S1A_IW_GRDH_1SDV_20160817T221236_20160817T221301_012646_013D9A_4929/7036_16625,Bulk Carrier,0,train
S1A_IW_GRDH_1SDV_20160817T221236_20160817T221301_012646_013D9A_4929/7140_16361,Bulk Carrier,0,test
S1A_IW_GRDH_1SDV_20160817T221236_20160817T221301_012646_013D9A_4929/7223_16575,Bulk Carrier,0,test
S1A_IW_GRDH_1SDV_20160817T221236_20160817T221301_012646_013D9A_4929/7387_16440,Bulk Carrier,0,test
S1A_IW_GRDH_1SDV_20160817T221236_20160817T221301_012646_013D9A_4929/7459_16564,Bulk Carrier,0,test
S1A_IW_GRDH_1SDV_20160817T221236_20160817T221301_012646_013D9A_4929/7517_11904,Tanker,4,test
S1A_IW_GRDH_1SDV_20160817T221236_20160817T221301_012646_013D9A_4929/7633_14398,Container Ship,1,train
S1A_IW_GRDH_1SDV_20160817T221236_20160817T221301_012646_013D9A_4929/7735_11875,Tanker,4,train
S1A_IW_GRDH_1SDV_20160817T221236_20160817T221301_012646_013D9A_4929/8067_13268,Bulk Carrier,0,train
S1A_IW_GRDH_1SDV_20160817T221236_20160817T221301_012646_013D9A_4929/8204_12349,Bulk Carrier,0,test
S1A_IW_GRDH_1SDV_20160817T221236_20160817T221301_012646_013D9A_4929/8269_12991,Container Ship,1,train
S1A_IW_GRDH_1SDV_20160817T221236_20160817T221301_012646_013D9A_4929/8283_13155,Bulk Carrier,0,validation
S1A_IW_GRDH_1SDV_20160817T221236_20160817T221301_012646_013D9A_4929/8326_15942,Bulk Carrier,0,train
S1A_IW_GRDH_1SDV_20160817T221236_20160817T221301_012646_013D9A_4929/8452_16073,Bulk Carrier,0,train
S1A_IW_GRDH_1SDV_20160817T221236_20160817T221301_012646_013D9A_4929/8598_16236,Bulk Carrier,0,test
S1A_IW_GRDH_1SDV_20160817T221236_20160817T221301_012646_013D9A_4929/8638_13419,Bulk Carrier,0,train
S1A_IW_GRDH_1SDV_20160817T221236_20160817T221301_012646_013D9A_4929/8638_16059,Bulk Carrier,0,validation
S1A_IW_GRDH_1SDV_20160817T221236_20160817T221301_012646_013D9A_4929/8652_12015,Tug,5,train
S1A_IW_GRDH_1SDV_20160817T221236_20160817T221301_012646_013D9A_4929/872_10537,Bulk Carrier,0,train
S1A_IW_GRDH_1SDV_20160817T221236_20160817T221301_012646_013D9A_4929/8765_12545,Bulk Carrier,0,test
S1A_IW_GRDH_1SDV_20160817T221236_20160817T221301_012646_013D9A_4929/8855_16102,Bulk Carrier,0,train
S1A_IW_GRDH_1SDV_20160817T221236_20160817T221301_012646_013D9A_4929/8948_13321,Bulk Carrier,0,test
S1A_IW_GRDH_1SDV_20160817T221236_20160817T221301_012646_013D9A_4929/8971_12543,Container Ship,1,validation
S1A_IW_GRDH_1SDV_20160817T221236_20160817T221301_012646_013D9A_4929/8983_13532,Bulk Carrier,0,test
S1A_IW_GRDH_1SDV_20160817T221236_20160817T221301_012646_013D9A_4929/9086_13200,Bulk Carrier,0,validation
S1A_IW_GRDH_1SDV_20160817T221236_20160817T221301_012646_013D9A_4929/9140_13083,Bulk Carrier,0,train
S1A_IW_GRDH_1SDV_20160817T221236_20160817T221301_012646_013D9A_4929/9237_13180,Tanker,4,train
S1A_IW_GRDH_1SDV_20160817T221236_20160817T221301_012646_013D9A_4929/9376_15281,Tanker,4,train
S1A_IW_GRDH_1SDV_20161018T095407_20161018T095432_013543_015ACD_AB15/14481_14091,Bulk Carrier,0,train
S1A_IW_GRDH_1SDV_20161018T095407_20161018T095432_013543_015ACD_AB15/14582_13983,Bulk Carrier,0,train
S1A_IW_GRDH_1SDV_20161018T095407_20161018T095432_013543_015ACD_AB15/14613_14113,Bulk Carrier,0,train
S1A_IW_GRDH_1SDV_20161018T095407_20161018T095432_013543_015ACD_AB15/14720_13976,Bulk Carrier,0,train
S1A_IW_GRDH_1SDV_20161018T095407_20161018T095432_013543_015ACD_AB15/14814_14273,Tanker,4,train
S1A_IW_GRDH_1SDV_20161018T095407_20161018T095432_013543_015ACD_AB15/14824_14298,Tanker,4,validation
S1A_IW_GRDH_1SDV_20161018T095407_20161018T095432_013543_015ACD_AB15/14890_14023,Bulk Carrier,0,train
S1A_IW_GRDH_1SDV_20161018T095407_20161018T095432_013543_015ACD_AB15/14914_14182,Tanker,4,train
S1A_IW_GRDH_1SDV_20161018T095407_20161018T095432_013543_015ACD_AB15/14924_14073,Bulk Carrier,0,train
S1A_IW_GRDH_1SDV_20161018T095407_20161018T095432_013543_015ACD_AB15/15001_14148,Tanker,4,train
S1A_IW_GRDH_1SDV_20161018T095407_20161018T095432_013543_015ACD_AB15/15342_11582,Tanker,4,test
S1A_IW_GRDH_1SDV_20161018T095407_20161018T095432_013543_015ACD_AB15/15674_12118,Container Ship,1,train
S1A_IW_GRDH_1SDV_20161018T095407_20161018T095432_013543_015ACD_AB15/16169_10865,Bulk Carrier,0,train
S1A_IW_GRDH_1SDV_20161018T095407_20161018T095432_013543_015ACD_AB15/16321_12469,Bulk Carrier,0,train
S1A_IW_GRDH_1SDV_20161018T095407_20161018T095432_013543_015ACD_AB15/17285_11572,Tanker,4,test
