sample_id,label_name,label,source_kind,image_path,file_size_bytes,sha256
Cargo/BulkCarrier/Ship_C01S02N0001.tiff,Bulk Carrier,4,file,FUSAR_Ship1.0/Cargo/BulkCarrier/Ship_C01S02N0001.tiff,256406,d220fa21541fbef70ac6115ac0a5c86e72039305ae8f31873275a206b8a163b8
Cargo/BulkCarrier/Ship_C01S02N0002.tiff,Bulk Carrier,4,file,FUSAR_Ship1.0/Cargo/BulkCarrier/Ship_C01S02N0002.tiff,239364,9df35038d45ae75290b9224ba64edc8311317a86d553c0fd90df1d6197943684
Cargo/BulkCarrier/Ship_C01S02N0003.tiff,Bulk Carrier,4,file,FUSAR_Ship1.0/Cargo/BulkCarrier/Ship_C01S02N0003.tiff,255888,0f2ad65efb92612284cfddb7c9c83cb81dc262a152b189a9371ffb9cb7ee35fa
Cargo/BulkCarrier/Ship_C01S02N0004.tiff,Bulk Carrier,4,file,FUSAR_Ship1.0/Cargo/BulkCarrier/Ship_C01S02N0004.tiff,250896,06d0173f1a19e7a150bb20915820f956896dd06a64b572f97e9c58b2c34d0bf3
Cargo/BulkCarrier/Ship_C01S02N0005.tiff,Bulk Carrier,4,file,FUSAR_Ship1.0/Cargo/BulkCarrier/Ship_C01S02N0005.tiff,260002,a916fd67a5e1fe02feb7286d545b4b8dedbd82a2bd2662e2a905b74e85ed0b9a
Cargo/BulkCarrier/Ship_C01S02N0006.tiff,Bulk Carrier,4,file,FUSAR_Ship1.0/Cargo/BulkCarrier/Ship_C01S02N0006.tiff,248258,238fe40cb91548baf428d1c4de1e5aed60dd45bc9ab16174fe3d0ddf8ec6a85a
Cargo/BulkCarrier/Ship_C01S02N0007.tiff,Bulk Carrier,4,file,FUSAR_Ship1.0/Cargo/BulkCarrier/Ship_C01S02N0007.tiff,248138,b73dcd0e1dd31a17a025e260e899b016674f9d5c20e9dff9d7349a17217fc5c2
Cargo/BulkCarrier/Ship_C01S02N0008.tiff,Bulk Carrier,4,file,FUSAR_Ship1.0/Cargo/BulkCarrier/Ship_C01S02N0008.tiff,252376,61da2fc1af00cf9682a8346fcedaad641b1166ac5a3cfbdafb8a170a62d711cf
Cargo/BulkCarrier/Ship_C01S02N0009.tiff,Bulk Carrier,4,file,FUSAR_Ship1.0/Cargo/BulkCarrier/Ship_C01S02N0009.tiff,252782,8ceaba9b22be28aa1f53c2c7fc57751348e4132a7292048da695fe464044e109
Cargo/BulkCarrier/Ship_C01S02N0010.tiff,Bulk Carrier,4,file,FUSAR_Ship1.0/Cargo/BulkCarrier/Ship_C01S02N0010.tiff,249716,0d3d583cabd683193f7e4a2e3c51bbc1f67fa3f81ba6861650221175c4d06c2b
Cargo/BulkCarrier/Ship_C01S02N0011.tiff,Bulk Carrier,4,file,FUSAR_Ship1.0/Cargo/BulkCarrier/Ship_C01S02N0011.tiff,255492,f7ba79b54c76d289baf0755f23d43085123bc344f654aceb7f92c362e994b332
Cargo/BulkCarrier/Ship_C01S02N0012.tiff,Bulk Carrier,4,file,FUSAR_Ship1.0/Cargo/BulkCarrier/Ship_C01S02N0012.tiff,246998,bcbac4b36e8a964c9cd97feb3978d9dd078667569a0aeef8df7b8277d9a4e061
Cargo/BulkCarrier/Ship_C01S02N0013.tiff,Bulk Carrier,4,file,FUSAR_Ship1.0/Cargo/BulkCarrier/Ship_C01S02N0013.tiff,251174,af4082c0cf496e606cd89d9742ba22f2844489de332639b9e3061ab2d8f8ef3f
Cargo/BulkCarrier/Ship_C01S02N0014.tiff,Bulk Carrier,4,file,FUSAR_Ship1.0/Cargo/BulkCarrier/Ship_C01S02N0014.tiff,252690,cf090a9e2cdf6efbbbcf54637a4c42a8224e8f20d57e8a55caaa93a7d4a106c8
Cargo/BulkCarrier/Ship_C01S02N0015.tiff,Bulk Carrier,4,file,FUSAR_Ship1.0/Cargo/BulkCarrier/Ship_C01S02N0015.tiff,254298,f9f5b13b6035aa1b7ea3c22553122fbc3bbc8040a7f4ab520bbef10c104b2bb3
Cargo/BulkCarrier/Ship_C01S02N0016.tiff,Bulk Carrier,4,file,FUSAR_Ship1.0/Cargo/BulkCarrier/Ship_C01S02N0016.tiff,250442,d7f1b9b1949bd781ee23d53f0d9b9aabab91c94eaf801095854466ab6e121966
Cargo/BulkCarrier/Ship_C01S02N0017.tiff,Bulk Carrier,4,file,FUSAR_Ship1.0/Cargo/BulkCarrier/Ship_C01S02N0017.tiff,250880,5b3d5e7619424acdef52973299e16c37a14b2f45bb2042b0e44e0cf4eb3b8941
Cargo/BulkCarrier/Ship_C01S02N0018.tiff,Bulk Carrier,4,file,FUSAR_Ship1.0/Cargo/BulkCarrier/Ship_C01S02N0018.tiff,243350,7f6d1391d8b8795b52c1e652abcb6db93bbae766fcb6d8b87dd0a02fbdb0078d
Cargo/BulkCarrier/Ship_C01S02N0019.tiff,Bulk Carrier,4,file,FUSAR_Ship1.0/Cargo/BulkCarrier/Ship_C01S02N0019.tiff,238304,4611c17a473d207b7af5d6be44749c5d1fa87efb2e91e539d046d72a6111379c
Cargo/BulkCarrier/Ship_C01S02N0020.tiff,Bulk Carrier,4,file,FUSAR_Ship1.0/Cargo/BulkCarrier/Ship_C01S02N0020.tiff,240590,0272529bbfd94de1ea227307824e0a2ec079a6f66413f758f37a8431198975d7
Cargo/BulkCarrier/Ship_C01S02N0021.tiff,Bulk Carrier,4,file,FUSAR_Ship1.0/Cargo/BulkCarrier/Ship_C01S02N0021.tiff,260526,ff39d3723df267262178fd2b5228d3de4fb28c2bec974b1f351059f22789a0bd
Cargo/BulkCarrier/Ship_C01S02N0022.tiff,Bulk Carrier,4,file,FUSAR_Ship1.0/Cargo/BulkCarrier/Ship_C01S02N0022.tiff,242838,4c7bec46ef4d6ff55b6e37cec11c79fb6c00397975b53953472684ae7f15216f
Cargo/BulkCarrier/Ship_C01S02N0023.tiff,Bulk Carrier,4,file,FUSAR_Ship1.0/Cargo/BulkCarrier/Ship_C01S02N0023.tiff,243368,c6b756bb9e83392b3de36240e10cee41ac1f01b53ed3523f7e94e6e86e91e73d
Cargo/BulkCarrier/Ship_C01S02N0024.tiff,Bulk Carrier,4,file,FUSAR_Ship1.0/Cargo/BulkCarrier/Ship_C01S02N0024.tiff,246230,eb445de9923a5f0554076fb30e4ecd0f1ef248b47d5fee993a68e8ade348f697
Cargo/BulkCarrier/Ship_C01S02N0025.tiff,Bulk Carrier,4,file,FUSAR_Ship1.0/Cargo/BulkCarrier/Ship_C01S02N0025.tiff,245268,6fa26ea100df305985e166ea867b5a43f7f8ffa37eb3466de8024d76c8e406c5
Cargo/BulkCarrier/Ship_C01S02N0026.tiff,Bulk Carrier,4,file,FUSAR_Ship1.0/Cargo/BulkCarrier/Ship_C01S02N0026.tiff,244430,0294b3ce798ca7afd228a4f80cdce55e6521af9fed313e67ebb3f95aaddc6843
Cargo/BulkCarrier/Ship_C01S02N0027.tiff,Bulk Carrier,4,file,FUSAR_Ship1.0/Cargo/BulkCarrier/Ship_C01S02N0027.tiff,241388,f85976d3473bc6d0c270d6dc155df03b40c8cbf9a95861aa96e2f8b97e74a447
Cargo/BulkCarrier/Ship_C01S02N0028.tiff,Bulk Carrier,4,file,FUSAR_Ship1.0/Cargo/BulkCarrier/Ship_C01S02N0028.tiff,244942,ad2914abcdb60cbe3d5c29ea35e2638eaf418708567079f8e63d271ef837a17f
Cargo/BulkCarrier/Ship_C01S02N0029.tiff,Bulk Carrier,4,file,FUSAR_Ship1.0/Cargo/BulkCarrier/Ship_C01S02N0029.tiff,244806,a56a098b3e9cb6afab3391e33ad510eee763fab960a2fe75edd8cbd6a1430b7a
Cargo/BulkCarrier/Ship_C01S02N0030.tiff,Bulk Carrier,4,file,FUSAR_Ship1.0/Cargo/BulkCarrier/Ship_C01S02N0030.tiff,243422,cdf7d3411af8d6bd21ca915f3559249b6f7cd1a4e0d2d7bcf2329fde48ff5e69
Cargo/BulkCarrier/Ship_C01S02N0031.tiff,Bulk Carrier,4,file,FUSAR_Ship1.0/Cargo/BulkCarrier/Ship_C01S02N0031.tiff,242356,3cf8ab66ef639912165597055457eab9a2d28473a0f8e50f3690656e4d3690aa
Cargo/BulkCarrier/Ship_C01S02N0032.tiff,Bulk Carrier,4,file,FUSAR_Ship1.0/Cargo/BulkCarrier/Ship_C01S02N0032.tiff,248150,01ad2da8068be29c571b1e22236ed96ff5ab9f0cb30ee2bbe8860e78c7a2baa2
Cargo/BulkCarrier/Ship_C01S02N0033.tiff,Bulk Carrier,4,file,FUSAR_Ship1.0/Cargo/BulkCarrier/Ship_C01S02N0033.tiff,246874,93a034db3806bbaa81d5063a24b1435614e70b5a3442f8e5ff42fad9e5fced5c
Cargo/BulkCarrier/Ship_C01S02N0034.tiff,Bulk Carrier,4,file,FUSAR_Ship1.0/Cargo/BulkCarrier/Ship_C01S02N0034.tiff,250124,11839a83c929d77439a3437780ea24c8911f7fbcc9d6ca550312c76fc8d10273
Cargo/BulkCarrier/Ship_C01S02N0035.tiff,Bulk Carrier,4,file,FUSAR_Ship1.0/Cargo/BulkCarrier/Ship_C01S02N0035.tiff,248964,062ec07e8369df15a68dd58cc117ced5c89b8e74d5d6624b56a6c35a88e19f97
Cargo/BulkCarrier/Ship_C01S02N0036.tiff,Bulk Carrier,4,file,FUSAR_Ship1.0/Cargo/BulkCarrier/Ship_C01S02N0036.tiff,260718,6179b1faaccc7bb8da8bfc660c738c12d3f3c6299e8bc624c394ad00bff21ccf
Cargo/BulkCarrier/Ship_C01S02N0037.tiff,Bulk Carrier,4,file,FUSAR_Ship1.0/Cargo/BulkCarrier/Ship_C01S02N0037.tiff,246620,c8af35e0d4d985cdd42e46d1615755904103c6fac31476419cc2731bdf645500
Cargo/BulkCarrier/Ship_C01S02N0038.tiff,Bulk Carrier,4,file,FUSAR_Ship1.0/Cargo/BulkCarrier/Ship_C01S02N0038.tiff,246674,7bdc2e58a3d17a9539144892e52e979194ffc593a23d5d58147edeab7568fcd0
Cargo/BulkCarrier/Ship_C01S02N0039.tiff,Bulk Carrier,4,file,FUSAR_Ship1.0/Cargo/BulkCarrier/Ship_C01S02N0039.tiff,243196,acab63b8333fe84538868cda7ffbc1be55865a95a771c9ae29610ecbbd41c493
Cargo/BulkCarrier/Ship_C01S02N0040.tiff,Bulk Carrier,4,file,FUSAR_Ship1.0/Cargo/BulkCarrier/Ship_C01S02N0040.tiff,247992,ae56355513a16a454bfe18920eb62c286fd9e38941d9637b659dc19385afa3ab
Cargo/BulkCarrier/Ship_C01S02N0041.tiff,Bulk Carrier,4,file,FUSAR_Ship1.0/Cargo/BulkCarrier/Ship_C01S02N0041.tiff,244380,0f24a3834943aadc97b30d5445d70f6904d2f605e33e4e380b66b7c237d9d47c
Cargo/BulkCarrier/Ship_C01S02N0042.tiff,Bulk Carrier,4,file,FUSAR_Ship1.0/Cargo/BulkCarrier/Ship_C01S02N0042.tiff,246758,1dfa49e20e9b89aeb10d2afb74e0e87fb0df44af7fcbfefb883537623e3ee382
Cargo/BulkCarrier/Ship_C01S02N0043.tiff,Bulk Carrier,4,file,FUSAR_Ship1.0/Cargo/BulkCarrier/Ship_C01S02N0043.tiff,248698,46eac45e86dbdfa22fbd60a40b0e059e6412f135dcc791035f64bb767e633853
Cargo/BulkCarrier/Ship_C01S02N0044.tiff,Bulk Carrier,4,file,FUSAR_Ship1.0/Cargo/BulkCarrier/Ship_C01S02N0044.tiff,176792,24386ead500ca81fe307aadf8633fbe61bdabac6a6614637b65e3311e5cd152a
Cargo/BulkCarrier/Ship_C01S02N0045.tiff,Bulk Carrier,4,file,FUSAR_Ship1.0/Cargo/BulkCarrier/Ship_C01S02N0045.tiff,247818,9599af240112f8dcb3f27b2908189c28b6b65e09c302a4f86ad75a0470bf709f
Cargo/BulkCarrier/Ship_C01S02N0046.tiff,Bulk Carrier,4,file,FUSAR_Ship1.0/Cargo/BulkCarrier/Ship_C01S02N0046.tiff,242766,850b276191adadcc9761b9bbac171586d2f44a9521b1ad0328c77a67c096501b
Cargo/BulkCarrier/Ship_C01S02N0047.tiff,Bulk Carrier,4,file,FUSAR_Ship1.0/Cargo/BulkCarrier/Ship_C01S02N0047.tiff,236616,e1c974f32c8874b83b9284a78ff7952e808dc1054fce8fd3bc5661ed098a313f
Cargo/BulkCarrier/Ship_C01S02N0048.tiff,Bulk Carrier,4,file,FUSAR_Ship1.0/Cargo/BulkCarrier/Ship_C01S02N0048.tiff,244864,d867cc85fb438c3a8dc3b74579cf047fd76e7eee53bc52d34fd33a7fa5f8be6b
Cargo/BulkCarrier/Ship_C01S02N0049.tiff,Bulk Carrier,4,file,FUSAR_Ship1.0/Cargo/BulkCarrier/Ship_C01S02N0049.tiff,242240,d326391a81aa37972295a1fcc326d1413ca7a658cf786b57affa05893e4b3635
Cargo/BulkCarrier/Ship_C01S02N0050.tiff,Bulk Carrier,4,file,FUSAR_Ship1.0/Cargo/BulkCarrier/Ship_C01S02N0050.tiff,251502,b30fbe6c028b8be24991795a79b2b9984f352904bfce96ee488c96c5392f482c
Cargo/BulkCarrier/Ship_C01S02N0051.tiff,Bulk Carrier,4,file,FUSAR_Ship1.0/Cargo/BulkCarrier/Ship_C01S02N0051.tiff,255396,e50100cf52cc07e3c2617ae897a8a1f295fbc7a4a11f69c23039c6b127310345
Cargo/BulkCarrier/Ship_C01S02N0052.tiff,Bulk Carrier,4,file,FUSAR_Ship1.0/Cargo/BulkCarrier/Ship_C01S02N0052.tiff,252724,4c38acaf73b3fef7c665def1d2717048e175567b8b6636df604a83073521a00a
Cargo/BulkCarrier/Ship_C01S02N0053.tiff,Bulk Carrier,4,file,FUSAR_Ship1.0/Cargo/BulkCarrier/Ship_C01S02N0053.tiff,257668,a079bf49c851851456abd65d452550572dd6fc37e9a0a0c66d3594a07f27d44b
Cargo/BulkCarrier/Ship_C01S02N0054.tiff,Bulk Carrier,4,file,FUSAR_Ship1.0/Cargo/BulkCarrier/Ship_C01S02N0054.tiff,240398,b3ce5add089f541ef633e45baa852a1173703df546f3e032b0be92337cb41d8b
Cargo/BulkCarrier/Ship_C01S02N0055.tiff,Bulk Carrier,4,file,FUSAR_Ship1.0/Cargo/BulkCarrier/Ship_C01S02N0055.tiff,256838,4d1c4bca7ee057f9c1231c87c400f04078b79361c9ce8c854bf7c9e3e9a75854
Cargo/BulkCarrier/Ship_C01S02N0056.tiff,Bulk Carrier,4,file,FUSAR_Ship1.0/Cargo/BulkCarrier/Ship_C01S02N0056.tiff,257104,176621be1bf0a7a6f83906ada60f1ba6732169fcbfa7c1ee95a42664bb2bf3cf
Cargo/BulkCarrier/Ship_C01S02N0057.tiff,Bulk Carrier,4,file,FUSAR_Ship1.0/Cargo/BulkCarrier/Ship_C01S02N0057.tiff,257386,5891188ee39f2cd72f4a7aa4d32c8a82d3fccc8823bbd157baff1a1ccb731782
Cargo/BulkCarrier/Ship_C01S02N0058.tiff,Bulk Carrier,4,file,FUSAR_Ship1.0/Cargo/BulkCarrier/Ship_C01S02N0058.tiff,257012,ec657a93a85b434b5e0ea2a5fc431bae546f885661dd389844d929182ac89134
Cargo/BulkCarrier/Ship_C01S02N0059.tiff,Bulk Carrier,4,file,FUSAR_Ship1.0/Cargo/BulkCarrier/Ship_C01S02N0059.tiff,259070,26d5a4ae060fd8d512c6bc9454ed33e66103ff391cf81c561bb8cb500f680f95
Cargo/BulkCarrier/Ship_C01S02N0060.tiff,Bulk Carrier,4,file,FUSAR_Ship1.0/Cargo/BulkCarrier/Ship_C01S02N0060.tiff,254986,640ef628c7743427a003fb1937a4ee44ba5f4bdfd57c35a967ebb38c65a5feac
Cargo/BulkCarrier/Ship_C01S02N0061.tiff,Bulk Carrier,4,file,FUSAR_Ship1.0/Cargo/BulkCarrier/Ship_C01S02N0061.tiff,257178,67b28109286ed169ee6f6213011ec72bedb0ae5e4a65e3b7f8779433b35c4991
Cargo/BulkCarrier/Ship_C01S02N0062.tiff,Bulk Carrier,4,file,FUSAR_Ship1.0/Cargo/BulkCarrier/Ship_C01S02N0062.tiff,259334,053d07c134ca7d81294cad28e70196afd0d2eb8185b574f2fdbccd0306666066
Cargo/BulkCarrier/Ship_C01S02N0063.tiff,Bulk Carrier,4,file,FUSAR_Ship1.0/Cargo/BulkCarrier/Ship_C01S02N0063.tiff,259620,be5dcb306a99e983209f2686f77ce449ee7aa3075bdc44dae4adee380a0c9b5c
Cargo/BulkCarrier/Ship_C01S02N0064.tiff,Bulk Carrier,4,file,FUSAR_Ship1.0/Cargo/BulkCarrier/Ship_C01S02N0064.tiff,235424,3bf9883c1fb8cf3a15b696c79797ad47c189b4a630293d87daf3069d83ef4213
Cargo/BulkCarrier/Ship_C01S02N0065.tiff,Bulk Carrier,4,file,FUSAR_Ship1.0/Cargo/BulkCarrier/Ship_C01S02N0065.tiff,235164,b31c202f853ee1f0792565ff7a25a82ce4caaffee46614716f1447a7010ee3ac
Cargo/BulkCarrier/Ship_C01S02N0066.tiff,Bulk Carrier,4,file,FUSAR_Ship1.0/Cargo/BulkCarrier/Ship_C01S02N0066.tiff,243562,26d7343c97221111ced9a8781e5d6363959733fe416d89d05ff29ff05cd95ca1
Cargo/BulkCarrier/Ship_C01S02N0067.tiff,Bulk Carrier,4,file,FUSAR_Ship1.0/Cargo/BulkCarrier/Ship_C01S02N0067.tiff,258156,2f009ca3f78c28427164c2fff3f033685915dbeacf674b2c5cf244746fd731b0
Cargo/BulkCarrier/Ship_C01S02N0068.tiff,Bulk Carrier,4,file,FUSAR_Ship1.0/Cargo/BulkCarrier/Ship_C01S02N0068.tiff,231962,1d5ccaaca2399a4fc486786a1eecd08f7e6e0386e029bc16bfabcb62e3f72591
Cargo/BulkCarrier/Ship_C01S02N0069.tiff,Bulk Carrier,4,file,FUSAR_Ship1.0/Cargo/BulkCarrier/Ship_C01S02N0069.tiff,234648,b9ef9c725c0cf15d8d1e691ed1f4523dd3b24f3bb0eba44f0d25d7c428615969
Cargo/BulkCarrier/Ship_C01S02N0070.tiff,Bulk Carrier,4,file,FUSAR_Ship1.0/Cargo/BulkCarrier/Ship_C01S02N0070.tiff,245504,989fdabfdb8d19ef3f6bf5f4670f6997858dab37b4587eebafe6b7e910aa4a89
Cargo/BulkCarrier/Ship_C01S02N0071.tiff,Bulk Carrier,4,file,FUSAR_Ship1.0/Cargo/BulkCarrier/Ship_C01S02N0071.tiff,234676,7a869c7b43d0359e72a4adf532eb9b5e3550480c5e420b260ccc4c544ff5ebc9
Cargo/BulkCarrier/Ship_C01S02N0072.tiff,Bulk Carrier,4,file,FUSAR_Ship1.0/Cargo/BulkCarrier/Ship_C01S02N0072.tiff,241596,b8e30148f4712167d0b432b6a55af8ee8175d87a36d9bf5487d4fe6295ebf129
Cargo/BulkCarrier/Ship_C01S02N0073.tiff,Bulk Carrier,4,file,FUSAR_Ship1.0/Cargo/BulkCarrier/Ship_C01S02N0073.tiff,242210,f346c38c250167f5dbc50afa9e89100eea9a5c015f091f1c6f8fe9a1e83bf0cb
Cargo/BulkCarrier/Ship_C01S02N0074.tiff,Bulk Carrier,4,file,FUSAR_Ship1.0/Cargo/BulkCarrier/Ship_C01S02N0074.tiff,238404,700b96f2e08c1ad36bfd2586300cf07bb92724aff482b1f7c52266da2087df7f
Cargo/BulkCarrier/Ship_C01S02N0075.tiff,Bulk Carrier,4,file,FUSAR_Ship1.0/Cargo/BulkCarrier/Ship_C01S02N0075.tiff,233018,f50f320db400881195d9a8897f2129661419be2fffb2a7f52f06c55b6f866016
Cargo/BulkCarrier/Ship_C01S02N0076.tiff,Bulk Carrier,4,file,FUSAR_Ship1.0/Cargo/BulkCarrier/Ship_C01S02N0076.tiff,242412,c556961b67b3a752f228cce672734eca18f1d8147541482d6e2bd0efc8c65ce3
Cargo/BulkCarrier/Ship_C01S02N0077.tiff,Bulk Carrier,4,file,FUSAR_Ship1.0/Cargo/BulkCarrier/Ship_C01S02N0077.tiff,239920,3d270a88dc4e3256f604e8c59b61a37863e05277b7d5e8efe8377cbbb0866448
Cargo/BulkCarrier/Ship_C01S02N0078.tiff,Bulk Carrier,4,file,FUSAR_Ship1.0/Cargo/BulkCarrier/Ship_C01S02N0078.tiff,245872,c7de19a64ad94c262a4f25f5fc435eef75ebea165104852f8e32a6b9baf70e19
Cargo/BulkCarrier/Ship_C01S02N0079.tiff,Bulk Carrier,4,file,FUSAR_Ship1.0/Cargo/BulkCarrier/Ship_C01S02N0079.tiff,254238,61c6dc6b2131172f852eee4ca398e59644316348c29e6e33bce560e087abedd8
Cargo/BulkCarrier/Ship_C01S02N0080.tiff,Bulk Carrier,4,file,FUSAR_Ship1.0/Cargo/BulkCarrier/Ship_C01S02N0080.tiff,218360,cac1ad8e35a8518a15853ececf891ed874a3b9f0baacf1126cc9327a62871535
Cargo/BulkCarrier/Ship_C01S02N0081.tiff,Bulk Carrier,4,file,FUSAR_Ship1.0/Cargo/BulkCarrier/Ship_C01S02N0081.tiff,251934,328dff14930a21d56fc11c9032e51ad0fb64f1bae5661f1389e2bfda332bd7e9
Cargo/BulkCarrier/Ship_C01S02N0082.tiff,Bulk Carrier,4,file,FUSAR_Ship1.0/Cargo/BulkCarrier/Ship_C01S02N0082.tiff,241052,b18a58a296dd67ff31d1c86b916dc35cb5f90865ae016fa0542212bb252de732
Cargo/BulkCarrier/Ship_C01S02N0083.tiff,Bulk Carrier,4,file,FUSAR_Ship1.0/Cargo/BulkCarrier/Ship_C01S02N0083.tiff,229532,5b300f2090410128195a9980d75bfe01f5055122b7564240bd454c2dd926362e
Cargo/BulkCarrier/Ship_C01S02N0084.tiff,Bulk Carrier,4,file,FUSAR_Ship1.0/Cargo/BulkCarrier/Ship_C01S02N0084.tiff,254940,d149c13cbda8998955f88837701c99400fc0633f3db09d0838f1172067b1d034
Cargo/BulkCarrier/Ship_C01S02N0085.tiff,Bulk Carrier,4,file,FUSAR_Ship1.0/Cargo/BulkCarrier/Ship_C01S02N0085.tiff,256524,809665d5a5a6136fb9a342acc4771f4ea6a6ae760119b9398a9766f64d7928c7
Cargo/BulkCarrier/Ship_C01S02N0086.tiff,Bulk Carrier,4,file,FUSAR_Ship1.0/Cargo/BulkCarrier/Ship_C01S02N0086.tiff,255396,145e748dd85eca6bba92a7f2258ad0e6c1d7679eac4ce44292418f822499e4f3
Cargo/BulkCarrier/Ship_C01S02N0087.tiff,Bulk Carrier,4,file,FUSAR_Ship1.0/Cargo/BulkCarrier/Ship_C01S02N0087.tiff,193802,775c3bfd470114052bb80543f7c685583b95442f628b4938eaeb6f21729cde6e
Cargo/BulkCarrier/Ship_C01S02N0088.tiff,Bulk Carrier,4,file,FUSAR_Ship1.0/Cargo/BulkCarrier/Ship_C01S02N0088.tiff,253402,ae1959e581f0ef55a28aad4d7b56514088b352e62a2939ddcf92957c75423e99
Cargo/BulkCarrier/Ship_C01S02N0089.tiff,Bulk Carrier,4,file,FUSAR_Ship1.0/Cargo/BulkCarrier/Ship_C01S02N0089.tiff,253484,148a858600908fd7d64829e9ea15bb90147c8ff806f3cba61cbe468602e3c676
Cargo/BulkCarrier/Ship_C01S02N0090.tiff,Bulk Carrier,4,file,FUSAR_Ship1.0/Cargo/BulkCarrier/Ship_C01S02N0090.tiff,253232,a54f654271c0115e8b483bf7a53d347febf46f38627268478730210c779c4723
Cargo/BulkCarrier/Ship_C01S02N0091.tiff,Bulk Carrier,4,file,FUSAR_Ship1.0/Cargo/BulkCarrier/Ship_C01S02N0091.tiff,251432,e35bbcfe66e8bf6dd3af674d3449e8dd6ba94811c76de630676461c67e3e2a06
Cargo/BulkCarrier/Ship_C01S02N0092.tiff,Bulk Carrier,4,file,FUSAR_Ship1.0/Cargo/BulkCarrier/Ship_C01S02N0092.tiff,254830,2833b178ab2bedb760a18c25ff2d415ce78ef8d1704530fdebcc0886b39fe261
Cargo/BulkCarrier/Ship_C01S02N0093.tiff,Bulk Carrier,4,file,FUSAR_Ship1.0/Cargo/BulkCarrier/Ship_C01S02N0093.tiff,253994,952a70eb480b42370567d93c8f375b7db3abeb62cb2481bf788c3e29a3ac8159
Cargo/BulkCarrier/Ship_C01S02N0094.tiff,Bulk Carrier,4,file,FUSAR_Ship1.0/Cargo/BulkCarrier/Ship_C01S02N0094.tiff,255784,cbafd9f239a54d9a04040e0c25344bf209c6a6073bbf49193e14d1b4dec60f63
Cargo/BulkCarrier/Ship_C01S02N0095.tiff,Bulk Carrier,4,file,FUSAR_Ship1.0/Cargo/BulkCarrier/Ship_C01S02N0095.tiff,249190,1cc09253aeb33f4c9708ec0884980e6a36f4620f78d11dea3e9ea5b084752d4c
Cargo/BulkCarrier/Ship_C01S02N0096.tiff,Bulk Carrier,4,file,FUSAR_Ship1.0/Cargo/BulkCarrier/Ship_C01S02N0096.tiff,252490,72e3922a6928c613bb6437c54384a3ac52f9935b6c2ddd960ed7915b2294ec37
Cargo/BulkCarrier/Ship_C01S02N0097.tiff,Bulk Carrier,4,file,FUSAR_Ship1.0/Cargo/BulkCarrier/Ship_C01S02N0097.tiff,256502,da08ac3a65269ab1d5464c5f9d83cff8d5970b1797b95110cc43f2b854551b29
Cargo/BulkCarrier/Ship_C01S02N0098.tiff,Bulk Carrier,4,file,FUSAR_Ship1.0/Cargo/BulkCarrier/Ship_C01S02N0098.tiff,257218,da732f237a2bb2bbeb2ffb6dde8c77c709a7d8e3be689d2eff19cd2fa3163783
Cargo/BulkCarrier/Ship_C01S02N0099.tiff,Bulk Carrier,4,file,FUSAR_Ship1.0/Cargo/BulkCarrier/Ship_C01S02N0099.tiff,256110,b409cd774ff969abb2d1ae51aa7afe129e51cb0dcd553eed1ea7cbcfa8959528
Cargo/BulkCarrier/Ship_C01S02N0100.tiff,Bulk Carrier,4,file,FUSAR_Ship1.0/Cargo/BulkCarrier/Ship_C01S02N0100.tiff,252928,2d4b52e79e96f41806d3afc5058f87983f5bac0d5b3f882ed49a3166580c4f90
Cargo/BulkCarrier/Ship_C01S02N0101.tiff,Bulk Carrier,4,file,FUSAR_Ship1.0/Cargo/BulkCarrier/Ship_C01S02N0101.tiff,255390,45ce23e105b653e3f9faf0ad6f7f6f5fd36a19d34e4c862f1e9851318f3db7d6
Cargo/BulkCarrier/Ship_C01S02N0102.tiff,Bulk Carrier,4,file,FUSAR_Ship1.0/Cargo/BulkCarrier/Ship_C01S02N0102.tiff,256974,159ac2b101483117b5736243652b76534711c1423d9336f0b36e9679b1b334a5
Cargo/BulkCarrier/Ship_C01S02N0103.tiff,Bulk Carrier,4,file,FUSAR_Ship1.0/Cargo/BulkCarrier/Ship_C01S02N0103.tiff,254908,5c1308c8b460de2e34650e70203e0a0e7eb317635d09ec2aeae5b992fb8e3f04
Cargo/BulkCarrier/Ship_C01S02N0104.tiff,Bulk Carrier,4,file,FUSAR_Ship1.0/Cargo/BulkCarrier/Ship_C01S02N0104.tiff,245646,b31eaa16498c3ec3cca4e23df4613efd55e68f3160a5c42737e96debcbe9af48
Cargo/BulkCarrier/Ship_C01S02N0105.tiff,Bulk Carrier,4,file,FUSAR_Ship1.0/Cargo/BulkCarrier/Ship_C01S02N0105.tiff,250798,f2a665287e2cae4c1fb172b537b97b59520c2bc93552873f5f0474f44f185c00
Cargo/BulkCarrier/Ship_C01S02N0106.tiff,Bulk Carrier,4,file,FUSAR_Ship1.0/Cargo/BulkCarrier/Ship_C01S02N0106.tiff,247218,b403cbf177ac30c67cf6ea8bd88b2379a44690dac73ded6c00431ab8a58b9652
Cargo/BulkCarrier/Ship_C01S02N0107.tiff,Bulk Carrier,4,file,FUSAR_Ship1.0/Cargo/BulkCarrier/Ship_C01S02N0107.tiff,247250,1c00098bd3475dec5dd262cbbb58c49ebdd60d4c3cc9ec9e7611bf0077b0aa82
Cargo/BulkCarrier/Ship_C01S02N0108.tiff,Bulk Carrier,4,file,FUSAR_Ship1.0/Cargo/BulkCarrier/Ship_C01S02N0108.tiff,249698,921ba427d5c16cde9905ee7583012a88230c1d01206ed621e19a07dbebf01ead
Cargo/BulkCarrier/Ship_C01S02N0109.tiff,Bulk Carrier,4,file,FUSAR_Ship1.0/Cargo/BulkCarrier/Ship_C01S02N0109.tiff,246796,25bc3606ad12717484f7d56989746e31afce789fd168952938a64af590f0d1b7
Cargo/BulkCarrier/Ship_C01S02N0110.tiff,Bulk Carrier,4,file,FUSAR_Ship1.0/Cargo/BulkCarrier/Ship_C01S02N0110.tiff,247724,792c7db3a06326a45d9fccee840fb9beae66551dfdee94eb186077db2501f44d
Cargo/BulkCarrier/Ship_C01S02N0111.tiff,Bulk Carrier,4,file,FUSAR_Ship1.0/Cargo/BulkCarrier/Ship_C01S02N0111.tiff,245696,e2308e989ce96ffca1d6cb8a0ec97049f30627fafb808ccd18590d17a66ff136
Cargo/BulkCarrier/Ship_C01S02N0112.tiff,Bulk Carrier,4,file,FUSAR_Ship1.0/Cargo/BulkCarrier/Ship_C01S02N0112.tiff,253562,2387b420954a048cf58f11c2c7cc4b65bf5ea603340f23921ebd531885ec10e8
Cargo/BulkCarrier/Ship_C01S02N0113.tiff,Bulk Carrier,4,file,FUSAR_Ship1.0/Cargo/BulkCarrier/Ship_C01S02N0113.tiff,243406,997a80748a8dba1a838efc8fd808d7d0ba93d6db0e2ad1577d4ae5e3bb17c77c
Cargo/BulkCarrier/Ship_C01S02N0114.tiff,Bulk Carrier,4,file,FUSAR_Ship1.0/Cargo/BulkCarrier/Ship_C01S02N0114.tiff,248116,35a40c1c2d353a62a6d2130a29326a1950dc80ddb4aa4d39e399e4dd715494de
Cargo/BulkCarrier/Ship_C01S02N0115.tiff,Bulk Carrier,4,file,FUSAR_Ship1.0/Cargo/BulkCarrier/Ship_C01S02N0115.tiff,248188,9aa608f882b0ed20b70a714c0fb46643d09eac24b4ca7248a4aa0d8fe3b28065
Cargo/BulkCarrier/Ship_C01S02N0116.tiff,Bulk Carrier,4,file,FUSAR_Ship1.0/Cargo/BulkCarrier/Ship_C01S02N0116.tiff,244386,359ec6701cfba587761575b58dda14b599c82d0ca9d5925b51d97e29077beb19
Cargo/BulkCarrier/Ship_C01S02N0117.tiff,Bulk Carrier,4,file,FUSAR_Ship1.0/Cargo/BulkCarrier/Ship_C01S02N0117.tiff,250434,b8622ff7ed38a1c5d5968c352b00d02d4a54335875261d94e574fc5896f4914c
Cargo/BulkCarrier/Ship_C01S02N0118.tiff,Bulk Carrier,4,file,FUSAR_Ship1.0/Cargo/BulkCarrier/Ship_C01S02N0118.tiff,245760,1e06dc1cc0ead487132ab56828347c3be157567466ce5c6469382c4c3b9a41cd
Cargo/BulkCarrier/Ship_C01S02N0119.tiff,Bulk Carrier,4,file,FUSAR_Ship1.0/Cargo/BulkCarrier/Ship_C01S02N0119.tiff,248556,04ac8e1339a6b9dff912a82d79bcd4a6c1babb4c651d96d2e9c06e668bf17bae
Cargo/BulkCarrier/Ship_C01S02N0120.tiff,Bulk Carrier,4,file,FUSAR_Ship1.0/Cargo/BulkCarrier/Ship_C01S02N0120.tiff,249430,387e52b08601336e0fe6af52c343fbe60019292756342fec1aca53aa99685390
Cargo/BulkCarrier/Ship_C01S02N0121.tiff,Bulk Carrier,4,file,FUSAR_Ship1.0/Cargo/BulkCarrier/Ship_C01S02N0121.tiff,247508,77725eb425188c1de4cc2daa324db74ed323e05c593076b452ff872106c95960
Cargo/BulkCarrier/Ship_C01S02N0122.tiff,Bulk Carrier,4,file,FUSAR_Ship1.0/Cargo/BulkCarrier/Ship_C01S02N0122.tiff,251594,c0dec0a2fcd9d512789138a51acf7efd65512f280c5c147e707213d31f1fe824
Cargo/BulkCarrier/Ship_C01S02N0123.tiff,Bulk Carrier,4,file,FUSAR_Ship1.0/Cargo/BulkCarrier/Ship_C01S02N0123.tiff,243134,b68dc7277e4fca7e075295218e18f918e88a66ba5765310c58ecc1535ddf0dde
Cargo/BulkCarrier/Ship_C01S02N0124.tiff,Bulk Carrier,4,file,FUSAR_Ship1.0/Cargo/BulkCarrier/Ship_C01S02N0124.tiff,245882,48546237ae9f941ba7d90252099ef192180463362a3a91d6991a521ec3d60c45
Cargo/BulkCarrier/Ship_C01S02N0125.tiff,Bulk Carrier,4,file,FUSAR_Ship1.0/Cargo/BulkCarrier/Ship_C01S02N0125.tiff,247576,59af7f936f12f157f830d3de197af3529f41baaa3a2c90450b06f4547c9da28b
Cargo/BulkCarrier/Ship_C01S02N0126.tiff,Bulk Carrier,4,file,FUSAR_Ship1.0/Cargo/BulkCarrier/Ship_C01S02N0126.tiff,240880,e89b4c791b25ccc75d963fa73e31a8f3c87e7c56b4949b3061c8c0a1cf845098
Cargo/BulkCarrier/Ship_C01S02N0127.tiff,Bulk Carrier,4,file,FUSAR_Ship1.0/Cargo/BulkCarrier/Ship_C01S02N0127.tiff,186516,5009aeb30a171901255d142db2b9aaeb2706ef52d9a34f86dc3609ce97bcbffb
Cargo/BulkCarrier/Ship_C01S02N0128.tiff,Bulk Carrier,4,file,FUSAR_Ship1.0/Cargo/BulkCarrier/Ship_C01S02N0128.tiff,247530,d5ff707988c3d17738aa91d58a754f6014a6692304feb32a8929659464b22cf4
Cargo/BulkCarrier/Ship_C01S02N0129.tiff,Bulk Carrier,4,file,FUSAR_Ship1.0/Cargo/BulkCarrier/Ship_C01S02N0129.tiff,246422,3c9736d546b8cbd88b92485c9671f7f2d3428f14a62313a2f51c74ae726da680
Cargo/BulkCarrier/Ship_C01S02N0130.tiff,Bulk Carrier,4,file,FUSAR_Ship1.0/Cargo/BulkCarrier/Ship_C01S02N0130.tiff,245356,37401a13e397f931d6162824da5f3147bb7f952bb8d8b648d1b9705608db9d12
Cargo/BulkCarrier/Ship_C01S02N0131.tiff,Bulk Carrier,4,file,FUSAR_Ship1.0/Cargo/BulkCarrier/Ship_C01S02N0131.tiff,246574,a7a622a521572c1b5c40fdf429413e3a0ae53e1df346a020b32e2af16cf68305
Cargo/BulkCarrier/Ship_C01S02N0132.tiff,Bulk Carrier,4,file,FUSAR_Ship1.0/Cargo/BulkCarrier/Ship_C01S02N0132.tiff,245390,f54b678fdd6d1bb2782a15d576cb569d364e1c7d5733a31f5c58674f9bfa1941
Cargo/BulkCarrier/Ship_C01S02N0133.tiff,Bulk Carrier,4,file,FUSAR_Ship1.0/Cargo/BulkCarrier/Ship_C01S02N0133.tiff,254958,4bd9432b63d5e7118965af89755a85fab5d993a3e318a5def0bee9c155dff625
Cargo/BulkCarrier/Ship_C01S02N0134.tiff,Bulk Carrier,4,file,FUSAR_Ship1.0/Cargo/BulkCarrier/Ship_C01S02N0134.tiff,248880,49543443ec2c51d8077f42bcf7bcb2d1b74a3435fda4fc05aa2caa359083b75b
Cargo/BulkCarrier/Ship_C01S02N0135.tiff,Bulk Carrier,4,file,FUSAR_Ship1.0/Cargo/BulkCarrier/Ship_C01S02N0135.tiff,246960,28551a920b637cfb71c4d9bf78eb4dadf5d467af2ba04df1281dfae0b971f1cf
Cargo/BulkCarrier/Ship_C01S02N0136.tiff,Bulk Carrier,4,file,FUSAR_Ship1.0/Cargo/BulkCarrier/Ship_C01S02N0136.tiff,249670,71dedf4fe2002510de398855172b6b593e23c74f41fe989cdd2722ebe1a52fe5
Cargo/BulkCarrier/Ship_C01S02N0137.tiff,Bulk Carrier,4,file,FUSAR_Ship1.0/Cargo/BulkCarrier/Ship_C01S02N0137.tiff,247270,ca87626d0f14ba69c3f6620545661635e78d5ae6bc25078912562489216f217f
Cargo/BulkCarrier/Ship_C01S02N0138.tiff,Bulk Carrier,4,file,FUSAR_Ship1.0/Cargo/BulkCarrier/Ship_C01S02N0138.tiff,247176,1f9b20da137796928ff2cec08595346b5013d6603437a31b097457cf0b0720ca
Cargo/BulkCarrier/Ship_C01S02N0139.tiff,Bulk Carrier,4,file,FUSAR_Ship1.0/Cargo/BulkCarrier/Ship_C01S02N0139.tiff,246388,599e606dc47fd198d97a6dbde206b468e0beb62149a90548effb258ab4185560
Cargo/BulkCarrier/Ship_C01S02N0140.tiff,Bulk Carrier,4,file,FUSAR_Ship1.0/Cargo/BulkCarrier/Ship_C01S02N0140.tiff,246814,9e4a65a0779e94d0e35a9139a7ed18c2eb7f65a313f4409e7f9812ba6ba9da11
Cargo/BulkCarrier/Ship_C01S02N0141.tiff,Bulk Carrier,4,file,FUSAR_Ship1.0/Cargo/BulkCarrier/Ship_C01S02N0141.tiff,247184,ecd362292a9f1ea248f34ba8243b68fd07a26f4b0b335475e9a5f98cfe23c995
Cargo/BulkCarrier/Ship_C01S02N0142.tiff,Bulk Carrier,4,file,FUSAR_Ship1.0/Cargo/BulkCarrier/Ship_C01S02N0142.tiff,247626,645d0f1ef87bf82b837d804c9ab7674dfd5d1ebb6e71f79d000f00e58e30a6a7
Cargo/BulkCarrier/Ship_C01S02N0143.tiff,Bulk Carrier,4,file,FUSAR_Ship1.0/Cargo/BulkCarrier/Ship_C01S02N0143.tiff,253716,6a5943dfe1d8a673ea693eda301cd5e99fad096320759e98b9db24465b5125d2
Cargo/BulkCarrier/Ship_C01S02N0144.tiff,Bulk Carrier,4,file,FUSAR_Ship1.0/Cargo/BulkCarrier/Ship_C01S02N0144.tiff,247896,f655f3babd8faa58f45be5cef06146c2044e9bf97cacbdb147ab0e4c29308903
Cargo/BulkCarrier/Ship_C01S02N0145.tiff,Bulk Carrier,4,file,FUSAR_Ship1.0/Cargo/BulkCarrier/Ship_C01S02N0145.tiff,243886,23274b6926b033a8dc716f4181b45485762da7c57cf33c7ccb690415dd4d2c96
Cargo/BulkCarrier/Ship_C01S02N0146.tiff,Bulk Carrier,4,file,FUSAR_Ship1.0/Cargo/BulkCarrier/Ship_C01S02N0146.tiff,247220,3b9a7628ce87bd6c76782b4a4fbc5b98c308c48171430dcc16db6717cfdd81be
Cargo/BulkCarrier/Ship_C01S02N0147.tiff,Bulk Carrier,4,file,FUSAR_Ship1.0/Cargo/BulkCarrier/Ship_C01S02N0147.tiff,249468,bec8ae489c95beb13ebb879a4426dcb8c7af0bd07b9f22662b7e4c9857b901b5
Cargo/BulkCarrier/Ship_C01S02N0148.tiff,Bulk Carrier,4,file,FUSAR_Ship1.0/Cargo/BulkCarrier/Ship_C01S02N0148.tiff,246492,c0e16d70293dc569c1d61e4ae3932f31c3f717178187fdae714bc7ae92650add
Cargo/BulkCarrier/Ship_C01S02N0149.tiff,Bulk Carrier,4,file,FUSAR_Ship1.0/Cargo/BulkCarrier/Ship_C01S02N0149.tiff,245030,44838d99aefa70dcd32a3c9403dcdfe60fc4564b9a961da5b78acc8600617574
Cargo/BulkCarrier/Ship_C01S02N0150.tiff,Bulk Carrier,4,file,FUSAR_Ship1.0/Cargo/BulkCarrier/Ship_C01S02N0150.tiff,246592,8041f4ce2758831b9a30e485d18bcb5281c32f1e0489c68c5e24d99a2f1f1eea
Cargo/BulkCarrier/Ship_C01S02N0151.tiff,Bulk Carrier,4,file,FUSAR_Ship1.0/Cargo/BulkCarrier/Ship_C01S02N0151.tiff,246596,e84ae686c80bfb94a32e304e9e7ff042cfca405264f5a1e5b871dc3cf9e6147d
Cargo/BulkCarrier/Ship_C01S02N0152.tiff,Bulk Carrier,4,file,FUSAR_Ship1.0/Cargo/BulkCarrier/Ship_C01S02N0152.tiff,244992,43583f07bb5cecddddab1b5bef65c4b0af5bd27bfd3c7cac52770f80ce2cd10f
Cargo/BulkCarrier/Ship_C01S02N0153.tiff,Bulk Carrier,4,file,FUSAR_Ship1.0/Cargo/BulkCarrier/Ship_C01S02N0153.tiff,252320,0a29e2d82ae2a3bfafd0a6d01557a924653c05c5052d0aef12492ed7d82ff9f1
Cargo/BulkCarrier/Ship_C01S02N0154.tiff,Bulk Carrier,4,file,FUSAR_Ship1.0/Cargo/BulkCarrier/Ship_C01S02N0154.tiff,142966,19ba5b8714dc780b7e33d13a32d0f3098556e5a1d4a9aee15e0a5ecd0b4b0a58
Cargo/BulkCarrier/Ship_C01S02N0155.tiff,Bulk Carrier,4,file,FUSAR_Ship1.0/Cargo/BulkCarrier/Ship_C01S02N0155.tiff,249032,e7229a77e9b0ff889b84a178aa01e00d4fcefda1563056c8187dad8d513e96c5
Cargo/BulkCarrier/Ship_C01S02N0156.tiff,Bulk Carrier,4,file,FUSAR_Ship1.0/Cargo/BulkCarrier/Ship_C01S02N0156.tiff,245652,be6fe371d0a21d65826c26b534dd2c4d39d93afc268cdd2a0628560c4a6c07d5
Cargo/BulkCarrier/Ship_C01S02N0157.tiff,Bulk Carrier,4,file,FUSAR_Ship1.0/Cargo/BulkCarrier/Ship_C01S02N0157.tiff,249422,f8bc8924bad2718f34b21263e98869925e2e1d9987cfd2cad54b435602c1413a
Cargo/BulkCarrier/Ship_C01S02N0158.tiff,Bulk Carrier,4,file,FUSAR_Ship1.0/Cargo/BulkCarrier/Ship_C01S02N0158.tiff,247516,16f3c8b4e49cf45a28e90709f134affeca12d2bf96b5f8556f594c160305850d
Cargo/BulkCarrier/Ship_C01S02N0159.tiff,Bulk Carrier,4,file,FUSAR_Ship1.0/Cargo/BulkCarrier/Ship_C01S02N0159.tiff,243148,4c584bd8d3f75c15f65a053ddc4438c4b8c330ed19e077d4f0d3432496b445e4
Cargo/BulkCarrier/Ship_C01S02N0160.tiff,Bulk Carrier,4,file,FUSAR_Ship1.0/Cargo/BulkCarrier/Ship_C01S02N0160.tiff,246096,d81418a5b03746e2451ec049138cff76ebbb8658a8924a50f554bad6d03c7b96
Cargo/BulkCarrier/Ship_C01S02N0161.tiff,Bulk Carrier,4,file,FUSAR_Ship1.0/Cargo/BulkCarrier/Ship_C01S02N0161.tiff,248418,74e27b2a198cfa997a9f3b534a596ac823ecda801a697eb419721929cc95088b
Cargo/BulkCarrier/Ship_C01S02N0162.tiff,Bulk Carrier,4,file,FUSAR_Ship1.0/Cargo/BulkCarrier/Ship_C01S02N0162.tiff,249228,9ae54095daeb7bcb9bd47813a114c236374ea57ea7615b62d5c569ca52e8e385
Cargo/BulkCarrier/Ship_C01S02N0163.tiff,Bulk Carrier,4,file,FUSAR_Ship1.0/Cargo/BulkCarrier/Ship_C01S02N0163.tiff,246162,a2640cfce43346f7c81e21a6eaaa593bb180903c4970f330433ac27f7baf2aa8
Cargo/BulkCarrier/Ship_C01S02N0164.tiff,Bulk Carrier,4,file,FUSAR_Ship1.0/Cargo/BulkCarrier/Ship_C01S02N0164.tiff,245916,68ce03cd9cb71b8e7a80d02fb7ab1a30549a080ab58064cb79f11899459ddb47
Cargo/BulkCarrier/Ship_C01S02N0165.tiff,Bulk Carrier,4,file,FUSAR_Ship1.0/Cargo/BulkCarrier/Ship_C01S02N0165.tiff,250526,dd77111b8a604239953fa86cac48bd12a69f73cfef0c6e4e5c0ff0c1d43aa0ce
Cargo/BulkCarrier/Ship_C01S02N0166.tiff,Bulk Carrier,4,file,FUSAR_Ship1.0/Cargo/BulkCarrier/Ship_C01S02N0166.tiff,249510,be73aa491914e86957451f994292bb2b1f4cfddfb92450d8ad081b613659018a
Cargo/BulkCarrier/Ship_C01S02N0167.tiff,Bulk Carrier,4,file,FUSAR_Ship1.0/Cargo/BulkCarrier/Ship_C01S02N0167.tiff,253592,cd2acd0c48371644949c0cbfc322d334633e2a5429d9682b68fbffcf5b69baea
Cargo/BulkCarrier/Ship_C01S02N0168.tiff,Bulk Carrier,4,file,FUSAR_Ship1.0/Cargo/BulkCarrier/Ship_C01S02N0168.tiff,253830,f22a25b5bf0b2582e0e07484d203b56bc3a184ad33f6bf7139ffe16a63581610
Cargo/BulkCarrier/Ship_C01S02N0169.tiff,Bulk Carrier,4,file,FUSAR_Ship1.0/Cargo/BulkCarrier/Ship_C01S02N0169.tiff,247038,684bf486e3fd6b472c246518fe8bc05fe83080754935bb4fbeb1753831d1ecd6
Cargo/BulkCarrier/Ship_C01S02N0170.tiff,Bulk Carrier,4,file,FUSAR_Ship1.0/Cargo/BulkCarrier/Ship_C01S02N0170.tiff,248014,a14058b01aed6b5bb0a5742d3f430caca31d8bdd076aaef70013e284186f3214
Cargo/BulkCarrier/Ship_C01S02N0171.tiff,Bulk Carrier,4,file,FUSAR_Ship1.0/Cargo/BulkCarrier/Ship_C01S02N0171.tiff,244530,6b163b3fb9b94ef2da2394fcb18e7224382a7b0098d97c61ba1e60aba4ebdd62
Cargo/BulkCarrier/Ship_C01S02N0172.tiff,Bulk Carrier,4,file,FUSAR_Ship1.0/Cargo/BulkCarrier/Ship_C01S02N0172.tiff,246068,1c65dfde4158a11d753e179e61b7e58bea5b5023b541918da2ba5c1540265642
Cargo/BulkCarrier/Ship_C01S02N0173.tiff,Bulk Carrier,4,file,FUSAR_Ship1.0/Cargo/BulkCarrier/Ship_C01S02N0173.tiff,246188,3e2b2ebdf5b7dbd4cc713472f3378c9e63569e29f60d17a5cdeb711a87004ff8
Cargo/BulkCarrier/Ship_C01S02N0174.tiff,Bulk Carrier,4,file,FUSAR_Ship1.0/Cargo/BulkCarrier/Ship_C01S02N0174.tiff,249380,856ff2a3a72ea786c670b6b01f9cda9109a1aae2a34fe897efc5392f91994249
Cargo/BulkCarrier/Ship_C01S02N0175.tiff,Bulk Carrier,4,file,FUSAR_Ship1.0/Cargo/BulkCarrier/Ship_C01S02N0175.tiff,244144,054913d27cb62b8ea7fae60a2fbcb26fb837ab8dcfc2048957e36493549a1dd7
Cargo/BulkCarrier/Ship_C01S02N0176.tiff,Bulk Carrier,4,file,FUSAR_Ship1.0/Cargo/BulkCarrier/Ship_C01S02N0176.tiff,251184,dea0096cb3b659d2fcbeac5c80c017532ef92cdb44b20c611b3c3de7fe6af83f
Cargo/BulkCarrier/Ship_C01S02N0177.tiff,Bulk Carrier,4,file,FUSAR_Ship1.0/Cargo/BulkCarrier/Ship_C01S02N0177.tiff,208702,e431718d80e447ec7c535c30a9b2e47ff59c5c2ac86481999a717c1b5d36c2da
Cargo/BulkCarrier/Ship_C01S02N0178.tiff,Bulk Carrier,4,file,FUSAR_Ship1.0/Cargo/BulkCarrier/Ship_C01S02N0178.tiff,245494,e6be993caec398d95c5f4617b8d4d495d4f4968054cc1a1caffe6a2803c2c4a0
Cargo/BulkCarrier/Ship_C01S02N0179.tiff,Bulk Carrier,4,file,FUSAR_Ship1.0/Cargo/BulkCarrier/Ship_C01S02N0179.tiff,247044,85ba6a01db4dfff06e7c162c1f29fe2bc7f18683cb790833ebcba3830e369dcb
Cargo/BulkCarrier/Ship_C01S02N0180.tiff,Bulk Carrier,4,file,FUSAR_Ship1.0/Cargo/BulkCarrier/Ship_C01S02N0180.tiff,246300,97d50583a0bd61b1f61978e6d3f6666dc8a4427d3a60b99853aa4d1884ba85a6
Cargo/BulkCarrier/Ship_C01S02N0181.tiff,Bulk Carrier,4,file,FUSAR_Ship1.0/Cargo/BulkCarrier/Ship_C01S02N0181.tiff,251696,36c97317aa27f564e23c7b57127ea3c7c8dad78c08140abd7210c523f323b2e8
Cargo/BulkCarrier/Ship_C01S02N0182.tiff,Bulk Carrier,4,file,FUSAR_Ship1.0/Cargo/BulkCarrier/Ship_C01S02N0182.tiff,248220,97dc1358333228fb744d5c32c1f933ac31ef457e5f974faf31e74cfdfbcca271
Cargo/BulkCarrier/Ship_C01S02N0183.tiff,Bulk Carrier,4,file,FUSAR_Ship1.0/Cargo/BulkCarrier/Ship_C01S02N0183.tiff,246902,403b808e0a695b44ba253e4eebe6e8fe425a41b5675d3f764e8dc6220f58917c
Cargo/BulkCarrier/Ship_C01S02N0184.tiff,Bulk Carrier,4,file,FUSAR_Ship1.0/Cargo/BulkCarrier/Ship_C01S02N0184.tiff,245500,48cb5a068ea023cf2a9e76d57dd97c75ccb82ba01a7e9407f8609c85c5af6757
Cargo/BulkCarrier/Ship_C01S02N0185.tiff,Bulk Carrier,4,file,FUSAR_Ship1.0/Cargo/BulkCarrier/Ship_C01S02N0185.tiff,261260,774f388efc8112a87224b7e5628a4270858db82540ae47fcfe9d643699457f76
Cargo/BulkCarrier/Ship_C01S02N0186.tiff,Bulk Carrier,4,file,FUSAR_Ship1.0/Cargo/BulkCarrier/Ship_C01S02N0186.tiff,246890,0bcd71cb18abf2fbce1324ce67220bcc2dc6073fdb0ab1c7ae8d7a1cc70a934c
Cargo/BulkCarrier/Ship_C01S02N0187.tiff,Bulk Carrier,4,file,FUSAR_Ship1.0/Cargo/BulkCarrier/Ship_C01S02N0187.tiff,255588,00074f9051157db58d5b2e1cf636c7dc9ba70c0db51ee57a8ad488f35c5697fa
Cargo/BulkCarrier/Ship_C01S02N0188.tiff,Bulk Carrier,4,file,FUSAR_Ship1.0/Cargo/BulkCarrier/Ship_C01S02N0188.tiff,268640,b24a6e1e25b09d430194c63ed76cea20799b686fdb073a1cf5b0d9b2a8ef6d5a
Cargo/BulkCarrier/Ship_C01S02N0189.tiff,Bulk Carrier,4,file,FUSAR_Ship1.0/Cargo/BulkCarrier/Ship_C01S02N0189.tiff,247608,fccc3fc1b56c07dc2ed34698baddb746eabb205e29a3e602f1d42cfa8a27bae9
Cargo/BulkCarrier/Ship_C01S02N0190.tiff,Bulk Carrier,4,file,FUSAR_Ship1.0/Cargo/BulkCarrier/Ship_C01S02N0190.tiff,251778,5fc651e88ec32eeac79f94e884e64c3e574359ebf0d4bcbb43f327bc97791f7d
Cargo/BulkCarrier/Ship_C01S02N0191.tiff,Bulk Carrier,4,file,FUSAR_Ship1.0/Cargo/BulkCarrier/Ship_C01S02N0191.tiff,244728,1a0e17a501b5527faa430a6b83d88ba24055d7829bd120d55f8b0f4e3f46bd8a
Cargo/BulkCarrier/Ship_C01S02N0192.tiff,Bulk Carrier,4,file,FUSAR_Ship1.0/Cargo/BulkCarrier/Ship_C01S02N0192.tiff,255412,eeddeb9d506bb02a34901b98dc3ae96cfe2f385217054ee479454bec87e3492b
Cargo/BulkCarrier/Ship_C01S02N0193.tiff,Bulk Carrier,4,file,FUSAR_Ship1.0/Cargo/BulkCarrier/Ship_C01S02N0193.tiff,262832,3ffe9d771c91b00bc4370869da1b94cd393eafe1802bb9f4a52b11d10a7c968f
Cargo/BulkCarrier/Ship_C01S02N0194.tiff,Bulk Carrier,4,file,FUSAR_Ship1.0/Cargo/BulkCarrier/Ship_C01S02N0194.tiff,266072,ff47b77d1639fa73c72471efb4c1fccea1fad5a7c8da597de406e1b9359575f6
Cargo/BulkCarrier/Ship_C01S02N0195.tiff,Bulk Carrier,4,file,FUSAR_Ship1.0/Cargo/BulkCarrier/Ship_C01S02N0195.tiff,265248,fd031a503d6a78dba97c2e4d7bb59b54ed89fdb870dda894c016fad923c9c7c4
Cargo/BulkCarrier/Ship_C01S02N0196.tiff,Bulk Carrier,4,file,FUSAR_Ship1.0/Cargo/BulkCarrier/Ship_C01S02N0196.tiff,237346,4090fd162363e0717a7dfdffef912a55289640aa33ca1f87a2a7ae376dc3593b
Cargo/BulkCarrier/Ship_C01S02N0197.tiff,Bulk Carrier,4,file,FUSAR_Ship1.0/Cargo/BulkCarrier/Ship_C01S02N0197.tiff,263878,f5de476d617f4fe8c116b20d70883df8af99c3d6d6966733049d342845ba9c88
Cargo/BulkCarrier/Ship_C01S02N0198.tiff,Bulk Carrier,4,file,FUSAR_Ship1.0/Cargo/BulkCarrier/Ship_C01S02N0198.tiff,265548,5ea8faff892986c8e98c45adb9ea666a57629b4ea3e4f9e42ec3c3b88f07b274
Cargo/BulkCarrier/Ship_C01S02N0199.tiff,Bulk Carrier,4,file,FUSAR_Ship1.0/Cargo/BulkCarrier/Ship_C01S02N0199.tiff,230164,137398da28d9203d882a19fe9cc0afeccd834e746547b266dd7ca2aa7a240b96
Cargo/BulkCarrier/Ship_C01S02N0200.tiff,Bulk Carrier,4,file,FUSAR_Ship1.0/Cargo/BulkCarrier/Ship_C01S02N0200.tiff,261518,6b4f410dac39640d918fd59a6f99a85214bdce598bab88aaeae0c12f07ea2a24
Cargo/BulkCarrier/Ship_C01S02N0201.tiff,Bulk Carrier,4,file,FUSAR_Ship1.0/Cargo/BulkCarrier/Ship_C01S02N0201.tiff,147048,bc6bf343dd13f73883668c50bd84f39c7ff23f99a77f3b93d9b1cd739b40cd0a
Cargo/BulkCarrier/Ship_C01S02N0202.tiff,Bulk Carrier,4,file,FUSAR_Ship1.0/Cargo/BulkCarrier/Ship_C01S02N0202.tiff,260212,0689361597b0cbbc793a91b034227170cd0cfa0aa2373f034debed8e83be1030
Cargo/BulkCarrier/Ship_C01S02N0203.tiff,Bulk Carrier,4,file,FUSAR_Ship1.0/Cargo/BulkCarrier/Ship_C01S02N0203.tiff,259292,5e7f531b2f8b2ade858b77bc9d31a9ad8da10bda9b12350c864c19158664defd
Cargo/BulkCarrier/Ship_C01S02N0204.tiff,Bulk Carrier,4,file,FUSAR_Ship1.0/Cargo/BulkCarrier/Ship_C01S02N0204.tiff,243274,1f344ab17aafc4e7c7b99d846cd190e446e23337b39f36d29825a41be28f36fc
Cargo/BulkCarrier/Ship_C01S02N0205.tiff,Bulk Carrier,4,file,FUSAR_Ship1.0/Cargo/BulkCarrier/Ship_C01S02N0205.tiff,245250,37a9a4d9226f65a3086c38269b2024f53a6d00fe5e6ac84aea55e656feee7ce8
Cargo/BulkCarrier/Ship_C01S02N0206.tiff,Bulk Carrier,4,file,FUSAR_Ship1.0/Cargo/BulkCarrier/Ship_C01S02N0206.tiff,252652,3149f766fae675f91c304680101c0a0b419cf6fc4dccd18c73a9ee371e79dfe9
Cargo/BulkCarrier/Ship_C01S02N0207.tiff,Bulk Carrier,4,file,FUSAR_Ship1.0/Cargo/BulkCarrier/Ship_C01S02N0207.tiff,256130,18e8a1ef8c8e7e1fe346816a540da6a37bb22c32eeca125b70b670b7553e2916
Cargo/BulkCarrier/Ship_C01S02N0208.tiff,Bulk Carrier,4,file,FUSAR_Ship1.0/Cargo/BulkCarrier/Ship_C01S02N0208.tiff,253392,e58c1c97d3bce28fff629cf6565be77df1071f0e656be555b6c649dc1f030c41
Cargo/BulkCarrier/Ship_C01S02N0209.tiff,Bulk Carrier,4,file,FUSAR_Ship1.0/Cargo/BulkCarrier/Ship_C01S02N0209.tiff,252306,17692f203e294e8852f953449fbc81ca24e422f530c01c847a6175d16d3e26e6
Cargo/BulkCarrier/Ship_C01S02N0210.tiff,Bulk Carrier,4,file,FUSAR_Ship1.0/Cargo/BulkCarrier/Ship_C01S02N0210.tiff,254016,dd2e41434e7a24f2bc6aa84cc671ad0412af5fa50107223099bf6cb4ddcc8b31
Cargo/BulkCarrier/Ship_C01S02N0211.tiff,Bulk Carrier,4,file,FUSAR_Ship1.0/Cargo/BulkCarrier/Ship_C01S02N0211.tiff,258090,4e02f5f340b9b13a157954ac5d475495de205a738067910e1081a4942fbaeedd
Cargo/BulkCarrier/Ship_C01S02N0212.tiff,Bulk Carrier,4,file,FUSAR_Ship1.0/Cargo/BulkCarrier/Ship_C01S02N0212.tiff,251646,e879bb5b0365724b3957caa98c98fe2a29d9b3027d0a03668cf3c32570c06eee
Cargo/BulkCarrier/Ship_C01S02N0213.tiff,Bulk Carrier,4,file,FUSAR_Ship1.0/Cargo/BulkCarrier/Ship_C01S02N0213.tiff,254978,058d7ba8172636c0cabcbe0bf7fb9414cac453baa2b8ec919f1fc7f5e82257ae
Cargo/BulkCarrier/Ship_C01S02N0214.tiff,Bulk Carrier,4,file,FUSAR_Ship1.0/Cargo/BulkCarrier/Ship_C01S02N0214.tiff,250642,ffe63d0b35aad014d5620f2e0d5de97458c9f788f120b046e96e4779d10b846f
Cargo/BulkCarrier/Ship_C01S02N0215.tiff,Bulk Carrier,4,file,FUSAR_Ship1.0/Cargo/BulkCarrier/Ship_C01S02N0215.tiff,250582,40429444dcd0b32284c016420b709c70fae704100e4c13e20424043d8a4fd9b3
Cargo/BulkCarrier/Ship_C01S02N0216.tiff,Bulk Carrier,4,file,FUSAR_Ship1.0/Cargo/BulkCarrier/Ship_C01S02N0216.tiff,255094,6f2257cd6443d3fd92bda9c687f62c6d94d9493980d33a14c8b8f108845bd6e8
Cargo/BulkCarrier/Ship_C01S02N0217.tiff,Bulk Carrier,4,file,FUSAR_Ship1.0/Cargo/BulkCarrier/Ship_C01S02N0217.tiff,265114,43cf5b26946c92ff969f8d8e474ebcd7ec286826d8739343d033302d66a67175
Cargo/BulkCarrier/Ship_C01S02N0218.tiff,Bulk Carrier,4,file,FUSAR_Ship1.0/Cargo/BulkCarrier/Ship_C01S02N0218.tiff,257280,053687fa2df5f38004954eb8b361949a783777a6a5e670f03da0d7c5de390035
Cargo/BulkCarrier/Ship_C01S02N0219.tiff,Bulk Carrier,4,file,FUSAR_Ship1.0/Cargo/BulkCarrier/Ship_C01S02N0219.tiff,258040,7afa81a760006d6aac51f60e0d0cea69518d695ec1eee1988fd07378c7642376
Cargo/BulkCarrier/Ship_C01S02N0220.tiff,Bulk Carrier,4,file,FUSAR_Ship1.0/Cargo/BulkCarrier/Ship_C01S02N0220.tiff,257330,0bf743e98a1323241d03513e86fce478664abd1e4400213a01a5fc76d8751c79
Cargo/BulkCarrier/Ship_C01S02N0221.tiff,Bulk Carrier,4,file,FUSAR_Ship1.0/Cargo/BulkCarrier/Ship_C01S02N0221.tiff,255492,e728110a5421144e87fdd82d3ca8137850728bf216a879ad517bdd80da253a34
Cargo/BulkCarrier/Ship_C01S02N0222.tiff,Bulk Carrier,4,file,FUSAR_Ship1.0/Cargo/BulkCarrier/Ship_C01S02N0222.tiff,254840,52ba8273cbdb1e705ff70ac78bf65ccc3b2d0bb8b495cc1b0605ce12c18ab0e2
Cargo/BulkCarrier/Ship_C01S02N0223.tiff,Bulk Carrier,4,file,FUSAR_Ship1.0/Cargo/BulkCarrier/Ship_C01S02N0223.tiff,257774,afc3a79e62c9e44b5e78f33f8f909ff273cbf85ab212bfc73de964166d68c8ef
Cargo/BulkCarrier/Ship_C01S02N0224.tiff,Bulk Carrier,4,file,FUSAR_Ship1.0/Cargo/BulkCarrier/Ship_C01S02N0224.tiff,255306,5cf135e165e0ec90d979842ac6ff952b0e0cdb0f9971e44f7f15eb4e0cb3199c
Cargo/BulkCarrier/Ship_C01S02N0225.tiff,Bulk Carrier,4,file,FUSAR_Ship1.0/Cargo/BulkCarrier/Ship_C01S02N0225.tiff,256010,4ed0c59bf376fd015a1c2398e1d3419ecf77e7527a34fc1db9569c32f20fc5e4
Cargo/BulkCarrier/Ship_C01S02N0226.tiff,Bulk Carrier,4,file,FUSAR_Ship1.0/Cargo/BulkCarrier/Ship_C01S02N0226.tiff,202562,b535ba73186df9fc3f44cc9a6dded8f33e792783799f27180196819f658baf65
Cargo/BulkCarrier/Ship_C01S02N0227.tiff,Bulk Carrier,4,file,FUSAR_Ship1.0/Cargo/BulkCarrier/Ship_C01S02N0227.tiff,255150,2a2788eb727b6715853acbf22471a7e09fd535d4541ec878d17773c8d4f5082c
Cargo/BulkCarrier/Ship_C01S02N0228.tiff,Bulk Carrier,4,file,FUSAR_Ship1.0/Cargo/BulkCarrier/Ship_C01S02N0228.tiff,258892,47eaef3cbf18987474f5317846c06c8d2bd172cb20b12e7e8e8ee7ca4229bfa0
Cargo/BulkCarrier/Ship_C01S02N0229.tiff,Bulk Carrier,4,file,FUSAR_Ship1.0/Cargo/BulkCarrier/Ship_C01S02N0229.tiff,258610,9441facaa2bd9873e32dcac784fb0332a0e8ef37b8fa8a48d952e41ba75b768e
Cargo/BulkCarrier/Ship_C01S02N0230.tiff,Bulk Carrier,4,file,FUSAR_Ship1.0/Cargo/BulkCarrier/Ship_C01S02N0230.tiff,256902,960923462e4ab765618ce8fc1f5b9b8d53c37ca08988522dc4c43b36e6dca40a
Cargo/BulkCarrier/Ship_C01S02N0231.tiff,Bulk Carrier,4,file,FUSAR_Ship1.0/Cargo/BulkCarrier/Ship_C01S02N0231.tiff,256608,1b23b580c086957ec6edac12022e87a907874f5c4f5dbe7c88ae29f9628c1b9f
Cargo/BulkCarrier/Ship_C01S02N0232.tiff,Bulk Carrier,4,file,FUSAR_Ship1.0/Cargo/BulkCarrier/Ship_C01S02N0232.tiff,256768,547d927d5b0858cf691ce91e5dbd3005a0ff44c77932b3054e41112bdfe27f01
Cargo/BulkCarrier/Ship_C01S02N0233.tiff,Bulk Carrier,4,file,FUSAR_Ship1.0/Cargo/BulkCarrier/Ship_C01S02N0233.tiff,257410,ecf397684f7fda9983bcbde149f10a55f8e78c30ae1a856b3309f566843b5b07
Cargo/BulkCarrier/Ship_C01S02N0234.tiff,Bulk Carrier,4,file,FUSAR_Ship1.0/Cargo/BulkCarrier/Ship_C01S02N0234.tiff,256218,7a2cc2ef3d1c753b21625f63ed76e5924b451fe0c55ffcd338c1ba80c019dba5
Cargo/BulkCarrier/Ship_C01S02N0235.tiff,Bulk Carrier,4,file,FUSAR_Ship1.0/Cargo/BulkCarrier/Ship_C01S02N0235.tiff,256634,b7cf31494711ef809292415710f6758a45089ee3efbdee246609602c12254c8e
Cargo/BulkCarrier/Ship_C01S02N0236.tiff,Bulk Carrier,4,file,FUSAR_Ship1.0/Cargo/BulkCarrier/Ship_C01S02N0236.tiff,257714,79d9dc876b1de84e73bcae6c2c0186e07984887e07531088867caef47247eb13
Cargo/BulkCarrier/Ship_C01S02N0237.tiff,Bulk Carrier,4,file,FUSAR_Ship1.0/Cargo/BulkCarrier/Ship_C01S02N0237.tiff,256072,8467feb6ef39537d85e570285196fb5567613d42baf232d6c6b25eaa332ce678
Cargo/BulkCarrier/Ship_C01S02N0238.tiff,Bulk Carrier,4,file,FUSAR_Ship1.0/Cargo/BulkCarrier/Ship_C01S02N0238.tiff,255736,536b1ad3ebf1802a3a0cef862081dc9ae87764659324a23427818477b94b0c30
Cargo/BulkCarrier/Ship_C01S02N0239.tiff,Bulk Carrier,4,file,FUSAR_Ship1.0/Cargo/BulkCarrier/Ship_C01S02N0239.tiff,257228,a833cc9d39f6f21f95e3cc4195f9c1638f03e7ec707ce0d67874601c208624bd
Cargo/BulkCarrier/Ship_C01S02N0240.tiff,Bulk Carrier,4,file,FUSAR_Ship1.0/Cargo/BulkCarrier/Ship_C01S02N0240.tiff,257194,1c8e43abd75d6759052bc5da7faa18070c70c63872f0297dcb7d8802397433eb
Cargo/BulkCarrier/Ship_C01S02N0241.tiff,Bulk Carrier,4,file,FUSAR_Ship1.0/Cargo/BulkCarrier/Ship_C01S02N0241.tiff,258932,bae26a3d57ded77ae8de534fd04b09fcbf11e36cc03374d77d06f6e8729818fd
Cargo/BulkCarrier/Ship_C01S02N0242.tiff,Bulk Carrier,4,file,FUSAR_Ship1.0/Cargo/BulkCarrier/Ship_C01S02N0242.tiff,258388,7891fdbe80f2eb246fba38e5256649ac37667f62f25fdfc62cc8aca4b8b6c341
Cargo/BulkCarrier/Ship_C01S02N0243.tiff,Bulk Carrier,4,file,FUSAR_Ship1.0/Cargo/BulkCarrier/Ship_C01S02N0243.tiff,258384,47dffa05773b66f21e6853d7c6d39400a0c2d8e020650d932122a4deca12018f
Cargo/BulkCarrier/Ship_C01S02N0244.tiff,Bulk Carrier,4,file,FUSAR_Ship1.0/Cargo/BulkCarrier/Ship_C01S02N0244.tiff,256722,4bee61585752496b51caa2e64ca25df104613c645fff93604168faf1922be7fd
Cargo/BulkCarrier/Ship_C01S02N0245.tiff,Bulk Carrier,4,file,FUSAR_Ship1.0/Cargo/BulkCarrier/Ship_C01S02N0245.tiff,256072,5b7101c2ef47d4dcc425916b8dbaba827608aaca3ed4c66b0a20e4a20f9177d8
Cargo/BulkCarrier/Ship_C01S02N0246.tiff,Bulk Carrier,4,file,FUSAR_Ship1.0/Cargo/BulkCarrier/Ship_C01S02N0246.tiff,258384,936afbbc7d5b069b8b6c9706416ed653d2c783e41e1a9ed5e558f51430f01834
Cargo/BulkCarrier/Ship_C01S02N0247.tiff,Bulk Carrier,4,file,FUSAR_Ship1.0/Cargo/BulkCarrier/Ship_C01S02N0247.tiff,257212,a50de59202479edaef4056f5fbc99637c0cc87947098b7746c356d95ca4b7ede
Cargo/BulkCarrier/Ship_C01S02N0248.tiff,Bulk Carrier,4,file,FUSAR_Ship1.0/Cargo/BulkCarrier/Ship_C01S02N0248.tiff,258000,bf4798bb9f2ef761a8f2df9115e9a85555c42ab2ff690d67f0f91a815bf6c8e1
Cargo/BulkCarrier/Ship_C01S02N0249.tiff,Bulk Carrier,4,file,FUSAR_Ship1.0/Cargo/BulkCarrier/Ship_C01S02N0249.tiff,258308,8c12909ab244fa5f3e6a6e3c228f1bd97f230604303816005cad721bb9ead0d0
Cargo/BulkCarrier/Ship_C01S02N0250.tiff,Bulk Carrier,4,file,FUSAR_Ship1.0/Cargo/BulkCarrier/Ship_C01S02N0250.tiff,257544,47f7edc19a32f20bd9c9d6b54591cbdd8afc406c2c28e224a5d7e49852b31691
Cargo/BulkCarrier/Ship_C01S02N0251.tiff,Bulk Carrier,4,file,FUSAR_Ship1.0/Cargo/BulkCarrier/Ship_C01S02N0251.tiff,257484,541a342a7ff8a8604584f50e4fe4f35153e78296e234b544d6a44f0c717c3515
Cargo/BulkCarrier/Ship_C01S02N0252.tiff,Bulk Carrier,4,file,FUSAR_Ship1.0/Cargo/BulkCarrier/Ship_C01S02N0252.tiff,259394,2e424a3376f58e2afeaedcb6a1be52c174ccd02405c5a6bf5612999aedb4c2e5
Cargo/BulkCarrier/Ship_C01S02N0253.tiff,Bulk Carrier,4,file,FUSAR_Ship1.0/Cargo/BulkCarrier/Ship_C01S02N0253.tiff,256390,bd37de2b4611b08cae13cd5a1e5defb867dfa2694bf43fe92afbd3dd5938db78
Cargo/BulkCarrier/Ship_C01S02N0254.tiff,Bulk Carrier,4,file,FUSAR_Ship1.0/Cargo/BulkCarrier/Ship_C01S02N0254.tiff,256396,92a5f88c69771519828844d03c8dd47db986fdec3aec9f6f359104c1bbb31a4a
Cargo/BulkCarrier/Ship_C01S02N0255.tiff,Bulk Carrier,4,file,FUSAR_Ship1.0/Cargo/BulkCarrier/Ship_C01S02N0255.tiff,260768,3c6d20085f3eaf486b9840e32510554125feb63f3371fe3e50e6e6983cd8611a
Cargo/BulkCarrier/Ship_C01S02N0256.tiff,Bulk Carrier,4,file,FUSAR_Ship1.0/Cargo/BulkCarrier/Ship_C01S02N0256.tiff,256664,069311234179ef19d1bd81e08702a44ed423147a32132352314e22723d689aa9
Cargo/BulkCarrier/Ship_C01S02N0257.tiff,Bulk Carrier,4,file,FUSAR_Ship1.0/Cargo/BulkCarrier/Ship_C01S02N0257.tiff,257886,383083beda19cf5434ae18e8b2d2832451d6156c1d3a979898f7fa19e534685e
Cargo/BulkCarrier/Ship_C01S02N0258.tiff,Bulk Carrier,4,file,FUSAR_Ship1.0/Cargo/BulkCarrier/Ship_C01S02N0258.tiff,257168,f8be2ca2130f6caf3aa4503f315c8a2374d5a8e9681c19f6afff28e6a63a9d72
Cargo/BulkCarrier/Ship_C01S02N0259.tiff,Bulk Carrier,4,file,FUSAR_Ship1.0/Cargo/BulkCarrier/Ship_C01S02N0259.tiff,259236,a52ced2dfc0363790af32983c1a3928e7255b50f04457eb02e8af3d288859909
Cargo/BulkCarrier/Ship_C01S02N0260.tiff,Bulk Carrier,4,file,FUSAR_Ship1.0/Cargo/BulkCarrier/Ship_C01S02N0260.tiff,257884,17b734bcdf97951eb81dd02d842dc47ee044dbd069030fd615f68ec448b17f90
Cargo/BulkCarrier/Ship_C01S02N0261.tiff,Bulk Carrier,4,file,FUSAR_Ship1.0/Cargo/BulkCarrier/Ship_C01S02N0261.tiff,257710,86fe9675f6b8b6e28da08e9498adca77050ea4728f8d25a5c7898bea186a49e7
Cargo/BulkCarrier/Ship_C01S02N0262.tiff,Bulk Carrier,4,file,FUSAR_Ship1.0/Cargo/BulkCarrier/Ship_C01S02N0262.tiff,257672,b928efe8d36593e9d2c9d409745f11f732cfe2ae62839415a4cfb6bf1dfeebed
Cargo/BulkCarrier/Ship_C01S02N0263.tiff,Bulk Carrier,4,file,FUSAR_Ship1.0/Cargo/BulkCarrier/Ship_C01S02N0263.tiff,256462,46ac441a23fc8c843548792b04c54fadc9359535a75abafe09a5d7efdb4bffca
Cargo/BulkCarrier/Ship_C01S02N0264.tiff,Bulk Carrier,4,file,FUSAR_Ship1.0/Cargo/BulkCarrier/Ship_C01S02N0264.tiff,257536,81a1daa37075138d83446065d968e6eda110a7cad7abbed49f93cd1885e595a8
Cargo/BulkCarrier/Ship_C01S02N0265.tiff,Bulk Carrier,4,file,FUSAR_Ship1.0/Cargo/BulkCarrier/Ship_C01S02N0265.tiff,257166,cf01b4ecaeac6fdb758398b12635d8df9e58b02fb466f988f1a5ee751749f61e
Cargo/BulkCarrier/Ship_C01S02N0266.tiff,Bulk Carrier,4,file,FUSAR_Ship1.0/Cargo/BulkCarrier/Ship_C01S02N0266.tiff,256446,55057d9abb13d82f1f16b435bf59be24c08a4d8420cacd4f14c73d5f03d776cc
Cargo/BulkCarrier/Ship_C01S02N0267.tiff,Bulk Carrier,4,file,FUSAR_Ship1.0/Cargo/BulkCarrier/Ship_C01S02N0267.tiff,257998,cce4cb06e2f2d373ee2e65e7bc8a7c6960b5af15c98978b37840f256f3c6a49b
Cargo/BulkCarrier/Ship_C01S02N0268.tiff,Bulk Carrier,4,file,FUSAR_Ship1.0/Cargo/BulkCarrier/Ship_C01S02N0268.tiff,257488,2ad3756c0c502e56eb2bbe91107dfbd1c10bc204aea93ed7c7d1b0780b4c6893
Cargo/BulkCarrier/Ship_C01S02N0269.tiff,Bulk Carrier,4,file,FUSAR_Ship1.0/Cargo/BulkCarrier/Ship_C01S02N0269.tiff,257790,95bde0f7c64c5cf8e5201fed3bfe61d0b0215afeb159a383582ec4019bbb704d
Cargo/BulkCarrier/Ship_C01S02N0270.tiff,Bulk Carrier,4,file,FUSAR_Ship1.0/Cargo/BulkCarrier/Ship_C01S02N0270.tiff,258342,5e443346bcb90b7a742197c4bfac1b5c5e2c95d075d172ba307ee6d784dc322e
Cargo/BulkCarrier/Ship_C01S02N0271.tiff,Bulk Carrier,4,file,FUSAR_Ship1.0/Cargo/BulkCarrier/Ship_C01S02N0271.tiff,256126,0eff75cf7f2ee70d58bea57c0e8753bd93fc98e31e55f31d8e672e9170698c29
Cargo/BulkCarrier/Ship_C01S02N0272.tiff,Bulk Carrier,4,file,FUSAR_Ship1.0/Cargo/BulkCarrier/Ship_C01S02N0272.tiff,246960,caa198a1a2ffb51d5429df11463faff5d2079e41ad9cdb5924a9f7ac6d9b95ed
Cargo/BulkCarrier/Ship_C01S02N0273.tiff,Bulk Carrier,4,file,FUSAR_Ship1.0/Cargo/BulkCarrier/Ship_C01S02N0273.tiff,226744,590212231a0ef0576e1b629ad15d3937ea29259a22c733b2db88420eec05c924
Cargo/ContainerShip/Ship_C01S08N0001.tiff,Container Ship,3,file,FUSAR_Ship1.0/Cargo/ContainerShip/Ship_C01S08N0001.tiff,252108,a925007cc0da6c04e0eb91021a9c194bbb8c93471b24e0fae34a69da1b73041f
Cargo/ContainerShip/Ship_C01S08N0002.tiff,Container Ship,3,file,FUSAR_Ship1.0/Cargo/ContainerShip/Ship_C01S08N0002.tiff,249640,842a8fef243f2da64e45bdc3e49a2ed0411cbcef9f058c16ee7ec46129f27ca6
Cargo/ContainerShip/Ship_C01S08N0003.tiff,Container Ship,3,file,FUSAR_Ship1.0/Cargo/ContainerShip/Ship_C01S08N0003.tiff,226404,dd0dc4354aad6b6c7b04b52b655a2832be09bb3497bf403760b1658cfec0ac11
Cargo/ContainerShip/Ship_C01S08N0004.tiff,Container Ship,3,file,FUSAR_Ship1.0/Cargo/ContainerShip/Ship_C01S08N0004.tiff,236506,62430220c069e1b0e2b4af219c3fae69e22046672658577c321972b9e882b3c4
Cargo/ContainerShip/Ship_C01S08N0005.tiff,Container Ship,3,file,FUSAR_Ship1.0/Cargo/ContainerShip/Ship_C01S08N0005.tiff,257802,77ef3a2d883e6f40bf412a7afcb658a2a0dfa9d0784073216cc0e76b6051b70d
Cargo/ContainerShip/Ship_C01S08N0006.tiff,Container Ship,3,file,FUSAR_Ship1.0/Cargo/ContainerShip/Ship_C01S08N0006.tiff,251386,d01e9e13fc4163a8101e2eb48aebddd657e6e4f5ce009c8876e14e87e8ac38e6
Cargo/ContainerShip/Ship_C01S08N0007.tiff,Container Ship,3,file,FUSAR_Ship1.0/Cargo/ContainerShip/Ship_C01S08N0007.tiff,250550,cd2485e8d5faa03082731eae2fb7eb99d55995fc54916bba0cef267ecf8dc387
Cargo/ContainerShip/Ship_C01S08N0008.tiff,Container Ship,3,file,FUSAR_Ship1.0/Cargo/ContainerShip/Ship_C01S08N0008.tiff,250040,d1e17e0850d3e20566cd5477e17a8f241658fa79ba9e1b3a0cf6232306ff3aab
Cargo/ContainerShip/Ship_C01S08N0009.tiff,Container Ship,3,file,FUSAR_Ship1.0/Cargo/ContainerShip/Ship_C01S08N0009.tiff,254670,0002e0ae64cc79c5f835d35358df6066b88bc054af58aa1161749c5ef56e2edf
Cargo/ContainerShip/Ship_C01S08N0010.tiff,Container Ship,3,file,FUSAR_Ship1.0/Cargo/ContainerShip/Ship_C01S08N0010.tiff,233346,6a0fb13cf3a11c89c1e5530e8971c074670bae2a5ace4cc9782924735ae19c1f
Cargo/ContainerShip/Ship_C01S08N0011.tiff,Container Ship,3,file,FUSAR_Ship1.0/Cargo/ContainerShip/Ship_C01S08N0011.tiff,257310,eb7d3b50303284ab18c8171998280b2b1a436efbfa14d24034799b31aaa00982
Cargo/ContainerShip/Ship_C01S08N0012.tiff,Container Ship,3,file,FUSAR_Ship1.0/Cargo/ContainerShip/Ship_C01S08N0012.tiff,255778,7fe26a01df481e96d39fd9261a9a0f1e6957dac498f03438206c3afe472380fb
Cargo/ContainerShip/Ship_C01S08N0013.tiff,Container Ship,3,file,FUSAR_Ship1.0/Cargo/ContainerShip/Ship_C01S08N0013.tiff,254360,448f7880848e2d88c5a6bb4a77db0cc18c44ca9be0803176ac5a11f8561cc838
Cargo/ContainerShip/Ship_C01S08N0014.tiff,Container Ship,3,file,FUSAR_Ship1.0/Cargo/ContainerShip/Ship_C01S08N0014.tiff,257934,5ac6dca27f26d890adc21e7e29bb7d0342d5a79f70d814be504932345ab7df15
Cargo/ContainerShip/Ship_C01S08N0015.tiff,Container Ship,3,file,FUSAR_Ship1.0/Cargo/ContainerShip/Ship_C01S08N0015.tiff,238880,1fad6d6b7cc6ba7b7dd31a96bacaee256104a46a5a8f730887ba27676cd9f9a8
Cargo/ContainerShip/Ship_C01S08N0016.tiff,Container Ship,3,file,FUSAR_Ship1.0/Cargo/ContainerShip/Ship_C01S08N0016.tiff,261204,07d12b776fec113b686a855c20d7b65bef9d5629ac7678eb4da3cf96cfafd66e
Cargo/ContainerShip/Ship_C01S08N0017.tiff,Container Ship,3,file,FUSAR_Ship1.0/Cargo/ContainerShip/Ship_C01S08N0017.tiff,219354,7e024ba3c8b296c5952a73de287b3bf7b4763eac638a3159f11e39dc846cdca1
Cargo/ContainerShip/Ship_C01S08N0018.tiff,Container Ship,3,file,FUSAR_Ship1.0/Cargo/ContainerShip/Ship_C01S08N0018.tiff,230226,79fb64146e6dbba43581c517d3b6477b7bc3caf9eaa6bac66c44d976d722b931
Cargo/ContainerShip/Ship_C01S08N0019.tiff,Container Ship,3,file,FUSAR_Ship1.0/Cargo/ContainerShip/Ship_C01S08N0019.tiff,215522,159d80dad69edbf4194f3268ecc7986fe13d9a89a18bd5d61b91793c1eeb2432
Cargo/ContainerShip/Ship_C01S08N0020.tiff,Container Ship,3,file,FUSAR_Ship1.0/Cargo/ContainerShip/Ship_C01S08N0020.tiff,239790,1cd38487280a142003d86ed8e1cb3ff374bb6efd9f9877a6482a9695934b3919
Cargo/ContainerShip/Ship_C01S08N0021.tiff,Container Ship,3,file,FUSAR_Ship1.0/Cargo/ContainerShip/Ship_C01S08N0021.tiff,237364,344465b8321c813e2fc121c3174c9f678650c9c8c275c03ae195a7d4eba1f10d
Cargo/ContainerShip/Ship_C01S08N0022.tiff,Container Ship,3,file,FUSAR_Ship1.0/Cargo/ContainerShip/Ship_C01S08N0022.tiff,257686,95d383303473dd80fb3e2691bb54176921f3e2928a9d4aef6ab3458771503361
Cargo/ContainerShip/Ship_C01S08N0023.tiff,Container Ship,3,file,FUSAR_Ship1.0/Cargo/ContainerShip/Ship_C01S08N0023.tiff,265694,068d1fc635e525eb24bb212e37567db2137a84e90c2d478ffdc6cb52bfd742b5
Cargo/ContainerShip/Ship_C01S08N0024.tiff,Container Ship,3,file,FUSAR_Ship1.0/Cargo/ContainerShip/Ship_C01S08N0024.tiff,256202,02db91b882e1f557ca5a096d192a8fb6c15ea0b32127d90715a4e0bdbf5b3538
Cargo/ContainerShip/Ship_C01S08N0025.tiff,Container Ship,3,file,FUSAR_Ship1.0/Cargo/ContainerShip/Ship_C01S08N0025.tiff,256110,65b5dacbd463e706ebe88637524a1846b229acbf37e0e1cf7bcdfa9f29b67e10
Cargo/ContainerShip/Ship_C01S08N0026.tiff,Container Ship,3,file,FUSAR_Ship1.0/Cargo/ContainerShip/Ship_C01S08N0026.tiff,265698,e06da87b7bbc05290f53f333eb966226551144048e59c0e90d9369cd32818a81
Cargo/ContainerShip/Ship_C01S08N0027.tiff,Container Ship,3,file,FUSAR_Ship1.0/Cargo/ContainerShip/Ship_C01S08N0027.tiff,237686,5d750ae2f486958b69190e7a35ecf6fcbd67200de11d500fa2b98755e0771509
Cargo/ContainerShip/Ship_C01S08N0028.tiff,Container Ship,3,file,FUSAR_Ship1.0/Cargo/ContainerShip/Ship_C01S08N0028.tiff,236216,d199850cb7f5483eb8e531676edfeb5c860b741c44a34d4b8630b98e7d19d3b7
Cargo/ContainerShip/Ship_C01S08N0029.tiff,Container Ship,3,file,FUSAR_Ship1.0/Cargo/ContainerShip/Ship_C01S08N0029.tiff,249652,562acafc6b080a81f7ce14896ef2eb5e3f21bb9a2bcba49a815b5180d090f81d
Cargo/ContainerShip/Ship_C01S08N0030.tiff,Container Ship,3,file,FUSAR_Ship1.0/Cargo/ContainerShip/Ship_C01S08N0030.tiff,236108,3e731a7a18029dbbc1b58cace2e2ad96d1ec3fd4e88234ac9702fc99294bc6c8
Cargo/ContainerShip/Ship_C01S08N0031.tiff,Container Ship,3,file,FUSAR_Ship1.0/Cargo/ContainerShip/Ship_C01S08N0031.tiff,241906,3a6bf7338849c7f076ad92bd532406369c47a2d99d0eaf48599db36f827ae5ec
Cargo/ContainerShip/Ship_C01S08N0032.tiff,Container Ship,3,file,FUSAR_Ship1.0/Cargo/ContainerShip/Ship_C01S08N0032.tiff,242524,76ffb9c19bdc4b6c1a610e900b4ad6044b6f1bae86adc16c9a49f02fab8673cf
Cargo/ContainerShip/Ship_C01S08N0033.tiff,Container Ship,3,file,FUSAR_Ship1.0/Cargo/ContainerShip/Ship_C01S08N0033.tiff,262616,d8e415486cd7d87916cc89186089cd820e3bcb159f5ecfe1b04af58542f8a6ac
Cargo/ContainerShip/Ship_C01S08N0034.tiff,Container Ship,3,file,FUSAR_Ship1.0/Cargo/ContainerShip/Ship_C01S08N0034.tiff,262578,19a898a38da44e8eb6fd94fc1fbd575a5da41449083863ca62660145a4b1999c
Cargo/ContainerShip/Ship_C01S08N0035.tiff,Container Ship,3,file,FUSAR_Ship1.0/Cargo/ContainerShip/Ship_C01S08N0035.tiff,264578,b5db6b3fe542f422cbdec69a5cd1dc1083a2a25a73fdaec365f760d65b3b85c4
Cargo/ContainerShip/Ship_C01S08N0036.tiff,Container Ship,3,file,FUSAR_Ship1.0/Cargo/ContainerShip/Ship_C01S08N0036.tiff,266670,9fb541ddb0b18885573ff798c912bb3b5e74e0498a30e34e43360cb1abf86e7b
Cargo/ContainerShip/Ship_C01S08N0037.tiff,Container Ship,3,file,FUSAR_Ship1.0/Cargo/ContainerShip/Ship_C01S08N0037.tiff,263076,c6941d00f5bed9fcc57cff850a021635fb74406b1edd52ae35018325ad81fd7d
Cargo/ContainerShip/Ship_C01S08N0038.tiff,Container Ship,3,file,FUSAR_Ship1.0/Cargo/ContainerShip/Ship_C01S08N0038.tiff,263788,bb40b9f1b8315ade702849ff61c0b032c6b2ba1e0278deefe1d3637d819d6a94
Cargo/ContainerShip/Ship_C01S08N0039.tiff,Container Ship,3,file,FUSAR_Ship1.0/Cargo/ContainerShip/Ship_C01S08N0039.tiff,245458,0efe5f517d15cc001e5c2f41ba10fd4c232ec411817c5f7845d98e52684ac6f2
Cargo/ContainerShip/Ship_C01S08N0040.tiff,Container Ship,3,file,FUSAR_Ship1.0/Cargo/ContainerShip/Ship_C01S08N0040.tiff,265410,27c845fd81e26e8b9aa89eb28f85533986d46d94e77ce9907a7888fb789208db
Cargo/ContainerShip/Ship_C01S08N0041.tiff,Container Ship,3,file,FUSAR_Ship1.0/Cargo/ContainerShip/Ship_C01S08N0041.tiff,264066,c7de1af6cdef2dadbe1bc4c96e61b31e6630ec6eb8c99fa10be5e936a320d284
Cargo/ContainerShip/Ship_C01S08N0042.tiff,Container Ship,3,file,FUSAR_Ship1.0/Cargo/ContainerShip/Ship_C01S08N0042.tiff,262696,84261d63b7546d867f60aba99d4b59d1b5f8ecf804640776d560fd8158193c98
Cargo/ContainerShip/Ship_C01S08N0043.tiff,Container Ship,3,file,FUSAR_Ship1.0/Cargo/ContainerShip/Ship_C01S08N0043.tiff,264022,187bd255f09fbe6782525d2fa2fe6a58c4c6272f192f9772f2a17dc2478b119b
Cargo/ContainerShip/Ship_C01S08N0044.tiff,Container Ship,3,file,FUSAR_Ship1.0/Cargo/ContainerShip/Ship_C01S08N0044.tiff,265128,6f939265ffe066cf86a083a9e7f4aee017a2512f18cac4a6fe1c5659cfd386fe
Cargo/ContainerShip/Ship_C01S08N0045.tiff,Container Ship,3,file,FUSAR_Ship1.0/Cargo/ContainerShip/Ship_C01S08N0045.tiff,264846,bcd71e890a0e45148bc72ee2e1b9349f59228b43adffbf99e4e76a936db19d1c
Cargo/ContainerShip/Ship_C01S08N0046.tiff,Container Ship,3,file,FUSAR_Ship1.0/Cargo/ContainerShip/Ship_C01S08N0046.tiff,265686,a58509edeec6ad2f0ffde287cc153fa1b5cc79126f7eb9be274036f68e627a75
Cargo/ContainerShip/Ship_C01S08N0047.tiff,Container Ship,3,file,FUSAR_Ship1.0/Cargo/ContainerShip/Ship_C01S08N0047.tiff,265068,5969042d7c7f1a8ac4628793682d1876c681f14ece128aed141bc525981dfba8
Cargo/ContainerShip/Ship_C01S08N0048.tiff,Container Ship,3,file,FUSAR_Ship1.0/Cargo/ContainerShip/Ship_C01S08N0048.tiff,265142,b083a438d6e3e5ba6a849893e03666d489763b1d7f9fd714e885bed2acaf428c
Cargo/ContainerShip/Ship_C01S08N0049.tiff,Container Ship,3,file,FUSAR_Ship1.0/Cargo/ContainerShip/Ship_C01S08N0049.tiff,255304,57860fe16afce632931ae14538e4930e61734e3f13859556aff55e33a63b6209
Cargo/ContainerShip/Ship_C01S08N0050.tiff,Container Ship,3,file,FUSAR_Ship1.0/Cargo/ContainerShip/Ship_C01S08N0050.tiff,264782,87c492171d9e12f8eb436fb67c43bf980f25d424dbfcd4aac5257b4ba27879ed
Cargo/ContainerShip/Ship_C01S08N0051.tiff,Container Ship,3,file,FUSAR_Ship1.0/Cargo/ContainerShip/Ship_C01S08N0051.tiff,255792,31464f2aaf88ed4809170769f6e2490c7e938ed688571f516979fc2a47896a80
Cargo/ContainerShip/Ship_C01S08N0052.tiff,Container Ship,3,file,FUSAR_Ship1.0/Cargo/ContainerShip/Ship_C01S08N0052.tiff,261470,bd865765d6ef62ec6e0bf4792f4f5c82cb0ff1de2946db560b384fa6a4211d33
Cargo/ContainerShip/Ship_C01S08N0053.tiff,Container Ship,3,file,FUSAR_Ship1.0/Cargo/ContainerShip/Ship_C01S08N0053.tiff,253662,8f5450b924c4e1317a660c3402eb084c515eb8c8baec0db91a5f6e3e6157ffde
Cargo/ContainerShip/Ship_C01S08N0054.tiff,Container Ship,3,file,FUSAR_Ship1.0/Cargo/ContainerShip/Ship_C01S08N0054.tiff,253922,e25df0779e09a5d72548a33810563c451b2673c4a2006bc139b9776d270caed6
Cargo/ContainerShip/Ship_C01S08N0055.tiff,Container Ship,3,file,FUSAR_Ship1.0/Cargo/ContainerShip/Ship_C01S08N0055.tiff,256286,f0f79ca76a034414c71f09369457b4e2ced5e6f2f31678669f6cf6dcf437ebae
Cargo/ContainerShip/Ship_C01S08N0056.tiff,Container Ship,3,file,FUSAR_Ship1.0/Cargo/ContainerShip/Ship_C01S08N0056.tiff,260514,75a83865946bab5785ba6a65f64770db3e8d7fa32e6a37e4f20b646f8c9d4be6
Cargo/ContainerShip/Ship_C01S08N0057.tiff,Container Ship,3,file,FUSAR_Ship1.0/Cargo/ContainerShip/Ship_C01S08N0057.tiff,255412,ec43fa282633eabaa8e0eb71ae5515c43c40337ee5bc507d54aff78b677c6d3b
Cargo/ContainerShip/Ship_C01S08N0058.tiff,Container Ship,3,file,FUSAR_Ship1.0/Cargo/ContainerShip/Ship_C01S08N0058.tiff,250360,acfe27f4d7cdff79fdbc0ca7fd588198044e233de30c3c0aa9ad6918d0bd9c6d
Cargo/ContainerShip/Ship_C01S08N0059.tiff,Container Ship,3,file,FUSAR_Ship1.0/Cargo/ContainerShip/Ship_C01S08N0059.tiff,255634,a1ccadf9075e3abb84ca72b3a8cd73f7397c97f7f42d670c94ca3da63d34c180
Cargo/ContainerShip/Ship_C01S08N0060.tiff,Container Ship,3,file,FUSAR_Ship1.0/Cargo/ContainerShip/Ship_C01S08N0060.tiff,256542,ff322a6b8e3dd745399c9dc76261463d8d473fd321cb9ab3d32338eb396a12da
Cargo/ContainerShip/Ship_C01S08N0061.tiff,Container Ship,3,file,FUSAR_Ship1.0/Cargo/ContainerShip/Ship_C01S08N0061.tiff,266676,1356acd737a43a9939d68b60fdffc9f19b098db3e764517525ea85c4af9faae8
Cargo/ContainerShip/Ship_C01S08N0062.tiff,Container Ship,3,file,FUSAR_Ship1.0/Cargo/ContainerShip/Ship_C01S08N0062.tiff,266668,74de9b82b8b1ae4e487223faaf352c1f8fcda45588fde42e9f7aaab2e714983b
Cargo/ContainerShip/Ship_C01S08N0063.tiff,Container Ship,3,file,FUSAR_Ship1.0/Cargo/ContainerShip/Ship_C01S08N0063.tiff,219088,bcc550dfc5d13bba00d5bd5e145282b8ed8c4774dcfcdd15d88ef0d322602f21
Cargo/ContainerShip/Ship_C01S08N0064.tiff,Container Ship,3,file,FUSAR_Ship1.0/Cargo/ContainerShip/Ship_C01S08N0064.tiff,150490,e49c7a81a875b677569e7714ae14ef8b4c7d5825b320efafce25e9f21830a2c7
Cargo/ContainerShip/Ship_C01S08N0065.tiff,Container Ship,3,file,FUSAR_Ship1.0/Cargo/ContainerShip/Ship_C01S08N0065.tiff,236422,4351d25f7badcc5c4e761cdaa14fa060b13efd84bd015ea1539bb3da442b7abe
Cargo/GeneralCargo/Ship_C01S10N0001.tiff,General Cargo,1,file,FUSAR_Ship1.0/Cargo/GeneralCargo/Ship_C01S10N0001.tiff,252344,282d1acc83c04ef5ba1d13493450d5b852b6ef3e4af604a807004c8e2bc0dc1c
Cargo/GeneralCargo/Ship_C01S10N0002.tiff,General Cargo,1,file,FUSAR_Ship1.0/Cargo/GeneralCargo/Ship_C01S10N0002.tiff,246898,b43f1e3b3fcbdb1d16454fb36564ef63de323399481c107bf475f4e2bd04d8e4
Cargo/GeneralCargo/Ship_C01S10N0003.tiff,General Cargo,1,file,FUSAR_Ship1.0/Cargo/GeneralCargo/Ship_C01S10N0003.tiff,260118,7f7229e1cd5dd2f8e73ae1cd8c7e7b99bc3c8f589ccbd2b35d3f6e2e1fecfeea
Cargo/GeneralCargo/Ship_C01S10N0004.tiff,General Cargo,1,file,FUSAR_Ship1.0/Cargo/GeneralCargo/Ship_C01S10N0004.tiff,259900,173f1e2e7a16fbf99ba38dc3480bddde77f03f152fd28387226853498c7d65ec
Cargo/GeneralCargo/Ship_C01S10N0005.tiff,General Cargo,1,file,FUSAR_Ship1.0/Cargo/GeneralCargo/Ship_C01S10N0005.tiff,254134,893c6b5ea527082b6340063f659a35b0a3e6dc0a285d63efcd6046424a70c9be
Cargo/GeneralCargo/Ship_C01S10N0006.tiff,General Cargo,1,file,FUSAR_Ship1.0/Cargo/GeneralCargo/Ship_C01S10N0006.tiff,244452,c9c29e3b5300a6d3bd9ed8572baaf2ecab076a37e2a13e53f20c7d0327637f30
Cargo/GeneralCargo/Ship_C01S10N0007.tiff,General Cargo,1,file,FUSAR_Ship1.0/Cargo/GeneralCargo/Ship_C01S10N0007.tiff,246236,aaabceeb4d7f4c9dfa8cda0f7772e3ad84b23b1836b6cbe59c0c05d60e0ee5d4
Cargo/GeneralCargo/Ship_C01S10N0008.tiff,General Cargo,1,file,FUSAR_Ship1.0/Cargo/GeneralCargo/Ship_C01S10N0008.tiff,253922,8b3702682940b16f06b0b5b3ec253dbe3e9386423100864fde1eb633fe33bccd
Cargo/GeneralCargo/Ship_C01S10N0009.tiff,General Cargo,1,file,FUSAR_Ship1.0/Cargo/GeneralCargo/Ship_C01S10N0009.tiff,255580,d989aaa334efc8bbd96cbb334d3d61df7bf85e46b636c2af93395fa4a1753986
Cargo/GeneralCargo/Ship_C01S10N0010.tiff,General Cargo,1,file,FUSAR_Ship1.0/Cargo/GeneralCargo/Ship_C01S10N0010.tiff,264980,284a49cae90cde6233a67de523d7336b5d48f9d2573c8eb5b27fd771fa5d65d3
Cargo/GeneralCargo/Ship_C01S10N0011.tiff,General Cargo,1,file,FUSAR_Ship1.0/Cargo/GeneralCargo/Ship_C01S10N0011.tiff,254012,d875643b198f7471d73710a20daf7b07c858a52258c5457a7d4d01c54d7eee98
Cargo/GeneralCargo/Ship_C01S10N0012.tiff,General Cargo,1,file,FUSAR_Ship1.0/Cargo/GeneralCargo/Ship_C01S10N0012.tiff,251952,edfe81f8eea9b180db035f75680cd9dbf28b924696c562a26c41e02a57a05ba5
Cargo/GeneralCargo/Ship_C01S10N0013.tiff,General Cargo,1,file,FUSAR_Ship1.0/Cargo/GeneralCargo/Ship_C01S10N0013.tiff,255772,de108035bc5a099fda5def79ed06041be5fea0f11673dfb15366d1d9da53569b
Cargo/GeneralCargo/Ship_C01S10N0014.tiff,General Cargo,1,file,FUSAR_Ship1.0/Cargo/GeneralCargo/Ship_C01S10N0014.tiff,254820,0837a5367b705b19a114b07eb3c5c87de0fd60cc9053884d363e1d13ed303528
Cargo/GeneralCargo/Ship_C01S10N0015.tiff,General Cargo,1,file,FUSAR_Ship1.0/Cargo/GeneralCargo/Ship_C01S10N0015.tiff,255466,500578cc93457de7fcea4b4d713d04379c14e7f5c0426cbd1d0c4d9fe690fb5f
Cargo/GeneralCargo/Ship_C01S10N0016.tiff,General Cargo,1,file,FUSAR_Ship1.0/Cargo/GeneralCargo/Ship_C01S10N0016.tiff,181930,e64dba72eef829ee296b22d52d77ea3dc7eadbe0476e19b52f0744e20ba94c39
Cargo/GeneralCargo/Ship_C01S10N0017.tiff,General Cargo,1,file,FUSAR_Ship1.0/Cargo/GeneralCargo/Ship_C01S10N0017.tiff,255268,abd0ebdba9e0502f7c2def19baa8d7e99dc98fba67b47440ac24a805e358a301
Cargo/GeneralCargo/Ship_C01S10N0018.tiff,General Cargo,1,file,FUSAR_Ship1.0/Cargo/GeneralCargo/Ship_C01S10N0018.tiff,254312,0acb308fefcc4621303cb41e38a973f7c0c8fb4f9cf8bc966d231249ba1c7c27
Cargo/GeneralCargo/Ship_C01S10N0019.tiff,General Cargo,1,file,FUSAR_Ship1.0/Cargo/GeneralCargo/Ship_C01S10N0019.tiff,246798,0658bb546f269cb0317b81d30fddc66555590020591a43a0e7e9d5b8bf5e1ffe
Cargo/GeneralCargo/Ship_C01S10N0020.tiff,General Cargo,1,file,FUSAR_Ship1.0/Cargo/GeneralCargo/Ship_C01S10N0020.tiff,250876,50bb514b7e7b9063689ad4f0e018a5f1a87ee4123912e64e9b00d3ed17efa7b7
Cargo/GeneralCargo/Ship_C01S10N0021.tiff,General Cargo,1,file,FUSAR_Ship1.0/Cargo/GeneralCargo/Ship_C01S10N0021.tiff,247254,d99669cb6cd3fe5042f0a7bb1b301203e2ef7a47ecf260644feafa7fd30f48cb
Cargo/GeneralCargo/Ship_C01S10N0022.tiff,General Cargo,1,file,FUSAR_Ship1.0/Cargo/GeneralCargo/Ship_C01S10N0022.tiff,251484,26872c3564657ff9a5391f0743ac4183a66f1ca05ec2a6b8081cd061fdc5edcc
Cargo/GeneralCargo/Ship_C01S10N0023.tiff,General Cargo,1,file,FUSAR_Ship1.0/Cargo/GeneralCargo/Ship_C01S10N0023.tiff,142250,03ebcf6a228d7f02a8c6adc7aa8b006d3935965b0a67f0130851baaac837a8f1
Cargo/GeneralCargo/Ship_C01S10N0024.tiff,General Cargo,1,file,FUSAR_Ship1.0/Cargo/GeneralCargo/Ship_C01S10N0024.tiff,223616,d2ce2621df8b2a3d901d4961653bcf71e44b690c83d7b5b5cc50f08602f568c0
Cargo/GeneralCargo/Ship_C01S10N0025.tiff,General Cargo,1,file,FUSAR_Ship1.0/Cargo/GeneralCargo/Ship_C01S10N0025.tiff,257966,bd577ffae12b41fa4b3d534c1a16cce5cc3193156c2596487a3fe941fefc76c9
Cargo/GeneralCargo/Ship_C01S10N0026.tiff,General Cargo,1,file,FUSAR_Ship1.0/Cargo/GeneralCargo/Ship_C01S10N0026.tiff,258330,bf05d0f32fa337fe934ec341f8cb0a0606452245e75e76413c221a9c72b88ce8
Cargo/GeneralCargo/Ship_C01S10N0027.tiff,General Cargo,1,file,FUSAR_Ship1.0/Cargo/GeneralCargo/Ship_C01S10N0027.tiff,265216,d5425ad367fcb7e727f1be6158dc185e5577fcbdc6f9c32f749926d6e54765eb
Cargo/GeneralCargo/Ship_C01S10N0028.tiff,General Cargo,1,file,FUSAR_Ship1.0/Cargo/GeneralCargo/Ship_C01S10N0028.tiff,235252,4f4afe37b1c4497798322933717df6cc77becf1eeb3f8c3a9ce242b6a7c7378a
Cargo/GeneralCargo/Ship_C01S10N0029.tiff,General Cargo,1,file,FUSAR_Ship1.0/Cargo/GeneralCargo/Ship_C01S10N0029.tiff,251430,32e7ec34fce17dc219d310a81a5c0b85c7db94c82e72d9f0239991ee6a719ae7
Cargo/GeneralCargo/Ship_C01S10N0030.tiff,General Cargo,1,file,FUSAR_Ship1.0/Cargo/GeneralCargo/Ship_C01S10N0030.tiff,265574,11a28d479a1908262f74e4b4bdfc8bc80b267d51485ea8aac9477a8ad947445c
Cargo/GeneralCargo/Ship_C01S10N0031.tiff,General Cargo,1,file,FUSAR_Ship1.0/Cargo/GeneralCargo/Ship_C01S10N0031.tiff,163734,e0fc4d712159e7a89ea0bbf7d336f5a39be4b22b6798d7a4478f76efa1c5feb9
Cargo/GeneralCargo/Ship_C01S10N0032.tiff,General Cargo,1,file,FUSAR_Ship1.0/Cargo/GeneralCargo/Ship_C01S10N0032.tiff,262672,9aa6c8e060e0f3eea06b75ac6d14fac45926723ce08431d7cfdb64d8eb39da14
Cargo/GeneralCargo/Ship_C01S10N0033.tiff,General Cargo,1,file,FUSAR_Ship1.0/Cargo/GeneralCargo/Ship_C01S10N0033.tiff,266326,8e5b0d3347024579846a122fc9a3b23e9c49f94f884ed21cfb796e94fd275651
Cargo/GeneralCargo/Ship_C01S10N0034.tiff,General Cargo,1,file,FUSAR_Ship1.0/Cargo/GeneralCargo/Ship_C01S10N0034.tiff,255580,0a9301fd02a9c2c8d955722f9d946abbbac53c833ab72a34fdfd580b3f1bb852
Cargo/GeneralCargo/Ship_C01S10N0035.tiff,General Cargo,1,file,FUSAR_Ship1.0/Cargo/GeneralCargo/Ship_C01S10N0035.tiff,239984,2aded802a513a5e8799bb490afbe65c34174d3573da035aa6705c91f58e95a74
Cargo/GeneralCargo/Ship_C01S10N0036.tiff,General Cargo,1,file,FUSAR_Ship1.0/Cargo/GeneralCargo/Ship_C01S10N0036.tiff,252636,59e30b4c94a2e57ad1086ea5bd3adaf53a9092516e6bb650c10038a304bd4d85
Cargo/GeneralCargo/Ship_C01S10N0037.tiff,General Cargo,1,file,FUSAR_Ship1.0/Cargo/GeneralCargo/Ship_C01S10N0037.tiff,256654,7b5e973c0707743ac58e59cde888bc5bfe3670378826b35f237757f817f5e35a
Cargo/GeneralCargo/Ship_C01S10N0038.tiff,General Cargo,1,file,FUSAR_Ship1.0/Cargo/GeneralCargo/Ship_C01S10N0038.tiff,266620,1928e602a52a15bbdabc7b1d7824966554bf93d9be4e4041a45ad54b450a6e5a
Cargo/GeneralCargo/Ship_C01S10N0039.tiff,General Cargo,1,file,FUSAR_Ship1.0/Cargo/GeneralCargo/Ship_C01S10N0039.tiff,219994,442051424bf6ac1a2009b8a70a76d120e172ab287d70714db7570423da8a857c
Cargo/GeneralCargo/Ship_C01S10N0040.tiff,General Cargo,1,file,FUSAR_Ship1.0/Cargo/GeneralCargo/Ship_C01S10N0040.tiff,224704,1e7bb8172df1c4876bb2d98f7dc53d5465e84df0cd31fa51b74ff2d09f3657f0
Cargo/GeneralCargo/Ship_C01S10N0041.tiff,General Cargo,1,file,FUSAR_Ship1.0/Cargo/GeneralCargo/Ship_C01S10N0041.tiff,223126,3a7d5eeb01e8df683656599caa96a65d9488fdb3d8bc571de7a4aaee4268525f
Fishing/Fishing/Ship_C04S02N0001.tiff,Fishing,2,file,FUSAR_Ship1.0/Fishing/Fishing/Ship_C04S02N0001.tiff,258298,1866a5f022801db6d3fb133b8e67aaacc546f2cb2fa2f0f8e239143cfa871a6c
Fishing/Fishing/Ship_C04S02N0002.tiff,Fishing,2,file,FUSAR_Ship1.0/Fishing/Fishing/Ship_C04S02N0002.tiff,240130,3c3a70afcefacc23c3807e81aa698c0533c7f71a22b0491593f37d815ac0ece9
Fishing/Fishing/Ship_C04S02N0003.tiff,Fishing,2,file,FUSAR_Ship1.0/Fishing/Fishing/Ship_C04S02N0003.tiff,276746,ae051fbb06fe9b83eaa09b52093ca3a1e5d2ac9b3659ceb258562b19eb221934
Fishing/Fishing/Ship_C04S02N0004.tiff,Fishing,2,file,FUSAR_Ship1.0/Fishing/Fishing/Ship_C04S02N0004.tiff,258332,e908dc7d6e062fab90dbe4a412d200dc656692e37b180cbd7804e2eb36bcf066
Fishing/Fishing/Ship_C04S02N0005.tiff,Fishing,2,file,FUSAR_Ship1.0/Fishing/Fishing/Ship_C04S02N0005.tiff,271398,2c028c2704459bffde7a9dedc2c483913b25217006cfd0e565895703f41223a9
Fishing/Fishing/Ship_C04S02N0006.tiff,Fishing,2,file,FUSAR_Ship1.0/Fishing/Fishing/Ship_C04S02N0006.tiff,279236,e115f631cf7a1cdf9f448108364dc895bba257d429af86f313094d10757c6007
Fishing/Fishing/Ship_C04S02N0007.tiff,Fishing,2,file,FUSAR_Ship1.0/Fishing/Fishing/Ship_C04S02N0007.tiff,279098,9e64fbb39520b4c660016c7a2298a7dcf623ca091abdf232b00735f7ac8dad93
Fishing/Fishing/Ship_C04S02N0008.tiff,Fishing,2,file,FUSAR_Ship1.0/Fishing/Fishing/Ship_C04S02N0008.tiff,233100,b60e573925ba672c4742b53bbdde4bbba56c885e7b09d7c0311d5f4dee470b83
Fishing/Fishing/Ship_C04S02N0009.tiff,Fishing,2,file,FUSAR_Ship1.0/Fishing/Fishing/Ship_C04S02N0009.tiff,258790,2cf035dbc9d86f415d3c5e1e5310125c4c07d2f891de71f6edf3440fb182ff80
Fishing/Fishing/Ship_C04S02N0010.tiff,Fishing,2,file,FUSAR_Ship1.0/Fishing/Fishing/Ship_C04S02N0010.tiff,251398,a2a48c4326c385036767adb75677f176fc768e3cc8e04b8fc5d70424316bd115
Fishing/Fishing/Ship_C04S02N0011.tiff,Fishing,2,file,FUSAR_Ship1.0/Fishing/Fishing/Ship_C04S02N0011.tiff,252184,a5a6845529f81e60f8d268b9f439d0aecb6b781ad62bd6d482c7d65d1cd17f77
Fishing/Fishing/Ship_C04S02N0012.tiff,Fishing,2,file,FUSAR_Ship1.0/Fishing/Fishing/Ship_C04S02N0012.tiff,243990,a2592121dc08edd7ef23626d46a4dccc88c12eddb329318460751368b97a9128
Fishing/Fishing/Ship_C04S02N0013.tiff,Fishing,2,file,FUSAR_Ship1.0/Fishing/Fishing/Ship_C04S02N0013.tiff,256258,262bfd41d63e404f48a8be10104aba5bf3b4a613b2ca3e2b62312a2af030046b
Fishing/Fishing/Ship_C04S02N0014.tiff,Fishing,2,file,FUSAR_Ship1.0/Fishing/Fishing/Ship_C04S02N0014.tiff,244720,64f2136ce852d09d4f64c8a68b8e61e131ad3f4aa5fddc934f81147f5a217951
Fishing/Fishing/Ship_C04S02N0015.tiff,Fishing,2,file,FUSAR_Ship1.0/Fishing/Fishing/Ship_C04S02N0015.tiff,251150,7e85fb481b483986249d6a26a384a9dc42a4cbc36f79b79838a154e2e74211f4
Fishing/Fishing/Ship_C04S02N0016.tiff,Fishing,2,file,FUSAR_Ship1.0/Fishing/Fishing/Ship_C04S02N0016.tiff,237008,15a2d3afc8fb0a76bcdbfb745c6343c99edcfd32fd00220ada928b59da174bbe
Fishing/Fishing/Ship_C04S02N0017.tiff,Fishing,2,file,FUSAR_Ship1.0/Fishing/Fishing/Ship_C04S02N0017.tiff,265078,d06f86f52e092a6621a3cc46f3477e4be773f18204f5646583dd235b4eab4dea
Fishing/Fishing/Ship_C04S02N0018.tiff,Fishing,2,file,FUSAR_Ship1.0/Fishing/Fishing/Ship_C04S02N0018.tiff,263472,c895f55e3d60a8f8713e0c2553112688fb27291541b97c6800bf6c23a2f3e8a1
Fishing/Fishing/Ship_C04S02N0019.tiff,Fishing,2,file,FUSAR_Ship1.0/Fishing/Fishing/Ship_C04S02N0019.tiff,237618,dd6237e01a8a6b72a7cdf73f8330e579d06b717fbeef07e4c949b3b3dc730499
Fishing/Fishing/Ship_C04S02N0020.tiff,Fishing,2,file,FUSAR_Ship1.0/Fishing/Fishing/Ship_C04S02N0020.tiff,252970,0dd56a8307e183109a211c2cc779bc61ce570e06c43390f43f1647abaaf1ce53
Fishing/Fishing/Ship_C04S02N0021.tiff,Fishing,2,file,FUSAR_Ship1.0/Fishing/Fishing/Ship_C04S02N0021.tiff,244908,efc7273f8fe3e724282697aaa9b18fa7e43f2b8314478676eea28a92addddd1e
Fishing/Fishing/Ship_C04S02N0022.tiff,Fishing,2,file,FUSAR_Ship1.0/Fishing/Fishing/Ship_C04S02N0022.tiff,263294,d9403ffcdaca55fe6210a4e36cf916eca958fee289dd7688718866dcfce76d45
Fishing/Fishing/Ship_C04S02N0023.tiff,Fishing,2,file,FUSAR_Ship1.0/Fishing/Fishing/Ship_C04S02N0023.tiff,260584,4c2e0e23315d73b2b45a45a7e53e8ea7709d3d4ac462d1fa1c1794ea12161532
Fishing/Fishing/Ship_C04S02N0024.tiff,Fishing,2,file,FUSAR_Ship1.0/Fishing/Fishing/Ship_C04S02N0024.tiff,263164,eefe2f0ba243e9d9bf2da94ac3a34c437466d6cadf20db777b8c3a588561c784
Fishing/Fishing/Ship_C04S02N0025.tiff,Fishing,2,file,FUSAR_Ship1.0/Fishing/Fishing/Ship_C04S02N0025.tiff,262170,1b061935d1d6567cf76338171bc3f7a151ef98b3b30893d128a28a4ca94ea164
Fishing/Fishing/Ship_C04S02N0026.tiff,Fishing,2,file,FUSAR_Ship1.0/Fishing/Fishing/Ship_C04S02N0026.tiff,260962,681c79ad72384e31472bc9922271fb32780e6eba4738ed69e5249e04828e9c79
Fishing/Fishing/Ship_C04S02N0027.tiff,Fishing,2,file,FUSAR_Ship1.0/Fishing/Fishing/Ship_C04S02N0027.tiff,265634,c2b35a9e8d4bd24d200284b2db771beb4384baae4f3fe62976312fde7b9989bf
Fishing/Fishing/Ship_C04S02N0028.tiff,Fishing,2,file,FUSAR_Ship1.0/Fishing/Fishing/Ship_C04S02N0028.tiff,251530,52fd3c484675c72ac9ace3bc30f935cfc3c8fc0b8fe1b14c17292643f5bd9b8e
Fishing/Fishing/Ship_C04S02N0029.tiff,Fishing,2,file,FUSAR_Ship1.0/Fishing/Fishing/Ship_C04S02N0029.tiff,260728,5c003a008e569323cddb560fd26a9c0967b9cb6b56341a105f40cfdeded3e8c6
Fishing/Fishing/Ship_C04S02N0030.tiff,Fishing,2,file,FUSAR_Ship1.0/Fishing/Fishing/Ship_C04S02N0030.tiff,150400,cd27f8b497c6bf11c4abd60ec3516ce6545deda8a37b8e6b539e79c0d86a7b45
Fishing/Fishing/Ship_C04S02N0031.tiff,Fishing,2,file,FUSAR_Ship1.0/Fishing/Fishing/Ship_C04S02N0031.tiff,261792,bcd1b368c1f85dd7c7a7041c02808c9ee6b46ca42a10d2c81ef73ddd130cff67
Fishing/Fishing/Ship_C04S02N0032.tiff,Fishing,2,file,FUSAR_Ship1.0/Fishing/Fishing/Ship_C04S02N0032.tiff,250716,d0498c6a3c9078cf73b55ccba03f9b11366c546475444845ebdee63ef0421b87
Fishing/Fishing/Ship_C04S02N0033.tiff,Fishing,2,file,FUSAR_Ship1.0/Fishing/Fishing/Ship_C04S02N0033.tiff,243888,c7db0359c676deb3ed02b9cf819a3e9e9dee8f648b51740c8fac3ad66a481935
Fishing/Fishing/Ship_C04S02N0034.tiff,Fishing,2,file,FUSAR_Ship1.0/Fishing/Fishing/Ship_C04S02N0034.tiff,250452,b7001fa4cab674360ec721dadd38aa44105d9402fdf29c12cd053aca7f807280
Fishing/Fishing/Ship_C04S02N0035.tiff,Fishing,2,file,FUSAR_Ship1.0/Fishing/Fishing/Ship_C04S02N0035.tiff,254548,0f363173248bbc8749627abea97aee1c7d04c1f5cdd755ac200e8b6db3e07065
Fishing/Fishing/Ship_C04S02N0036.tiff,Fishing,2,file,FUSAR_Ship1.0/Fishing/Fishing/Ship_C04S02N0036.tiff,239514,b94e4bd3d8177e8cfbbc93cadef4cb4dcc86c41efd413f90e916fa063e7f8bd6
Fishing/Fishing/Ship_C04S02N0037.tiff,Fishing,2,file,FUSAR_Ship1.0/Fishing/Fishing/Ship_C04S02N0037.tiff,223696,c303b1ac77b11d8dae4e1a37d62b3bbeafefb383b262c1055b394ff78973cd95
Fishing/Fishing/Ship_C04S02N0038.tiff,Fishing,2,file,FUSAR_Ship1.0/Fishing/Fishing/Ship_C04S02N0038.tiff,252932,d407cdecdb6b7c4eb1d19bdd93afcc1a426185e2ab6a727d6f60e9fa61936ba5
Fishing/Fishing/Ship_C04S02N0039.tiff,Fishing,2,file,FUSAR_Ship1.0/Fishing/Fishing/Ship_C04S02N0039.tiff,238316,c3c858c7c602527489f37f749d686b8de2661401b91916503ca56a9556c8c89d
Fishing/Fishing/Ship_C04S02N0040.tiff,Fishing,2,file,FUSAR_Ship1.0/Fishing/Fishing/Ship_C04S02N0040.tiff,245158,9e330c5290938f9ce8eaefcd712f88dd6724a733a8dd70b7bbe1e2e4de1be68a
Fishing/Fishing/Ship_C04S02N0041.tiff,Fishing,2,file,FUSAR_Ship1.0/Fishing/Fishing/Ship_C04S02N0041.tiff,244124,b987a8f8be9bd96fcbec21eaa7619fe1e9adf0d8e1e394791a9589e716f27892
Fishing/Fishing/Ship_C04S02N0042.tiff,Fishing,2,file,FUSAR_Ship1.0/Fishing/Fishing/Ship_C04S02N0042.tiff,262050,8739fc6018b97f1479832152eb93460efd1d559363229b2260fa50695a924cf2
Fishing/Fishing/Ship_C04S02N0043.tiff,Fishing,2,file,FUSAR_Ship1.0/Fishing/Fishing/Ship_C04S02N0043.tiff,259216,9ae61ab20eac93c68b96766af4f6481b28c2a7c17d0ea4b874a4ff14d5e51ccf
Fishing/Fishing/Ship_C04S02N0044.tiff,Fishing,2,file,FUSAR_Ship1.0/Fishing/Fishing/Ship_C04S02N0044.tiff,255928,6bfe1f18689011595f5b087d9c4e212c01c7fe389d4e6b95843bda140d6ab289
Fishing/Fishing/Ship_C04S02N0045.tiff,Fishing,2,file,FUSAR_Ship1.0/Fishing/Fishing/Ship_C04S02N0045.tiff,247126,d305e590129a0a3463f738e7afba61d17078af8d9795f1a63226121988ae8688
Fishing/Fishing/Ship_C04S02N0046.tiff,Fishing,2,file,FUSAR_Ship1.0/Fishing/Fishing/Ship_C04S02N0046.tiff,244162,b0b3f345bca5af7c3ea4f3fa27738406a4e8812d44357369d07cb20cef6bb175
Fishing/Fishing/Ship_C04S02N0047.tiff,Fishing,2,file,FUSAR_Ship1.0/Fishing/Fishing/Ship_C04S02N0047.tiff,253038,073ebf595eb876b9047bf287a13656535fa0b06c739dd3ae2b5e2d3b6b3bf989
Fishing/Fishing/Ship_C04S02N0048.tiff,Fishing,2,file,FUSAR_Ship1.0/Fishing/Fishing/Ship_C04S02N0048.tiff,262330,235211b80889ff81e01453586f5c8c76d38ba088930141d0c64d384104f203a2
Fishing/Fishing/Ship_C04S02N0049.tiff,Fishing,2,file,FUSAR_Ship1.0/Fishing/Fishing/Ship_C04S02N0049.tiff,253384,58b3e9b26d48778ffd106bd53b51a3ad509676901b01434f8cbe5650eda6059d
Fishing/Fishing/Ship_C04S02N0050.tiff,Fishing,2,file,FUSAR_Ship1.0/Fishing/Fishing/Ship_C04S02N0050.tiff,258526,c9adb296d9d5a66e31ee95b653cd84bfe64f1190f475641fbe1c557909dbfbb0
Fishing/Fishing/Ship_C04S02N0051.tiff,Fishing,2,file,FUSAR_Ship1.0/Fishing/Fishing/Ship_C04S02N0051.tiff,254494,1897e6d441d13ae1f16d9a637bfa6e8e5d23455451a3894a59b67901ef8e7fea
Fishing/Fishing/Ship_C04S02N0052.tiff,Fishing,2,file,FUSAR_Ship1.0/Fishing/Fishing/Ship_C04S02N0052.tiff,247834,122a8af09e45a7edbd64c913dc25574043c70bd1bc5598502eb74231837b5c12
Fishing/Fishing/Ship_C04S02N0053.tiff,Fishing,2,file,FUSAR_Ship1.0/Fishing/Fishing/Ship_C04S02N0053.tiff,250396,1a745addfe60f8e17df621ba3252107331b8fb074af33250e22b709c9eab5ac7
Fishing/Fishing/Ship_C04S02N0054.tiff,Fishing,2,file,FUSAR_Ship1.0/Fishing/Fishing/Ship_C04S02N0054.tiff,241938,62876b9cb2cd81a61da3f5a21641abfe8a5cbbceeddfcd231bb6ed638732c9c6
Fishing/Fishing/Ship_C04S02N0055.tiff,Fishing,2,file,FUSAR_Ship1.0/Fishing/Fishing/Ship_C04S02N0055.tiff,247212,487b07f60bae9a9ab6c82936804ea848d322bf2fa935b61326d356c0698e5de8
Fishing/Fishing/Ship_C04S02N0056.tiff,Fishing,2,file,FUSAR_Ship1.0/Fishing/Fishing/Ship_C04S02N0056.tiff,259618,1938a1aa3407d7890861a38960070672d9de6f0ed7f89ce6d8231fd908b1156b
Fishing/Fishing/Ship_C04S02N0057.tiff,Fishing,2,file,FUSAR_Ship1.0/Fishing/Fishing/Ship_C04S02N0057.tiff,188988,c0719f17dae36d646bd6680523da59650c4107e8b1e573125cc836ba281b7b79
Fishing/Fishing/Ship_C04S02N0058.tiff,Fishing,2,file,FUSAR_Ship1.0/Fishing/Fishing/Ship_C04S02N0058.tiff,258026,0ecb30782f7d74617ee2e53b0ad1a1e5455d75db74517d709e1db87deaa419b7
Fishing/Fishing/Ship_C04S02N0059.tiff,Fishing,2,file,FUSAR_Ship1.0/Fishing/Fishing/Ship_C04S02N0059.tiff,266560,50dd2b6405c688c0f20af38bc05d106b43b86d812c80a1d01c3257f512044e08
Fishing/Fishing/Ship_C04S02N0060.tiff,Fishing,2,file,FUSAR_Ship1.0/Fishing/Fishing/Ship_C04S02N0060.tiff,259482,69ab7e0f556a724f32e96bd610fc9007edbf92d0071d12c5832148e8f72736bd
Fishing/Fishing/Ship_C04S02N0061.tiff,Fishing,2,file,FUSAR_Ship1.0/Fishing/Fishing/Ship_C04S02N0061.tiff,263996,f94366aaa18e9fcc6d8a0b3256658dea18976e063ae6e88ded11afacd648cc73
Fishing/Fishing/Ship_C04S02N0062.tiff,Fishing,2,file,FUSAR_Ship1.0/Fishing/Fishing/Ship_C04S02N0062.tiff,259326,13f0a727ee8ccedd7652f105975cd4cc210572c1be5c0a1c72daf2d111013b6b
Fishing/Fishing/Ship_C04S02N0063.tiff,Fishing,2,file,FUSAR_Ship1.0/Fishing/Fishing/Ship_C04S02N0063.tiff,220586,e50f0adc9e828323ab1f06f91e6755b54901096ac0a16eb043e10f1067d63a2e
Fishing/Fishing/Ship_C04S02N0064.tiff,Fishing,2,file,FUSAR_Ship1.0/Fishing/Fishing/Ship_C04S02N0064.tiff,236034,84a1c28a1bcad61882fe57a0c0eeae4339deabf2bac0ffc8bf541c9b1ebe4ca5
Fishing/Fishing/Ship_C04S02N0065.tiff,Fishing,2,file,FUSAR_Ship1.0/Fishing/Fishing/Ship_C04S02N0065.tiff,256408,a3e61f2f6bcd251b0e941be7db8b98f9258b123472f54e34e9d28e63b94d04a2
Fishing/Fishing/Ship_C04S02N0066.tiff,Fishing,2,file,FUSAR_Ship1.0/Fishing/Fishing/Ship_C04S02N0066.tiff,260598,73cc919c55ae108d54d014434b3db434d26cb93f5a7b56d31186595ef64c4d6f
Fishing/Fishing/Ship_C04S02N0067.tiff,Fishing,2,file,FUSAR_Ship1.0/Fishing/Fishing/Ship_C04S02N0067.tiff,254066,6305a7be7bcf113bb5a330f52257fab93da688dd4781130b305dbd3b8727099e
Fishing/Fishing/Ship_C04S02N0068.tiff,Fishing,2,file,FUSAR_Ship1.0/Fishing/Fishing/Ship_C04S02N0068.tiff,260756,5b6275d2236bc0550f5091b8be9e9677716f48e55285e9537ff82bccc0514d89
Fishing/Fishing/Ship_C04S02N0069.tiff,Fishing,2,file,FUSAR_Ship1.0/Fishing/Fishing/Ship_C04S02N0069.tiff,251720,79fd09bd42939a9f9dbe589540cdf646a6071e00b78b916885c1799c4fbdefb1
Fishing/Fishing/Ship_C04S02N0070.tiff,Fishing,2,file,FUSAR_Ship1.0/Fishing/Fishing/Ship_C04S02N0070.tiff,239370,36ae1e37a9ca71c4c373c952562b5b9f925751770198702cc4277112884ec75e
Fishing/Fishing/Ship_C04S02N0071.tiff,Fishing,2,file,FUSAR_Ship1.0/Fishing/Fishing/Ship_C04S02N0071.tiff,259020,4665b9f1504e28db9bb38ada911c817fbc35e6b8a33b37da6d9c839b5b9eb190
Fishing/Fishing/Ship_C04S02N0072.tiff,Fishing,2,file,FUSAR_Ship1.0/Fishing/Fishing/Ship_C04S02N0072.tiff,230196,5e0d609b67e1cd374dc129beb82a205ff6669311e10df69d11d2daad83376f5b
Fishing/Fishing/Ship_C04S02N0073.tiff,Fishing,2,file,FUSAR_Ship1.0/Fishing/Fishing/Ship_C04S02N0073.tiff,239512,40e03d609cdf87ad012df851f26eb58cdc386ccc721c6b8f0310f9f0578f6f56
Fishing/Fishing/Ship_C04S02N0074.tiff,Fishing,2,file,FUSAR_Ship1.0/Fishing/Fishing/Ship_C04S02N0074.tiff,261430,000cbb54f6688186f8c994cc553de6f276dfc7e5205ca7ad8c3b4001b4d0756b
Fishing/Fishing/Ship_C04S02N0075.tiff,Fishing,2,file,FUSAR_Ship1.0/Fishing/Fishing/Ship_C04S02N0075.tiff,236544,f33e85360f47ffeb77ef845bc7ce4dcd5fab621a2cd854e0fcb3766db574cf71
Fishing/Fishing/Ship_C04S02N0076.tiff,Fishing,2,file,FUSAR_Ship1.0/Fishing/Fishing/Ship_C04S02N0076.tiff,261382,665d0dc5ff044de289cbbe97a623f3434fa2a513d65b7ffd2203ef4639f7d763
Fishing/Fishing/Ship_C04S02N0077.tiff,Fishing,2,file,FUSAR_Ship1.0/Fishing/Fishing/Ship_C04S02N0077.tiff,246296,ed3a1349612ae4dd0857d6018a2de46ee60ec1c7a6f6f83092c60f89cc0f4fdd
Fishing/Fishing/Ship_C04S02N0078.tiff,Fishing,2,file,FUSAR_Ship1.0/Fishing/Fishing/Ship_C04S02N0078.tiff,190672,0093a2153ceaa61d393c3391798869b1c534d32f3a0dd1cf46d538f2bd3f2d91
Fishing/Fishing/Ship_C04S02N0079.tiff,Fishing,2,file,FUSAR_Ship1.0/Fishing/Fishing/Ship_C04S02N0079.tiff,259274,4aa3fabcabb904f0eb4d5f0985a6401498bab79b6b6eb7546988841e6f71efbe
Fishing/Fishing/Ship_C04S02N0080.tiff,Fishing,2,file,FUSAR_Ship1.0/Fishing/Fishing/Ship_C04S02N0080.tiff,260988,4485e48d3a712d712b3415a8e0fde0fa4e235c30f25487dd210a03d78777b03a
Fishing/Fishing/Ship_C04S02N0081.tiff,Fishing,2,file,FUSAR_Ship1.0/Fishing/Fishing/Ship_C04S02N0081.tiff,260804,15d905278e9a50dec0193f90b5d3adfcebec03983657ea6c38c31f8c92875842
Fishing/Fishing/Ship_C04S02N0082.tiff,Fishing,2,file,FUSAR_Ship1.0/Fishing/Fishing/Ship_C04S02N0082.tiff,251226,ffe107fbaa2258635a209c02eae02d67f0dc74413120f89ca5f3bafe9157c04f
Fishing/Fishing/Ship_C04S02N0083.tiff,Fishing,2,file,FUSAR_Ship1.0/Fishing/Fishing/Ship_C04S02N0083.tiff,260308,0af22a1f298f64cfb000d88197d37cd960b7983da308a79b0b5c8a3dee1d3ca5
Fishing/Fishing/Ship_C04S02N0084.tiff,Fishing,2,file,FUSAR_Ship1.0/Fishing/Fishing/Ship_C04S02N0084.tiff,250812,88f3c0b16e5710867fefbf269663ed9b0d45a44639836027723674f38ef9a4cf
Fishing/Fishing/Ship_C04S02N0085.tiff,Fishing,2,file,FUSAR_Ship1.0/Fishing/Fishing/Ship_C04S02N0085.tiff,259506,511d915702a97490f0ca3414a964f4cd8305a0d5e756d19104133a1787294b77
Fishing/Fishing/Ship_C04S02N0086.tiff,Fishing,2,file,FUSAR_Ship1.0/Fishing/Fishing/Ship_C04S02N0086.tiff,236276,7def391713148cc603b068ba127717ca901c7892d83afac97dd48773ef0749d7
Fishing/Fishing/Ship_C04S02N0087.tiff,Fishing,2,file,FUSAR_Ship1.0/Fishing/Fishing/Ship_C04S02N0087.tiff,256276,3840b04fa318fa97ab0869f96d54dc3ad289e57881b03d5a9c0ec776b7b28693
Fishing/Fishing/Ship_C04S02N0088.tiff,Fishing,2,file,FUSAR_Ship1.0/Fishing/Fishing/Ship_C04S02N0088.tiff,248748,c9d58ae312ab7b2f3bf26c59f4dd443c066c02c464f9745e202a207bfc601d50
Fishing/Fishing/Ship_C04S02N0089.tiff,Fishing,2,file,FUSAR_Ship1.0/Fishing/Fishing/Ship_C04S02N0089.tiff,248022,f208af275b5231742ab004a79b582fe39a52144ff20f0a9c39ead45ed0dba20f
Fishing/Fishing/Ship_C04S02N0090.tiff,Fishing,2,file,FUSAR_Ship1.0/Fishing/Fishing/Ship_C04S02N0090.tiff,257096,34157fa35c42d1b3755e4cd85524065093e689ff4feba0ecd5fb6e4a911f54b0
Fishing/Fishing/Ship_C04S02N0091.tiff,Fishing,2,file,FUSAR_Ship1.0/Fishing/Fishing/Ship_C04S02N0091.tiff,167750,bb3002e1e4091d481fd729de14f232e193e7a3749145700dffb0b7c37a2f3df8
Fishing/Fishing/Ship_C04S02N0092.tiff,Fishing,2,file,FUSAR_Ship1.0/Fishing/Fishing/Ship_C04S02N0092.tiff,260304,72ebfa0f5ac34d722779d4c21f9c57a542b97581aabeb8a4d18e6b620e471bfe
Fishing/Fishing/Ship_C04S02N0093.tiff,Fishing,2,file,FUSAR_Ship1.0/Fishing/Fishing/Ship_C04S02N0093.tiff,259996,f522324db428a1c279d1bfd5f80541c8464357048d2a26117417a28e97c3dc30
Fishing/Fishing/Ship_C04S02N0094.tiff,Fishing,2,file,FUSAR_Ship1.0/Fishing/Fishing/Ship_C04S02N0094.tiff,262074,bc8d51e97a33b829aa9c288ca17f72ce859e3973d9a9e1d886015f7a4a306b3a
Fishing/Fishing/Ship_C04S02N0095.tiff,Fishing,2,file,FUSAR_Ship1.0/Fishing/Fishing/Ship_C04S02N0095.tiff,260266,9bab4ca2b69ce827265745290346d99f29271b828b77739fe2bd78352eb45174
Fishing/Fishing/Ship_C04S02N0096.tiff,Fishing,2,file,FUSAR_Ship1.0/Fishing/Fishing/Ship_C04S02N0096.tiff,251292,ac0861ee9d60f53763737ba31ce7461b57664e2aeb2ead328be3b8aeeb4b060a
Fishing/Fishing/Ship_C04S02N0097.tiff,Fishing,2,file,FUSAR_Ship1.0/Fishing/Fishing/Ship_C04S02N0097.tiff,244952,50fe5e32b4f48ebc8c6bc659b7dd7e5e869799253a6a44e30989485b7884fd77
Fishing/Fishing/Ship_C04S02N0098.tiff,Fishing,2,file,FUSAR_Ship1.0/Fishing/Fishing/Ship_C04S02N0098.tiff,264410,1f722af75a99a0810133a3234cd6c48e21f7334f9336a73c9bbb6d1a2aa2b595
Fishing/Fishing/Ship_C04S02N0099.tiff,Fishing,2,file,FUSAR_Ship1.0/Fishing/Fishing/Ship_C04S02N0099.tiff,264310,05c4d3c7dd03ffb5204395f174ac6eb50096b7c9c3d7fe1fa7907b264d55c40e
Fishing/Fishing/Ship_C04S02N0100.tiff,Fishing,2,file,FUSAR_Ship1.0/Fishing/Fishing/Ship_C04S02N0100.tiff,259866,dbd2ebae47f610fe69773bf30e44748fd71eebf44e198a81d965d7b8cf023514
Fishing/Fishing/Ship_C04S02N0101.tiff,Fishing,2,file,FUSAR_Ship1.0/Fishing/Fishing/Ship_C04S02N0101.tiff,261066,af49b9894c278d44d6e45a6f56d05360e554b01d0aec14eb13853ea1990bee7f
Fishing/Fishing/Ship_C04S02N0102.tiff,Fishing,2,file,FUSAR_Ship1.0/Fishing/Fishing/Ship_C04S02N0102.tiff,237220,b58deafa84e9374953daff46ca110e4d69e5cf3264006e25c8aab7f6edb157c9
Fishing/Fishing/Ship_C04S02N0103.tiff,Fishing,2,file,FUSAR_Ship1.0/Fishing/Fishing/Ship_C04S02N0103.tiff,153948,53b461c7601a070d4124101f0d6f7cda0548533307691daf8c37f12008133e30
Fishing/Fishing/Ship_C04S02N0104.tiff,Fishing,2,file,FUSAR_Ship1.0/Fishing/Fishing/Ship_C04S02N0104.tiff,260784,c732ce8f8bce0ada9ec2a3e1784e2b16d1086f75c19475484ac84fbd91fd9d67
Fishing/Fishing/Ship_C04S02N0105.tiff,Fishing,2,file,FUSAR_Ship1.0/Fishing/Fishing/Ship_C04S02N0105.tiff,261362,5590a799ffb4f7a79c051fd56f84e5041714ff42223cc346f9914503ec7f0436
Fishing/Fishing/Ship_C04S02N0106.tiff,Fishing,2,file,FUSAR_Ship1.0/Fishing/Fishing/Ship_C04S02N0106.tiff,255018,852eeb66978adaca8801699d08e4ec485f221bb86fac855cdc093ec2c5bced44
Fishing/Fishing/Ship_C04S02N0107.tiff,Fishing,2,file,FUSAR_Ship1.0/Fishing/Fishing/Ship_C04S02N0107.tiff,254860,ecb83ce817027f51a5dcf55115b5bf7822f0fb32dad637626e3f135a69571945
Fishing/Fishing/Ship_C04S02N0108.tiff,Fishing,2,file,FUSAR_Ship1.0/Fishing/Fishing/Ship_C04S02N0108.tiff,244176,8e2a716d9e73152fee23f1a9b3cb9b9cbe9a364cd32e66f6d13b4d6e3a2259ff
Fishing/Fishing/Ship_C04S02N0109.tiff,Fishing,2,file,FUSAR_Ship1.0/Fishing/Fishing/Ship_C04S02N0109.tiff,247706,cccc1a5623ca80a5dcb04b4e4b6842ed79cedb508821f2fb38b69904be952a55
Fishing/Fishing/Ship_C04S02N0110.tiff,Fishing,2,file,FUSAR_Ship1.0/Fishing/Fishing/Ship_C04S02N0110.tiff,231958,6ae281695f5c82fe58420422936c716fba702b75d5b6f64cc043054d742469d8
Fishing/Fishing/Ship_C04S02N0111.tiff,Fishing,2,file,FUSAR_Ship1.0/Fishing/Fishing/Ship_C04S02N0111.tiff,240402,c643878a21d0b5d8d247a09f40bf7b1cda1a7b9944700c46dfad69d3ff4c55f9
Fishing/Fishing/Ship_C04S02N0112.tiff,Fishing,2,file,FUSAR_Ship1.0/Fishing/Fishing/Ship_C04S02N0112.tiff,221138,5a3c43c44625714119150112b78b36414d8332fda566113ac67988a20b9043da
Fishing/Fishing/Ship_C04S02N0113.tiff,Fishing,2,file,FUSAR_Ship1.0/Fishing/Fishing/Ship_C04S02N0113.tiff,244902,9e14e68f7f216f77e9006d89c082960084c54ab90a759554f8d47aa16b75ebab
Fishing/Fishing/Ship_C04S02N0114.tiff,Fishing,2,file,FUSAR_Ship1.0/Fishing/Fishing/Ship_C04S02N0114.tiff,246314,f17944ac19068eb05b905c6153be7c2583578049200f592702a9b9cf755b6097
Fishing/Fishing/Ship_C04S02N0115.tiff,Fishing,2,file,FUSAR_Ship1.0/Fishing/Fishing/Ship_C04S02N0115.tiff,252208,0f7b22cdbae91a7f663d39b736ed4b55e7dc0304a3bd9ad497ede942d3cafcbe
Fishing/Fishing/Ship_C04S02N0116.tiff,Fishing,2,file,FUSAR_Ship1.0/Fishing/Fishing/Ship_C04S02N0116.tiff,264414,53a2d0241a2667fb205f1c8ce118c678efb429069d886791c04715419df3dcd6
Fishing/Fishing/Ship_C04S02N0117.tiff,Fishing,2,file,FUSAR_Ship1.0/Fishing/Fishing/Ship_C04S02N0117.tiff,238250,5d21d77ae3d914f3e6b0b53b450bf3c8a495648dcd96ca997c2f4545bebacd94
Fishing/Fishing/Ship_C04S02N0118.tiff,Fishing,2,file,FUSAR_Ship1.0/Fishing/Fishing/Ship_C04S02N0118.tiff,250570,a8e68e6fc507ed5f79738cdb6c1a7d7690622272addab54880a7ca60c76a05d0
Fishing/Fishing/Ship_C04S02N0119.tiff,Fishing,2,file,FUSAR_Ship1.0/Fishing/Fishing/Ship_C04S02N0119.tiff,227000,670c7379411975b152677febcc47705084e32fc1c08ecc7e7234d76a9bf567b8
Fishing/Fishing/Ship_C04S02N0120.tiff,Fishing,2,file,FUSAR_Ship1.0/Fishing/Fishing/Ship_C04S02N0120.tiff,264000,74232cf849b288d088f024acf90312fcc268288a737c71e991c17bacc600d8c9
Fishing/Fishing/Ship_C04S02N0121.tiff,Fishing,2,file,FUSAR_Ship1.0/Fishing/Fishing/Ship_C04S02N0121.tiff,236330,1536bacb21a62eeb6101f82d600ee6a529dc606d3e1122658cc2f6ce1bd7e511
Fishing/Fishing/Ship_C04S02N0122.tiff,Fishing,2,file,FUSAR_Ship1.0/Fishing/Fishing/Ship_C04S02N0122.tiff,237630,0cb0752cdd9ffae680b1e06d67d753b1fac01af69b145583bb4aae226e6c9f26
Fishing/Fishing/Ship_C04S02N0123.tiff,Fishing,2,file,FUSAR_Ship1.0/Fishing/Fishing/Ship_C04S02N0123.tiff,261458,6ffb9e3b97bada92856d81a4d0dbaacb541757495ef7fd872493139497e98db7
Fishing/Fishing/Ship_C04S02N0124.tiff,Fishing,2,file,FUSAR_Ship1.0/Fishing/Fishing/Ship_C04S02N0124.tiff,262322,e1835112f9f819ea60b056d1d6860d1d2368acc70a9e0037f2c409da504db95a
Fishing/Fishing/Ship_C04S02N0125.tiff,Fishing,2,file,FUSAR_Ship1.0/Fishing/Fishing/Ship_C04S02N0125.tiff,139160,a3285b63acd74eb531dae0e9a4f3f41ea3c97e845bcf177bd541e8167a10e24d
Fishing/Fishing/Ship_C04S02N0126.tiff,Fishing,2,file,FUSAR_Ship1.0/Fishing/Fishing/Ship_C04S02N0126.tiff,241136,7da239b04bf6168bb94890423e3013f366c74f88a3ccbc36cd9db44a8fecd86a
Fishing/Fishing/Ship_C04S02N0127.tiff,Fishing,2,file,FUSAR_Ship1.0/Fishing/Fishing/Ship_C04S02N0127.tiff,236434,d8f6a24e6c0d103f7fc36fd717ab18c5ae60921aa98992e57834874168d8f13c
Fishing/Fishing/Ship_C04S02N0128.tiff,Fishing,2,file,FUSAR_Ship1.0/Fishing/Fishing/Ship_C04S02N0128.tiff,254064,9fa8a068ab2e0a89cb470d5f5e13d391dd5c83388edae17960ed938d2e8554ee
Fishing/Fishing/Ship_C04S02N0129.tiff,Fishing,2,file,FUSAR_Ship1.0/Fishing/Fishing/Ship_C04S02N0129.tiff,188608,36f17d7093e735d8c873faa0634fdacdb5aa85c48de1d635304a9c43e7f59b2a
Fishing/Fishing/Ship_C04S02N0130.tiff,Fishing,2,file,FUSAR_Ship1.0/Fishing/Fishing/Ship_C04S02N0130.tiff,261520,0996b11485318633696161397789176861c67ef98f386a97860b3016673f074f
Fishing/Fishing/Ship_C04S02N0131.tiff,Fishing,2,file,FUSAR_Ship1.0/Fishing/Fishing/Ship_C04S02N0131.tiff,257266,bf8824bf97a05b9afa0d807d54627cc7a194648a3febf569d3d97ef39ed4aa66
Fishing/Fishing/Ship_C04S02N0132.tiff,Fishing,2,file,FUSAR_Ship1.0/Fishing/Fishing/Ship_C04S02N0132.tiff,249304,e97015f9b10803041aa552633d023b003e9ae2950d098f1774435c795f01536d
Fishing/Fishing/Ship_C04S02N0133.tiff,Fishing,2,file,FUSAR_Ship1.0/Fishing/Fishing/Ship_C04S02N0133.tiff,248574,1e258d97ac90bccb9a8747159412775c6aa9f8236cb1429b36f8eca2d9b42b74
Fishing/Fishing/Ship_C04S02N0134.tiff,Fishing,2,file,FUSAR_Ship1.0/Fishing/Fishing/Ship_C04S02N0134.tiff,244308,32a3affd9fc75b65d5725cdcb104fb5d97495204d1fdcbb5bc7ee9bf5a186b48
Fishing/Fishing/Ship_C04S02N0135.tiff,Fishing,2,file,FUSAR_Ship1.0/Fishing/Fishing/Ship_C04S02N0135.tiff,258502,f85bb63ab018ecca2736ffd0039acb75e069569eee72c357a7a2d7d5c22f080c
Fishing/Fishing/Ship_C04S02N0136.tiff,Fishing,2,file,FUSAR_Ship1.0/Fishing/Fishing/Ship_C04S02N0136.tiff,252600,79b8b6a89314fa718ef27b4ecb091ce5cd927e34b2c7981fff2048aaa575122c
Fishing/Fishing/Ship_C04S02N0137.tiff,Fishing,2,file,FUSAR_Ship1.0/Fishing/Fishing/Ship_C04S02N0137.tiff,253224,bb6dd183ae8c977c8445aa99db90924958d255379854f97730505da49bfc582e
Fishing/Fishing/Ship_C04S02N0138.tiff,Fishing,2,file,FUSAR_Ship1.0/Fishing/Fishing/Ship_C04S02N0138.tiff,246436,f73d4c3bed545676f7edf8bf18486949f2b8504cab995869793a825867a66394
Fishing/Fishing/Ship_C04S02N0139.tiff,Fishing,2,file,FUSAR_Ship1.0/Fishing/Fishing/Ship_C04S02N0139.tiff,258856,324818a9d7a58e4332c79a87d6e0b999f8172f7852bff3647046c3d96a65dec6
Fishing/Fishing/Ship_C04S02N0140.tiff,Fishing,2,file,FUSAR_Ship1.0/Fishing/Fishing/Ship_C04S02N0140.tiff,258832,2443957f54f11dd5f00beabc63b0785b424eb88eb5c80bd73b13a32702c4c2bc
Fishing/Fishing/Ship_C04S02N0141.tiff,Fishing,2,file,FUSAR_Ship1.0/Fishing/Fishing/Ship_C04S02N0141.tiff,259588,c450b1818cfefc5405d3a2aac3fd6ca3a109d4de24013a89967883305da12d44
Fishing/Fishing/Ship_C04S02N0142.tiff,Fishing,2,file,FUSAR_Ship1.0/Fishing/Fishing/Ship_C04S02N0142.tiff,259112,1b2d177ea1fb7a957aee3e0936f9853675f7c35d73302ec220392b2dbdfd64f4
Fishing/Fishing/Ship_C04S02N0143.tiff,Fishing,2,file,FUSAR_Ship1.0/Fishing/Fishing/Ship_C04S02N0143.tiff,259414,e93f70fac59ca51b9c48aa56b0da5413e8b149b04ed97b656c37f1158a7e9945
Fishing/Fishing/Ship_C04S02N0144.tiff,Fishing,2,file,FUSAR_Ship1.0/Fishing/Fishing/Ship_C04S02N0144.tiff,264600,01b14b0d041af9e3be08f39f280e95f13ae1ddfa5d6bb59f3fa596e486029497
Fishing/Fishing/Ship_C04S02N0145.tiff,Fishing,2,file,FUSAR_Ship1.0/Fishing/Fishing/Ship_C04S02N0145.tiff,259556,f735ce4990ec88df64d9515932e99a0a200e336ef99dc28f76329016b447bf3a
Fishing/Fishing/Ship_C04S02N0146.tiff,Fishing,2,file,FUSAR_Ship1.0/Fishing/Fishing/Ship_C04S02N0146.tiff,253730,831bfcef48cab63f2bc041a7e1eafa76a9d86bb1dc3a1b031f8148d576d6e796
Fishing/Fishing/Ship_C04S02N0147.tiff,Fishing,2,file,FUSAR_Ship1.0/Fishing/Fishing/Ship_C04S02N0147.tiff,264750,6ba2fb95a391607a687e2f9dc45e9c69bb2134e6d7e9f9403c8acf154f010bf7
Fishing/Fishing/Ship_C04S02N0148.tiff,Fishing,2,file,FUSAR_Ship1.0/Fishing/Fishing/Ship_C04S02N0148.tiff,260502,06ce5e3172bf2dbfc869800bc39f9da37c405e01277d1befe90dd71fe19d9cc5
Fishing/Fishing/Ship_C04S02N0149.tiff,Fishing,2,file,FUSAR_Ship1.0/Fishing/Fishing/Ship_C04S02N0149.tiff,247228,e95f3fe12ebc9a74d1cec6d2db1997c373acded6636ca2e0aa5a07ef454ca57b
Fishing/Fishing/Ship_C04S02N0150.tiff,Fishing,2,file,FUSAR_Ship1.0/Fishing/Fishing/Ship_C04S02N0150.tiff,212494,d91d2596ee86bd086e43e52fe875f0df08c6211a757b3f5ee04b8da45a76bb8d
Fishing/Fishing/Ship_C04S02N0151.tiff,Fishing,2,file,FUSAR_Ship1.0/Fishing/Fishing/Ship_C04S02N0151.tiff,236406,4186082d1eaaa556c1baff4dc1281f6f660f69c208f163eef802ac43ce2b94ea
Fishing/Fishing/Ship_C04S02N0152.tiff,Fishing,2,file,FUSAR_Ship1.0/Fishing/Fishing/Ship_C04S02N0152.tiff,212448,7e310308f93ac0e2e57e98634d56f0118adaa5dd6330b7098738217fed5d0cb3
Fishing/Fishing/Ship_C04S02N0153.tiff,Fishing,2,file,FUSAR_Ship1.0/Fishing/Fishing/Ship_C04S02N0153.tiff,222848,e0722059002e40c354eca86a04807091e5233e656f123ef1ab9a4a2a3a593275
Fishing/Fishing/Ship_C04S02N0154.tiff,Fishing,2,file,FUSAR_Ship1.0/Fishing/Fishing/Ship_C04S02N0154.tiff,234014,c33a0d149d170ee76caf65e09efab221bc45f1aa83fb447303cba8e12ba47c64
Fishing/Fishing/Ship_C04S02N0155.tiff,Fishing,2,file,FUSAR_Ship1.0/Fishing/Fishing/Ship_C04S02N0155.tiff,218002,100c577d8a3a3a6001fae8405952ec2e890c517adc1c9deddaee1bdbb64ec40e
Fishing/Fishing/Ship_C04S02N0156.tiff,Fishing,2,file,FUSAR_Ship1.0/Fishing/Fishing/Ship_C04S02N0156.tiff,214966,dc00f22720f4ac2a1a8fc8ad1e8e05eef643bac2044dcb616a41b36789d6ce39
Fishing/Fishing/Ship_C04S02N0157.tiff,Fishing,2,file,FUSAR_Ship1.0/Fishing/Fishing/Ship_C04S02N0157.tiff,260210,9e9f6e4c9fef49d086cb4e7af017bf5d8a3c25e61f4bfa33687e5fc076f030ac
Fishing/Fishing/Ship_C04S02N0158.tiff,Fishing,2,file,FUSAR_Ship1.0/Fishing/Fishing/Ship_C04S02N0158.tiff,222534,1402339dae4067648c8305fab99691bce94e09bbb151dd4b51e6233141e662b4
Fishing/Fishing/Ship_C04S02N0159.tiff,Fishing,2,file,FUSAR_Ship1.0/Fishing/Fishing/Ship_C04S02N0159.tiff,216524,dfb64e7063a08eb09b834629dfad6ecd9af31c613728562846c3d9f94ae3d251
Fishing/Fishing/Ship_C04S02N0160.tiff,Fishing,2,file,FUSAR_Ship1.0/Fishing/Fishing/Ship_C04S02N0160.tiff,256940,8f429edb6bbdd580d4e8af3451dd13c7463fab7cace2af9cf0c7eb6533fb91f8
Fishing/Fishing/Ship_C04S02N0161.tiff,Fishing,2,file,FUSAR_Ship1.0/Fishing/Fishing/Ship_C04S02N0161.tiff,219542,a15d8af2c401b5508e8bae756b2e2aae67baba70ac6b83f42478130b2da9375e
Fishing/Fishing/Ship_C04S02N0162.tiff,Fishing,2,file,FUSAR_Ship1.0/Fishing/Fishing/Ship_C04S02N0162.tiff,212092,0ea8735460da3fc7fa6f3078fad88f74adf81ab96c95193932cf7abecca89c63
Fishing/Fishing/Ship_C04S02N0163.tiff,Fishing,2,file,FUSAR_Ship1.0/Fishing/Fishing/Ship_C04S02N0163.tiff,214352,26a1ba93cb270bb5ca6a84165aab253551751a45219ee91215fb62dd11f0c5f3
Fishing/Fishing/Ship_C04S02N0164.tiff,Fishing,2,file,FUSAR_Ship1.0/Fishing/Fishing/Ship_C04S02N0164.tiff,244086,53f978b06c0d229b243ceda55d431ae606e8d61215a7db0c42034a748bedc272
Fishing/Fishing/Ship_C04S02N0165.tiff,Fishing,2,file,FUSAR_Ship1.0/Fishing/Fishing/Ship_C04S02N0165.tiff,215190,6e1f2d555a44bec48aa78bf8fcd49788339bd34e89507709ce439afe12d67775
Fishing/Fishing/Ship_C04S02N0166.tiff,Fishing,2,file,FUSAR_Ship1.0/Fishing/Fishing/Ship_C04S02N0166.tiff,224546,f4bb07460d9ca3eeb5ccdd002858112654a6e37af646fb77535ec42ca6178060
Fishing/Fishing/Ship_C04S02N0167.tiff,Fishing,2,file,FUSAR_Ship1.0/Fishing/Fishing/Ship_C04S02N0167.tiff,213586,d13fcdb88aa5bccdd363864ed790b28281b7e0330dd3084a0a7a956b9fdf9c45
Fishing/Fishing/Ship_C04S02N0168.tiff,Fishing,2,file,FUSAR_Ship1.0/Fishing/Fishing/Ship_C04S02N0168.tiff,217788,25b812b14bc9ad0a3ed5df61fa7b23153cf4accdec9362116b578ab9dbf0395c
Fishing/Fishing/Ship_C04S02N0169.tiff,Fishing,2,file,FUSAR_Ship1.0/Fishing/Fishing/Ship_C04S02N0169.tiff,204288,d7934172939241883ca242cc8d2fb171eb2047e4ed8865c4a90298bd88964506
Fishing/Fishing/Ship_C04S02N0170.tiff,Fishing,2,file,FUSAR_Ship1.0/Fishing/Fishing/Ship_C04S02N0170.tiff,211622,32faaddf1f693fcc65285cc117622abf582685cc68c5e774000026a7bba99bdb
Fishing/Fishing/Ship_C04S02N0171.tiff,Fishing,2,file,FUSAR_Ship1.0/Fishing/Fishing/Ship_C04S02N0171.tiff,258914,790782db91f137235ba67fa449b3f39137964b1d577caf89a1bc0f1810448659
Fishing/Fishing/Ship_C04S02N0172.tiff,Fishing,2,file,FUSAR_Ship1.0/Fishing/Fishing/Ship_C04S02N0172.tiff,212088,dc89f42be957399ecbab4134515c657d58ff1f9abe8e9591ebd4a1ab88ce1ab5
Fishing/Fishing/Ship_C04S02N0173.tiff,Fishing,2,file,FUSAR_Ship1.0/Fishing/Fishing/Ship_C04S02N0173.tiff,209680,06dc3d65f53f5353715849842ca46c8e0dd30cb6f671fe510217c1b35cb4759f
Fishing/Fishing/Ship_C04S02N0174.tiff,Fishing,2,file,FUSAR_Ship1.0/Fishing/Fishing/Ship_C04S02N0174.tiff,207710,88ed06979a6c587ce8a98b7c0030cf2da143eab5f2db50e653f0964f5b4bd8cd
Fishing/Fishing/Ship_C04S02N0175.tiff,Fishing,2,file,FUSAR_Ship1.0/Fishing/Fishing/Ship_C04S02N0175.tiff,212234,c982bcc4d7dc4239a7d86cc1f2779ed689e7502b148e5c1381093f7fb75539ac
Fishing/Fishing/Ship_C04S02N0176.tiff,Fishing,2,file,FUSAR_Ship1.0/Fishing/Fishing/Ship_C04S02N0176.tiff,229428,4e65668a227a6c2d426d66dcb9c03637f69b4d9e815b63fc4d24d72f4a7c6c3b
Fishing/Fishing/Ship_C04S02N0177.tiff,Fishing,2,file,FUSAR_Ship1.0/Fishing/Fishing/Ship_C04S02N0177.tiff,205856,7d1fd8dd15d7699d3a635c0ba95622195f9527e8f6ec719bb7d235ac1c464422
Fishing/Fishing/Ship_C04S02N0178.tiff,Fishing,2,file,FUSAR_Ship1.0/Fishing/Fishing/Ship_C04S02N0178.tiff,258116,2bff03b04ee33cc587cb277129c7350d748a8e72325a830842d8fa9b5601c74d
Fishing/Fishing/Ship_C04S02N0179.tiff,Fishing,2,file,FUSAR_Ship1.0/Fishing/Fishing/Ship_C04S02N0179.tiff,187870,8e741f6a2ce43a3a782f219a103bc5427ed75768bc4d82ed75c29c03cd94528c
Fishing/Fishing/Ship_C04S02N0180.tiff,Fishing,2,file,FUSAR_Ship1.0/Fishing/Fishing/Ship_C04S02N0180.tiff,251674,65a7903acb65085817243fafbcc99fe306df461d48dfb09b23242c5ac7228ac5
Fishing/Fishing/Ship_C04S02N0181.tiff,Fishing,2,file,FUSAR_Ship1.0/Fishing/Fishing/Ship_C04S02N0181.tiff,220090,d484ee3219884019c37dd953195550a180c95d61a3301bd1ab343353ddf3fbc7
Fishing/Fishing/Ship_C04S02N0182.tiff,Fishing,2,file,FUSAR_Ship1.0/Fishing/Fishing/Ship_C04S02N0182.tiff,259966,f44835ef0fd1099d2094a2bd14ac04c4a1c56e54252cd5a47de2de8df59584bf
Fishing/Fishing/Ship_C04S02N0183.tiff,Fishing,2,file,FUSAR_Ship1.0/Fishing/Fishing/Ship_C04S02N0183.tiff,263114,dd894f84abfbad8a726a868e783518a917ae4041070d6a90aa29e75aef7b2ae4
Fishing/Fishing/Ship_C04S02N0184.tiff,Fishing,2,file,FUSAR_Ship1.0/Fishing/Fishing/Ship_C04S02N0184.tiff,253024,a7c031dd16f20d719e40acea2f2691e180496681fa4915574b4a6fbaf661362a
Fishing/Fishing/Ship_C04S02N0185.tiff,Fishing,2,file,FUSAR_Ship1.0/Fishing/Fishing/Ship_C04S02N0185.tiff,250154,ee29b75e6be6dc2f3af0a1dc6e99b5a2151b971faafd13ff7a72f5a8986bb94c
Fishing/Fishing/Ship_C04S02N0186.tiff,Fishing,2,file,FUSAR_Ship1.0/Fishing/Fishing/Ship_C04S02N0186.tiff,245546,2f87bb69528e0dd87a13e0456645e62c38ab07574c4dad71938ac4aeeaada604
Fishing/Fishing/Ship_C04S02N0187.tiff,Fishing,2,file,FUSAR_Ship1.0/Fishing/Fishing/Ship_C04S02N0187.tiff,154076,0307dca47bacd5092223515c286141e1d9536a50b68f3f22a245388f4958c515
Fishing/Fishing/Ship_C04S02N0188.tiff,Fishing,2,file,FUSAR_Ship1.0/Fishing/Fishing/Ship_C04S02N0188.tiff,212344,545b262d71dc2db3308052bc8b8f6b86db99d77dc1cd7d5c946f834a8af62b51
Fishing/Fishing/Ship_C04S02N0189.tiff,Fishing,2,file,FUSAR_Ship1.0/Fishing/Fishing/Ship_C04S02N0189.tiff,210122,22c36c478f8bbe48085f66cc769936617d38b3aafab7a9013d8bbbc134325afb
Fishing/Fishing/Ship_C04S02N0190.tiff,Fishing,2,file,FUSAR_Ship1.0/Fishing/Fishing/Ship_C04S02N0190.tiff,213992,ddb7d3f1309511e8d4828c913d888f9efa81d2034511a391e1f309d02bc06d91
Fishing/Fishing/Ship_C04S02N0191.tiff,Fishing,2,file,FUSAR_Ship1.0/Fishing/Fishing/Ship_C04S02N0191.tiff,229158,51efd55415943671f8bde00aaf24e9c849bbf8a3a243e3dc1b81e1dddda52c68
Fishing/Fishing/Ship_C04S02N0192.tiff,Fishing,2,file,FUSAR_Ship1.0/Fishing/Fishing/Ship_C04S02N0192.tiff,237606,184848d301104f2b8dc30e33fa90c44d9267449ca95f30bdb8ff65cc87627518
Fishing/Fishing/Ship_C04S02N0193.tiff,Fishing,2,file,FUSAR_Ship1.0/Fishing/Fishing/Ship_C04S02N0193.tiff,223116,91bf593fb641650c45de1212172cf905c72cb5492d120cb4c94b981b48c33a7a
Fishing/Fishing/Ship_C04S02N0194.tiff,Fishing,2,file,FUSAR_Ship1.0/Fishing/Fishing/Ship_C04S02N0194.tiff,255478,458790f8f058b20fa875907d1401494d4739c5cf33e492b217783c6edd64299d
Fishing/Fishing/Ship_C04S02N0195.tiff,Fishing,2,file,FUSAR_Ship1.0/Fishing/Fishing/Ship_C04S02N0195.tiff,208814,b9d825dda4f52f02428e68781d339906a62bcbc25a4bb46d55020efdfdaeaea0
Fishing/Fishing/Ship_C04S02N0196.tiff,Fishing,2,file,FUSAR_Ship1.0/Fishing/Fishing/Ship_C04S02N0196.tiff,219478,9237e398bf314c20c2e481bfa2c3129a82690171374b6769b8b0e81934d15595
Fishing/Fishing/Ship_C04S02N0197.tiff,Fishing,2,file,FUSAR_Ship1.0/Fishing/Fishing/Ship_C04S02N0197.tiff,259592,31fc33f1399500530f02a36e19d7dfc80c5c8651e683925b2ecc537af1ce2603
Fishing/Fishing/Ship_C04S02N0198.tiff,Fishing,2,file,FUSAR_Ship1.0/Fishing/Fishing/Ship_C04S02N0198.tiff,242700,6ac116681f0856ebaa837d9396b2b24e846793a52b5c9de0a51fccefdf508b50
Fishing/Fishing/Ship_C04S02N0199.tiff,Fishing,2,file,FUSAR_Ship1.0/Fishing/Fishing/Ship_C04S02N0199.tiff,234946,bd0f86f82059b121b824fcb91b848ad17fda2ee9683be04e8d479e6cf3414ecc
Fishing/Fishing/Ship_C04S02N0200.tiff,Fishing,2,file,FUSAR_Ship1.0/Fishing/Fishing/Ship_C04S02N0200.tiff,234536,4d23b052d354a06d7c12615706c9e0143c26d51eee77344c4379866c5b3fba91
Fishing/Fishing/Ship_C04S02N0201.tiff,Fishing,2,file,FUSAR_Ship1.0/Fishing/Fishing/Ship_C04S02N0201.tiff,244796,e16a1f38a55818fd860784442aef756581a41f3b72a817e7b73aa03013298312
Fishing/Fishing/Ship_C04S02N0202.tiff,Fishing,2,file,FUSAR_Ship1.0/Fishing/Fishing/Ship_C04S02N0202.tiff,238588,59f170f7cadb6cff478ce2a27b73cb3fbe4e49cdeee0904591e1b7296c063f7f
Fishing/Fishing/Ship_C04S02N0203.tiff,Fishing,2,file,FUSAR_Ship1.0/Fishing/Fishing/Ship_C04S02N0203.tiff,231362,9bf16a4e22e5c901060357e5c2235fe0a2617882c2d06220f21ec32530bfca96
Fishing/Fishing/Ship_C04S02N0204.tiff,Fishing,2,file,FUSAR_Ship1.0/Fishing/Fishing/Ship_C04S02N0204.tiff,233788,585d3b6a9a9a16657ba75d1d8cefef70bae49164928ec839a8d92e1435e4a779
Fishing/Fishing/Ship_C04S02N0205.tiff,Fishing,2,file,FUSAR_Ship1.0/Fishing/Fishing/Ship_C04S02N0205.tiff,242646,bf09c3b8dab4b570eb4f783f0eb2d0c955aeb54b4a4f262bff6464f4e7c6a949
Fishing/Fishing/Ship_C04S02N0206.tiff,Fishing,2,file,FUSAR_Ship1.0/Fishing/Fishing/Ship_C04S02N0206.tiff,215540,c0bad718129a6bacf5e96ea82b553e5c22f398d9b18d13b1c89011a6f1efbbb6
Fishing/Fishing/Ship_C04S02N0207.tiff,Fishing,2,file,FUSAR_Ship1.0/Fishing/Fishing/Ship_C04S02N0207.tiff,216768,ab5b1de5db464f8c5ae8114715be293b641f571eae287163db48d85f4a638444
Fishing/Fishing/Ship_C04S02N0208.tiff,Fishing,2,file,FUSAR_Ship1.0/Fishing/Fishing/Ship_C04S02N0208.tiff,242476,4fb1857f7aec2ec6f82733b2103a036bd4b3bf90ff4c6970867d24dc3753bc3f
Fishing/Fishing/Ship_C04S02N0209.tiff,Fishing,2,file,FUSAR_Ship1.0/Fishing/Fishing/Ship_C04S02N0209.tiff,216030,44a080e0b4c8c05b47ce4f53a93d26dda252a4fbc82ded6b4a1364fe2b5bc650
Fishing/Fishing/Ship_C04S02N0210.tiff,Fishing,2,file,FUSAR_Ship1.0/Fishing/Fishing/Ship_C04S02N0210.tiff,244484,3fe1b5a0680fa1a560bf306981ccba0e547514af6c65e907d0bea880c48671a3
Fishing/Fishing/Ship_C04S02N0211.tiff,Fishing,2,file,FUSAR_Ship1.0/Fishing/Fishing/Ship_C04S02N0211.tiff,231142,d412afa6bdc97faad0f575f25371585e49c4130c449c308648acdf950ffc5aa4
Fishing/Fishing/Ship_C04S02N0212.tiff,Fishing,2,file,FUSAR_Ship1.0/Fishing/Fishing/Ship_C04S02N0212.tiff,220576,e6c3422a1536fc2ed5b9e15ba853680c1a156222e7ebe01e2f46396dab7dbab0
Fishing/Fishing/Ship_C04S02N0213.tiff,Fishing,2,file,FUSAR_Ship1.0/Fishing/Fishing/Ship_C04S02N0213.tiff,223984,2c8c5cee0ae4a648dfed1db35e10ae6394913263fec49f6af92be0d5a5b3eb29
Fishing/Fishing/Ship_C04S02N0214.tiff,Fishing,2,file,FUSAR_Ship1.0/Fishing/Fishing/Ship_C04S02N0214.tiff,223698,b075ede693977499370c76f46fad5b810c255e790f4f6b01e0d860bdfc16355b
Fishing/Fishing/Ship_C04S02N0215.tiff,Fishing,2,file,FUSAR_Ship1.0/Fishing/Fishing/Ship_C04S02N0215.tiff,246988,4a3f6e0bda96856493eb263badeff3e5a55e51f6dbcd13cbd2e0f36df75a73bd
Fishing/Fishing/Ship_C04S02N0216.tiff,Fishing,2,file,FUSAR_Ship1.0/Fishing/Fishing/Ship_C04S02N0216.tiff,260760,20a4a15521aac6c8bfd6b0d48b890085905f38d6a3ab78b6fbc1a669fc3b9224
Fishing/Fishing/Ship_C04S02N0217.tiff,Fishing,2,file,FUSAR_Ship1.0/Fishing/Fishing/Ship_C04S02N0217.tiff,254016,053314f8fcd73d4ee40bd646a4554e5d2af2917e3b77e0309d16256a5923bf06
Fishing/Fishing/Ship_C04S02N0218.tiff,Fishing,2,file,FUSAR_Ship1.0/Fishing/Fishing/Ship_C04S02N0218.tiff,263330,018b8fd34b726634aa25c0eecbe488bb513c98cad7b07b3d6a3f0c908acc1f6c
Fishing/Fishing/Ship_C04S02N0219.tiff,Fishing,2,file,FUSAR_Ship1.0/Fishing/Fishing/Ship_C04S02N0219.tiff,264932,ae19f3b753fc6be676f6204649c99c5444537eeb274da6e2f37051bb6c6cd5e6
Fishing/Fishing/Ship_C04S02N0220.tiff,Fishing,2,file,FUSAR_Ship1.0/Fishing/Fishing/Ship_C04S02N0220.tiff,244212,74981ba8486ceab23cc07d4e097c06b58c301b4a7c4f0a054c13da22e73137ab
Fishing/Fishing/Ship_C04S02N0221.tiff,Fishing,2,file,FUSAR_Ship1.0/Fishing/Fishing/Ship_C04S02N0221.tiff,265046,d6872e0c725ebd0fcaae25f8c744a47d51f6f77775f20557922cca464ba9c463
Fishing/Fishing/Ship_C04S02N0222.tiff,Fishing,2,file,FUSAR_Ship1.0/Fishing/Fishing/Ship_C04S02N0222.tiff,261462,dfeb99aa046d672b06f3dc16e60fa1c4b50812621487b03f07323853dfc27db5
Fishing/Fishing/Ship_C04S02N0223.tiff,Fishing,2,file,FUSAR_Ship1.0/Fishing/Fishing/Ship_C04S02N0223.tiff,251682,45713fa218c18deac4e4ca9a9192d2f08b52b3416195793404d5cb1eedd9ed90
Fishing/Fishing/Ship_C04S02N0224.tiff,Fishing,2,file,FUSAR_Ship1.0/Fishing/Fishing/Ship_C04S02N0224.tiff,255904,8285962965cb42939b0d7b5aabbdd0efc0618972392b564c9beb98c7bc302aca
Fishing/Fishing/Ship_C04S02N0225.tiff,Fishing,2,file,FUSAR_Ship1.0/Fishing/Fishing/Ship_C04S02N0225.tiff,242864,b3350027b90914d5c608915ae35a06920341840da3f25702b2af9af2e764cdc8
Fishing/Fishing/Ship_C04S02N0226.tiff,Fishing,2,file,FUSAR_Ship1.0/Fishing/Fishing/Ship_C04S02N0226.tiff,258330,eb679adb796bb7b6915802f6b17a4163e1c0e2d452b817053ad9155fc9218b5e
Fishing/Fishing/Ship_C04S02N0227.tiff,Fishing,2,file,FUSAR_Ship1.0/Fishing/Fishing/Ship_C04S02N0227.tiff,263592,fa2f3b793f3f9ecd3edcc8459d196fa3b3fbfb050ff79d02fb6be6f8baeded53
Fishing/Fishing/Ship_C04S02N0228.tiff,Fishing,2,file,FUSAR_Ship1.0/Fishing/Fishing/Ship_C04S02N0228.tiff,255900,22b3348b00f62804e78033076cb1971131c74f174d3aad4ee8094c0a0d0bd199
Fishing/Fishing/Ship_C04S02N0229.tiff,Fishing,2,file,FUSAR_Ship1.0/Fishing/Fishing/Ship_C04S02N0229.tiff,253932,f5551d7a0453c2a8b8f224fea47710f10aaa3c7d27d80345d23dee429af15259
Fishing/Fishing/Ship_C04S02N0230.tiff,Fishing,2,file,FUSAR_Ship1.0/Fishing/Fishing/Ship_C04S02N0230.tiff,254000,a09c517103d5bf974cc13b09aa2af211ed16a3dad0d993daa05993164920e8a0
Fishing/Fishing/Ship_C04S02N0231.tiff,Fishing,2,file,FUSAR_Ship1.0/Fishing/Fishing/Ship_C04S02N0231.tiff,252988,9564facd88bf235dd24f4eabd9a3a04be63ae5273391526ef87089354e291373
Fishing/Fishing/Ship_C04S02N0232.tiff,Fishing,2,file,FUSAR_Ship1.0/Fishing/Fishing/Ship_C04S02N0232.tiff,265568,4cd46ef2b5b2e016b6b83631ca581267a819aa8aca2d8c6450a99988cc4d983f
Fishing/Fishing/Ship_C04S02N0233.tiff,Fishing,2,file,FUSAR_Ship1.0/Fishing/Fishing/Ship_C04S02N0233.tiff,263610,ddb040edd98dc8fa6d0d4094041625a750bab38baa009f096ce14179e4bbd358
Fishing/Fishing/Ship_C04S02N0234.tiff,Fishing,2,file,FUSAR_Ship1.0/Fishing/Fishing/Ship_C04S02N0234.tiff,265720,8119240d5ba281862ac766b98850a1ca5905cc4006aa1ecf9be042b5ced3472e
Fishing/Fishing/Ship_C04S02N0235.tiff,Fishing,2,file,FUSAR_Ship1.0/Fishing/Fishing/Ship_C04S02N0235.tiff,254764,d258e6b5a3fa171c50b4aa0b30ae7acd7e5aca08cc1244ffdf5411ea45eddb21
Fishing/Fishing/Ship_C04S02N0236.tiff,Fishing,2,file,FUSAR_Ship1.0/Fishing/Fishing/Ship_C04S02N0236.tiff,256202,ad71a8b0c4b18f4354e76156507b6393cfb6cf50402fb65795a58c4867b0dbfe
Fishing/Fishing/Ship_C04S02N0237.tiff,Fishing,2,file,FUSAR_Ship1.0/Fishing/Fishing/Ship_C04S02N0237.tiff,248396,16bf90aca2af3087fd79835efc85eb86d2518dc9ab8dcae98586b6a281e7374d
Fishing/Fishing/Ship_C04S02N0238.tiff,Fishing,2,file,FUSAR_Ship1.0/Fishing/Fishing/Ship_C04S02N0238.tiff,250332,d9b6db5ddca24f62100e9495e01da84a78ad9c244d414350046e17c06e51098e
Fishing/Fishing/Ship_C04S02N0239.tiff,Fishing,2,file,FUSAR_Ship1.0/Fishing/Fishing/Ship_C04S02N0239.tiff,248396,aa671fe12d69da7475b86e042c52ef0a953d49efc6e0faee6cc1f340078d9b5c
Fishing/Fishing/Ship_C04S02N0240.tiff,Fishing,2,file,FUSAR_Ship1.0/Fishing/Fishing/Ship_C04S02N0240.tiff,254606,fbb14cca7003a82451e7e1106dba61610f4ac88fad05a9268d66646a6810823e
Fishing/Fishing/Ship_C04S02N0241.tiff,Fishing,2,file,FUSAR_Ship1.0/Fishing/Fishing/Ship_C04S02N0241.tiff,265220,ece60dbbccf28e2e664f65c4a55519ae184cb46df6cef259b0f7941b1d5a0756
Fishing/Fishing/Ship_C04S02N0242.tiff,Fishing,2,file,FUSAR_Ship1.0/Fishing/Fishing/Ship_C04S02N0242.tiff,252810,aa385da453fe325a52d3ec874919fc5f61051294cb596252a117c7ab3a810e72
Fishing/Fishing/Ship_C04S02N0243.tiff,Fishing,2,file,FUSAR_Ship1.0/Fishing/Fishing/Ship_C04S02N0243.tiff,253262,058ac24d9a66b55fbbb16dc6c0ca32692814b5f2f81f5720448921a6eaa8d680
Fishing/Fishing/Ship_C04S02N0244.tiff,Fishing,2,file,FUSAR_Ship1.0/Fishing/Fishing/Ship_C04S02N0244.tiff,263678,a4aa4d69cf50b60e017e319d09fc089c47d15d457cced3ded42be31fd0f4e3e0
Fishing/Fishing/Ship_C04S02N0245.tiff,Fishing,2,file,FUSAR_Ship1.0/Fishing/Fishing/Ship_C04S02N0245.tiff,254066,5cb3330a168f1e39fe5ff15e3d145250e7a6ec9f70e0e7c549e8d830056b710b
Fishing/Fishing/Ship_C04S02N0246.tiff,Fishing,2,file,FUSAR_Ship1.0/Fishing/Fishing/Ship_C04S02N0246.tiff,184264,f3c47238286f5c3f086aa34967dcc15e00a1066777d719bc72d56b4e71248a2e
Fishing/Fishing/Ship_C04S02N0247.tiff,Fishing,2,file,FUSAR_Ship1.0/Fishing/Fishing/Ship_C04S02N0247.tiff,257172,bfd50f3aadd41d59ef52fa6a9ad4c0a829074b331478452db2866fc215cae836
Fishing/Fishing/Ship_C04S02N0248.tiff,Fishing,2,file,FUSAR_Ship1.0/Fishing/Fishing/Ship_C04S02N0248.tiff,262154,e1f52d6cebc4676243c4671d5e50ced5a4d91d1770a15b426a5e8cac5c0662ef
Fishing/Fishing/Ship_C04S02N0249.tiff,Fishing,2,file,FUSAR_Ship1.0/Fishing/Fishing/Ship_C04S02N0249.tiff,251266,2b647c307e9d867607a6cc1b5a356128cbea3cc12a7da052d956cbfd4a29de61
Fishing/Fishing/Ship_C04S02N0250.tiff,Fishing,2,file,FUSAR_Ship1.0/Fishing/Fishing/Ship_C04S02N0250.tiff,262944,6d448c6edfdc33de9f22aa5084d887b10c5552a25b20216434ad136cf1ec9eb3
Fishing/Fishing/Ship_C04S02N0251.tiff,Fishing,2,file,FUSAR_Ship1.0/Fishing/Fishing/Ship_C04S02N0251.tiff,260806,a3e8c832b93eedb523923427652965bdc9ebd15a9b088734a5431877502d8e05
Fishing/Fishing/Ship_C04S02N0252.tiff,Fishing,2,file,FUSAR_Ship1.0/Fishing/Fishing/Ship_C04S02N0252.tiff,264850,c5b210406006d795b87d1a1d07231c146c5f55f81cc01889ce9fe3c57dbfb83b
Fishing/Fishing/Ship_C04S02N0253.tiff,Fishing,2,file,FUSAR_Ship1.0/Fishing/Fishing/Ship_C04S02N0253.tiff,249978,96b9640685e0159f39b7065e73e96d07158e3775b5b8dcaba1630ebc960b9cec
Fishing/Fishing/Ship_C04S02N0254.tiff,Fishing,2,file,FUSAR_Ship1.0/Fishing/Fishing/Ship_C04S02N0254.tiff,252870,f36d3d59b0f2d9b16d44b35abc70e357eac1755b3f0c07d98d1d86dd2e9174a6
Fishing/Fishing/Ship_C04S02N0255.tiff,Fishing,2,file,FUSAR_Ship1.0/Fishing/Fishing/Ship_C04S02N0255.tiff,252052,1ff9e46f81938399c8e7ccd7a238f1f8c5daee45b61efa48d9dab2f90e5bca42
Fishing/Fishing/Ship_C04S02N0256.tiff,Fishing,2,file,FUSAR_Ship1.0/Fishing/Fishing/Ship_C04S02N0256.tiff,260844,1001dacf8be7d00bf57acda1e3e510fc12161a1e2faaff8b5fd4caedc2bfe5ed
Fishing/Fishing/Ship_C04S02N0257.tiff,Fishing,2,file,FUSAR_Ship1.0/Fishing/Fishing/Ship_C04S02N0257.tiff,265682,04f2c0121a89b360820b1ca6ab6fc12805dce793884cde51a30c50af5cd808e7
Fishing/Fishing/Ship_C04S02N0258.tiff,Fishing,2,file,FUSAR_Ship1.0/Fishing/Fishing/Ship_C04S02N0258.tiff,265624,1ab5597d86c906508534e46b58cbc6293aca2f7e99a98f7934d12314e552acd5
Fishing/Fishing/Ship_C04S02N0259.tiff,Fishing,2,file,FUSAR_Ship1.0/Fishing/Fishing/Ship_C04S02N0259.tiff,265540,b1bd9a8daf4fe10a684ff8f9fffcca825d0b1a79a84a4f1a32d662c8ef8ca054
Fishing/Fishing/Ship_C04S02N0260.tiff,Fishing,2,file,FUSAR_Ship1.0/Fishing/Fishing/Ship_C04S02N0260.tiff,251124,f0fb4dbdabaaa734e3db661952ca7d7a0f2ea7deb6a8513909f011a713c86b71
Fishing/Fishing/Ship_C04S02N0261.tiff,Fishing,2,file,FUSAR_Ship1.0/Fishing/Fishing/Ship_C04S02N0261.tiff,263094,539a8301002783def8e9066a7f34643c9b65af8124b0daffcf9e0a79ddd0d926
Fishing/Fishing/Ship_C04S02N0262.tiff,Fishing,2,file,FUSAR_Ship1.0/Fishing/Fishing/Ship_C04S02N0262.tiff,265016,b030b56f89fc0167dfd1acf03ad32c8489040c22452216cdff3666ee14650e79
Fishing/Fishing/Ship_C04S02N0263.tiff,Fishing,2,file,FUSAR_Ship1.0/Fishing/Fishing/Ship_C04S02N0263.tiff,264700,a16e7cdd50f46318f44998b936dda5dbf3b55f9016908930d3dc743a5ff73a6d
Fishing/Fishing/Ship_C04S02N0264.tiff,Fishing,2,file,FUSAR_Ship1.0/Fishing/Fishing/Ship_C04S02N0264.tiff,264380,25156a0ee1e2b17529510aa957199713aa99dc19d10bdc87b65d7a04674f7434
Fishing/Fishing/Ship_C04S02N0265.tiff,Fishing,2,file,FUSAR_Ship1.0/Fishing/Fishing/Ship_C04S02N0265.tiff,248770,46a193fcd7c5d99af4741b66a6723c8bdc2765b2739ec0844cfe9bc70916ff6c
Fishing/Fishing/Ship_C04S02N0266.tiff,Fishing,2,file,FUSAR_Ship1.0/Fishing/Fishing/Ship_C04S02N0266.tiff,263200,a84c831b3e43b8fbb950f43b1b5297551f8e7a38918a393c20b3885a903c6fe4
Fishing/Fishing/Ship_C04S02N0267.tiff,Fishing,2,file,FUSAR_Ship1.0/Fishing/Fishing/Ship_C04S02N0267.tiff,254660,479a4b4adc076b826dcb1ede0fa7507cc20e89d19fb32b479d790ee2c41ac446
Fishing/Fishing/Ship_C04S02N0268.tiff,Fishing,2,file,FUSAR_Ship1.0/Fishing/Fishing/Ship_C04S02N0268.tiff,264238,62fbbf7cfc8e83184ef0da09262d4e8a762a6ad7685ad88295cc42b1c67b16dc
Fishing/Fishing/Ship_C04S02N0269.tiff,Fishing,2,file,FUSAR_Ship1.0/Fishing/Fishing/Ship_C04S02N0269.tiff,249824,e6f6429fb2cc9a0204f4aaf40d200153eff13ed9597dbfb02f86200b38a726d4
Fishing/Fishing/Ship_C04S02N0270.tiff,Fishing,2,file,FUSAR_Ship1.0/Fishing/Fishing/Ship_C04S02N0270.tiff,255272,c037a1b35706a4e5856341b47f1842d368a371e540ae373a0995b37f94e2c5a3
Fishing/Fishing/Ship_C04S02N0271.tiff,Fishing,2,file,FUSAR_Ship1.0/Fishing/Fishing/Ship_C04S02N0271.tiff,254526,9f1955e302b7ba99beb1a083fc6be3e10bcea66ff8670baef784bfa88735c0e9
Fishing/Fishing/Ship_C04S02N0272.tiff,Fishing,2,file,FUSAR_Ship1.0/Fishing/Fishing/Ship_C04S02N0272.tiff,262112,21793ef97cd40f3eacc0625e559f9dc82fd501fa8af14f8ea384df4a333428d5
Fishing/Fishing/Ship_C04S02N0273.tiff,Fishing,2,file,FUSAR_Ship1.0/Fishing/Fishing/Ship_C04S02N0273.tiff,253228,1a2e491d6958d2e6491c254e386619ba80081100030e752d7dfa241254db51de
Fishing/Fishing/Ship_C04S02N0274.tiff,Fishing,2,file,FUSAR_Ship1.0/Fishing/Fishing/Ship_C04S02N0274.tiff,265156,86b0a266645e423f95d0fcc9cf134d1e52b40d235a85302edd93f442e3e2262c
Fishing/Fishing/Ship_C04S02N0275.tiff,Fishing,2,file,FUSAR_Ship1.0/Fishing/Fishing/Ship_C04S02N0275.tiff,262508,0b02baf43064754c6c511ed939788a843650e0f345379e30b3c83be4c05ba57a
Fishing/Fishing/Ship_C04S02N0276.tiff,Fishing,2,file,FUSAR_Ship1.0/Fishing/Fishing/Ship_C04S02N0276.tiff,255656,f548081255af6dc2e75250ba6ae2a6eec9af2afd7d31876e7cb72b0cca448a37
Fishing/Fishing/Ship_C04S02N0277.tiff,Fishing,2,file,FUSAR_Ship1.0/Fishing/Fishing/Ship_C04S02N0277.tiff,252150,120dbdaf192e7484f9c0593e554d522ba1788847cb1d89a4e38894cc4109c5be
Fishing/Fishing/Ship_C04S02N0278.tiff,Fishing,2,file,FUSAR_Ship1.0/Fishing/Fishing/Ship_C04S02N0278.tiff,264962,35a2dca54a512b87484860e6417879112849966da2803a8d345b59428151b8ec
Fishing/Fishing/Ship_C04S02N0279.tiff,Fishing,2,file,FUSAR_Ship1.0/Fishing/Fishing/Ship_C04S02N0279.tiff,252722,b47b7b245ebd31aaa0c37113257f0c579fdc0db1197759c57a2d5ffb7ca9b5f3
Fishing/Fishing/Ship_C04S02N0280.tiff,Fishing,2,file,FUSAR_Ship1.0/Fishing/Fishing/Ship_C04S02N0280.tiff,232174,34727fd83dad1f9037b55a306695dda480c9847452febc0791a78bf69b0f5c37
Fishing/Fishing/Ship_C04S02N0281.tiff,Fishing,2,file,FUSAR_Ship1.0/Fishing/Fishing/Ship_C04S02N0281.tiff,189054,3fef19b9bfe841f0c1b8e1574da21b55df907e71d7e0d2b797a131c5fa02bb88
Fishing/Fishing/Ship_C04S02N0282.tiff,Fishing,2,file,FUSAR_Ship1.0/Fishing/Fishing/Ship_C04S02N0282.tiff,244764,0b1b8f779ff539e2f03c0229e8ec0542d5d6f169540c35aa211c6cabd71c875e
Fishing/Fishing/Ship_C04S02N0283.tiff,Fishing,2,file,FUSAR_Ship1.0/Fishing/Fishing/Ship_C04S02N0283.tiff,169366,cc8adc43f43284f85b92680cfe9aa8c78f368f302c6483de2f76d30e7803ca56
Fishing/Fishing/Ship_C04S02N0284.tiff,Fishing,2,file,FUSAR_Ship1.0/Fishing/Fishing/Ship_C04S02N0284.tiff,211552,07a77f9badce6ff4dec5d06139d05f2e10980f61b048224c9e54a746918e2853
Fishing/Fishing/Ship_C04S02N0285.tiff,Fishing,2,file,FUSAR_Ship1.0/Fishing/Fishing/Ship_C04S02N0285.tiff,182784,7fa6937516238f4dec50a08e19979eae9e37654bc6bf377d5e99947c8c16386d
Fishing/Fishing/Ship_C04S02N0286.tiff,Fishing,2,file,FUSAR_Ship1.0/Fishing/Fishing/Ship_C04S02N0286.tiff,169366,cc8adc43f43284f85b92680cfe9aa8c78f368f302c6483de2f76d30e7803ca56
Fishing/Fishing/Ship_C04S02N0287.tiff,Fishing,2,file,FUSAR_Ship1.0/Fishing/Fishing/Ship_C04S02N0287.tiff,148354,e7353483b07ce27c9c7f1831f8b488289e6207f613e4ff5cfa6d926e609f618d
Fishing/Fishing/Ship_C04S02N0288.tiff,Fishing,2,file,FUSAR_Ship1.0/Fishing/Fishing/Ship_C04S02N0288.tiff,211552,07a77f9badce6ff4dec5d06139d05f2e10980f61b048224c9e54a746918e2853
Fishing/Fishing/Ship_C04S02N0289.tiff,Fishing,2,file,FUSAR_Ship1.0/Fishing/Fishing/Ship_C04S02N0289.tiff,183572,8c125ad76067450449deacf95edda1be845911bb751bcf3b48edb9e9c48a36df
Fishing/Fishing/Ship_C04S02N0290.tiff,Fishing,2,file,FUSAR_Ship1.0/Fishing/Fishing/Ship_C04S02N0290.tiff,204466,252bf52606b033254b3355365c6feeca1e0a79bda780cc6a1fe856030af0e62f
Fishing/Fishing/Ship_C04S02N0291.tiff,Fishing,2,file,FUSAR_Ship1.0/Fishing/Fishing/Ship_C04S02N0291.tiff,238466,b985511c8ecc3d44e4999396d1a690da8d3412c2ad69d94e8090721ef223d6e7
Fishing/Fishing/Ship_C04S02N0292.tiff,Fishing,2,file,FUSAR_Ship1.0/Fishing/Fishing/Ship_C04S02N0292.tiff,211220,d05c45ff805451fa54da35ae7206fa27660a61a561af8da0e22fd0478d9b7037
Fishing/Fishing/Ship_C04S02N0293.tiff,Fishing,2,file,FUSAR_Ship1.0/Fishing/Fishing/Ship_C04S02N0293.tiff,247954,c8429bbd67d0cfb6b5c362a4a60cbc5f8c8fd2c0f7384f4b1b5d5c39d132cb79
Fishing/Fishing/Ship_C04S02N0294.tiff,Fishing,2,file,FUSAR_Ship1.0/Fishing/Fishing/Ship_C04S02N0294.tiff,262628,4045bbd7382506d8fed2cd547ac5599fbd5c68eddf46e906d50ea6083985fa97
Fishing/Fishing/Ship_C04S02N0295.tiff,Fishing,2,file,FUSAR_Ship1.0/Fishing/Fishing/Ship_C04S02N0295.tiff,238808,6617cd80887f35ece72946914e349d1eb8fe16d7bfa508361590cde8c7c9ef02
Fishing/Fishing/Ship_C04S02N0296.tiff,Fishing,2,file,FUSAR_Ship1.0/Fishing/Fishing/Ship_C04S02N0296.tiff,264594,8a25466efc85b27521e2db75fc37f8f4cfed6cab239c6fc74b1d14d301db4c03
Fishing/Fishing/Ship_C04S02N0297.tiff,Fishing,2,file,FUSAR_Ship1.0/Fishing/Fishing/Ship_C04S02N0297.tiff,252166,a2aa15f85ab3287bc0abdf85e509ed41dcca060ea7f5b72ce645ffd49033bbf9
Fishing/Fishing/Ship_C04S02N0298.tiff,Fishing,2,file,FUSAR_Ship1.0/Fishing/Fishing/Ship_C04S02N0298.tiff,251142,b42496045517a77235c8ee16534534bd03f4e6d5821c0b5eedd144e29c9518fe
Fishing/Fishing/Ship_C04S02N0299.tiff,Fishing,2,file,FUSAR_Ship1.0/Fishing/Fishing/Ship_C04S02N0299.tiff,264542,379ebf84d803070ed11fb4041065a11f656a0d8318d119f7e41316f3d4aa9f19
Fishing/Fishing/Ship_C04S02N0300.tiff,Fishing,2,file,FUSAR_Ship1.0/Fishing/Fishing/Ship_C04S02N0300.tiff,247340,37ceb7fcc1c1595446a173ddd79282e5617b8cff3ed9acbc5c46bb7c7df546be
Fishing/Fishing/Ship_C04S02N0301.tiff,Fishing,2,file,FUSAR_Ship1.0/Fishing/Fishing/Ship_C04S02N0301.tiff,244506,80055dfd417f127b5ca518cc4fdb90f1053910b7a9a21de0ccdbe2ef2ea1ec6b
Fishing/Fishing/Ship_C04S02N0302.tiff,Fishing,2,file,FUSAR_Ship1.0/Fishing/Fishing/Ship_C04S02N0302.tiff,248928,73bc6bbbbe5589dc873709ef5baabc9fa74ccc645cc3d55b290fb4da04eef3a9
Fishing/Fishing/Ship_C04S02N0303.tiff,Fishing,2,file,FUSAR_Ship1.0/Fishing/Fishing/Ship_C04S02N0303.tiff,262050,7ff360068fbde2bee41700f2a871ed610a55de896e339737c9cace08f184e2ff
Fishing/Fishing/Ship_C04S02N0304.tiff,Fishing,2,file,FUSAR_Ship1.0/Fishing/Fishing/Ship_C04S02N0304.tiff,248990,09c27cba33e504e2e76238dce03a515c6ece974216f37fc1796ac3b1717083cc
Fishing/Fishing/Ship_C04S02N0305.tiff,Fishing,2,file,FUSAR_Ship1.0/Fishing/Fishing/Ship_C04S02N0305.tiff,260472,c9709bce8fa53a2f802ca71e37bd766039f76d8ae707c47a141fe8672048e2ce
Fishing/Fishing/Ship_C04S02N0306.tiff,Fishing,2,file,FUSAR_Ship1.0/Fishing/Fishing/Ship_C04S02N0306.tiff,260918,4a711447ce3ce547c5424099a10779f985011d632f05aae2d1712c2ffc073066
Fishing/Fishing/Ship_C04S02N0307.tiff,Fishing,2,file,FUSAR_Ship1.0/Fishing/Fishing/Ship_C04S02N0307.tiff,145844,899c8f448fa001891412af01cb8239b4ad7e22225e0c032e470507d18c6022f2
Fishing/Fishing/Ship_C04S02N0308.tiff,Fishing,2,file,FUSAR_Ship1.0/Fishing/Fishing/Ship_C04S02N0308.tiff,255018,5609b41eb8be35163f42df7207fa106043b98fffec98a80d76e95b98ef47e229
Fishing/Fishing/Ship_C04S02N0309.tiff,Fishing,2,file,FUSAR_Ship1.0/Fishing/Fishing/Ship_C04S02N0309.tiff,259116,d5f427f45a4d5d6d71933dd626f8412d827089b127140200c393927c8432414e
Fishing/Fishing/Ship_C04S02N0310.tiff,Fishing,2,file,FUSAR_Ship1.0/Fishing/Fishing/Ship_C04S02N0310.tiff,228838,d1f900618314877cf0a8829a5454fbdde5be3f627cf022eee3ed509b6f281922
Fishing/Fishing/Ship_C04S02N0311.tiff,Fishing,2,file,FUSAR_Ship1.0/Fishing/Fishing/Ship_C04S02N0311.tiff,273168,c8c6b2f35abce3ccd33fc7b7e89a14c15f9ddbc266634ffc0169003023745371
Fishing/Fishing/Ship_C04S02N0312.tiff,Fishing,2,file,FUSAR_Ship1.0/Fishing/Fishing/Ship_C04S02N0312.tiff,245170,ff8e53b6ccbce44aae7dbfa816f2907f1b298a20e32503002a442beaae3059f3
Fishing/Fishing/Ship_C04S02N0313.tiff,Fishing,2,file,FUSAR_Ship1.0/Fishing/Fishing/Ship_C04S02N0313.tiff,267460,b76b522f2618c93fc030515d7a0101f5f539e8a7fd65421b2766cc8c1cadb1a1
Fishing/Fishing/Ship_C04S02N0314.tiff,Fishing,2,file,FUSAR_Ship1.0/Fishing/Fishing/Ship_C04S02N0314.tiff,276564,e8572b7b55432d2324d6215b6b440127fd16e55af7682799001784e569eaa1db
Fishing/Fishing/Ship_C04S02N0315.tiff,Fishing,2,file,FUSAR_Ship1.0/Fishing/Fishing/Ship_C04S02N0315.tiff,274084,38b05b7f084f3fb83e231723afe1e7c4306b95dd14fa73b95ebee78201fdd1b1
Fishing/Fishing/Ship_C04S02N0316.tiff,Fishing,2,file,FUSAR_Ship1.0/Fishing/Fishing/Ship_C04S02N0316.tiff,239698,bb5611eb40e2956fdbbd73e32bcfd05a09d69d2f5d47f42fcf5ef66c91edc6b1
Fishing/Fishing/Ship_C04S02N0317.tiff,Fishing,2,file,FUSAR_Ship1.0/Fishing/Fishing/Ship_C04S02N0317.tiff,239948,ecb423695b2fba3920a49d7b7b8f813a12ef34b4241038ba8fa739ba03f9986f
Fishing/Fishing/Ship_C04S02N0318.tiff,Fishing,2,file,FUSAR_Ship1.0/Fishing/Fishing/Ship_C04S02N0318.tiff,245526,d42cc8372e868d591fd457e8f2472908475023e0027535696cf6028606606b1d
Fishing/Fishing/Ship_C04S02N0319.tiff,Fishing,2,file,FUSAR_Ship1.0/Fishing/Fishing/Ship_C04S02N0319.tiff,247816,ee100f75bd100d5e31af1e40ffded9b8d4ba2f60c730493675149d2e46370cb3
Fishing/Fishing/Ship_C04S02N0320.tiff,Fishing,2,file,FUSAR_Ship1.0/Fishing/Fishing/Ship_C04S02N0320.tiff,241540,494bedee85ec32a23d8f44dbdaeaf6a79877ce4871b2e760f7454b499091d88a
Fishing/Fishing/Ship_C04S02N0321.tiff,Fishing,2,file,FUSAR_Ship1.0/Fishing/Fishing/Ship_C04S02N0321.tiff,255352,d317571b3ef882db00348cbf3a25ab64e31ae0fa2a293e9dead9ab223ac8bc2f
Fishing/Fishing/Ship_C04S02N0322.tiff,Fishing,2,file,FUSAR_Ship1.0/Fishing/Fishing/Ship_C04S02N0322.tiff,260012,eb7b9c239c6b6ce4d15921073de928536d1a8b28a5347f7ef73f28488823c5b0
Fishing/Fishing/Ship_C04S02N0323.tiff,Fishing,2,file,FUSAR_Ship1.0/Fishing/Fishing/Ship_C04S02N0323.tiff,259110,68b360e656ee96918eb72c146cb3300f64af2af8d87574adbf79bc2880091b1a
Fishing/Fishing/Ship_C04S02N0324.tiff,Fishing,2,file,FUSAR_Ship1.0/Fishing/Fishing/Ship_C04S02N0324.tiff,252694,aa3281149f8660c03277e7e0317aaaf50988966b64cb645b170efd67e9b44118
Fishing/Fishing/Ship_C04S02N0325.tiff,Fishing,2,file,FUSAR_Ship1.0/Fishing/Fishing/Ship_C04S02N0325.tiff,260866,5e259e5acda7c14613ed2fab36fa12e3b2c4583eaf6eb1505e6625238c04ddf2
Fishing/Fishing/Ship_C04S02N0326.tiff,Fishing,2,file,FUSAR_Ship1.0/Fishing/Fishing/Ship_C04S02N0326.tiff,253542,0bef9a258b7622d071575e5db440e1cf035b7810b59888c8339956f0934b136f
Fishing/Fishing/Ship_C04S02N0327.tiff,Fishing,2,file,FUSAR_Ship1.0/Fishing/Fishing/Ship_C04S02N0327.tiff,258902,8fd11087d3bcee6865ebbf12b4b192940031782b7a67c3f7ec226286918d824e
Fishing/Fishing/Ship_C04S02N0328.tiff,Fishing,2,file,FUSAR_Ship1.0/Fishing/Fishing/Ship_C04S02N0328.tiff,254570,872c4a3609256bf9e6510fcc5bd4c980d7f484918599b99933e8f6258bf9513f
Fishing/Fishing/Ship_C04S02N0329.tiff,Fishing,2,file,FUSAR_Ship1.0/Fishing/Fishing/Ship_C04S02N0329.tiff,255330,f11a78ad77c726f43a6425632e759d70bc1248b1523697b1f196a25cf3f2a7b2
Fishing/Fishing/Ship_C04S02N0330.tiff,Fishing,2,file,FUSAR_Ship1.0/Fishing/Fishing/Ship_C04S02N0330.tiff,262358,bc2c9893505a5ca14484cddcf44f7b1cabf1db074f87b508eed4433e5e0bf71c
Fishing/Fishing/Ship_C04S02N0331.tiff,Fishing,2,file,FUSAR_Ship1.0/Fishing/Fishing/Ship_C04S02N0331.tiff,258204,204ac532d19b130ec81351d23ceba725a9a8c01204143883dcd553ea3f4f4241
Fishing/Fishing/Ship_C04S02N0332.tiff,Fishing,2,file,FUSAR_Ship1.0/Fishing/Fishing/Ship_C04S02N0332.tiff,253262,2511a8c5ee231c70ee92169e553cc9e397eb58345a7d6ebc64510db25ad8e524
Fishing/Fishing/Ship_C04S02N0333.tiff,Fishing,2,file,FUSAR_Ship1.0/Fishing/Fishing/Ship_C04S02N0333.tiff,266440,f1c3294f3f3d9910686eee15a810cff3fa00e94ea0f074d5de404cb0a06650d1
Fishing/Fishing/Ship_C04S02N0334.tiff,Fishing,2,file,FUSAR_Ship1.0/Fishing/Fishing/Ship_C04S02N0334.tiff,258356,3e010dbe2224bebadef1438e5c374ef62f59b6597cea146a802ca6885620d540
Fishing/Fishing/Ship_C04S02N0335.tiff,Fishing,2,file,FUSAR_Ship1.0/Fishing/Fishing/Ship_C04S02N0335.tiff,262594,f571b568a69ce59e993b3a91a9f78abe884e8e31f15740a48b0d69ddc08efc92
Fishing/Fishing/Ship_C04S02N0336.tiff,Fishing,2,file,FUSAR_Ship1.0/Fishing/Fishing/Ship_C04S02N0336.tiff,235298,7305f24a34f87608bab59c0e0d4b1d65cf2bccc8c4c8a0384a8965d87bb060ef
Fishing/Fishing/Ship_C04S02N0337.tiff,Fishing,2,file,FUSAR_Ship1.0/Fishing/Fishing/Ship_C04S02N0337.tiff,243568,3a8180624a09ec7fd5f794e9870e1d856f9526e1d532708bfa7d15d1c3cc8adc
Fishing/Fishing/Ship_C04S02N0338.tiff,Fishing,2,file,FUSAR_Ship1.0/Fishing/Fishing/Ship_C04S02N0338.tiff,259554,d10e7901a5c7cf901778369acd1735de922671426f7c2269294e9225fb5368cf
Fishing/Fishing/Ship_C04S02N0339.tiff,Fishing,2,file,FUSAR_Ship1.0/Fishing/Fishing/Ship_C04S02N0339.tiff,266636,ed9c52e374b2435cbff16ddf245553c3c6abccf6c4149715e4f78c354c4b13a3
Fishing/Fishing/Ship_C04S02N0340.tiff,Fishing,2,file,FUSAR_Ship1.0/Fishing/Fishing/Ship_C04S02N0340.tiff,264660,e541edf34587a1aad29cbf76235871b903eea75d48a2500581447e6c7f139d6f
Fishing/Fishing/Ship_C04S02N0341.tiff,Fishing,2,file,FUSAR_Ship1.0/Fishing/Fishing/Ship_C04S02N0341.tiff,263044,28232f4b7f3cd3de0a807c04bbff634f6aa4a6fa196cd10e935f2073f5af8dd9
Fishing/Fishing/Ship_C04S02N0342.tiff,Fishing,2,file,FUSAR_Ship1.0/Fishing/Fishing/Ship_C04S02N0342.tiff,259486,83202e85bfa9f46cb5c3abd3b965205ff2547f01c9cc74cf5ad0d6e7bf1d50ae
Fishing/Fishing/Ship_C04S02N0343.tiff,Fishing,2,file,FUSAR_Ship1.0/Fishing/Fishing/Ship_C04S02N0343.tiff,262080,571b8db22b84ef2e77bf7869e07248c44d41ac733ba9ef5205487818fecc29a4
Fishing/Fishing/Ship_C04S02N0344.tiff,Fishing,2,file,FUSAR_Ship1.0/Fishing/Fishing/Ship_C04S02N0344.tiff,263502,8856c4576794661e0f20f8343e31dc55c466f00609b94fd5b3e2dc4ccdb84dfa
Fishing/Fishing/Ship_C04S02N0345.tiff,Fishing,2,file,FUSAR_Ship1.0/Fishing/Fishing/Ship_C04S02N0345.tiff,262408,023e68df1c0a37da0ee80a614566250a8af6f70dac26b801718ab095d0b859e5
Fishing/Fishing/Ship_C04S02N0346.tiff,Fishing,2,file,FUSAR_Ship1.0/Fishing/Fishing/Ship_C04S02N0346.tiff,266260,23f35dbc18a47698d5efd34a4c3ba7806760541b3a6d0b8cec0818e7f191941b
Fishing/Fishing/Ship_C04S02N0347.tiff,Fishing,2,file,FUSAR_Ship1.0/Fishing/Fishing/Ship_C04S02N0347.tiff,259362,c9307939794b0e02ba1c3f8f98e81e715f393530ecb36d525b50684bbdf39852
Fishing/Fishing/Ship_C04S02N0348.tiff,Fishing,2,file,FUSAR_Ship1.0/Fishing/Fishing/Ship_C04S02N0348.tiff,263186,129f687bdc0d9b9e1161e76e107bf1dfa4874e7ac3a2f62fc3cdd5afb8a8e26c
Fishing/Fishing/Ship_C04S02N0349.tiff,Fishing,2,file,FUSAR_Ship1.0/Fishing/Fishing/Ship_C04S02N0349.tiff,173500,2428227672031fe0bbba48dc2a1bf0d7e40f9c259b6d7a51fb671ddbfaeff0ca
Fishing/Fishing/Ship_C04S02N0350.tiff,Fishing,2,file,FUSAR_Ship1.0/Fishing/Fishing/Ship_C04S02N0350.tiff,266294,7c82296cc283bab45902a2f1664f4bf3b06e84e13c9c0b160e212172b83f6308
Fishing/Fishing/Ship_C04S02N0351.tiff,Fishing,2,file,FUSAR_Ship1.0/Fishing/Fishing/Ship_C04S02N0351.tiff,265944,01875505a9f1cd363cb8aa55266e2be13c45291b36d5a68a0f93555d3250fc48
Fishing/Fishing/Ship_C04S02N0352.tiff,Fishing,2,file,FUSAR_Ship1.0/Fishing/Fishing/Ship_C04S02N0352.tiff,245052,a3b2a0c9aea63234d7b8d07838f7a13ca168e7bcc87cacf19c8637c915d62272
Fishing/Fishing/Ship_C04S02N0353.tiff,Fishing,2,file,FUSAR_Ship1.0/Fishing/Fishing/Ship_C04S02N0353.tiff,264382,e97795b37b3cf9f2bab0703652e22ef517cca989f599c263e3c15f6a79043e59
Fishing/Fishing/Ship_C04S02N0354.tiff,Fishing,2,file,FUSAR_Ship1.0/Fishing/Fishing/Ship_C04S02N0354.tiff,257940,6af1a8c52c9833190a1804b3d0d73639ca2a021e310697a121fccb503f30e8e0
Fishing/Fishing/Ship_C04S02N0355.tiff,Fishing,2,file,FUSAR_Ship1.0/Fishing/Fishing/Ship_C04S02N0355.tiff,240414,14652b501949476226bcb448e4ab8092d31f909176204ea1c9984b5a93f5c6d0
Fishing/Fishing/Ship_C04S02N0356.tiff,Fishing,2,file,FUSAR_Ship1.0/Fishing/Fishing/Ship_C04S02N0356.tiff,255458,be6b267cd80206795a13f4e8115784e97b6ad7ac5a7e95d2cb627f21e02acb07
Fishing/Fishing/Ship_C04S02N0357.tiff,Fishing,2,file,FUSAR_Ship1.0/Fishing/Fishing/Ship_C04S02N0357.tiff,258318,73d95eae99ea128011d834d1a9725b99c3f884351ca47cf5183234cda6eba423
Fishing/Fishing/Ship_C04S02N0358.tiff,Fishing,2,file,FUSAR_Ship1.0/Fishing/Fishing/Ship_C04S02N0358.tiff,249518,cb3c3f5b78b2d630f66a42cb1c1ae4ebfbbd2e0521fd7cb666e4271eb1c01a0b
Fishing/Fishing/Ship_C04S02N0359.tiff,Fishing,2,file,FUSAR_Ship1.0/Fishing/Fishing/Ship_C04S02N0359.tiff,260532,966a74275ac8117461c90d53ae9af1f07ddbc3fa42c670812f94a10995af605e
Fishing/Fishing/Ship_C04S02N0360.tiff,Fishing,2,file,FUSAR_Ship1.0/Fishing/Fishing/Ship_C04S02N0360.tiff,249604,c3fbe2d7429b21c07c985ce53d711e89974b10ee5c9e1e62e6559f5144c19372
Fishing/Fishing/Ship_C04S02N0361.tiff,Fishing,2,file,FUSAR_Ship1.0/Fishing/Fishing/Ship_C04S02N0361.tiff,236804,7ece13266b520ffe0ebb2163dbba897cde45dad4738cc3b2255233d3d2c819b1
Fishing/Fishing/Ship_C04S02N0362.tiff,Fishing,2,file,FUSAR_Ship1.0/Fishing/Fishing/Ship_C04S02N0362.tiff,262444,7fb3545af85b34ee4f80a901e249627a89aba9385651a6412f0a2ce1a3624203
Fishing/Fishing/Ship_C04S02N0363.tiff,Fishing,2,file,FUSAR_Ship1.0/Fishing/Fishing/Ship_C04S02N0363.tiff,258888,10bc149c60f9247c3b756e4f1a540fde21cb987c080bd802898590b530e446d9
Fishing/Fishing/Ship_C04S02N0364.tiff,Fishing,2,file,FUSAR_Ship1.0/Fishing/Fishing/Ship_C04S02N0364.tiff,261332,9849068e4a1f44463407e5e0faffa7160b0ed5781921239a1cfa0ca48967e35d
Fishing/Fishing/Ship_C04S02N0365.tiff,Fishing,2,file,FUSAR_Ship1.0/Fishing/Fishing/Ship_C04S02N0365.tiff,259106,dd3f5f47fe9331f0b6192606396ce619d322ca936bcb618ddf389e9876e6468e
Fishing/Fishing/Ship_C04S02N0366.tiff,Fishing,2,file,FUSAR_Ship1.0/Fishing/Fishing/Ship_C04S02N0366.tiff,257174,42203ca851cf32ed7ea02a06471d4f47ab4ef43db278d3aa812599520d9da4bf
Fishing/Fishing/Ship_C04S02N0367.tiff,Fishing,2,file,FUSAR_Ship1.0/Fishing/Fishing/Ship_C04S02N0367.tiff,264304,a455dd033097c14085b173cebe2987a0ef9ad240a9e7f4e215904b6c928e82fe
Fishing/Fishing/Ship_C04S02N0368.tiff,Fishing,2,file,FUSAR_Ship1.0/Fishing/Fishing/Ship_C04S02N0368.tiff,260880,df5f7fde9a7b99981edc138ddde633e6f4f73f97a113e6fbf5bd61b5232c5c5a
Fishing/Fishing/Ship_C04S02N0369.tiff,Fishing,2,file,FUSAR_Ship1.0/Fishing/Fishing/Ship_C04S02N0369.tiff,260800,06bc17b0740e1f37fca6108193621002a25134479d25d95503662c03a411f05e
Fishing/Fishing/Ship_C04S02N0370.tiff,Fishing,2,file,FUSAR_Ship1.0/Fishing/Fishing/Ship_C04S02N0370.tiff,256428,f96b33979ab4d8d3afe17553e5a9f84914741a4e265d7bb231e8eea0db8a6ada
Fishing/Fishing/Ship_C04S02N0371.tiff,Fishing,2,file,FUSAR_Ship1.0/Fishing/Fishing/Ship_C04S02N0371.tiff,266810,d19241dcfcd0690e93111a1b08f79d2729863b889c5892d1a3ac420233781bf9
Fishing/Fishing/Ship_C04S02N0372.tiff,Fishing,2,file,FUSAR_Ship1.0/Fishing/Fishing/Ship_C04S02N0372.tiff,252140,787a4784aceafa169a560a847c25d34557c24dd2f354369bad79e81e55880408
Fishing/Fishing/Ship_C04S02N0373.tiff,Fishing,2,file,FUSAR_Ship1.0/Fishing/Fishing/Ship_C04S02N0373.tiff,260182,7cbd77d415c3e011a025434df01b3933a5d207703849d3fe132d4c8f62d65a38
Fishing/Fishing/Ship_C04S02N0374.tiff,Fishing,2,file,FUSAR_Ship1.0/Fishing/Fishing/Ship_C04S02N0374.tiff,258662,175d952bea8329e95000561aaf5334159e17fa270b1573d6f28fb7e5bb3b6a3a
Fishing/Fishing/Ship_C04S02N0375.tiff,Fishing,2,file,FUSAR_Ship1.0/Fishing/Fishing/Ship_C04S02N0375.tiff,259188,45590783077b7930285173b26960c225bd82e6be5d0bc9fa583f3721bc816074
Fishing/Fishing/Ship_C04S02N0376.tiff,Fishing,2,file,FUSAR_Ship1.0/Fishing/Fishing/Ship_C04S02N0376.tiff,258440,2656efa928ee3c288a4af19806fda91410d6ee9bb23b90ed49a700c5beb2cdd3
Fishing/Fishing/Ship_C04S02N0377.tiff,Fishing,2,file,FUSAR_Ship1.0/Fishing/Fishing/Ship_C04S02N0377.tiff,256904,06b9fdcd5fe8aeea4f24a74f05c3b0d6c61c222532d080041ffd2b36eb968961
Fishing/Fishing/Ship_C04S02N0378.tiff,Fishing,2,file,FUSAR_Ship1.0/Fishing/Fishing/Ship_C04S02N0378.tiff,257466,7b360795272a220b45325c0b34a1096609b899235259c582fe8bc8f78f54ba17
Fishing/Fishing/Ship_C04S02N0379.tiff,Fishing,2,file,FUSAR_Ship1.0/Fishing/Fishing/Ship_C04S02N0379.tiff,258140,92bf7036bc32b238e6f510ee936f2384f631653130e103c97f5eb6e48a611d16
Fishing/Fishing/Ship_C04S02N0380.tiff,Fishing,2,file,FUSAR_Ship1.0/Fishing/Fishing/Ship_C04S02N0380.tiff,259732,d07e4d069dd485ebea7c0cd25522d7be0e1340c3b228ec6baa6f9c8fa4a7cbd1
Fishing/Fishing/Ship_C04S02N0381.tiff,Fishing,2,file,FUSAR_Ship1.0/Fishing/Fishing/Ship_C04S02N0381.tiff,259596,cfe2f9c66f64ec28f63f868b94b3050f806dc32eaa6571d560b0dbbaedf1036c
Fishing/Fishing/Ship_C04S02N0382.tiff,Fishing,2,file,FUSAR_Ship1.0/Fishing/Fishing/Ship_C04S02N0382.tiff,254656,eff4dd9d65a19038e3a286792bd182eef76a836ab03d887d8741b8bb6d9b0cf2
Fishing/Fishing/Ship_C04S02N0383.tiff,Fishing,2,file,FUSAR_Ship1.0/Fishing/Fishing/Ship_C04S02N0383.tiff,266250,540d101180ef3888282ca15a36cceeb56403d7bcb29ed528ca89da050b97bfca
Fishing/Fishing/Ship_C04S02N0384.tiff,Fishing,2,file,FUSAR_Ship1.0/Fishing/Fishing/Ship_C04S02N0384.tiff,258568,24bca5a16f32102954f207ed227b9a33673905e3f8d97c829d48c7dd15b95e7f
Fishing/Fishing/Ship_C04S02N0385.tiff,Fishing,2,file,FUSAR_Ship1.0/Fishing/Fishing/Ship_C04S02N0385.tiff,196944,a1c532d170722a79acfa2c50c04b4f7ddfd6dbbfad9139ed1349f235cfea7ba7
Fishing/Fishing/Ship_C04S02N0386.tiff,Fishing,2,file,FUSAR_Ship1.0/Fishing/Fishing/Ship_C04S02N0386.tiff,263070,bbe36730c1b7818cfee99db5ffc2ce68fb2f609cdc5baf0297d1e171b9e777dd
Fishing/Fishing/Ship_C04S02N0387.tiff,Fishing,2,file,FUSAR_Ship1.0/Fishing/Fishing/Ship_C04S02N0387.tiff,259436,9dbbd0b8b1d1f69aca4051e3eb1d7cc5018a7f1e513686eeb77ad29600c248c6
Fishing/Fishing/Ship_C04S02N0388.tiff,Fishing,2,file,FUSAR_Ship1.0/Fishing/Fishing/Ship_C04S02N0388.tiff,258598,86898d9eab85a5621d7862216b238a89b963674dbfacd6238b4fb9173667a41e
Fishing/Fishing/Ship_C04S02N0389.tiff,Fishing,2,file,FUSAR_Ship1.0/Fishing/Fishing/Ship_C04S02N0389.tiff,261986,f69cba229d137608e2cfca437865e2669d80cfeb1192c9d220cb32740ef73259
Fishing/Fishing/Ship_C04S02N0390.tiff,Fishing,2,file,FUSAR_Ship1.0/Fishing/Fishing/Ship_C04S02N0390.tiff,261028,1860ce208741cf84d80c768fa7ac3498d93ae826acd476b77717be46702b3c0c
Fishing/Fishing/Ship_C04S02N0391.tiff,Fishing,2,file,FUSAR_Ship1.0/Fishing/Fishing/Ship_C04S02N0391.tiff,260816,0ccc32691ca9b14b266953079385827c67d1f5fde75ca3c953964e65e514e760
Fishing/Fishing/Ship_C04S02N0392.tiff,Fishing,2,file,FUSAR_Ship1.0/Fishing/Fishing/Ship_C04S02N0392.tiff,260680,9f0def0112bdc07f943824142f7726fd00c3d91251e057f194c5bbd7ba75f50d
Fishing/Fishing/Ship_C04S02N0393.tiff,Fishing,2,file,FUSAR_Ship1.0/Fishing/Fishing/Ship_C04S02N0393.tiff,259214,6c27ab2cca40e7e118fd3554159fbbc71fb8dfe1fd8597e3de268b391961d069
Fishing/Fishing/Ship_C04S02N0394.tiff,Fishing,2,file,FUSAR_Ship1.0/Fishing/Fishing/Ship_C04S02N0394.tiff,263642,3ee0e4e6a2aa92f3ac2140415ce813f8eb4d224f958f9de44e8712360e0e2739
Fishing/Fishing/Ship_C04S02N0395.tiff,Fishing,2,file,FUSAR_Ship1.0/Fishing/Fishing/Ship_C04S02N0395.tiff,253214,216024f7ae33e507d067e6e125fbefa172d0cb9cfe865cebdd4db0afcd0d43a0
Fishing/Fishing/Ship_C04S02N0396.tiff,Fishing,2,file,FUSAR_Ship1.0/Fishing/Fishing/Ship_C04S02N0396.tiff,258552,9dc0b550743c4e90a9d3e91723d058af5574e76961c89c1e9543e07f0a4ec2ec
Fishing/Fishing/Ship_C04S02N0397.tiff,Fishing,2,file,FUSAR_Ship1.0/Fishing/Fishing/Ship_C04S02N0397.tiff,259420,f2e0453567b015c2493c2b6acf09d029da414e623822d4cd914adfe04477f5c7
Fishing/Fishing/Ship_C04S02N0398.tiff,Fishing,2,file,FUSAR_Ship1.0/Fishing/Fishing/Ship_C04S02N0398.tiff,260144,cf4d293cbdde39790c7f77d700e71ddf80f565208bfa75f6add95f8629d5db35
Fishing/Fishing/Ship_C04S02N0399.tiff,Fishing,2,file,FUSAR_Ship1.0/Fishing/Fishing/Ship_C04S02N0399.tiff,263524,e792da07ffd06e6de17befb22db46bcb1246fc765663d8083c39666333fe5365
Fishing/Fishing/Ship_C04S02N0400.tiff,Fishing,2,file,FUSAR_Ship1.0/Fishing/Fishing/Ship_C04S02N0400.tiff,259936,bc3031037e46a0042d9723f915b73064fb445a2cc183002f5e3e15c2f5ee043a
Fishing/Fishing/Ship_C04S02N0401.tiff,Fishing,2,file,FUSAR_Ship1.0/Fishing/Fishing/Ship_C04S02N0401.tiff,256326,ead8949f8292deadc1999478cda7c9ce9b89056647559a5edd74b6fb17baec79
Fishing/Fishing/Ship_C04S02N0402.tiff,Fishing,2,file,FUSAR_Ship1.0/Fishing/Fishing/Ship_C04S02N0402.tiff,262248,d20e6ae880debae16c85902cc8f75c2c84593bc4d3d1d41c4606d5366ab2089a
Fishing/Fishing/Ship_C04S02N0403.tiff,Fishing,2,file,FUSAR_Ship1.0/Fishing/Fishing/Ship_C04S02N0403.tiff,250260,b704e677732dbfc0a6145d1c7d00a9202ad60e78b0904ee8406a8ca4650f06fb
Fishing/Fishing/Ship_C04S02N0404.tiff,Fishing,2,file,FUSAR_Ship1.0/Fishing/Fishing/Ship_C04S02N0404.tiff,258284,751743ab55f8f776c83196fca7b3e2441a3cc6eb60cdd7d66ce34903d865e713
Fishing/Fishing/Ship_C04S02N0405.tiff,Fishing,2,file,FUSAR_Ship1.0/Fishing/Fishing/Ship_C04S02N0405.tiff,256654,90598cfdec0cf23cc9bfaab9679fcb8e7a0eae8dfb3e8edd8a16d1e6167ecd7b
Fishing/Fishing/Ship_C04S02N0406.tiff,Fishing,2,file,FUSAR_Ship1.0/Fishing/Fishing/Ship_C04S02N0406.tiff,258432,304d07cdd0277def9848847e5659a15604e00669d206f954c16cb60decd8ae3a
Fishing/Fishing/Ship_C04S02N0407.tiff,Fishing,2,file,FUSAR_Ship1.0/Fishing/Fishing/Ship_C04S02N0407.tiff,258792,2f17ba6e2334395f21b76ea3d24cb3a93bf9583b774bc75b51665a277c00d8ca
Fishing/Fishing/Ship_C04S02N0408.tiff,Fishing,2,file,FUSAR_Ship1.0/Fishing/Fishing/Ship_C04S02N0408.tiff,266262,e17aad2a6a2e40ddfa13c9c4385f1cdfd866718b8d9985d4f85d7869fa3d9a25
Fishing/Fishing/Ship_C04S02N0409.tiff,Fishing,2,file,FUSAR_Ship1.0/Fishing/Fishing/Ship_C04S02N0409.tiff,260582,a1a10b90982b005e7b70ab274f5a061cf14ba19a8ca53293f3c81d2a05eca124
Fishing/Fishing/Ship_C04S02N0410.tiff,Fishing,2,file,FUSAR_Ship1.0/Fishing/Fishing/Ship_C04S02N0410.tiff,262148,0a62da00a67be57b59a67a2919ba0fd434e9a6bcbb1b80eb804bde722e66d4d6
Fishing/Fishing/Ship_C04S02N0411.tiff,Fishing,2,file,FUSAR_Ship1.0/Fishing/Fishing/Ship_C04S02N0411.tiff,260432,218c0bf64f9b50f7b936273464801a199e6de632b49c585dc0257a06f5467112
Fishing/Fishing/Ship_C04S02N0412.tiff,Fishing,2,file,FUSAR_Ship1.0/Fishing/Fishing/Ship_C04S02N0412.tiff,263272,9736c4dea7557a7a620594d9bbbcf43e6cfb0ac6f165f329323ec9cf5cb2ea63
Fishing/Fishing/Ship_C04S02N0413.tiff,Fishing,2,file,FUSAR_Ship1.0/Fishing/Fishing/Ship_C04S02N0413.tiff,257644,39e3bb4d57b169dfe998d955a902baf149b79a8c5df43a4e171c4a759bd28494
Fishing/Fishing/Ship_C04S02N0414.tiff,Fishing,2,file,FUSAR_Ship1.0/Fishing/Fishing/Ship_C04S02N0414.tiff,253558,8c6932fb0149e34915afb0854a62e419f9da16cae7f8438693f080b96e6bcd5c
Fishing/Fishing/Ship_C04S02N0415.tiff,Fishing,2,file,FUSAR_Ship1.0/Fishing/Fishing/Ship_C04S02N0415.tiff,261814,3ceb06220af8f606acae3ee216ac36d0a2606cac10181ce569294c2fe94606ae
Fishing/Fishing/Ship_C04S02N0416.tiff,Fishing,2,file,FUSAR_Ship1.0/Fishing/Fishing/Ship_C04S02N0416.tiff,256308,5c18856497eda9402a7192d1c3fa043d07930758a7dce6b51005f6615cf6f449
Fishing/Fishing/Ship_C04S02N0417.tiff,Fishing,2,file,FUSAR_Ship1.0/Fishing/Fishing/Ship_C04S02N0417.tiff,250836,a86ba97c45ac27ddb3c8b1663593d1f94080d1efd2c25cdda4baec6cdc27c123
Fishing/Fishing/Ship_C04S02N0418.tiff,Fishing,2,file,FUSAR_Ship1.0/Fishing/Fishing/Ship_C04S02N0418.tiff,258074,6d77809bc3e2c11c7bb71a072aadb07afc510bf51a1adec9fde6c7ce4570caa6
Fishing/Fishing/Ship_C04S02N0419.tiff,Fishing,2,file,FUSAR_Ship1.0/Fishing/Fishing/Ship_C04S02N0419.tiff,258038,e14f99c4ad9a8cbb965b65414cac9292df5af7b0f2ea4cbcfe651c5c8ac3daef
Fishing/Fishing/Ship_C04S02N0420.tiff,Fishing,2,file,FUSAR_Ship1.0/Fishing/Fishing/Ship_C04S02N0420.tiff,259602,1a766d0011e50b1a526a9a397817115965c45d4c3bc84c92e39b5721bb5fce3f
Fishing/Fishing/Ship_C04S02N0421.tiff,Fishing,2,file,FUSAR_Ship1.0/Fishing/Fishing/Ship_C04S02N0421.tiff,267006,ab88819b77c3dc28902ec9ec8fc184a54e521153f6dd520a684ab167ee20fc8f
Fishing/Fishing/Ship_C04S02N0422.tiff,Fishing,2,file,FUSAR_Ship1.0/Fishing/Fishing/Ship_C04S02N0422.tiff,261322,eb43a7bd16456e3f17dde0d14aa649bf599231d8e681a8c3968eecd90a4bdc44
Fishing/Fishing/Ship_C04S02N0423.tiff,Fishing,2,file,FUSAR_Ship1.0/Fishing/Fishing/Ship_C04S02N0423.tiff,266834,d0bb9f69f810cc22830ead66b77b4974dee0f8ac125c5707f63a0c785500007e
Fishing/Fishing/Ship_C04S02N0424.tiff,Fishing,2,file,FUSAR_Ship1.0/Fishing/Fishing/Ship_C04S02N0424.tiff,258632,70000a8f584d3e4cce0797c21a697198c903b3e741d04957ea5efbc775c8cf3c
Fishing/Fishing/Ship_C04S02N0425.tiff,Fishing,2,file,FUSAR_Ship1.0/Fishing/Fishing/Ship_C04S02N0425.tiff,259604,387f3067f46747e65b97cd765b566450daefb9ac1a20ddef32c4c9e316b86b68
Fishing/Fishing/Ship_C04S02N0426.tiff,Fishing,2,file,FUSAR_Ship1.0/Fishing/Fishing/Ship_C04S02N0426.tiff,260030,c9aa2dfa86422ddfdb337f8e1cd86d5b3c1e9dd5f984f4c9ffe57f53a96d732f
Fishing/Fishing/Ship_C04S02N0427.tiff,Fishing,2,file,FUSAR_Ship1.0/Fishing/Fishing/Ship_C04S02N0427.tiff,262186,99d7f117c75184bb11a2a4fe6bc08deed9547358cf29c6176b9a92d80afa3c17
Fishing/Fishing/Ship_C04S02N0428.tiff,Fishing,2,file,FUSAR_Ship1.0/Fishing/Fishing/Ship_C04S02N0428.tiff,266542,da7fc55b01f8768798c03c3e40c021261f351c771ac095144dcf06920961f764
Fishing/Fishing/Ship_C04S02N0429.tiff,Fishing,2,file,FUSAR_Ship1.0/Fishing/Fishing/Ship_C04S02N0429.tiff,256410,2bc3853ba2a035ac092e1514e229f490e431ecca0331b5cca4b2545f7e9171ed
Fishing/Fishing/Ship_C04S02N0430.tiff,Fishing,2,file,FUSAR_Ship1.0/Fishing/Fishing/Ship_C04S02N0430.tiff,265534,75102bd29859a7ebf2185537f19cdd5b2f22d52b2a2e89897fb8e95a11ae90b6
Fishing/Fishing/Ship_C04S02N0431.tiff,Fishing,2,file,FUSAR_Ship1.0/Fishing/Fishing/Ship_C04S02N0431.tiff,253480,32d435c68855518c5fb701ac922c1c0fbf59cdfc30ced04ed6631e32fdef96b0
Fishing/Fishing/Ship_C04S02N0432.tiff,Fishing,2,file,FUSAR_Ship1.0/Fishing/Fishing/Ship_C04S02N0432.tiff,254608,29eaacf55c63b1555daba3609cd1274b7b0c9fa12faa1f7b630c48333e482053
Fishing/Fishing/Ship_C04S02N0433.tiff,Fishing,2,file,FUSAR_Ship1.0/Fishing/Fishing/Ship_C04S02N0433.tiff,256022,77cfd9faf7fa0498ecf35857a7a32c10e35145866b12501310e2fc96bacad5d7
Fishing/Fishing/Ship_C04S02N0434.tiff,Fishing,2,file,FUSAR_Ship1.0/Fishing/Fishing/Ship_C04S02N0434.tiff,247254,316c02abedf35b435f3aec080aa0da9f5a8491eeceb894f3b8d0f7c070258ad1
Fishing/Fishing/Ship_C04S02N0435.tiff,Fishing,2,file,FUSAR_Ship1.0/Fishing/Fishing/Ship_C04S02N0435.tiff,258260,54a45cb9f96bc5c1566d6b1f773ea0b937e3b6085458bfb9b8e8e9c8ccf9840c
Fishing/Fishing/Ship_C04S02N0436.tiff,Fishing,2,file,FUSAR_Ship1.0/Fishing/Fishing/Ship_C04S02N0436.tiff,263164,f2e385b28269240ca9dd80defbb1d096a2859bb3b14d5ddce0ff537e66815c3b
Fishing/Fishing/Ship_C04S02N0437.tiff,Fishing,2,file,FUSAR_Ship1.0/Fishing/Fishing/Ship_C04S02N0437.tiff,254294,5b41fdf93d4f4029e8c59c5e77b66c9b9b607af813e13f40134042b92e36e696
Fishing/Fishing/Ship_C04S02N0438.tiff,Fishing,2,file,FUSAR_Ship1.0/Fishing/Fishing/Ship_C04S02N0438.tiff,261138,4a5f08e459d8436fd309a09491e489669ac3f3f60cb9a5b2433e5d1e81d80ef1
Fishing/Fishing/Ship_C04S02N0439.tiff,Fishing,2,file,FUSAR_Ship1.0/Fishing/Fishing/Ship_C04S02N0439.tiff,251490,9e4ae08d54b4b449cded5ac9cb9063a3985357f4bf0d0433f31ebfbc9dd029fe
Fishing/Fishing/Ship_C04S02N0440.tiff,Fishing,2,file,FUSAR_Ship1.0/Fishing/Fishing/Ship_C04S02N0440.tiff,266422,ea64e91634c022de86ab661a6b2c269cf1defd3d8f587fbfdad17a8bf50ead2f
Fishing/Fishing/Ship_C04S02N0441.tiff,Fishing,2,file,FUSAR_Ship1.0/Fishing/Fishing/Ship_C04S02N0441.tiff,256550,84bca52da179494db82c38a13b2778c6bacb696ace524bead315d7ae0689c3f3
Fishing/Fishing/Ship_C04S02N0442.tiff,Fishing,2,file,FUSAR_Ship1.0/Fishing/Fishing/Ship_C04S02N0442.tiff,239378,9a12f02f452c75825023bed3dd07fb0754d071a03fead56b324dfc0388c7390c
Fishing/Fishing/Ship_C04S02N0443.tiff,Fishing,2,file,FUSAR_Ship1.0/Fishing/Fishing/Ship_C04S02N0443.tiff,258680,014bfbfc5e95700f7a1ac8f7bb07e63a4811372702a27389cfd3124175386f39
Fishing/Fishing/Ship_C04S02N0444.tiff,Fishing,2,file,FUSAR_Ship1.0/Fishing/Fishing/Ship_C04S02N0444.tiff,259404,dfd39282e2a9e6acfb7471d3929ee1af47fc379cdb800b0a98a49f028564bea3
Fishing/Fishing/Ship_C04S02N0445.tiff,Fishing,2,file,FUSAR_Ship1.0/Fishing/Fishing/Ship_C04S02N0445.tiff,259736,a620ab16873347549c560d67d7c7bbaf8ba485430fa6bef5ab8ad55317c76e72
Fishing/Fishing/Ship_C04S02N0446.tiff,Fishing,2,file,FUSAR_Ship1.0/Fishing/Fishing/Ship_C04S02N0446.tiff,256100,c74498bdf660a2bc60b06528c62f3933114c94d0db442dfcb50386b23d650aa9
Fishing/Fishing/Ship_C04S02N0447.tiff,Fishing,2,file,FUSAR_Ship1.0/Fishing/Fishing/Ship_C04S02N0447.tiff,241868,64f7e03768696f750b466a44f5ff9983b0a220f06c8bdd403dbe1a63766fd7ce
Fishing/Fishing/Ship_C04S02N0448.tiff,Fishing,2,file,FUSAR_Ship1.0/Fishing/Fishing/Ship_C04S02N0448.tiff,261694,992450b179da0a935f4df5ed4d20af143a41dee15021c3d6792b96d3afe1ad2d
Fishing/Fishing/Ship_C04S02N0449.tiff,Fishing,2,file,FUSAR_Ship1.0/Fishing/Fishing/Ship_C04S02N0449.tiff,260986,99576a2569039bdb1b469fac3e9adf9b6a78ecabdbf56a53f7452aec2ea89bf2
Fishing/Fishing/Ship_C04S02N0450.tiff,Fishing,2,file,FUSAR_Ship1.0/Fishing/Fishing/Ship_C04S02N0450.tiff,261080,15e9b0de1c8b5136d60eef6cf28976471a4e555fa5f2abb9652068ed41ac32b9
Fishing/Fishing/Ship_C04S02N0451.tiff,Fishing,2,file,FUSAR_Ship1.0/Fishing/Fishing/Ship_C04S02N0451.tiff,265198,25165c7dd7c88f930dc240c9c18514f17d37252118bcff781539078af2141efe
Fishing/Fishing/Ship_C04S02N0452.tiff,Fishing,2,file,FUSAR_Ship1.0/Fishing/Fishing/Ship_C04S02N0452.tiff,239594,d487c68e44d7dd1c97261bbbfe33d4845fecac1a7cb3b5af4d8894114b34469f
Fishing/Fishing/Ship_C04S02N0453.tiff,Fishing,2,file,FUSAR_Ship1.0/Fishing/Fishing/Ship_C04S02N0453.tiff,261062,2b9b7ecfc65093ca3834bb163910095f1f4cfde41fa5f0c1b27e43106a88f114
Fishing/Fishing/Ship_C04S02N0454.tiff,Fishing,2,file,FUSAR_Ship1.0/Fishing/Fishing/Ship_C04S02N0454.tiff,258752,1b2818eff718f8b31a737478c44254b0a7cde9436cf64d32c0a66a57b134ae90
Fishing/Fishing/Ship_C04S02N0455.tiff,Fishing,2,file,FUSAR_Ship1.0/Fishing/Fishing/Ship_C04S02N0455.tiff,266536,0577f87ec4c2cfae67f107fffe2ad51698632f6c6f8e58c48b896285ebeb92e1
Fishing/Fishing/Ship_C04S02N0456.tiff,Fishing,2,file,FUSAR_Ship1.0/Fishing/Fishing/Ship_C04S02N0456.tiff,261106,6e055d584481d414fcefbe04d39295e3681202644969b4bc1a3637974a1306d1
Fishing/Fishing/Ship_C04S02N0457.tiff,Fishing,2,file,FUSAR_Ship1.0/Fishing/Fishing/Ship_C04S02N0457.tiff,258260,bc70f0d0be8ff443c98caa019258828d5f925ede5756d9fda151a536e8be21e2
Fishing/Fishing/Ship_C04S02N0458.tiff,Fishing,2,file,FUSAR_Ship1.0/Fishing/Fishing/Ship_C04S02N0458.tiff,262346,c7139ff4b506a160b44eed1ac553b4b6a6a05f2761687f1a1fbbd386275dfc83
Fishing/Fishing/Ship_C04S02N0459.tiff,Fishing,2,file,FUSAR_Ship1.0/Fishing/Fishing/Ship_C04S02N0459.tiff,260694,7a545c9b7997ada0aa54e438204e4aed3810941c42159a44fb44d35145a4c31f
Fishing/Fishing/Ship_C04S02N0460.tiff,Fishing,2,file,FUSAR_Ship1.0/Fishing/Fishing/Ship_C04S02N0460.tiff,259334,d420cc3a980e98af27c3b63df246f4eaeffd182e12ef08a581739c13ff20c2ea
Fishing/Fishing/Ship_C04S02N0461.tiff,Fishing,2,file,FUSAR_Ship1.0/Fishing/Fishing/Ship_C04S02N0461.tiff,254774,2e883831058e8eb4d7a288e9bf14ccfefe2aa150b7d08abca82c9c2d082a5aaa
Fishing/Fishing/Ship_C04S02N0462.tiff,Fishing,2,file,FUSAR_Ship1.0/Fishing/Fishing/Ship_C04S02N0462.tiff,256468,131e32e68a1da4ab26e108517317c725879b6f067daa38c204963e5c458dce27
Fishing/Fishing/Ship_C04S02N0463.tiff,Fishing,2,file,FUSAR_Ship1.0/Fishing/Fishing/Ship_C04S02N0463.tiff,250434,8eeb53cc212aeed0e0642a4b7ab7c9a0124a6764cf608e6517c03a8d545af76a
Fishing/Fishing/Ship_C04S02N0464.tiff,Fishing,2,file,FUSAR_Ship1.0/Fishing/Fishing/Ship_C04S02N0464.tiff,255446,228f8c79b87a19c1a144cde60083b7cb6155c33e609338ae00b8ecb156e7a34d
Fishing/Fishing/Ship_C04S02N0465.tiff,Fishing,2,file,FUSAR_Ship1.0/Fishing/Fishing/Ship_C04S02N0465.tiff,261926,c6c68a92a25f206ad3dbf64a0c87b3bb5a19bdbe49ef6936aaa40c5e005e911b
Fishing/Fishing/Ship_C04S02N0466.tiff,Fishing,2,file,FUSAR_Ship1.0/Fishing/Fishing/Ship_C04S02N0466.tiff,259962,ff0dbaf11db158878011504ccf2493c399c1015c43ecc9b2c849f671d0b34b5e
Fishing/Fishing/Ship_C04S02N0467.tiff,Fishing,2,file,FUSAR_Ship1.0/Fishing/Fishing/Ship_C04S02N0467.tiff,264732,3be6e5be979bec5fc992a6fa21d21147f9c4225844ff2b33dd9d47a6692ad490
Fishing/Fishing/Ship_C04S02N0468.tiff,Fishing,2,file,FUSAR_Ship1.0/Fishing/Fishing/Ship_C04S02N0468.tiff,263028,ff6a9fa4a03bfafa4becb93af2084ee46d8569ea44bc68ab588bdaa39606c802
Fishing/Fishing/Ship_C04S02N0469.tiff,Fishing,2,file,FUSAR_Ship1.0/Fishing/Fishing/Ship_C04S02N0469.tiff,260940,fbc2550b560872cc5c2ad7b9cacdd4df0e648d4525ee4a4657fc4eae167e7b54
Fishing/Fishing/Ship_C04S02N0470.tiff,Fishing,2,file,FUSAR_Ship1.0/Fishing/Fishing/Ship_C04S02N0470.tiff,262366,4b5a1a69331b0e412ad658b71b095c3e806c0027edc2ac25e1b0b5c4dc08cc59
Fishing/Fishing/Ship_C04S02N0471.tiff,Fishing,2,file,FUSAR_Ship1.0/Fishing/Fishing/Ship_C04S02N0471.tiff,258636,e36f6c6e9552770077e727f73b013a9542595446bcc8532f995beb88ef1399b2
Fishing/Fishing/Ship_C04S02N0472.tiff,Fishing,2,file,FUSAR_Ship1.0/Fishing/Fishing/Ship_C04S02N0472.tiff,266224,b5e55b0acef4c0cba24fab181ebd3499daba505cf8f4ddf1d453425bea432dbc
Fishing/Fishing/Ship_C04S02N0473.tiff,Fishing,2,file,FUSAR_Ship1.0/Fishing/Fishing/Ship_C04S02N0473.tiff,261950,e54a8dd440b45691e8cdb91114c670d71fe3358531536b7296f2e2598dff0813
Fishing/Fishing/Ship_C04S02N0474.tiff,Fishing,2,file,FUSAR_Ship1.0/Fishing/Fishing/Ship_C04S02N0474.tiff,264272,010eb833d488727e25fcb47433ec48224095f1d938de7f7ac72793557c11fb4c
Fishing/Fishing/Ship_C04S02N0475.tiff,Fishing,2,file,FUSAR_Ship1.0/Fishing/Fishing/Ship_C04S02N0475.tiff,266642,c7cd9aa6d9340f434d349ce2e0dceac94d53e0b0ecafa2a7e81b3142645ab823
Fishing/Fishing/Ship_C04S02N0476.tiff,Fishing,2,file,FUSAR_Ship1.0/Fishing/Fishing/Ship_C04S02N0476.tiff,257958,06d816ff6b5b6d928552a3bd2458f170a5d38d4e0e1ba9373772198096f9a37a
Fishing/Fishing/Ship_C04S02N0477.tiff,Fishing,2,file,FUSAR_Ship1.0/Fishing/Fishing/Ship_C04S02N0477.tiff,264122,f8364395dc5bbc9d4cbe1d131a76aebf3defc91a72b2270d25855f0a53c87663
Fishing/Fishing/Ship_C04S02N0478.tiff,Fishing,2,file,FUSAR_Ship1.0/Fishing/Fishing/Ship_C04S02N0478.tiff,261070,06c33554c9f7a28aed64468a1263c0c5993fbcff6f8505b382305d42426c89b1
Fishing/Fishing/Ship_C04S02N0479.tiff,Fishing,2,file,FUSAR_Ship1.0/Fishing/Fishing/Ship_C04S02N0479.tiff,266390,7d529b434f9b468990649c5a91b56140836c43db01550a95e44da9a69f40333b
Fishing/Fishing/Ship_C04S02N0480.tiff,Fishing,2,file,FUSAR_Ship1.0/Fishing/Fishing/Ship_C04S02N0480.tiff,264918,4f5e9e3d304775c81123f142f17da3936e149c93f10a153b79002579155efb83
Fishing/Fishing/Ship_C04S02N0481.tiff,Fishing,2,file,FUSAR_Ship1.0/Fishing/Fishing/Ship_C04S02N0481.tiff,256552,6bbe4b754cba8c98cf66184a5a4fc0b5c2c5b6bd049a7a40dd9b47a98ad53895
Fishing/Fishing/Ship_C04S02N0482.tiff,Fishing,2,file,FUSAR_Ship1.0/Fishing/Fishing/Ship_C04S02N0482.tiff,265230,b97438e9fd9e6a7fd934106f57afa28685d794737cb8e671b4baa5d0bd3dfd0a
Fishing/Fishing/Ship_C04S02N0483.tiff,Fishing,2,file,FUSAR_Ship1.0/Fishing/Fishing/Ship_C04S02N0483.tiff,261978,68ef34cf913e2fdd021c6cba984758d5cd77c60a20d64c7ab8f7cf9a172e3fca
Fishing/Fishing/Ship_C04S02N0484.tiff,Fishing,2,file,FUSAR_Ship1.0/Fishing/Fishing/Ship_C04S02N0484.tiff,245310,0eb4b69c6cf13cd7d7b9c85d4f287ee2ba2a6fb9182d89d1a87e2841a6be9311
Fishing/Fishing/Ship_C04S02N0485.tiff,Fishing,2,file,FUSAR_Ship1.0/Fishing/Fishing/Ship_C04S02N0485.tiff,258396,1f381663ffdc8f0e7b9a3d15c6474d9bb01feb6a2764feb18b5ca5477fccf011
Fishing/Fishing/Ship_C04S02N0486.tiff,Fishing,2,file,FUSAR_Ship1.0/Fishing/Fishing/Ship_C04S02N0486.tiff,237404,55765ce3513b3c0a72c7a4ed9bb740e78e946bf34402247705843dd8468b514a
Fishing/Fishing/Ship_C04S02N0487.tiff,Fishing,2,file,FUSAR_Ship1.0/Fishing/Fishing/Ship_C04S02N0487.tiff,259224,ef372761316df5b764a774bdc47b6a8484bf98426b232ecb42d8fdd3a6c427aa
Fishing/Fishing/Ship_C04S02N0488.tiff,Fishing,2,file,FUSAR_Ship1.0/Fishing/Fishing/Ship_C04S02N0488.tiff,254064,f09fb88571be8b4a477d57ed2834bb9af26273a8c5f14fc2c0b10d208578ef11
Fishing/Fishing/Ship_C04S02N0489.tiff,Fishing,2,file,FUSAR_Ship1.0/Fishing/Fishing/Ship_C04S02N0489.tiff,258082,c2991b0e7b3c20d069dab0cb18505ded62d9188733413793a86d04af7d80e208
Fishing/Fishing/Ship_C04S02N0490.tiff,Fishing,2,file,FUSAR_Ship1.0/Fishing/Fishing/Ship_C04S02N0490.tiff,254472,a9ac7c5cee48aa69fda6f474f28641888e507a2d272abbea4125c83b7d1adaae
Fishing/Fishing/Ship_C04S02N0491.tiff,Fishing,2,file,FUSAR_Ship1.0/Fishing/Fishing/Ship_C04S02N0491.tiff,265970,b89076f9bc53d6394d55ed72b9f8330ac485a6655db8eeb01a15c10b6b7b29a2
Fishing/Fishing/Ship_C04S02N0492.tiff,Fishing,2,file,FUSAR_Ship1.0/Fishing/Fishing/Ship_C04S02N0492.tiff,257578,bd42d111eaa750fd633ea46de88ef78657f0cbcf09eeaa3997231f720835441b
Fishing/Fishing/Ship_C04S02N0493.tiff,Fishing,2,file,FUSAR_Ship1.0/Fishing/Fishing/Ship_C04S02N0493.tiff,258496,be5270760a04f83d5f3662fd99c90eb461131913f9524b154b221883bc0a546a
Fishing/Fishing/Ship_C04S02N0494.tiff,Fishing,2,file,FUSAR_Ship1.0/Fishing/Fishing/Ship_C04S02N0494.tiff,250024,31b33c8fb4a7bacbcc64d3bfb284b0472249dc0cbeddf687c785bf957550616d
Fishing/Fishing/Ship_C04S02N0495.tiff,Fishing,2,file,FUSAR_Ship1.0/Fishing/Fishing/Ship_C04S02N0495.tiff,242874,c9c08dbd2e7ce962bd131f6584b8f9f0d9e99cd8cd9ead8e58a326cc370290e5
Fishing/Fishing/Ship_C04S02N0496.tiff,Fishing,2,file,FUSAR_Ship1.0/Fishing/Fishing/Ship_C04S02N0496.tiff,256896,f6a92a51a85aaba2e8284a4d756dcfcb6118eec1f96f2a3943dd455f7ada84b4
Fishing/Fishing/Ship_C04S02N0497.tiff,Fishing,2,file,FUSAR_Ship1.0/Fishing/Fishing/Ship_C04S02N0497.tiff,262380,0e7a58287d1035d74d8ac0c0551f65e39d4464c21893dcbcc95d1891a0063035
Fishing/Fishing/Ship_C04S02N0498.tiff,Fishing,2,file,FUSAR_Ship1.0/Fishing/Fishing/Ship_C04S02N0498.tiff,261854,6f65f4120cb04836453cf7898d93565b3e676edf8432239c84f9db0d6d1cc029
Fishing/Fishing/Ship_C04S02N0499.tiff,Fishing,2,file,FUSAR_Ship1.0/Fishing/Fishing/Ship_C04S02N0499.tiff,246922,b22eb0de76be9695d6a4588d9e6d7afc01f3bf1c5af579a8d21e189ca8ef2fd7
Fishing/Fishing/Ship_C04S02N0500.tiff,Fishing,2,file,FUSAR_Ship1.0/Fishing/Fishing/Ship_C04S02N0500.tiff,249738,d8dd08486a10237b36717d4a9539bd7d784d4684f1a11a535ec3ac3e624bc56e
Fishing/Fishing/Ship_C04S02N0501.tiff,Fishing,2,file,FUSAR_Ship1.0/Fishing/Fishing/Ship_C04S02N0501.tiff,250210,cc295d7e9b7f4f48c5d835a034b532c6930395b732a6fc447dde0ef3301eb310
Fishing/Fishing/Ship_C04S02N0502.tiff,Fishing,2,file,FUSAR_Ship1.0/Fishing/Fishing/Ship_C04S02N0502.tiff,248026,43e2d3a3745fcc7acda05978395b8bad0a6d1bd02acd5b78ea0ddd8197da1b8e
Fishing/Fishing/Ship_C04S02N0503.tiff,Fishing,2,file,FUSAR_Ship1.0/Fishing/Fishing/Ship_C04S02N0503.tiff,245516,53fadfc0809dc115d2f4e7678c523aee9cc4d1f51943dd03149033e1950a5205
Fishing/Fishing/Ship_C04S02N0504.tiff,Fishing,2,file,FUSAR_Ship1.0/Fishing/Fishing/Ship_C04S02N0504.tiff,237490,ebbb055af0f13e27dd04037231057275b5967aa2dddf24e0beeeeb7a752ac960
Fishing/Fishing/Ship_C04S02N0505.tiff,Fishing,2,file,FUSAR_Ship1.0/Fishing/Fishing/Ship_C04S02N0505.tiff,253654,a5b4ea297661437fa127d889848c851929e637ea2c7fdf2ec785fc7e8601402c
Fishing/Fishing/Ship_C04S02N0506.tiff,Fishing,2,file,FUSAR_Ship1.0/Fishing/Fishing/Ship_C04S02N0506.tiff,243482,5bc295871f5cd2707f446abf71e94ef34d215daee78a0738a5688227796d7033
Fishing/Fishing/Ship_C04S02N0507.tiff,Fishing,2,file,FUSAR_Ship1.0/Fishing/Fishing/Ship_C04S02N0507.tiff,250934,6b1b340c769953dbe0ff33f9d469a01c4c343adc23fb1716d7eb5d905081e0f1
Fishing/Fishing/Ship_C04S02N0508.tiff,Fishing,2,file,FUSAR_Ship1.0/Fishing/Fishing/Ship_C04S02N0508.tiff,259604,53d98112a4c4ae44c5583039730f02a8da855da10fc2472790101677d6f2b818
Fishing/Fishing/Ship_C04S02N0509.tiff,Fishing,2,file,FUSAR_Ship1.0/Fishing/Fishing/Ship_C04S02N0509.tiff,245558,a277db6d5f39369382ad8b23f48be42c50379bb97e51f4fc9d96776768162352
Fishing/Fishing/Ship_C04S02N0510.tiff,Fishing,2,file,FUSAR_Ship1.0/Fishing/Fishing/Ship_C04S02N0510.tiff,256406,c36834df4be5cec361e3bee52ade65db0822c38fd90ad06a5177fba40c38f4d7
Fishing/Fishing/Ship_C04S02N0511.tiff,Fishing,2,file,FUSAR_Ship1.0/Fishing/Fishing/Ship_C04S02N0511.tiff,263246,474722a44c2543421157a310aa2fd37768b401261d2fec4a18bfbd63c89b8d9e
Fishing/Fishing/Ship_C04S02N0512.tiff,Fishing,2,file,FUSAR_Ship1.0/Fishing/Fishing/Ship_C04S02N0512.tiff,256404,0f1041c753b876e5b9c8b34ebdf6ba1e6f895458589164f95fdc4269824af6c0
Fishing/Fishing/Ship_C04S02N0513.tiff,Fishing,2,file,FUSAR_Ship1.0/Fishing/Fishing/Ship_C04S02N0513.tiff,261852,36d22a79ff2d6446663ab228393e1c310d2506b11549d8c47d2d90c2b77e8116
Fishing/Fishing/Ship_C04S02N0514.tiff,Fishing,2,file,FUSAR_Ship1.0/Fishing/Fishing/Ship_C04S02N0514.tiff,256222,e1a4aa29feeb05c6f0ed4bf044d32430ccf347de8c90024aa50bcaa9e74b98b7
Fishing/Fishing/Ship_C04S02N0515.tiff,Fishing,2,file,FUSAR_Ship1.0/Fishing/Fishing/Ship_C04S02N0515.tiff,242430,4b2e6fa91a93f7d40b2fb9dfb461d206212e422d5cb315ad0b7975e0b2464c24
Fishing/Fishing/Ship_C04S02N0516.tiff,Fishing,2,file,FUSAR_Ship1.0/Fishing/Fishing/Ship_C04S02N0516.tiff,260188,dcb1e8643678be6ca7b69958944e634e432a663752b70e534080e6780306e32b
Fishing/Fishing/Ship_C04S02N0517.tiff,Fishing,2,file,FUSAR_Ship1.0/Fishing/Fishing/Ship_C04S02N0517.tiff,241434,3b5598cf0b8972b94e708f13a0536f9e4160009003cafb5c8643a300772024b6
Fishing/Fishing/Ship_C04S02N0518.tiff,Fishing,2,file,FUSAR_Ship1.0/Fishing/Fishing/Ship_C04S02N0518.tiff,235844,efe2b73e94c4531b0dcc495d2645113f581d45e65833c1ba38480d4ef9bd8893
Fishing/Fishing/Ship_C04S02N0519.tiff,Fishing,2,file,FUSAR_Ship1.0/Fishing/Fishing/Ship_C04S02N0519.tiff,244616,ab4f7356608790f2f024e2b2ad1c54e63b186fdf5b6d521ef94da52f1e06425d
Fishing/Fishing/Ship_C04S02N0520.tiff,Fishing,2,file,FUSAR_Ship1.0/Fishing/Fishing/Ship_C04S02N0520.tiff,265412,59c25b0c2482c5a7eea3d5c63f31eb4caadda15b1917aefb5ae6d78895fbf090
Fishing/Fishing/Ship_C04S02N0521.tiff,Fishing,2,file,FUSAR_Ship1.0/Fishing/Fishing/Ship_C04S02N0521.tiff,260432,51db135c386bf920b66e47ee7bb8787c0aa05c6880dda105a42c8f206da55fb8
Fishing/Fishing/Ship_C04S02N0522.tiff,Fishing,2,file,FUSAR_Ship1.0/Fishing/Fishing/Ship_C04S02N0522.tiff,251798,3b43f746d4625b1a2879ad858a87b751eff0abb28b059cd47c7cfbd43c68882e
Fishing/Fishing/Ship_C04S02N0523.tiff,Fishing,2,file,FUSAR_Ship1.0/Fishing/Fishing/Ship_C04S02N0523.tiff,242996,16197532ab460b496d9ccd1fc04ad858654a19612badd7ab1b86acf550dc737a
Fishing/Fishing/Ship_C04S02N0524.tiff,Fishing,2,file,FUSAR_Ship1.0/Fishing/Fishing/Ship_C04S02N0524.tiff,240582,7ccbd856d8ef2f9eea5404c78464f22f722d5e421dc7e11fc444b65a13011b97
Fishing/Fishing/Ship_C04S02N0525.tiff,Fishing,2,file,FUSAR_Ship1.0/Fishing/Fishing/Ship_C04S02N0525.tiff,256796,930177243793ef2b9c7c36f81f455366c3a7648e898ff717500f4dc981e817cc
Fishing/Fishing/Ship_C04S02N0526.tiff,Fishing,2,file,FUSAR_Ship1.0/Fishing/Fishing/Ship_C04S02N0526.tiff,240990,92b648b05e42a77f41040c0462cc169b70b68f1003c87c5044fc6194556c4170
Fishing/Fishing/Ship_C04S02N0527.tiff,Fishing,2,file,FUSAR_Ship1.0/Fishing/Fishing/Ship_C04S02N0527.tiff,251532,faf56e96518bc4cbc621ac6d9d0d3a9eb20f614e0ea9c6cfc0ab6fe6341c5e25
Fishing/Fishing/Ship_C04S02N0528.tiff,Fishing,2,file,FUSAR_Ship1.0/Fishing/Fishing/Ship_C04S02N0528.tiff,247616,73a0704e096d8a79953bb21d0d8c0804a70fc0c08ec4e107502252a2ee6d170b
Fishing/Fishing/Ship_C04S02N0529.tiff,Fishing,2,file,FUSAR_Ship1.0/Fishing/Fishing/Ship_C04S02N0529.tiff,254494,43a67377f92b92cdb1b0c6eb4d60320a57045a8db2cc6cf45aaf54f3eae7796a
Fishing/Fishing/Ship_C04S02N0530.tiff,Fishing,2,file,FUSAR_Ship1.0/Fishing/Fishing/Ship_C04S02N0530.tiff,234148,1d8fcf8b321baf9bdc5276ed1e5a7f494a970fb21c8ac3e1d74a33155ed408e2
Fishing/Fishing/Ship_C04S02N0531.tiff,Fishing,2,file,FUSAR_Ship1.0/Fishing/Fishing/Ship_C04S02N0531.tiff,250960,be62a47922d236ebe03884aa5060bf54e057c0f0acc6c0d77c3e9b2f145b6074
Fishing/Fishing/Ship_C04S02N0532.tiff,Fishing,2,file,FUSAR_Ship1.0/Fishing/Fishing/Ship_C04S02N0532.tiff,246000,a43780d0f1732c9bb3b6397321672e8dd2da1e61a63d6454abc2455a9585622d
Fishing/Fishing/Ship_C04S02N0533.tiff,Fishing,2,file,FUSAR_Ship1.0/Fishing/Fishing/Ship_C04S02N0533.tiff,252500,58f24dc2c1926c45b5681c27e1964523135cd13ddda1e74fef895a2f742b2798
Fishing/Fishing/Ship_C04S02N0534.tiff,Fishing,2,file,FUSAR_Ship1.0/Fishing/Fishing/Ship_C04S02N0534.tiff,237226,47232d4fa563fdfb05a56672b7bc4ba1b423d300a699c25f0c0139edca6241d8
Fishing/Fishing/Ship_C04S02N0535.tiff,Fishing,2,file,FUSAR_Ship1.0/Fishing/Fishing/Ship_C04S02N0535.tiff,239106,f29f4eb4d0df750c92e18fa8f959a5d001fbb86dd57d3ac2e5a6ef7377afe81b
Fishing/Fishing/Ship_C04S02N0536.tiff,Fishing,2,file,FUSAR_Ship1.0/Fishing/Fishing/Ship_C04S02N0536.tiff,244176,feef5b0a8c9d704a8769483d45d2b3662dc6588acbeaecc874084bd23b7676e5
Fishing/Fishing/Ship_C04S02N0537.tiff,Fishing,2,file,FUSAR_Ship1.0/Fishing/Fishing/Ship_C04S02N0537.tiff,231394,6df3714b76b90ba2dd63a930f52738ee74ddc914e941968fa83d688910eb2c6e
Fishing/Fishing/Ship_C04S02N0538.tiff,Fishing,2,file,FUSAR_Ship1.0/Fishing/Fishing/Ship_C04S02N0538.tiff,222930,4c9e1b4e607fbb9a4d071fec36844feb467c69400ff6a410ea7a64a6eddb2943
Fishing/Fishing/Ship_C04S02N0539.tiff,Fishing,2,file,FUSAR_Ship1.0/Fishing/Fishing/Ship_C04S02N0539.tiff,238520,aab698a6f83eebc01341cf4d0e8f56143276eb6533101825b8b79458cabad588
Fishing/Fishing/Ship_C04S02N0540.tiff,Fishing,2,file,FUSAR_Ship1.0/Fishing/Fishing/Ship_C04S02N0540.tiff,260354,cbbf6dc21a4c898d313683e93f92d56db292079fc2d30e045d9a76a139ea6acc
Fishing/Fishing/Ship_C04S02N0541.tiff,Fishing,2,file,FUSAR_Ship1.0/Fishing/Fishing/Ship_C04S02N0541.tiff,245416,19185dd4b39df36bde5d9c1b18aa9319a2e7620bc9237aa210813c61b661adeb
Fishing/Fishing/Ship_C04S02N0542.tiff,Fishing,2,file,FUSAR_Ship1.0/Fishing/Fishing/Ship_C04S02N0542.tiff,242952,5d0c0ac1e85ff03139b9a8d859973e7999ee4c9165cc3f3a4a286ab22cf50f60
Fishing/Fishing/Ship_C04S02N0543.tiff,Fishing,2,file,FUSAR_Ship1.0/Fishing/Fishing/Ship_C04S02N0543.tiff,232800,bca2ade4b6c232a47f62998c8c55b4e95bed093c540069bad9e827b7fd3564d7
Fishing/Fishing/Ship_C04S02N0544.tiff,Fishing,2,file,FUSAR_Ship1.0/Fishing/Fishing/Ship_C04S02N0544.tiff,265928,b61e0d6dd74cc72ad86da8e3500a39b93462831fb53c8f72a1826fc8e1a57a1a
Fishing/Fishing/Ship_C04S02N0545.tiff,Fishing,2,file,FUSAR_Ship1.0/Fishing/Fishing/Ship_C04S02N0545.tiff,245712,671274620756f24703ce569f3017cb90361fed2bacbe8ef5e53f4572589ff5f9
Fishing/Fishing/Ship_C04S02N0546.tiff,Fishing,2,file,FUSAR_Ship1.0/Fishing/Fishing/Ship_C04S02N0546.tiff,267062,5629437afa83794ccffe8a319ee511d834347d7e9a597f6f40f58d13f9b9dd13
Fishing/Fishing/Ship_C04S02N0547.tiff,Fishing,2,file,FUSAR_Ship1.0/Fishing/Fishing/Ship_C04S02N0547.tiff,245062,3c27498290777c9dd29acfa7b278650e587c5091beae4356a9369e5c9772a2fe
Fishing/Fishing/Ship_C04S02N0548.tiff,Fishing,2,file,FUSAR_Ship1.0/Fishing/Fishing/Ship_C04S02N0548.tiff,260156,e24732fe955f89b46e1c8f31739db27af0427ec853da9c64fbfa69c464788936
Fishing/Fishing/Ship_C04S02N0549.tiff,Fishing,2,file,FUSAR_Ship1.0/Fishing/Fishing/Ship_C04S02N0549.tiff,257484,dd4c7fd0a21665f7537c28dc38b7fd189caa7aa48c2c034c8a028ba194ba28a8
Fishing/Fishing/Ship_C04S02N0550.tiff,Fishing,2,file,FUSAR_Ship1.0/Fishing/Fishing/Ship_C04S02N0550.tiff,248690,21236ebeb797ef031357d5d2791343e16778a7d584b0c5af1fa4fd6ebc1b8432
Fishing/Fishing/Ship_C04S02N0551.tiff,Fishing,2,file,FUSAR_Ship1.0/Fishing/Fishing/Ship_C04S02N0551.tiff,241658,1370a74a508d3ea7b37e9700fd0690f026deed9340fc8fa0393a62cd89077062
Fishing/Fishing/Ship_C04S02N0552.tiff,Fishing,2,file,FUSAR_Ship1.0/Fishing/Fishing/Ship_C04S02N0552.tiff,263350,52404b543ee89a11a367df7c170aaed2bc512277d8b5d384ec6bc9b8ed5c9351
Fishing/Fishing/Ship_C04S02N0553.tiff,Fishing,2,file,FUSAR_Ship1.0/Fishing/Fishing/Ship_C04S02N0553.tiff,252452,011a978ce89bff2d1b717f510ad6fc4f9d734bfe6ef8bddf5446fa8af03c3323
Fishing/Fishing/Ship_C04S02N0554.tiff,Fishing,2,file,FUSAR_Ship1.0/Fishing/Fishing/Ship_C04S02N0554.tiff,262610,f0d040e933595a27b2fad83e1404fe07c04f42ce0b463ac305930916c536c9ab
Fishing/Fishing/Ship_C04S02N0555.tiff,Fishing,2,file,FUSAR_Ship1.0/Fishing/Fishing/Ship_C04S02N0555.tiff,250034,c924f2e2e1903496a1c3a27e2954d2997bf9c2c5be2d5e41311c251c0fd7b5c4
Fishing/Fishing/Ship_C04S02N0556.tiff,Fishing,2,file,FUSAR_Ship1.0/Fishing/Fishing/Ship_C04S02N0556.tiff,250958,7cf45010db0499b1ed3d0370a2de73cecba0a79a8cf34b9ae5650254c0fca08a
Fishing/Fishing/Ship_C04S02N0557.tiff,Fishing,2,file,FUSAR_Ship1.0/Fishing/Fishing/Ship_C04S02N0557.tiff,244558,ed53deed0e9b98d6788fc497d6847be46837ed81c8ff6493156a990451e3c0ac
Fishing/Fishing/Ship_C04S02N0558.tiff,Fishing,2,file,FUSAR_Ship1.0/Fishing/Fishing/Ship_C04S02N0558.tiff,246658,c4aa88f5e942ea1ae13312c062c5dd3d2e5bff33cfac82a5c260920e18c97c04
Fishing/Fishing/Ship_C04S02N0559.tiff,Fishing,2,file,FUSAR_Ship1.0/Fishing/Fishing/Ship_C04S02N0559.tiff,255626,35bea5838269519255114cce6bfb46dc2ef333be1e3c26983ea8ca5d384bff6b
Fishing/Fishing/Ship_C04S02N0560.tiff,Fishing,2,file,FUSAR_Ship1.0/Fishing/Fishing/Ship_C04S02N0560.tiff,262576,158f344dd8f08b6402a4019d0ef174b8839877ace0b9628f82a90f77cdee43d5
Fishing/Fishing/Ship_C04S02N0561.tiff,Fishing,2,file,FUSAR_Ship1.0/Fishing/Fishing/Ship_C04S02N0561.tiff,265512,16306d0317ec48bef5c7faaee156ba7ea7c7e161b19494204efc0bfe5f84a7e9
Fishing/Fishing/Ship_C04S02N0562.tiff,Fishing,2,file,FUSAR_Ship1.0/Fishing/Fishing/Ship_C04S02N0562.tiff,266398,28968c8ba7c84b6fb41874d27c69f7a70ab19ceaeb9b119c26ae31667e11dec5
Fishing/Fishing/Ship_C04S02N0563.tiff,Fishing,2,file,FUSAR_Ship1.0/Fishing/Fishing/Ship_C04S02N0563.tiff,221348,b854e8d25d4c3c874ab0de505b9180c41f30c2147b69d40a5b63a1c7800d3e30
Fishing/Fishing/Ship_C04S02N0564.tiff,Fishing,2,file,FUSAR_Ship1.0/Fishing/Fishing/Ship_C04S02N0564.tiff,238876,b2b28f566c03f5362a3582fe605508800d93bdd49830530d2e6e9a5018a13179
Fishing/Fishing/Ship_C04S02N0565.tiff,Fishing,2,file,FUSAR_Ship1.0/Fishing/Fishing/Ship_C04S02N0565.tiff,258898,4efc1ea55725c697def666d6f532d59e4006040068c64cd5bb43a97d1c51b846
Fishing/Fishing/Ship_C04S02N0566.tiff,Fishing,2,file,FUSAR_Ship1.0/Fishing/Fishing/Ship_C04S02N0566.tiff,242442,0039e28cb13b60b1ab0e47faa1330d4b31b2d072b2c40aa73e440f6b3760f004
Fishing/Fishing/Ship_C04S02N0567.tiff,Fishing,2,file,FUSAR_Ship1.0/Fishing/Fishing/Ship_C04S02N0567.tiff,240586,ea18f899a51c11a646ad9ac2113cca12d4d5e13fee57f866a051d4511fb3189c
Fishing/Fishing/Ship_C04S02N0568.tiff,Fishing,2,file,FUSAR_Ship1.0/Fishing/Fishing/Ship_C04S02N0568.tiff,247646,4f73d1f412b7e89c7a7c921eb690c5d5c9a77fbd7a248f131390eedb5e86e564
Fishing/Fishing/Ship_C04S02N0569.tiff,Fishing,2,file,FUSAR_Ship1.0/Fishing/Fishing/Ship_C04S02N0569.tiff,265770,0772cef533d1b10313e05fb48fb06e317ec2ae41804ec75043cd7e3216406a68
Fishing/Fishing/Ship_C04S02N0570.tiff,Fishing,2,file,FUSAR_Ship1.0/Fishing/Fishing/Ship_C04S02N0570.tiff,257018,e446c44815c0c33d02aecb4d80ca528feb2fde079c1adf6f85e2d023c7741119
Fishing/Fishing/Ship_C04S02N0571.tiff,Fishing,2,file,FUSAR_Ship1.0/Fishing/Fishing/Ship_C04S02N0571.tiff,241938,eb84dcf64a7e2fe581be75d9ff34c3dc36e1d1085ab4e958634f7d06fd051bf7
Fishing/Fishing/Ship_C04S02N0572.tiff,Fishing,2,file,FUSAR_Ship1.0/Fishing/Fishing/Ship_C04S02N0572.tiff,242690,ebddeb4b587bf3f1263933b1a78d67698c67be95b6980360fc8e8397613b4a13
Fishing/Fishing/Ship_C04S02N0573.tiff,Fishing,2,file,FUSAR_Ship1.0/Fishing/Fishing/Ship_C04S02N0573.tiff,253794,23e6d4eff84acf05ec9d767e26f62441ce93b9a144ec1325d585e00dc92aa79e
Fishing/Fishing/Ship_C04S02N0574.tiff,Fishing,2,file,FUSAR_Ship1.0/Fishing/Fishing/Ship_C04S02N0574.tiff,257054,cfc5bf5668a49534273f1708c5a667bf464089004e8cbb65a87c2078cf8b6a71
Fishing/Fishing/Ship_C04S02N0575.tiff,Fishing,2,file,FUSAR_Ship1.0/Fishing/Fishing/Ship_C04S02N0575.tiff,261406,46c8251891c9ff006cdf51f578af98c8fec8d79ec41ce013f12b99d4167e5e82
Fishing/Fishing/Ship_C04S02N0576.tiff,Fishing,2,file,FUSAR_Ship1.0/Fishing/Fishing/Ship_C04S02N0576.tiff,256016,f0ca53f5f2553df04edf5f74c04ebcbb11d368d01547a75743affb92bd5c37cf
Fishing/Fishing/Ship_C04S02N0577.tiff,Fishing,2,file,FUSAR_Ship1.0/Fishing/Fishing/Ship_C04S02N0577.tiff,260294,afd1ab3ce40fb2a21c38b272c47a8e74f64e309fb594d2ebc1163abb3b78af1a
Fishing/Fishing/Ship_C04S02N0578.tiff,Fishing,2,file,FUSAR_Ship1.0/Fishing/Fishing/Ship_C04S02N0578.tiff,252242,954f3b980a392249287471f17d627dfa5407f06cb16f3f4d3ee167a73a6b50f1
Fishing/Fishing/Ship_C04S02N0579.tiff,Fishing,2,file,FUSAR_Ship1.0/Fishing/Fishing/Ship_C04S02N0579.tiff,239658,60de84be4ec21fddc7f1c766b4976a2972a69616f51969b4b859824f25ab726d
Fishing/Fishing/Ship_C04S02N0580.tiff,Fishing,2,file,FUSAR_Ship1.0/Fishing/Fishing/Ship_C04S02N0580.tiff,248356,12908c1ca44d7ef49194286fe0ccc88daa2888fe05e46471782065606569bad0
Fishing/Fishing/Ship_C04S02N0581.tiff,Fishing,2,file,FUSAR_Ship1.0/Fishing/Fishing/Ship_C04S02N0581.tiff,251050,730bca60caf7cebd6cedb955637edaa870665767d8dcac51484859fc6e5a2555
Fishing/Fishing/Ship_C04S02N0582.tiff,Fishing,2,file,FUSAR_Ship1.0/Fishing/Fishing/Ship_C04S02N0582.tiff,253030,27fc156aa016474379dc86bcc136dbeb759f2d8f8509a91e539665c7ad936907
Fishing/Fishing/Ship_C04S02N0583.tiff,Fishing,2,file,FUSAR_Ship1.0/Fishing/Fishing/Ship_C04S02N0583.tiff,236412,cd0469896fd9549e7176adac482bbd225f2d84920915f1ecb17cee8b92f86522
Fishing/Fishing/Ship_C04S02N0584.tiff,Fishing,2,file,FUSAR_Ship1.0/Fishing/Fishing/Ship_C04S02N0584.tiff,227010,55740e60f33a52b20f9615fbec8babc94d666427bdd56df864b122d702b48a95
Fishing/Fishing/Ship_C04S02N0585.tiff,Fishing,2,file,FUSAR_Ship1.0/Fishing/Fishing/Ship_C04S02N0585.tiff,265378,7438000843abf961952eb4306f70b258c1d5651b5ae792c2ba64ed3aa4b1dad8
Fishing/Fishing/Ship_C04S02N0586.tiff,Fishing,2,file,FUSAR_Ship1.0/Fishing/Fishing/Ship_C04S02N0586.tiff,259204,5b045b555c9c82c1ad87e479ce8983f198ab5423626194ce2f254575789ac288
Fishing/Fishing/Ship_C04S02N0587.tiff,Fishing,2,file,FUSAR_Ship1.0/Fishing/Fishing/Ship_C04S02N0587.tiff,263528,1de13a2f21c4d7a15dd066453861a733566325f8c99d3c5674d9783d8597ac10
Fishing/Fishing/Ship_C04S02N0588.tiff,Fishing,2,file,FUSAR_Ship1.0/Fishing/Fishing/Ship_C04S02N0588.tiff,265146,8133d6f51dc0992be7266feaf414700940bfbc662516e910c15d9a085e28edc0
Fishing/Fishing/Ship_C04S02N0589.tiff,Fishing,2,file,FUSAR_Ship1.0/Fishing/Fishing/Ship_C04S02N0589.tiff,264600,a3b5ead0a335498e84d7a374ca2430987e4adc8b309485a1de90a01f595b1d31
Fishing/Fishing/Ship_C04S02N0590.tiff,Fishing,2,file,FUSAR_Ship1.0/Fishing/Fishing/Ship_C04S02N0590.tiff,238966,350ad324d68f9d0607e1bba3bc77e0ba6db9af4dac7402557d0f29e2ff26939c
Fishing/Fishing/Ship_C04S02N0591.tiff,Fishing,2,file,FUSAR_Ship1.0/Fishing/Fishing/Ship_C04S02N0591.tiff,266962,74dfb9df61075c6b4f6c6e5111a99dc598c10d366ea227afb334efdef0767fe5
Fishing/Fishing/Ship_C04S02N0592.tiff,Fishing,2,file,FUSAR_Ship1.0/Fishing/Fishing/Ship_C04S02N0592.tiff,266488,1d094fec2aabb3663993350ed95ed18ecc1823d864ad59df861b88dfcf2f5464
Fishing/Fishing/Ship_C04S02N0593.tiff,Fishing,2,file,FUSAR_Ship1.0/Fishing/Fishing/Ship_C04S02N0593.tiff,264168,e685f7937bb5e061cea3c2002ac7e349e6f28f4b557b409a515f3758111c11b3
Fishing/Fishing/Ship_C04S02N0594.tiff,Fishing,2,file,FUSAR_Ship1.0/Fishing/Fishing/Ship_C04S02N0594.tiff,264876,98263d6f87929ee5d981bdd40280e8197b04b7d6941ccfb067d0cff5e45fa450
Fishing/Fishing/Ship_C04S02N0595.tiff,Fishing,2,file,FUSAR_Ship1.0/Fishing/Fishing/Ship_C04S02N0595.tiff,218744,f4ba0ce394b88517cb11dafe7c7d8277146f1871262c13e740a791ada32ad29b
Fishing/Fishing/Ship_C04S02N0596.tiff,Fishing,2,file,FUSAR_Ship1.0/Fishing/Fishing/Ship_C04S02N0596.tiff,256922,c74c41796a9cbcd72c24dee848c99c39fbc8a08cd7188527fc52ae08c02bcc56
Fishing/Fishing/Ship_C04S02N0597.tiff,Fishing,2,file,FUSAR_Ship1.0/Fishing/Fishing/Ship_C04S02N0597.tiff,266140,df8c3c74ac9e3a28a8c4dfaa2e31655eac63cb13bfe7478733120355aa6b3708
Fishing/Fishing/Ship_C04S02N0598.tiff,Fishing,2,file,FUSAR_Ship1.0/Fishing/Fishing/Ship_C04S02N0598.tiff,260478,7c2f1f3ccc7ae44f6c9a7eb34131d8d5d8785000c0cecb6473c3a91c15691845
Fishing/Fishing/Ship_C04S02N0599.tiff,Fishing,2,file,FUSAR_Ship1.0/Fishing/Fishing/Ship_C04S02N0599.tiff,251276,0140d0d4daede4d31e915ee7caa9c025ec95dd38510d990fd9ee15404df58643
Fishing/Fishing/Ship_C04S02N0600.tiff,Fishing,2,file,FUSAR_Ship1.0/Fishing/Fishing/Ship_C04S02N0600.tiff,264892,2c9690a94bf28681f13bda0bc8c689f4c35eb11fb28c7bc8fe649b82f8be7979
Fishing/Fishing/Ship_C04S02N0601.tiff,Fishing,2,file,FUSAR_Ship1.0/Fishing/Fishing/Ship_C04S02N0601.tiff,256096,7717a83b09cda9ed7e599566aae7ac1e10304be8384787beb5990bd5223b3e27
Fishing/Fishing/Ship_C04S02N0602.tiff,Fishing,2,file,FUSAR_Ship1.0/Fishing/Fishing/Ship_C04S02N0602.tiff,207160,327d39465cb54bd840f153e512a0aa256bd52834cd40e5c017ad23cbc1b973b5
Fishing/Fishing/Ship_C04S02N0603.tiff,Fishing,2,file,FUSAR_Ship1.0/Fishing/Fishing/Ship_C04S02N0603.tiff,244296,e073190bf752c0ba962095ac522be771c67ebc347a0e95a00ee843b820092285
Fishing/Fishing/Ship_C04S02N0604.tiff,Fishing,2,file,FUSAR_Ship1.0/Fishing/Fishing/Ship_C04S02N0604.tiff,263504,daf2a97c297eb4c73ced6f250bfe3a76958d297ae86760c385cd75afff0fb5ac
Fishing/Fishing/Ship_C04S02N0605.tiff,Fishing,2,file,FUSAR_Ship1.0/Fishing/Fishing/Ship_C04S02N0605.tiff,266220,af1b86cdd7eca0ec334e45d4e11f672118bd419552dccb2dd1ef017207bd9250
Fishing/Fishing/Ship_C04S02N0606.tiff,Fishing,2,file,FUSAR_Ship1.0/Fishing/Fishing/Ship_C04S02N0606.tiff,263274,df0bbb9d43e375ff4ebe09d462e31751a9223d6986bf7d747cca2854228daae2
Fishing/Fishing/Ship_C04S02N0607.tiff,Fishing,2,file,FUSAR_Ship1.0/Fishing/Fishing/Ship_C04S02N0607.tiff,263742,311c29e51285d1a8f688dc468e415a722cb821ee8f884fe1024f60fc33db1205
Fishing/Fishing/Ship_C04S02N0608.tiff,Fishing,2,file,FUSAR_Ship1.0/Fishing/Fishing/Ship_C04S02N0608.tiff,265294,45c9d05ba370a52dd11c9d9814667db3ea66626278cfee3a3439c6109c5f2829
Fishing/Fishing/Ship_C04S02N0609.tiff,Fishing,2,file,FUSAR_Ship1.0/Fishing/Fishing/Ship_C04S02N0609.tiff,253202,19f0f2a21639b4a182f2178ad98878f1ad897b8bdcb63af49f826ee0eeb14f3a
Fishing/Fishing/Ship_C04S02N0610.tiff,Fishing,2,file,FUSAR_Ship1.0/Fishing/Fishing/Ship_C04S02N0610.tiff,251322,a57af33cf1e997f62f243fc35dff1650e779e128423429429456c1e03b9a357b
Fishing/Fishing/Ship_C04S02N0611.tiff,Fishing,2,file,FUSAR_Ship1.0/Fishing/Fishing/Ship_C04S02N0611.tiff,243046,2705979daa2738519e78661e0461b19908a252e4ea4d52df67f98132aa62e0f1
Fishing/Fishing/Ship_C04S02N0612.tiff,Fishing,2,file,FUSAR_Ship1.0/Fishing/Fishing/Ship_C04S02N0612.tiff,245256,472e2fbe21506946a07c55960909ccc23e53266bcb71c1b8b4e41582308b3489
Fishing/Fishing/Ship_C04S02N0613.tiff,Fishing,2,file,FUSAR_Ship1.0/Fishing/Fishing/Ship_C04S02N0613.tiff,245032,5f26ee6f70d1b792d7927a3ad818c3f9178d360ef50dcd3878a97271cb2cb863
Fishing/Fishing/Ship_C04S02N0614.tiff,Fishing,2,file,FUSAR_Ship1.0/Fishing/Fishing/Ship_C04S02N0614.tiff,264756,7497c8203a88ccd0721217f7cda523659d01fdd32d2dbf69ab1bbfa90625ad0e
Fishing/Fishing/Ship_C04S02N0615.tiff,Fishing,2,file,FUSAR_Ship1.0/Fishing/Fishing/Ship_C04S02N0615.tiff,264224,47611e5a2fe69116ff11d3d0c597a53ea33353b56ba9d5eabdc536d47f6a528d
Fishing/Fishing/Ship_C04S02N0616.tiff,Fishing,2,file,FUSAR_Ship1.0/Fishing/Fishing/Ship_C04S02N0616.tiff,264158,4c48810a0a17303d5f4c68704d7122818edef409d69fa89ad08de2ad8f7656e9
Fishing/Fishing/Ship_C04S02N0617.tiff,Fishing,2,file,FUSAR_Ship1.0/Fishing/Fishing/Ship_C04S02N0617.tiff,266962,4ae3d83b016ef34e46460ff37044be64e6082b41f6bd3e581c4ca769ea68d8b2
Fishing/Fishing/Ship_C04S02N0618.tiff,Fishing,2,file,FUSAR_Ship1.0/Fishing/Fishing/Ship_C04S02N0618.tiff,251062,c23a6e433252cfc53a381aab0c71b30e60c2f5097fadd30e788e9bec1a537f8f
Fishing/Fishing/Ship_C04S02N0619.tiff,Fishing,2,file,FUSAR_Ship1.0/Fishing/Fishing/Ship_C04S02N0619.tiff,265376,fe73d52c6894c5f5d093dce3aa815d6d55fe8cf44bc33b356fe1b9b78382f9c5
Fishing/Fishing/Ship_C04S02N0620.tiff,Fishing,2,file,FUSAR_Ship1.0/Fishing/Fishing/Ship_C04S02N0620.tiff,265148,4ed3eebbebb1245cbab1ba17187057f7724c14bdc08c738f7bdbbe4e05c2c91a
Fishing/Fishing/Ship_C04S02N0621.tiff,Fishing,2,file,FUSAR_Ship1.0/Fishing/Fishing/Ship_C04S02N0621.tiff,263354,7dfab06d4ac758c09046fa65b99761cab927d5f4f62d1334cbf0c867248d73dc
Fishing/Fishing/Ship_C04S02N0622.tiff,Fishing,2,file,FUSAR_Ship1.0/Fishing/Fishing/Ship_C04S02N0622.tiff,263262,a634afd3f2de0bd00cfd8af88c3a2123ad0a2c3b966c61408a2e75bc65e9288d
Fishing/Fishing/Ship_C04S02N0623.tiff,Fishing,2,file,FUSAR_Ship1.0/Fishing/Fishing/Ship_C04S02N0623.tiff,264246,50ae288fc6184348973e6f84ac4bd3ad65409a1dc2ee2e4ee9bbc355f95da256
Fishing/Fishing/Ship_C04S02N0624.tiff,Fishing,2,file,FUSAR_Ship1.0/Fishing/Fishing/Ship_C04S02N0624.tiff,253388,a1f7e6b56597e9a6f4081824d982a5362e69b2b41c61c7a0100ba122d28281b6
Fishing/Fishing/Ship_C04S02N0625.tiff,Fishing,2,file,FUSAR_Ship1.0/Fishing/Fishing/Ship_C04S02N0625.tiff,258700,468002b7905516fc8cb22c1de3d56eba6875dd56ac9cf405547e8df73e519065
Fishing/Fishing/Ship_C04S02N0626.tiff,Fishing,2,file,FUSAR_Ship1.0/Fishing/Fishing/Ship_C04S02N0626.tiff,257682,050454536e5b77a3583ca377b795492574d833c94f79adc3d0173c463b949d29
Fishing/Fishing/Ship_C04S02N0627.tiff,Fishing,2,file,FUSAR_Ship1.0/Fishing/Fishing/Ship_C04S02N0627.tiff,265380,f5e9fad945fcb9d63497988d0330b408ffdad4ed43e368a7337b1675df3d546d
Fishing/Fishing/Ship_C04S02N0628.tiff,Fishing,2,file,FUSAR_Ship1.0/Fishing/Fishing/Ship_C04S02N0628.tiff,258510,9b77bf12817e27b0d1c07af0601c89a87c7194ad39fb7a50c0f6cc03fd670e88
Fishing/Fishing/Ship_C04S02N0629.tiff,Fishing,2,file,FUSAR_Ship1.0/Fishing/Fishing/Ship_C04S02N0629.tiff,254104,05913f3c9283e06d63edd1731251f677a45452ccf99275f5aa7cd2ced8d29f1e
Fishing/Fishing/Ship_C04S02N0630.tiff,Fishing,2,file,FUSAR_Ship1.0/Fishing/Fishing/Ship_C04S02N0630.tiff,253434,918836129b55f1b3e662dcd68a4176b1ecea633ac254a3500ff92c57e2dcec8b
Fishing/Fishing/Ship_C04S02N0631.tiff,Fishing,2,file,FUSAR_Ship1.0/Fishing/Fishing/Ship_C04S02N0631.tiff,263896,6f2799e397945dbac9f7fde1523696acadbfc9bc003ac16a774981acff5e7c1b
Fishing/Fishing/Ship_C04S02N0632.tiff,Fishing,2,file,FUSAR_Ship1.0/Fishing/Fishing/Ship_C04S02N0632.tiff,265196,1b10826b5cae793131325b654999bfe9bbfacaaabccf9ae3dd554a1e15c64254
Fishing/Fishing/Ship_C04S02N0633.tiff,Fishing,2,file,FUSAR_Ship1.0/Fishing/Fishing/Ship_C04S02N0633.tiff,251768,2e6627254ccaa558866824f0dcdfa9db9caec8e84bed3c7341cc54de53d8bf69
Fishing/Fishing/Ship_C04S02N0634.tiff,Fishing,2,file,FUSAR_Ship1.0/Fishing/Fishing/Ship_C04S02N0634.tiff,256014,79f73247a5d141289f4675d7469af5aa77adc2d44f4878f86ec6ec3ee8161c53
Fishing/Fishing/Ship_C04S02N0635.tiff,Fishing,2,file,FUSAR_Ship1.0/Fishing/Fishing/Ship_C04S02N0635.tiff,261344,addcbba75c41de988bbb5f7b7450aee708fa73a04b73c15339167b14e138e8bf
Fishing/Fishing/Ship_C04S02N0636.tiff,Fishing,2,file,FUSAR_Ship1.0/Fishing/Fishing/Ship_C04S02N0636.tiff,266332,7f410777c5630311beff831343c491b1f4bcf91d39a9eca69fbd316d4ddac54d
Fishing/Fishing/Ship_C04S02N0637.tiff,Fishing,2,file,FUSAR_Ship1.0/Fishing/Fishing/Ship_C04S02N0637.tiff,243758,e94289e7296093cacf4abb8cec8d93000480dd84bb48a3351d6e88c6075d614b
Fishing/Fishing/Ship_C04S02N0638.tiff,Fishing,2,file,FUSAR_Ship1.0/Fishing/Fishing/Ship_C04S02N0638.tiff,256642,f1787d054e046c40b6bc2b34134cd6c6323da0699656eb9ece7eb7a43ad9148b
Fishing/Fishing/Ship_C04S02N0639.tiff,Fishing,2,file,FUSAR_Ship1.0/Fishing/Fishing/Ship_C04S02N0639.tiff,255074,b1ffc5db7bb732d56da99549c097266b88cacf08bffdc11ce3a1aa3e31be4172
Fishing/Fishing/Ship_C04S02N0640.tiff,Fishing,2,file,FUSAR_Ship1.0/Fishing/Fishing/Ship_C04S02N0640.tiff,260058,9fbba2e08ee2b31c69aaf57d895278ddc54bebd2d9e55dcddc8066fdd1f4a5ad
Fishing/Fishing/Ship_C04S02N0641.tiff,Fishing,2,file,FUSAR_Ship1.0/Fishing/Fishing/Ship_C04S02N0641.tiff,257898,a6fbe3d2fce325fab57d453107562c6b9aaf785881f52dd864abe8b7b299148a
Fishing/Fishing/Ship_C04S02N0642.tiff,Fishing,2,file,FUSAR_Ship1.0/Fishing/Fishing/Ship_C04S02N0642.tiff,254538,ebbe049cc62eee463428239d0411dc389b0a6cd9a402672c7ae42bf45e370d41
Fishing/Fishing/Ship_C04S02N0643.tiff,Fishing,2,file,FUSAR_Ship1.0/Fishing/Fishing/Ship_C04S02N0643.tiff,258578,b00578e1c611ec643efdd3a99394a89357d21c99374634137a3ac4adeb7fa201
Fishing/Fishing/Ship_C04S02N0644.tiff,Fishing,2,file,FUSAR_Ship1.0/Fishing/Fishing/Ship_C04S02N0644.tiff,256708,943a9d5220d1ef2b6bc0130491c8d802841708a54d03d0ca84ba1c09cca59f57
Fishing/Fishing/Ship_C04S02N0645.tiff,Fishing,2,file,FUSAR_Ship1.0/Fishing/Fishing/Ship_C04S02N0645.tiff,256758,ada2f3256428a4b0a4dac6426d6d09e8dfa53e8c07cc7aee72cb53f8855c820b
Fishing/Fishing/Ship_C04S02N0646.tiff,Fishing,2,file,FUSAR_Ship1.0/Fishing/Fishing/Ship_C04S02N0646.tiff,264938,abeaebde330aa8d300d6cd810dee09d43e61fcf79af70c27a88658fc1ad96441
Fishing/Fishing/Ship_C04S02N0647.tiff,Fishing,2,file,FUSAR_Ship1.0/Fishing/Fishing/Ship_C04S02N0647.tiff,255710,1cec8c873203d05916bf111a25666752d8fae4f03602473e240daf15bed02091
Fishing/Fishing/Ship_C04S02N0648.tiff,Fishing,2,file,FUSAR_Ship1.0/Fishing/Fishing/Ship_C04S02N0648.tiff,257244,693baeeaa2675bb9c98ba79f1e79451214261342f7a6112dda9c63c376171d56
Fishing/Fishing/Ship_C04S02N0649.tiff,Fishing,2,file,FUSAR_Ship1.0/Fishing/Fishing/Ship_C04S02N0649.tiff,251166,f2643ac0d3eda92d2cdd73dfecd08da138e9c02ebbb419911540f5da0f4927e8
Fishing/Fishing/Ship_C04S02N0650.tiff,Fishing,2,file,FUSAR_Ship1.0/Fishing/Fishing/Ship_C04S02N0650.tiff,251280,309dc7e4a2ae7adc8eb7fae646a0362171b00ecdfe116c971884b19f0043c0ed
Fishing/Fishing/Ship_C04S02N0651.tiff,Fishing,2,file,FUSAR_Ship1.0/Fishing/Fishing/Ship_C04S02N0651.tiff,260760,469e325337c5267e804dff9b9ceee876911f1c8a41f0707855622a00cf08fc43
Fishing/Fishing/Ship_C04S02N0652.tiff,Fishing,2,file,FUSAR_Ship1.0/Fishing/Fishing/Ship_C04S02N0652.tiff,256158,4114560282040b39e35a9c07c257d1d4a48cc2f8f929e798251957c681e574c4
Fishing/Fishing/Ship_C04S02N0653.tiff,Fishing,2,file,FUSAR_Ship1.0/Fishing/Fishing/Ship_C04S02N0653.tiff,164862,af177acab3d97a912a08ca09c01e03e7c27afd734560c9abed6936d3d8d67f85
Fishing/Fishing/Ship_C04S02N0654.tiff,Fishing,2,file,FUSAR_Ship1.0/Fishing/Fishing/Ship_C04S02N0654.tiff,253848,ca7c2752fe7380d813385dd7c5bc0d27f9f681262956a1bb734fabbab57ff4bd
Fishing/Fishing/Ship_C04S02N0655.tiff,Fishing,2,file,FUSAR_Ship1.0/Fishing/Fishing/Ship_C04S02N0655.tiff,261602,95190b61c5b908ae46eb64cf8ae74738b014e6419fe9c8178b87caf986819462
Fishing/Fishing/Ship_C04S02N0656.tiff,Fishing,2,file,FUSAR_Ship1.0/Fishing/Fishing/Ship_C04S02N0656.tiff,254494,45cb2b6c7bcf539dc5a039b6e56358ce1363c0cfacfd38eff082ce992ce112b4
Fishing/Fishing/Ship_C04S02N0657.tiff,Fishing,2,file,FUSAR_Ship1.0/Fishing/Fishing/Ship_C04S02N0657.tiff,255174,51ba4df24f9255117dd3706e5b02c3fedf81973160528098179142a1135055be
Fishing/Fishing/Ship_C04S02N0658.tiff,Fishing,2,file,FUSAR_Ship1.0/Fishing/Fishing/Ship_C04S02N0658.tiff,254598,23a91f195279079ea975cc59d6f3855b3b96e810c0bb84b622f8f6725bebef08
Fishing/Fishing/Ship_C04S02N0659.tiff,Fishing,2,file,FUSAR_Ship1.0/Fishing/Fishing/Ship_C04S02N0659.tiff,262134,1662151cfbddcfcbb6e7113198a6743599a183ded8e580579e68e8783705277b
Fishing/Fishing/Ship_C04S02N0660.tiff,Fishing,2,file,FUSAR_Ship1.0/Fishing/Fishing/Ship_C04S02N0660.tiff,264428,fd79d5b2f4e5d6f8f588ef11b46a5b7f57539daa756e3094432992b30cb96db4
Fishing/Fishing/Ship_C04S02N0661.tiff,Fishing,2,file,FUSAR_Ship1.0/Fishing/Fishing/Ship_C04S02N0661.tiff,258532,a824f0dd6e70e84411e482f02bccce687f32ad631a46f0ce9e8defcbeac56e20
Fishing/Fishing/Ship_C04S02N0662.tiff,Fishing,2,file,FUSAR_Ship1.0/Fishing/Fishing/Ship_C04S02N0662.tiff,256470,3a25cca3f32431fe109c074171be3418c5468b23178c4be537a0a5d358b28aff
Fishing/Fishing/Ship_C04S02N0663.tiff,Fishing,2,file,FUSAR_Ship1.0/Fishing/Fishing/Ship_C04S02N0663.tiff,252092,148de05d5919fffa33015b997fc42f99f3ae44e8b7afcc30d21e281b5111c046
Fishing/Fishing/Ship_C04S02N0664.tiff,Fishing,2,file,FUSAR_Ship1.0/Fishing/Fishing/Ship_C04S02N0664.tiff,254588,579b15838474f6c6cc5d3b8b80e6cad1fc2f88b3c7120b4b3de517417751c907
Fishing/Fishing/Ship_C04S02N0665.tiff,Fishing,2,file,FUSAR_Ship1.0/Fishing/Fishing/Ship_C04S02N0665.tiff,251156,9dee77bfa956c32cac0a476fa5d52df198f8ad68255c301892ac0b556eb56ccd
Fishing/Fishing/Ship_C04S02N0666.tiff,Fishing,2,file,FUSAR_Ship1.0/Fishing/Fishing/Ship_C04S02N0666.tiff,247740,4399d89a120da6d45a855b06ee60baefc6fad077d64ce72c76ef344af2abfd78
Fishing/Fishing/Ship_C04S02N0667.tiff,Fishing,2,file,FUSAR_Ship1.0/Fishing/Fishing/Ship_C04S02N0667.tiff,255422,6b5a83e0aaa5b83f4e35147e3f05ef32a9dd5df50be6ade7a2f9fe6e06c4e042
Fishing/Fishing/Ship_C04S02N0668.tiff,Fishing,2,file,FUSAR_Ship1.0/Fishing/Fishing/Ship_C04S02N0668.tiff,251548,c6219b9ab983e40a6285ffecd5baef594472bbf083a0611cbb43ae1403221fa0
Fishing/Fishing/Ship_C04S02N0669.tiff,Fishing,2,file,FUSAR_Ship1.0/Fishing/Fishing/Ship_C04S02N0669.tiff,259544,a0a5bdc24e0d27ed86ed369355039ef709f2e48620319210a88c5fe185fcabdd
Fishing/Fishing/Ship_C04S02N0670.tiff,Fishing,2,file,FUSAR_Ship1.0/Fishing/Fishing/Ship_C04S02N0670.tiff,263624,235f4e8c90ff439f85b2671d902261fb830ca7ede6fc72244d9c88acda182974
Fishing/Fishing/Ship_C04S02N0671.tiff,Fishing,2,file,FUSAR_Ship1.0/Fishing/Fishing/Ship_C04S02N0671.tiff,265348,f0939bd03dc292367280b9c585e01ac8b59d8222dc197ebc719b69bea303bd5b
Fishing/Fishing/Ship_C04S02N0672.tiff,Fishing,2,file,FUSAR_Ship1.0/Fishing/Fishing/Ship_C04S02N0672.tiff,262944,ee4d9c23dafcdea2fa7f0553f9bd04cefc4063cd9c33e08d82f53487f2e164b9
Fishing/Fishing/Ship_C04S02N0673.tiff,Fishing,2,file,FUSAR_Ship1.0/Fishing/Fishing/Ship_C04S02N0673.tiff,251984,795148a1cce0df299ed2e5da903aed1fc3af5510ba9ade5b21b1bd7a8ff97704
Fishing/Fishing/Ship_C04S02N0674.tiff,Fishing,2,file,FUSAR_Ship1.0/Fishing/Fishing/Ship_C04S02N0674.tiff,257078,8de2faa77701c2c1d83921f5e993e64ff6119f3c94cc45b6c8982e847f50d2ed
Fishing/Fishing/Ship_C04S02N0675.tiff,Fishing,2,file,FUSAR_Ship1.0/Fishing/Fishing/Ship_C04S02N0675.tiff,249720,7de5cc6226fbbe50002a649e488bbcada3502881c4a3a8896b0c1a415eaf72fb
Fishing/Fishing/Ship_C04S02N0676.tiff,Fishing,2,file,FUSAR_Ship1.0/Fishing/Fishing/Ship_C04S02N0676.tiff,250164,5d0266e66e2723cae797859635a74935a64b691f026e8b91c55e2a9e197cddd7
Fishing/Fishing/Ship_C04S02N0677.tiff,Fishing,2,file,FUSAR_Ship1.0/Fishing/Fishing/Ship_C04S02N0677.tiff,251306,baae0fb6eb05bdd6980601bd8b774fc3151703376d3952b34692c1f732322540
Fishing/Fishing/Ship_C04S02N0678.tiff,Fishing,2,file,FUSAR_Ship1.0/Fishing/Fishing/Ship_C04S02N0678.tiff,256456,e6e2ced122cb35b15bee9f98c0f0580e52962a1bb55c80cc1da38bf40947c5ce
Fishing/Fishing/Ship_C04S02N0679.tiff,Fishing,2,file,FUSAR_Ship1.0/Fishing/Fishing/Ship_C04S02N0679.tiff,249894,25fe175ebacdc3ad39acb15f17fe693d6afe3426c66adb1946ac940974d25cbc
Fishing/Fishing/Ship_C04S02N0680.tiff,Fishing,2,file,FUSAR_Ship1.0/Fishing/Fishing/Ship_C04S02N0680.tiff,254750,71febb55bcb5d3016358d10f35402c24c27b9dc795590c6b2b6beb20c55884a3
Fishing/Fishing/Ship_C04S02N0681.tiff,Fishing,2,file,FUSAR_Ship1.0/Fishing/Fishing/Ship_C04S02N0681.tiff,259688,012ae76411792aca3dfa62041579bd66ef26460b6852dbcf54b2ac1ceaa92fd3
Fishing/Fishing/Ship_C04S02N0682.tiff,Fishing,2,file,FUSAR_Ship1.0/Fishing/Fishing/Ship_C04S02N0682.tiff,259306,271dbfd6feb5d16ddbc4d149543a25f25733978e34f92532a7c9e05a28c26089
Fishing/Fishing/Ship_C04S02N0683.tiff,Fishing,2,file,FUSAR_Ship1.0/Fishing/Fishing/Ship_C04S02N0683.tiff,263150,5e5bb4c6508ab724c54a720270abbe3d8c79daf60c12b29bb057cfdca48cbafa
Fishing/Fishing/Ship_C04S02N0684.tiff,Fishing,2,file,FUSAR_Ship1.0/Fishing/Fishing/Ship_C04S02N0684.tiff,264238,7f28ee78138fa2628b63608f1e46ab62d62cf69ed6abc3d19e16aee42397a938
Fishing/Fishing/Ship_C04S02N0685.tiff,Fishing,2,file,FUSAR_Ship1.0/Fishing/Fishing/Ship_C04S02N0685.tiff,249372,1c60791d37c78f5ae8645552d3c4e1c45d08837857e4f60d10ca606da69415d5
Fishing/Fishing/Ship_C04S02N0686.tiff,Fishing,2,file,FUSAR_Ship1.0/Fishing/Fishing/Ship_C04S02N0686.tiff,250634,f01231f6f717897c3b5ec85c539c7325d4fb014a73efa91f70608542235f8926
Fishing/Fishing/Ship_C04S02N0687.tiff,Fishing,2,file,FUSAR_Ship1.0/Fishing/Fishing/Ship_C04S02N0687.tiff,245186,bb4a2d2ad55c4d384bbe937b578102299eb725b3ad40bebd6c86bedc370e7c81
Fishing/Fishing/Ship_C04S02N0688.tiff,Fishing,2,file,FUSAR_Ship1.0/Fishing/Fishing/Ship_C04S02N0688.tiff,257286,9fd7224c34cf06793ecb2cd23c9aeaf4fdc0add7099a5df3300c4bed676881c5
Fishing/Fishing/Ship_C04S02N0689.tiff,Fishing,2,file,FUSAR_Ship1.0/Fishing/Fishing/Ship_C04S02N0689.tiff,258082,fd4b6a0b466a5cf9070492e7a98e9936efe1e53301c02f69da0652f0bdb570b1
Fishing/Fishing/Ship_C04S02N0690.tiff,Fishing,2,file,FUSAR_Ship1.0/Fishing/Fishing/Ship_C04S02N0690.tiff,255840,a5576d420a6d32d32415008da889ba553558355992193a1a28ec65f400146436
Fishing/Fishing/Ship_C04S02N0691.tiff,Fishing,2,file,FUSAR_Ship1.0/Fishing/Fishing/Ship_C04S02N0691.tiff,246822,d351644aa3d6ad4d28fe440081e60481cd25e0025766e278d2731fec00b5ccf2
Fishing/Fishing/Ship_C04S02N0692.tiff,Fishing,2,file,FUSAR_Ship1.0/Fishing/Fishing/Ship_C04S02N0692.tiff,148652,d399f9da5ca3ed9c4581fa88e8b24e652695e0bf034cdab6330a94ec1595f28c
Fishing/Fishing/Ship_C04S02N0693.tiff,Fishing,2,file,FUSAR_Ship1.0/Fishing/Fishing/Ship_C04S02N0693.tiff,248792,28ed7951c6fc63c7a5a22c9e24aeb6b8f112368f7b3b0b075f9f9491c2c24f71
Fishing/Fishing/Ship_C04S02N0694.tiff,Fishing,2,file,FUSAR_Ship1.0/Fishing/Fishing/Ship_C04S02N0694.tiff,251060,e0b861d52b4fadf6ada22f91a9539e81845a764d84a84d06253e627744a2711b
Fishing/Fishing/Ship_C04S02N0695.tiff,Fishing,2,file,FUSAR_Ship1.0/Fishing/Fishing/Ship_C04S02N0695.tiff,256482,33ade267c6cbd66d9537aeeb8333f908ac6913a40c44cd595e80df48892a3bfe
Fishing/Fishing/Ship_C04S02N0696.tiff,Fishing,2,file,FUSAR_Ship1.0/Fishing/Fishing/Ship_C04S02N0696.tiff,257754,d98d8146a8fbf6acb0f6faf753cd9965598b142e9864a13b222c5116ed145d2b
Fishing/Fishing/Ship_C04S02N0697.tiff,Fishing,2,file,FUSAR_Ship1.0/Fishing/Fishing/Ship_C04S02N0697.tiff,249676,f20c85289949922298d948f26b9f429b4f8349fedb6503c4cb86db65d3d79868
Fishing/Fishing/Ship_C04S02N0698.tiff,Fishing,2,file,FUSAR_Ship1.0/Fishing/Fishing/Ship_C04S02N0698.tiff,261566,4e44cff73eaa118f6f8c65ece3c9c7e8c3ddd3846268c6cc63b3e06678f5a8e0
Fishing/Fishing/Ship_C04S02N0699.tiff,Fishing,2,file,FUSAR_Ship1.0/Fishing/Fishing/Ship_C04S02N0699.tiff,254906,7fa5677fdc1d3d78935b875c822eb93cc73016426afac383536dee6ea1089391
Fishing/Fishing/Ship_C04S02N0700.tiff,Fishing,2,file,FUSAR_Ship1.0/Fishing/Fishing/Ship_C04S02N0700.tiff,250670,139c6fdb212cca332cff7d765d5745e7f2ec3aa35f07816537aaa61c93f31c1c
Fishing/Fishing/Ship_C04S02N0701.tiff,Fishing,2,file,FUSAR_Ship1.0/Fishing/Fishing/Ship_C04S02N0701.tiff,264784,d2ff631d4c222a56dd627668ebde7f2c2a147772296bddf46d447c900da6a15a
Fishing/Fishing/Ship_C04S02N0702.tiff,Fishing,2,file,FUSAR_Ship1.0/Fishing/Fishing/Ship_C04S02N0702.tiff,265296,51fbc2036b1a9b9a0e79000af8081ceec530c122d0a895e65f27566f3959a1fe
Fishing/Fishing/Ship_C04S02N0703.tiff,Fishing,2,file,FUSAR_Ship1.0/Fishing/Fishing/Ship_C04S02N0703.tiff,252270,4941043c23e016ebd5be1e72fc3344c9067c6c601a78e6bea02e6e59e71187c8
Fishing/Fishing/Ship_C04S02N0704.tiff,Fishing,2,file,FUSAR_Ship1.0/Fishing/Fishing/Ship_C04S02N0704.tiff,254764,8255da5c413465c8129d9d122b5d1a7d715bb334fe02ffe3577e64c05e850f10
Fishing/Fishing/Ship_C04S02N0705.tiff,Fishing,2,file,FUSAR_Ship1.0/Fishing/Fishing/Ship_C04S02N0705.tiff,253362,71699d4a62065d5d6526c41c60ce03c15608cd6bc65d4d4f083b7020c4331aa7
Fishing/Fishing/Ship_C04S02N0706.tiff,Fishing,2,file,FUSAR_Ship1.0/Fishing/Fishing/Ship_C04S02N0706.tiff,257172,b4ed3cb30140701ca466086439905e64c8882488408818ba9fb7cb4633947d24
Fishing/Fishing/Ship_C04S02N0707.tiff,Fishing,2,file,FUSAR_Ship1.0/Fishing/Fishing/Ship_C04S02N0707.tiff,265558,45ab4a18bd3869518ca93ce7c253df0ff0981bac78eb5e173d1c7efa9392d2e9
Fishing/Fishing/Ship_C04S02N0708.tiff,Fishing,2,file,FUSAR_Ship1.0/Fishing/Fishing/Ship_C04S02N0708.tiff,253576,aabefffd6932ad99772c066c35525c6ee6ee96f7aa6df2ad4205472236f92a72
Fishing/Fishing/Ship_C04S02N0709.tiff,Fishing,2,file,FUSAR_Ship1.0/Fishing/Fishing/Ship_C04S02N0709.tiff,248988,d56625cada4c3586f6034274adc23f462e2d3be180493e25ee89c410aa617697
Fishing/Fishing/Ship_C04S02N0710.tiff,Fishing,2,file,FUSAR_Ship1.0/Fishing/Fishing/Ship_C04S02N0710.tiff,261394,88b1022f41cbb71f10224430047f5fc46d792d2421d9cca3ef5585c27baf8117
Fishing/Fishing/Ship_C04S02N0711.tiff,Fishing,2,file,FUSAR_Ship1.0/Fishing/Fishing/Ship_C04S02N0711.tiff,265340,2d1f895b3feb6f671944c50e24674c6fda7efaadc9ad41319d316a053fcf82ac
Fishing/Fishing/Ship_C04S02N0712.tiff,Fishing,2,file,FUSAR_Ship1.0/Fishing/Fishing/Ship_C04S02N0712.tiff,262672,c63e61ee905f544d254cbbf1ed34a5abc500f99efa2211f56120fdf8c780f9e9
Fishing/Fishing/Ship_C04S02N0713.tiff,Fishing,2,file,FUSAR_Ship1.0/Fishing/Fishing/Ship_C04S02N0713.tiff,255522,374e7a9de447cdc91b0addc3a55777f4eed5851172d0bee97ef22e5afc264353
Fishing/Fishing/Ship_C04S02N0714.tiff,Fishing,2,file,FUSAR_Ship1.0/Fishing/Fishing/Ship_C04S02N0714.tiff,147312,74df06fc62a721806f7f619f865d1f88034bd31113130a99c86cb09cd123faaf
Fishing/Fishing/Ship_C04S02N0715.tiff,Fishing,2,file,FUSAR_Ship1.0/Fishing/Fishing/Ship_C04S02N0715.tiff,259822,cbd01f592f50a64b07bf117a3cd0da702c3c9f004875bcc4b76a5f65afa5ffe9
Fishing/Fishing/Ship_C04S02N0716.tiff,Fishing,2,file,FUSAR_Ship1.0/Fishing/Fishing/Ship_C04S02N0716.tiff,264508,b0fe0577b0bed9c295aaa3af3f1dd14027a795ef6dee47802b16d7b753d23875
Fishing/Fishing/Ship_C04S02N0717.tiff,Fishing,2,file,FUSAR_Ship1.0/Fishing/Fishing/Ship_C04S02N0717.tiff,250976,96c779352c3a1b712621462e8ed46f9d38633b00e6b768966d5ac3f5323091e7
Fishing/Fishing/Ship_C04S02N0718.tiff,Fishing,2,file,FUSAR_Ship1.0/Fishing/Fishing/Ship_C04S02N0718.tiff,252626,7da7503745824123957fa3c0f5ea5f0b7e004f14274d581c6a6ab13a63f65609
Fishing/Fishing/Ship_C04S02N0719.tiff,Fishing,2,file,FUSAR_Ship1.0/Fishing/Fishing/Ship_C04S02N0719.tiff,262312,b0272815fd3ebd6bec7b3e201e7ee22b3cf933c2d1ac5b069f15c4c7053997f9
Fishing/Fishing/Ship_C04S02N0720.tiff,Fishing,2,file,FUSAR_Ship1.0/Fishing/Fishing/Ship_C04S02N0720.tiff,255918,a5f15d65523b400ba0ac2a8fbee7e28b309dd248966e4913f800b0b6cc74e7d8
Fishing/Fishing/Ship_C04S02N0721.tiff,Fishing,2,file,FUSAR_Ship1.0/Fishing/Fishing/Ship_C04S02N0721.tiff,263700,8a0edda011c244776d6b016fa13cf86678d4ebbc26d38e6fb28e52147473e408
Fishing/Fishing/Ship_C04S02N0722.tiff,Fishing,2,file,FUSAR_Ship1.0/Fishing/Fishing/Ship_C04S02N0722.tiff,261182,9f5c7c7583ca7c0c62892eb17e2abcc0c34d53c68a98b07a9dd0c1b1c1a45df4
Fishing/Fishing/Ship_C04S02N0723.tiff,Fishing,2,file,FUSAR_Ship1.0/Fishing/Fishing/Ship_C04S02N0723.tiff,258610,d10ec956f3abf379106e040d154586a6fc3c40799dc9ec8b89793e8ce357698f
Fishing/Fishing/Ship_C04S02N0724.tiff,Fishing,2,file,FUSAR_Ship1.0/Fishing/Fishing/Ship_C04S02N0724.tiff,254932,185ee3f8df56f41398fdd4ab763d86f039ae22bcd52e04e68dc2f88f59f04b99
Fishing/Fishing/Ship_C04S02N0725.tiff,Fishing,2,file,FUSAR_Ship1.0/Fishing/Fishing/Ship_C04S02N0725.tiff,266706,7e564434c3febffd73de960d4f0651476589549b5330509fc6b980b1a13c0ae8
Fishing/Fishing/Ship_C04S02N0726.tiff,Fishing,2,file,FUSAR_Ship1.0/Fishing/Fishing/Ship_C04S02N0726.tiff,252712,0da369a2237c2120613ebf3001a458d61d54845a5361ac399ef5e52b8f5beedd
Fishing/Fishing/Ship_C04S02N0727.tiff,Fishing,2,file,FUSAR_Ship1.0/Fishing/Fishing/Ship_C04S02N0727.tiff,257872,81c96f50dd2354c0256710cce6c262f758fd7dfebbced189a75e43154d0a64d8
Fishing/Fishing/Ship_C04S02N0728.tiff,Fishing,2,file,FUSAR_Ship1.0/Fishing/Fishing/Ship_C04S02N0728.tiff,262782,b4925e044d2563974f2a4ec492d58a531c3e8fa44a92cf37091c4e88317504ee
Fishing/Fishing/Ship_C04S02N0729.tiff,Fishing,2,file,FUSAR_Ship1.0/Fishing/Fishing/Ship_C04S02N0729.tiff,263418,3150a47f9c1c6c977d2031541394aa092b5f1c2c70c09c8f8b90c3f76cf2ae57
Fishing/Fishing/Ship_C04S02N0730.tiff,Fishing,2,file,FUSAR_Ship1.0/Fishing/Fishing/Ship_C04S02N0730.tiff,256438,c00c3286a7ad74081375de79208216d946515aeadfdf08fd19f4faaf5b404440
Fishing/Fishing/Ship_C04S02N0731.tiff,Fishing,2,file,FUSAR_Ship1.0/Fishing/Fishing/Ship_C04S02N0731.tiff,259288,937fdd24a79ee86b24719b004cfce05204f396c1d18a5254ecc54d5d197e3cdf
Fishing/Fishing/Ship_C04S02N0732.tiff,Fishing,2,file,FUSAR_Ship1.0/Fishing/Fishing/Ship_C04S02N0732.tiff,253576,8a066ef0c0f207f80ac099634a370058c74be0a4fb70e5af28d6ba7994700bac
Fishing/Fishing/Ship_C04S02N0733.tiff,Fishing,2,file,FUSAR_Ship1.0/Fishing/Fishing/Ship_C04S02N0733.tiff,264850,ab0694060bbc6a308322b15d6e2389e712d8a8c1936345c2cb051457bae2ef74
Fishing/Fishing/Ship_C04S02N0734.tiff,Fishing,2,file,FUSAR_Ship1.0/Fishing/Fishing/Ship_C04S02N0734.tiff,262718,b431a298222e45beb3983c2c30da7c6fd073a7be4432ecd4ddd182d8e1736362
Fishing/Fishing/Ship_C04S02N0735.tiff,Fishing,2,file,FUSAR_Ship1.0/Fishing/Fishing/Ship_C04S02N0735.tiff,254482,9d1cd5f35f9436a03dd101b3a08535d947bf86e0d48513ef942077b98aa9b71c
Fishing/Fishing/Ship_C04S02N0736.tiff,Fishing,2,file,FUSAR_Ship1.0/Fishing/Fishing/Ship_C04S02N0736.tiff,258960,c37ab270a3b89ef20e687c774437397f2f5dabb588e80fba5d9bb6407575d281
Fishing/Fishing/Ship_C04S02N0737.tiff,Fishing,2,file,FUSAR_Ship1.0/Fishing/Fishing/Ship_C04S02N0737.tiff,253988,d6f4c1266b4f539ced58578cd139d93c41dce8decc4b87f80c8945a1cf6ea908
Fishing/Fishing/Ship_C04S02N0738.tiff,Fishing,2,file,FUSAR_Ship1.0/Fishing/Fishing/Ship_C04S02N0738.tiff,254414,cf0828d17afcf688698f7f7f9848828a0ec8510cbdc7317046763d1397778be8
Fishing/Fishing/Ship_C04S02N0739.tiff,Fishing,2,file,FUSAR_Ship1.0/Fishing/Fishing/Ship_C04S02N0739.tiff,254974,8bc393660b71a7546e696a28c4cc5ce21a4ebc5d926bf6942b8f76b5390e28aa
Fishing/Fishing/Ship_C04S02N0740.tiff,Fishing,2,file,FUSAR_Ship1.0/Fishing/Fishing/Ship_C04S02N0740.tiff,252010,e0fcdb5b1c5d8b95862edf73fdb3e2862ff69a4831b7faf5021fdf9ff089bc95
Fishing/Fishing/Ship_C04S02N0741.tiff,Fishing,2,file,FUSAR_Ship1.0/Fishing/Fishing/Ship_C04S02N0741.tiff,258890,590a0979ea03c4e31013962ea958a9b0cb2c9295a1decbbad4a7f87daadeea1d
Fishing/Fishing/Ship_C04S02N0742.tiff,Fishing,2,file,FUSAR_Ship1.0/Fishing/Fishing/Ship_C04S02N0742.tiff,252566,23ed4aba3c64f77bf20e14633fc9c9a9bad71baf56457002f23746c98e7b2dd0
Fishing/Fishing/Ship_C04S02N0743.tiff,Fishing,2,file,FUSAR_Ship1.0/Fishing/Fishing/Ship_C04S02N0743.tiff,255300,49313bdec40a5a03f632ea41bb38c8bf4f7f2dd978b6e1e694400cbe8495cf3a
Fishing/Fishing/Ship_C04S02N0744.tiff,Fishing,2,file,FUSAR_Ship1.0/Fishing/Fishing/Ship_C04S02N0744.tiff,265946,cc882322e3a0e050c63d47f0aa46b946d4f607ffff25c02873bb4e220ae7f6ae
Fishing/Fishing/Ship_C04S02N0745.tiff,Fishing,2,file,FUSAR_Ship1.0/Fishing/Fishing/Ship_C04S02N0745.tiff,265964,d5715eb3704c33a27e88e166d870272a0c6a27baf6c1acddce4c6a92432e783d
Fishing/Fishing/Ship_C04S02N0746.tiff,Fishing,2,file,FUSAR_Ship1.0/Fishing/Fishing/Ship_C04S02N0746.tiff,264296,66bce8f21457984c5d7428ff48ee39f2e7b791f6793e62624c732a388e19ce8e
Fishing/Fishing/Ship_C04S02N0747.tiff,Fishing,2,file,FUSAR_Ship1.0/Fishing/Fishing/Ship_C04S02N0747.tiff,262104,c5c5ecc9e6ab07a5f5cb27b735574a6e928484768cf7619e955dba2b3b4c21ba
Fishing/Fishing/Ship_C04S02N0748.tiff,Fishing,2,file,FUSAR_Ship1.0/Fishing/Fishing/Ship_C04S02N0748.tiff,253670,182fde88ad00500a37da474ca0da7bead38c105c1b059c4a1c2bf6fd1d297beb
Fishing/Fishing/Ship_C04S02N0749.tiff,Fishing,2,file,FUSAR_Ship1.0/Fishing/Fishing/Ship_C04S02N0749.tiff,260764,176bfdd17b1b4c3d2d9b999874d87d20b5f3201668f44e9cda83cfb26933bd1f
Fishing/Fishing/Ship_C04S02N0750.tiff,Fishing,2,file,FUSAR_Ship1.0/Fishing/Fishing/Ship_C04S02N0750.tiff,258500,9adcd5be01a7659e1b7f3c9ded99dd189afb60e38686e0702e0db85ca3a19c69
Fishing/Fishing/Ship_C04S02N0751.tiff,Fishing,2,file,FUSAR_Ship1.0/Fishing/Fishing/Ship_C04S02N0751.tiff,264156,a4f4a7ab242ec638fcdfbf6ffb0e516c47e7c0cc472d6a5ca4b6dad30a837880
Fishing/Fishing/Ship_C04S02N0752.tiff,Fishing,2,file,FUSAR_Ship1.0/Fishing/Fishing/Ship_C04S02N0752.tiff,254062,f85a622d444d21bf1250f90f1ff54e1c4dc0dbffb7106952ab4196cd390f2672
Fishing/Fishing/Ship_C04S02N0753.tiff,Fishing,2,file,FUSAR_Ship1.0/Fishing/Fishing/Ship_C04S02N0753.tiff,258576,179f88a762e022597e204037e3973acb25c828c6ce5c75709e84cf37fc08ff58
Fishing/Fishing/Ship_C04S02N0754.tiff,Fishing,2,file,FUSAR_Ship1.0/Fishing/Fishing/Ship_C04S02N0754.tiff,264950,9827876d9f915bc344c536e08529639d92b308f87e8c884eefd15a7471424646
Fishing/Fishing/Ship_C04S02N0755.tiff,Fishing,2,file,FUSAR_Ship1.0/Fishing/Fishing/Ship_C04S02N0755.tiff,267080,4315923bd584ecba9bb9550f05bc76b9af272c6ec1d8a2f93e423c8fe3c69b66
Fishing/Fishing/Ship_C04S02N0756.tiff,Fishing,2,file,FUSAR_Ship1.0/Fishing/Fishing/Ship_C04S02N0756.tiff,258588,f11277f7b9a01cfd583b91461f6f73417d146f0d1aeafda358f0ba092698c22c
Fishing/Fishing/Ship_C04S02N0757.tiff,Fishing,2,file,FUSAR_Ship1.0/Fishing/Fishing/Ship_C04S02N0757.tiff,257940,ace88a681e9b8b7159cc84d51e0e1efcc704ec912b8e82c64c9c561ea48b9eee
Fishing/Fishing/Ship_C04S02N0758.tiff,Fishing,2,file,FUSAR_Ship1.0/Fishing/Fishing/Ship_C04S02N0758.tiff,254974,1e542952dabcfea917f64fc8a3a77ae33110242254e88a09161229f70a961148
Fishing/Fishing/Ship_C04S02N0759.tiff,Fishing,2,file,FUSAR_Ship1.0/Fishing/Fishing/Ship_C04S02N0759.tiff,258100,5bdea5bfc819f975c7d875cde99880dd39b08810b74afc46982853cbabd53e59
Fishing/Fishing/Ship_C04S02N0760.tiff,Fishing,2,file,FUSAR_Ship1.0/Fishing/Fishing/Ship_C04S02N0760.tiff,254140,93031be030ce05bb1dda7922f5c6f9d54d001e3206961b86b1b563e8e1c3814f
Fishing/Fishing/Ship_C04S02N0761.tiff,Fishing,2,file,FUSAR_Ship1.0/Fishing/Fishing/Ship_C04S02N0761.tiff,265474,d809421d7bddbe5a46a6030ddc4141632d599eaefad4e845cd83ab5334ce0823
Fishing/Fishing/Ship_C04S02N0762.tiff,Fishing,2,file,FUSAR_Ship1.0/Fishing/Fishing/Ship_C04S02N0762.tiff,259834,da744c15d6d8a49b9b05f8b908c85ed5b61cb47b75fb92f3b6cdce27e1e22f0f
Fishing/Fishing/Ship_C04S02N0763.tiff,Fishing,2,file,FUSAR_Ship1.0/Fishing/Fishing/Ship_C04S02N0763.tiff,257616,ba35bdec4fa2ba8510285dcbcac11230984b4c5be8140c78691d9f28fc755ab5
Fishing/Fishing/Ship_C04S02N0764.tiff,Fishing,2,file,FUSAR_Ship1.0/Fishing/Fishing/Ship_C04S02N0764.tiff,258784,83f9a1ae3aa7372dfb9f1c7dc91bffb6b1d81cdc2563236580f21e04ebd629fe
Fishing/Fishing/Ship_C04S02N0765.tiff,Fishing,2,file,FUSAR_Ship1.0/Fishing/Fishing/Ship_C04S02N0765.tiff,216010,60db6d5eca238d5de25415b5478da70a160199f20b15f20224e3b243e6915b14
Fishing/Fishing/Ship_C04S02N0766.tiff,Fishing,2,file,FUSAR_Ship1.0/Fishing/Fishing/Ship_C04S02N0766.tiff,256800,22122c993fcf75d8c2c340c36b692746ff50e39bb85b1d45cf579d05559b2f57
Fishing/Fishing/Ship_C04S02N0767.tiff,Fishing,2,file,FUSAR_Ship1.0/Fishing/Fishing/Ship_C04S02N0767.tiff,257206,a66a6750614beb9714fe6e325f3aefa2e813e7db23f4f0dbfe428bcbe1b6b738
Fishing/Fishing/Ship_C04S02N0768.tiff,Fishing,2,file,FUSAR_Ship1.0/Fishing/Fishing/Ship_C04S02N0768.tiff,257570,a10535d1320605f79cf09913fc2401012a99488d7f55a5999d483b1a521d9d89
Fishing/Fishing/Ship_C04S02N0769.tiff,Fishing,2,file,FUSAR_Ship1.0/Fishing/Fishing/Ship_C04S02N0769.tiff,261228,6056069770a6388fb1d66a1c39b154eb33738cfc27fdedd86c40de61cc63dac6
Fishing/Fishing/Ship_C04S02N0770.tiff,Fishing,2,file,FUSAR_Ship1.0/Fishing/Fishing/Ship_C04S02N0770.tiff,266580,22082acda510daa6dfb2f39c046a46587e76e37584cd2020a36ff982a16a3458
Fishing/Fishing/Ship_C04S02N0771.tiff,Fishing,2,file,FUSAR_Ship1.0/Fishing/Fishing/Ship_C04S02N0771.tiff,266074,6b6917bc83e77f54aa02f5735840e9a462fbf38d978541bd3dc11b39d0697564
Fishing/Fishing/Ship_C04S02N0772.tiff,Fishing,2,file,FUSAR_Ship1.0/Fishing/Fishing/Ship_C04S02N0772.tiff,222474,1b311fec6800694c969c53333464c5cfd89deb83dbc8bbcecab21c505deeba57
Fishing/Fishing/Ship_C04S02N0773.tiff,Fishing,2,file,FUSAR_Ship1.0/Fishing/Fishing/Ship_C04S02N0773.tiff,263072,581dfd0a163d1381629ca8b5917fe15a528b1f6749358f7bb86887cc20e39c25
Fishing/Fishing/Ship_C04S02N0774.tiff,Fishing,2,file,FUSAR_Ship1.0/Fishing/Fishing/Ship_C04S02N0774.tiff,223180,ba0be3ae445d8300088f49becc8d9a0f1b9dfb9b1cd87e7584e19fc26dabf9f0
Fishing/Fishing/Ship_C04S02N0775.tiff,Fishing,2,file,FUSAR_Ship1.0/Fishing/Fishing/Ship_C04S02N0775.tiff,267000,7244d56745599ffd67ffdfd952f0d41cfdeb97a3b2758c020d16c8f67f9fdf3c
Fishing/Fishing/Ship_C04S02N0776.tiff,Fishing,2,file,FUSAR_Ship1.0/Fishing/Fishing/Ship_C04S02N0776.tiff,265554,9ebb0ae594e44de0d2586c56a886deccd5409e07bdb7caf23b67da6eeed32572
Fishing/Fishing/Ship_C04S02N0777.tiff,Fishing,2,file,FUSAR_Ship1.0/Fishing/Fishing/Ship_C04S02N0777.tiff,245060,66f89e4e0c6dab5f7e00f3de8622f65d20c0b6c924719672ec1131d59da901bc
Fishing/Fishing/Ship_C04S02N0778.tiff,Fishing,2,file,FUSAR_Ship1.0/Fishing/Fishing/Ship_C04S02N0778.tiff,259632,e80c6c26ce7f24a673399a49801462c7d3cf706d626ff55823e4708ec7d5c1c6
Fishing/Fishing/Ship_C04S02N0779.tiff,Fishing,2,file,FUSAR_Ship1.0/Fishing/Fishing/Ship_C04S02N0779.tiff,251110,4df1419987c4812268704e9b550e24418d88a3d4ff8b0a73095990792d59cd89
Fishing/Fishing/Ship_C04S02N0780.tiff,Fishing,2,file,FUSAR_Ship1.0/Fishing/Fishing/Ship_C04S02N0780.tiff,265954,f3f7c41207230c780ea80f75b4846ef8bb657eb8d51a3fcbac75dfafd2610a63
Fishing/Fishing/Ship_C04S02N0781.tiff,Fishing,2,file,FUSAR_Ship1.0/Fishing/Fishing/Ship_C04S02N0781.tiff,212718,ef21023ce7737b707496b4b72aead430883d93d7b20ac24e81e815246f5fad83
Fishing/Fishing/Ship_C04S02N0782.tiff,Fishing,2,file,FUSAR_Ship1.0/Fishing/Fishing/Ship_C04S02N0782.tiff,200330,a76d3e4585a4a09a6056ef939ca0aeebd4f22dab5cb81bccc5a14622bb839d2a
Fishing/Fishing/Ship_C04S02N0783.tiff,Fishing,2,file,FUSAR_Ship1.0/Fishing/Fishing/Ship_C04S02N0783.tiff,218352,2347b9bbfd0cc344c882241e2d09f1153aff945934bb2305e3cde384233fafbd
Fishing/Fishing/Ship_C04S02N0784.tiff,Fishing,2,file,FUSAR_Ship1.0/Fishing/Fishing/Ship_C04S02N0784.tiff,221714,b824f65f8e36eb6fe718fb720f67cb0aa939f524e16d40ac17d91742c6dc00d5
Fishing/Fishing/Ship_C04S02N0785.tiff,Fishing,2,file,FUSAR_Ship1.0/Fishing/Fishing/Ship_C04S02N0785.tiff,218316,0d4c6601a064ecaea86ac87a52195912baf17c848c645f8abfc09b4b933c3345
Tanker/Tanker/Ship_C12S09N0001.tiff,Tanker,0,file,FUSAR_Ship1.0/Tanker/Tanker/Ship_C12S09N0001.tiff,252472,f1f416d4219909b835632327da8fbabc81e3485cdfc430642b0fdd9468292f26
Tanker/Tanker/Ship_C12S09N0002.tiff,Tanker,0,file,FUSAR_Ship1.0/Tanker/Tanker/Ship_C12S09N0002.tiff,250206,9d278c08e8a4c121ce9b815082f806f555e5d4283c166bde71c6b981458e8a80
Tanker/Tanker/Ship_C12S09N0003.tiff,Tanker,0,file,FUSAR_Ship1.0/Tanker/Tanker/Ship_C12S09N0003.tiff,256806,7f06a909bd0f330f5cc66f171496de41e58bb06a05e89d761ce77b7ccae8028c
Tanker/Tanker/Ship_C12S09N0004.tiff,Tanker,0,file,FUSAR_Ship1.0/Tanker/Tanker/Ship_C12S09N0004.tiff,249870,ec60b22cc2ae44fea981d253f66f488c8fd271bf8ae0e4414a556a7f30c65f75
Tanker/Tanker/Ship_C12S09N0005.tiff,Tanker,0,file,FUSAR_Ship1.0/Tanker/Tanker/Ship_C12S09N0005.tiff,243734,11abee928b5f9156dff8894e63e65b55d86d6b259c27a7e017ba56ae0dc02c47
Tanker/Tanker/Ship_C12S09N0006.tiff,Tanker,0,file,FUSAR_Ship1.0/Tanker/Tanker/Ship_C12S09N0006.tiff,258398,d89b7b601e5bc9c5b9520e76ebbe4f78bac9efd5b96c776a27ff08aae1f4f037
Tanker/Tanker/Ship_C12S09N0007.tiff,Tanker,0,file,FUSAR_Ship1.0/Tanker/Tanker/Ship_C12S09N0007.tiff,239994,5ddf25a71f71f33f50d97048734111c08e1c9737b7cfa130a3b1add8e327c011
Tanker/Tanker/Ship_C12S09N0008.tiff,Tanker,0,file,FUSAR_Ship1.0/Tanker/Tanker/Ship_C12S09N0008.tiff,234566,8ec563aa39ccb59b403e143c2b73599aff748e328dd756f3b6e3757c4c9b317f
Tanker/Tanker/Ship_C12S09N0009.tiff,Tanker,0,file,FUSAR_Ship1.0/Tanker/Tanker/Ship_C12S09N0009.tiff,238904,05a9b45bc9dfa6d23c1d6cab7400d45264c2a45e1a739b5187bb8aadaa4cbd5e
Tanker/Tanker/Ship_C12S09N0010.tiff,Tanker,0,file,FUSAR_Ship1.0/Tanker/Tanker/Ship_C12S09N0010.tiff,253672,ef7dc0926a95eff1f7794ea7f7fd3dc1487986d3f88645594e7c7cf50a1d90ab
Tanker/Tanker/Ship_C12S09N0011.tiff,Tanker,0,file,FUSAR_Ship1.0/Tanker/Tanker/Ship_C12S09N0011.tiff,264848,1debb47c6d51071b084b7a0e7370bc197c66c3a4a09740ec5f3c72341299f46a
Tanker/Tanker/Ship_C12S09N0012.tiff,Tanker,0,file,FUSAR_Ship1.0/Tanker/Tanker/Ship_C12S09N0012.tiff,245148,096756e229c2903914329948c3f84029c01a9f1c6afb4db65f97773b5125135c
Tanker/Tanker/Ship_C12S09N0013.tiff,Tanker,0,file,FUSAR_Ship1.0/Tanker/Tanker/Ship_C12S09N0013.tiff,240018,37a7e5737e81e58d20cfbe39627f1c9baf88841c045e3dd193913141161ce8a3
Tanker/Tanker/Ship_C12S09N0014.tiff,Tanker,0,file,FUSAR_Ship1.0/Tanker/Tanker/Ship_C12S09N0014.tiff,221542,65606b2eda6f80f14042e563e4d787045677209a7a6ac5735e0384672c4b87c6
Tanker/Tanker/Ship_C12S09N0015.tiff,Tanker,0,file,FUSAR_Ship1.0/Tanker/Tanker/Ship_C12S09N0015.tiff,219386,2b37f1a98b247dd944483730542c877db57b14c2ac051e883a963a62cf22976f
Tanker/Tanker/Ship_C12S09N0016.tiff,Tanker,0,file,FUSAR_Ship1.0/Tanker/Tanker/Ship_C12S09N0016.tiff,236058,4f58375c1b6d982df884b5f7dadea7a05c659f19208b6d5e5372ed5fc810eefb
Tanker/Tanker/Ship_C12S09N0017.tiff,Tanker,0,file,FUSAR_Ship1.0/Tanker/Tanker/Ship_C12S09N0017.tiff,218466,33ab0f7fdad032a4b74453039828d295c58f6ba1b86333ca59f6ba38ede887e2
Tanker/Tanker/Ship_C12S09N0018.tiff,Tanker,0,file,FUSAR_Ship1.0/Tanker/Tanker/Ship_C12S09N0018.tiff,245142,ca4d363f3be25ad2966888315a8e40785c236e20a9b4e3e2532410f62eed7f1a
Tanker/Tanker/Ship_C12S09N0019.tiff,Tanker,0,file,FUSAR_Ship1.0/Tanker/Tanker/Ship_C12S09N0019.tiff,257706,528242de48d1db150ab86d47dceb3ac5f00dbfe33867135dc9e6a5cda76dab86
Tanker/Tanker/Ship_C12S09N0020.tiff,Tanker,0,file,FUSAR_Ship1.0/Tanker/Tanker/Ship_C12S09N0020.tiff,255834,65302dab0b3594965753ca885450d45304809b434694f0b0f96a929d690ab551
Tanker/Tanker/Ship_C12S09N0021.tiff,Tanker,0,file,FUSAR_Ship1.0/Tanker/Tanker/Ship_C12S09N0021.tiff,256526,f12a6aab2baba6e3684a9cd1027a7b0fca2d9fc1e72d39348d43931bc2665f94
Tanker/Tanker/Ship_C12S09N0022.tiff,Tanker,0,file,FUSAR_Ship1.0/Tanker/Tanker/Ship_C12S09N0022.tiff,256946,5771510a3420ece6703ed8fc211be376176eff83b7ab46121d47d8e6f95180e4
Tanker/Tanker/Ship_C12S09N0023.tiff,Tanker,0,file,FUSAR_Ship1.0/Tanker/Tanker/Ship_C12S09N0023.tiff,229620,511aea03b0d09542454f84baca54920706b7196710a10d1b4f2713508442e258
Tanker/Tanker/Ship_C12S09N0024.tiff,Tanker,0,file,FUSAR_Ship1.0/Tanker/Tanker/Ship_C12S09N0024.tiff,232152,08880296c83056756269c096ace76a08043c790e987c975b530216dea486a297
Tanker/Tanker/Ship_C12S09N0025.tiff,Tanker,0,file,FUSAR_Ship1.0/Tanker/Tanker/Ship_C12S09N0025.tiff,256968,731779152ccab3d08482b96794390f05ae1b48e5a6471f098713db0b4cad5fcc
Tanker/Tanker/Ship_C12S09N0026.tiff,Tanker,0,file,FUSAR_Ship1.0/Tanker/Tanker/Ship_C12S09N0026.tiff,256432,e7ac4385de1feacf05a0028dc57e33e59d25b734cdf2d9223091784733532f60
Tanker/Tanker/Ship_C12S09N0027.tiff,Tanker,0,file,FUSAR_Ship1.0/Tanker/Tanker/Ship_C12S09N0027.tiff,256366,75e7d26e091fd085fd5bb0c902037557e4c91da6b319e2d14110d4a87ed6ee46
Tanker/Tanker/Ship_C12S09N0028.tiff,Tanker,0,file,FUSAR_Ship1.0/Tanker/Tanker/Ship_C12S09N0028.tiff,256656,2e3323d76033d3043f0670e3a1060fc67986195c18638290733b1bf43c334fa3
Tanker/Tanker/Ship_C12S09N0029.tiff,Tanker,0,file,FUSAR_Ship1.0/Tanker/Tanker/Ship_C12S09N0029.tiff,255404,6f77e76d758ac240ed10edeb3a793f1730de0e50c5072544ecafc4066ff3e1e2
Tanker/Tanker/Ship_C12S09N0030.tiff,Tanker,0,file,FUSAR_Ship1.0/Tanker/Tanker/Ship_C12S09N0030.tiff,256554,a8665cdb73f4d73ebfc349eb9c330c5f6bb692a66b7f14800ea3af9b88b25dc5
Tanker/Tanker/Ship_C12S09N0031.tiff,Tanker,0,file,FUSAR_Ship1.0/Tanker/Tanker/Ship_C12S09N0031.tiff,257400,d6cc987813fd124c56be06b88009c3f387374f4d068327a6b333e1f0f3e001ac
Tanker/Tanker/Ship_C12S09N0032.tiff,Tanker,0,file,FUSAR_Ship1.0/Tanker/Tanker/Ship_C12S09N0032.tiff,257402,ab33253568faac78da6c7c4991027c35225bfaa6309a7260b9c636dedf5f0231
Tanker/Tanker/Ship_C12S09N0033.tiff,Tanker,0,file,FUSAR_Ship1.0/Tanker/Tanker/Ship_C12S09N0033.tiff,255238,54b00861e2df86750f670864df7b325f9016354c8027971eec324e3c48538337
Tanker/Tanker/Ship_C12S09N0034.tiff,Tanker,0,file,FUSAR_Ship1.0/Tanker/Tanker/Ship_C12S09N0034.tiff,256998,84e08affb30e2f13a0ef0f8119c88bbb554c9c2a8a0f278e3f42ea9d5c507340
Tanker/Tanker/Ship_C12S09N0035.tiff,Tanker,0,file,FUSAR_Ship1.0/Tanker/Tanker/Ship_C12S09N0035.tiff,255894,5402886ec700778b9ce55597e1624adc00974e4d799cb4e6a0f78317a8405000
Tanker/Tanker/Ship_C12S09N0036.tiff,Tanker,0,file,FUSAR_Ship1.0/Tanker/Tanker/Ship_C12S09N0036.tiff,258142,1f4acdff29800a85fdf96cceb9cd05096687d1cda4a3233f4d004cb13f35a3f7
Tanker/Tanker/Ship_C12S09N0037.tiff,Tanker,0,file,FUSAR_Ship1.0/Tanker/Tanker/Ship_C12S09N0037.tiff,256088,150dfa84a08dc0535fd994ada5a3d73f558cadbfdcd53df5ccf129f1d5f23b4f
Tanker/Tanker/Ship_C12S09N0038.tiff,Tanker,0,file,FUSAR_Ship1.0/Tanker/Tanker/Ship_C12S09N0038.tiff,257170,7ce172ca41389f824ab96c29b733507e30d870df21d3c55b732a0ca9c881341f
Tanker/Tanker/Ship_C12S09N0039.tiff,Tanker,0,file,FUSAR_Ship1.0/Tanker/Tanker/Ship_C12S09N0039.tiff,255204,19d226aeb40dfc6f29d30bbec328909523456ddce931ae0a0ee71e39aa2e1036
Tanker/Tanker/Ship_C12S09N0040.tiff,Tanker,0,file,FUSAR_Ship1.0/Tanker/Tanker/Ship_C12S09N0040.tiff,256458,d0362fbddddca6b51103e5de754505524e7a8c07f09a0c0e08cbdfe3d4de6de3
Tanker/Tanker/Ship_C12S09N0041.tiff,Tanker,0,file,FUSAR_Ship1.0/Tanker/Tanker/Ship_C12S09N0041.tiff,256340,d70dd42ce1ad098f867c106592d471b4b2a35a9d23eed8f23fcc8ed48dba99e5
Tanker/Tanker/Ship_C12S09N0042.tiff,Tanker,0,file,FUSAR_Ship1.0/Tanker/Tanker/Ship_C12S09N0042.tiff,256414,22fc8bdd74fc25446aec87ae5fe6707152d6ac644550f04c028de254abe5e70d
Tanker/Tanker/Ship_C12S09N0043.tiff,Tanker,0,file,FUSAR_Ship1.0/Tanker/Tanker/Ship_C12S09N0043.tiff,256472,672d4f8b82dca67e65d8815aa48a014acfb7e0a71bc6e21698e623cb9caed4dc
Tanker/Tanker/Ship_C12S09N0044.tiff,Tanker,0,file,FUSAR_Ship1.0/Tanker/Tanker/Ship_C12S09N0044.tiff,255742,59f9d1e539e93fcda5a4d7055a156cec6196c7fb9c71dc3537707b6c8e06190e
Tanker/Tanker/Ship_C12S09N0045.tiff,Tanker,0,file,FUSAR_Ship1.0/Tanker/Tanker/Ship_C12S09N0045.tiff,255482,00ca330038ad764cea54b422ff04bfa33f440c47ae9d4edf87a8f3dfdec4c165
Tanker/Tanker/Ship_C12S09N0046.tiff,Tanker,0,file,FUSAR_Ship1.0/Tanker/Tanker/Ship_C12S09N0046.tiff,255508,1015bc139f6232461d4559eac1f05b44ee074fa701bf179aa552c60ad97b57de
Tanker/Tanker/Ship_C12S09N0047.tiff,Tanker,0,file,FUSAR_Ship1.0/Tanker/Tanker/Ship_C12S09N0047.tiff,257096,ad42aa50caa3f564fdc4a9f4f3dffcf9185862a61ccd23b20f1dde2c0e8f3007
Tanker/Tanker/Ship_C12S09N0048.tiff,Tanker,0,file,FUSAR_Ship1.0/Tanker/Tanker/Ship_C12S09N0048.tiff,255930,1f4bd9471c8ea6f5f25e38357a64f19fd1f9d48a8832fa8719e73ce7a92a616c
Tanker/Tanker/Ship_C12S09N0049.tiff,Tanker,0,file,FUSAR_Ship1.0/Tanker/Tanker/Ship_C12S09N0049.tiff,259904,c2b02901b2ea91dd602d76048777e22a0fcd356595233779bcdc0f19887b8417
Tanker/Tanker/Ship_C12S09N0050.tiff,Tanker,0,file,FUSAR_Ship1.0/Tanker/Tanker/Ship_C12S09N0050.tiff,257196,80d9367d90c6df8b152e6ce9487fb1be6142078b843bf8a860d1b20cdf56188d
Tanker/Tanker/Ship_C12S09N0051.tiff,Tanker,0,file,FUSAR_Ship1.0/Tanker/Tanker/Ship_C12S09N0051.tiff,242930,2fc862360ccdba90e9b1b981f57e27a68a6ad6d10537725ca32f0ddf32842c04
Tanker/Tanker/Ship_C12S09N0052.tiff,Tanker,0,file,FUSAR_Ship1.0/Tanker/Tanker/Ship_C12S09N0052.tiff,240460,22b7096de4f29384cbd5d928f00e1de92acd21fb6dd597e6b94c3cca9016bb38
Tanker/Tanker/Ship_C12S09N0053.tiff,Tanker,0,file,FUSAR_Ship1.0/Tanker/Tanker/Ship_C12S09N0053.tiff,246770,32de83a3f464313dd3652b90e88961355fc04b08956bd4efb40ee519212530de
Tanker/Tanker/Ship_C12S09N0054.tiff,Tanker,0,file,FUSAR_Ship1.0/Tanker/Tanker/Ship_C12S09N0054.tiff,228290,80132a95d628a53f2cb02e433b6de4beb43089ae63f87c7ae7601327d169b492
Tanker/Tanker/Ship_C12S09N0055.tiff,Tanker,0,file,FUSAR_Ship1.0/Tanker/Tanker/Ship_C12S09N0055.tiff,234956,d9590d70e0832ef4e24f554392eb03f65faa846da5ad1fdb4d461ff803e1cbbc
Tanker/Tanker/Ship_C12S09N0056.tiff,Tanker,0,file,FUSAR_Ship1.0/Tanker/Tanker/Ship_C12S09N0056.tiff,255364,bdc7c000999498d32677e91f7346e54f0622797763bf47bf800322a74b316417
Tanker/Tanker/Ship_C12S09N0057.tiff,Tanker,0,file,FUSAR_Ship1.0/Tanker/Tanker/Ship_C12S09N0057.tiff,251984,fb27b82b6d43720b7908a18fe91d0f7b6c542eea23fa5b43ed7e00088a03beb1
Tanker/Tanker/Ship_C12S09N0058.tiff,Tanker,0,file,FUSAR_Ship1.0/Tanker/Tanker/Ship_C12S09N0058.tiff,251648,c2a23b9f589d488ea70069996b9c972b538856d28a11780dba5c89237dc7137e
Tanker/Tanker/Ship_C12S09N0059.tiff,Tanker,0,file,FUSAR_Ship1.0/Tanker/Tanker/Ship_C12S09N0059.tiff,246704,af1f7e533eab48123943ad883ca6da938ec1f345c6360b8ce67e3a2a760ea45f
Tanker/Tanker/Ship_C12S09N0060.tiff,Tanker,0,file,FUSAR_Ship1.0/Tanker/Tanker/Ship_C12S09N0060.tiff,229660,4ff703ee7b1ba5eb898ed11187c2033c6bd55a922032ae00b4b38f8a9606b5aa
Tanker/Tanker/Ship_C12S09N0061.tiff,Tanker,0,file,FUSAR_Ship1.0/Tanker/Tanker/Ship_C12S09N0061.tiff,245492,8eca7a9fd54a1f7dd32a98a0401abe21613d5ce1c7d5bdce1a1c847575fa22a9
Tanker/Tanker/Ship_C12S09N0062.tiff,Tanker,0,file,FUSAR_Ship1.0/Tanker/Tanker/Ship_C12S09N0062.tiff,237132,4e1f6638166b82133347bdda91e395eb10293d60e71878e6017369bef30f9876
Tanker/Tanker/Ship_C12S09N0063.tiff,Tanker,0,file,FUSAR_Ship1.0/Tanker/Tanker/Ship_C12S09N0063.tiff,234706,088e61a5beee94bad9f4ff689f65a27c77874ee207ac686448db27d9b826849f
Tanker/Tanker/Ship_C12S09N0064.tiff,Tanker,0,file,FUSAR_Ship1.0/Tanker/Tanker/Ship_C12S09N0064.tiff,247566,cb589434a924dbed1d47b5b8c5b4bc915386380ede2b9d2f015f4a7666bd8f2a
Tanker/Tanker/Ship_C12S09N0065.tiff,Tanker,0,file,FUSAR_Ship1.0/Tanker/Tanker/Ship_C12S09N0065.tiff,259198,998d9f50f64f6ba5908e3e606295e8eb5a1e563a9e4b9e746aaf51ea37466c57
Tanker/Tanker/Ship_C12S09N0066.tiff,Tanker,0,file,FUSAR_Ship1.0/Tanker/Tanker/Ship_C12S09N0066.tiff,235784,8a7e7bfbb5d96d8c27608115f870416c6e391d5401dbb2c0c9404e23d066c901
Tanker/Tanker/Ship_C12S09N0067.tiff,Tanker,0,file,FUSAR_Ship1.0/Tanker/Tanker/Ship_C12S09N0067.tiff,220964,501530b40b779f24cb8ddc232faa1e795226d040b6e8385ba5b055a77e220bc6
Tanker/Tanker/Ship_C12S09N0068.tiff,Tanker,0,file,FUSAR_Ship1.0/Tanker/Tanker/Ship_C12S09N0068.tiff,230218,4fdc00747218078c87ec5fb96cd6cdd822563114dfff9237fdda36ac1441d731
Tanker/Tanker/Ship_C12S09N0069.tiff,Tanker,0,file,FUSAR_Ship1.0/Tanker/Tanker/Ship_C12S09N0069.tiff,237254,adba8076238482fc4b89e4a027c24ef0d481bbc61ccfa5c37f4b4720d1d634de
Tanker/Tanker/Ship_C12S09N0070.tiff,Tanker,0,file,FUSAR_Ship1.0/Tanker/Tanker/Ship_C12S09N0070.tiff,241740,c6cc81874da621c0f7d34646f26ba5880ffffc80f0ac0a8c7348a0e962b24a76
Tanker/Tanker/Ship_C12S09N0071.tiff,Tanker,0,file,FUSAR_Ship1.0/Tanker/Tanker/Ship_C12S09N0071.tiff,259986,45ead1ad6df1126146c1142f82614a2d73c13bb3fe84ace1ed60fbd2d8c32d2d
Tanker/Tanker/Ship_C12S09N0072.tiff,Tanker,0,file,FUSAR_Ship1.0/Tanker/Tanker/Ship_C12S09N0072.tiff,246098,84c01cc7a7681b6c945925b49d644848255240e49968e1fd811e79ecd7bc7c56
Tanker/Tanker/Ship_C12S09N0073.tiff,Tanker,0,file,FUSAR_Ship1.0/Tanker/Tanker/Ship_C12S09N0073.tiff,252650,d950e4cf1351ce72bee51c11f63bc636325f7143ccdab3e359a270a60b789a97
Tanker/Tanker/Ship_C12S09N0074.tiff,Tanker,0,file,FUSAR_Ship1.0/Tanker/Tanker/Ship_C12S09N0074.tiff,263758,73bc8d96d86c6979f3e67112df093faf56b0ab22544de9ae63a56454570ad578
Tanker/Tanker/Ship_C12S09N0075.tiff,Tanker,0,file,FUSAR_Ship1.0/Tanker/Tanker/Ship_C12S09N0075.tiff,259940,890e33fed38c487f9a3ccfb6ac60fdaf0cb7fea405f315fea885d42ca742a536
Tanker/Tanker/Ship_C12S09N0076.tiff,Tanker,0,file,FUSAR_Ship1.0/Tanker/Tanker/Ship_C12S09N0076.tiff,253730,276a3fe85d62bbb77fbf0b865984db487e4a552ef671147fe587eb56f3c15faf
Tanker/Tanker/Ship_C12S09N0077.tiff,Tanker,0,file,FUSAR_Ship1.0/Tanker/Tanker/Ship_C12S09N0077.tiff,256904,831c0d9fd78aede993e7e5e8e5ccdd7d63276ae3dcd963b86087cdeda539d614
Tanker/Tanker/Ship_C12S09N0078.tiff,Tanker,0,file,FUSAR_Ship1.0/Tanker/Tanker/Ship_C12S09N0078.tiff,254954,38af1b7ba4994eb2ba7d1d5917e268e3ec775b56b8c816a1c0abe9a018d46bb4
Tanker/Tanker/Ship_C12S09N0079.tiff,Tanker,0,file,FUSAR_Ship1.0/Tanker/Tanker/Ship_C12S09N0079.tiff,254314,4c5fa0d0bd22b8b2764f902a2d890ae4201a238d6e0c15652aca8443d1ebf5f1
Tanker/Tanker/Ship_C12S09N0080.tiff,Tanker,0,file,FUSAR_Ship1.0/Tanker/Tanker/Ship_C12S09N0080.tiff,256692,0369311dbbbb904c5bc28920c14d5d803278ee0727837504cd9006574b13705b
Tanker/Tanker/Ship_C12S09N0081.tiff,Tanker,0,file,FUSAR_Ship1.0/Tanker/Tanker/Ship_C12S09N0081.tiff,252564,03e155bd4a82c38e03ba2e626939b258a403dfc4d24324439710f18dc1b70993
Tanker/Tanker/Ship_C12S09N0082.tiff,Tanker,0,file,FUSAR_Ship1.0/Tanker/Tanker/Ship_C12S09N0082.tiff,166996,a109104e2e48edcf16b51194c263ff3d676cf5b219ac360bb0e9f05afcb23f27
Tanker/Tanker/Ship_C12S09N0083.tiff,Tanker,0,file,FUSAR_Ship1.0/Tanker/Tanker/Ship_C12S09N0083.tiff,215764,97bf03ad03118f04777023bf7850729cdcb579ded39dc0a9485c6bd4b89f3875
Tanker/Tanker/Ship_C12S09N0084.tiff,Tanker,0,file,FUSAR_Ship1.0/Tanker/Tanker/Ship_C12S09N0084.tiff,220006,8429b067241ecf6ff30343d208dc9f76313bcf0e92e5bd98d373448b6b0c1059
Tanker/Tanker/Ship_C12S09N0085.tiff,Tanker,0,file,FUSAR_Ship1.0/Tanker/Tanker/Ship_C12S09N0085.tiff,248596,efe56de8fbfb5c0fbc649929da1de57e83fbd836736ea02190c26def0a33a731
Tanker/Tanker/Ship_C12S09N0086.tiff,Tanker,0,file,FUSAR_Ship1.0/Tanker/Tanker/Ship_C12S09N0086.tiff,214144,dfa25f60d1eb50215963bfc111bf1a41467d66190c822912ca51a4e8976fe905
Tanker/Tanker/Ship_C12S09N0087.tiff,Tanker,0,file,FUSAR_Ship1.0/Tanker/Tanker/Ship_C12S09N0087.tiff,175158,bfdc56377a846ae7525a76fe8574c7abfb3ef6c0c8b92a296b93fad69a420249
Tanker/Tanker/Ship_C12S09N0088.tiff,Tanker,0,file,FUSAR_Ship1.0/Tanker/Tanker/Ship_C12S09N0088.tiff,166996,a109104e2e48edcf16b51194c263ff3d676cf5b219ac360bb0e9f05afcb23f27
Tanker/Tanker/Ship_C12S09N0089.tiff,Tanker,0,file,FUSAR_Ship1.0/Tanker/Tanker/Ship_C12S09N0089.tiff,215764,97bf03ad03118f04777023bf7850729cdcb579ded39dc0a9485c6bd4b89f3875
Tanker/Tanker/Ship_C12S09N0090.tiff,Tanker,0,file,FUSAR_Ship1.0/Tanker/Tanker/Ship_C12S09N0090.tiff,220006,8429b067241ecf6ff30343d208dc9f76313bcf0e92e5bd98d373448b6b0c1059
Tanker/Tanker/Ship_C12S09N0091.tiff,Tanker,0,file,FUSAR_Ship1.0/Tanker/Tanker/Ship_C12S09N0091.tiff,182012,367a22f1c8a9e94d9cbcbcd5a0331f41247d3aa8d102a60a8ed4c6e1a9c4d7d4
Tanker/Tanker/Ship_C12S09N0092.tiff,Tanker,0,file,FUSAR_Ship1.0/Tanker/Tanker/Ship_C12S09N0092.tiff,248596,efe56de8fbfb5c0fbc649929da1de57e83fbd836736ea02190c26def0a33a731
Tanker/Tanker/Ship_C12S09N0093.tiff,Tanker,0,file,FUSAR_Ship1.0/Tanker/Tanker/Ship_C12S09N0093.tiff,214144,dfa25f60d1eb50215963bfc111bf1a41467d66190c822912ca51a4e8976fe905
Tanker/Tanker/Ship_C12S09N0094.tiff,Tanker,0,file,FUSAR_Ship1.0/Tanker/Tanker/Ship_C12S09N0094.tiff,175158,bfdc56377a846ae7525a76fe8574c7abfb3ef6c0c8b92a296b93fad69a420249
Tanker/Tanker/Ship_C12S09N0095.tiff,Tanker,0,file,FUSAR_Ship1.0/Tanker/Tanker/Ship_C12S09N0095.tiff,231028,05e284ae073bafca24e092c6f911cebe33c025526886cae2218fe5b8f837563e
Tanker/Tanker/Ship_C12S09N0096.tiff,Tanker,0,file,FUSAR_Ship1.0/Tanker/Tanker/Ship_C12S09N0096.tiff,204976,dd19267a487ebc569e1581a325487eb8a34d7c239045753c217a469722d401c5
Tanker/Tanker/Ship_C12S09N0097.tiff,Tanker,0,file,FUSAR_Ship1.0/Tanker/Tanker/Ship_C12S09N0097.tiff,257874,a8a4630fbf2062bfdbb8ae9d1a99441da6ae719cfe4b544691add9fb6b99e55e
Tanker/Tanker/Ship_C12S09N0098.tiff,Tanker,0,file,FUSAR_Ship1.0/Tanker/Tanker/Ship_C12S09N0098.tiff,247302,06bf563bddbf7b61edb7c7179eaf112f894bb164351041e10875eb8874b3efcc
Tanker/Tanker/Ship_C12S09N0099.tiff,Tanker,0,file,FUSAR_Ship1.0/Tanker/Tanker/Ship_C12S09N0099.tiff,175782,d3fde8aadb6f63d104feb3fe02321849e6f99a1ae6da2cf416a55d84600fba8b
Tanker/Tanker/Ship_C12S09N0100.tiff,Tanker,0,file,FUSAR_Ship1.0/Tanker/Tanker/Ship_C12S09N0100.tiff,204798,c43fba94573ce7fcbc18eb7550aafcbee3a75b0417d864bcd96b259a3a6a4468
Tanker/Tanker/Ship_C12S09N0101.tiff,Tanker,0,file,FUSAR_Ship1.0/Tanker/Tanker/Ship_C12S09N0101.tiff,268822,c31f6c7b8cf252c001894eade1277f2954151d899cd64c2ea234e48a9c16bd3e
Tanker/Tanker/Ship_C12S09N0102.tiff,Tanker,0,file,FUSAR_Ship1.0/Tanker/Tanker/Ship_C12S09N0102.tiff,185992,6ad10775d7047ebb1a6438a1dc78630364eb1b87b65eda1e11300f66f370bc80
Tanker/Tanker/Ship_C12S09N0103.tiff,Tanker,0,file,FUSAR_Ship1.0/Tanker/Tanker/Ship_C12S09N0103.tiff,196816,2609450027d232ab5ca9b37530129aa6d9ec1317846e2037f58130c8055d9967
Tanker/Tanker/Ship_C12S09N0104.tiff,Tanker,0,file,FUSAR_Ship1.0/Tanker/Tanker/Ship_C12S09N0104.tiff,197270,6b86b867402fd114fa9050517c2e52e1a7725d4c618ea931acca52775247fb76
Tanker/Tanker/Ship_C12S09N0105.tiff,Tanker,0,file,FUSAR_Ship1.0/Tanker/Tanker/Ship_C12S09N0105.tiff,255582,3c0f09f9eccbf11bec066f54c771c979792530fd64c7f628e34ea1022555ed3b
Tanker/Tanker/Ship_C12S09N0106.tiff,Tanker,0,file,FUSAR_Ship1.0/Tanker/Tanker/Ship_C12S09N0106.tiff,232564,6cedbd32261d9bcbe8519a9324efd1e7cd079f5c16bb12d411dc5c6968056f92
Tanker/Tanker/Ship_C12S09N0107.tiff,Tanker,0,file,FUSAR_Ship1.0/Tanker/Tanker/Ship_C12S09N0107.tiff,202740,f241191e8c54784af28ce89039fffff51da61a6c01c2614b924ee1d686058640
Tanker/Tanker/Ship_C12S09N0108.tiff,Tanker,0,file,FUSAR_Ship1.0/Tanker/Tanker/Ship_C12S09N0108.tiff,249944,c0111a6f0037e63ebbbf367af4ea59627b86e06caff3b50f87627d3bea059bc9
Tanker/Tanker/Ship_C12S09N0109.tiff,Tanker,0,file,FUSAR_Ship1.0/Tanker/Tanker/Ship_C12S09N0109.tiff,249592,55c0dd8a6db6eca97141d659adf4f70fac447a2ae6cd39f1b0f8703659829057
Tanker/Tanker/Ship_C12S09N0110.tiff,Tanker,0,file,FUSAR_Ship1.0/Tanker/Tanker/Ship_C12S09N0110.tiff,251604,9d0a3e0eaa8b823cbbe99a008ab4313584756fe6563595dcc0a37f079cee75d0
Tanker/Tanker/Ship_C12S09N0111.tiff,Tanker,0,file,FUSAR_Ship1.0/Tanker/Tanker/Ship_C12S09N0111.tiff,210034,3ef623e1a6c4484fbfd9c686df16aa8bcf2af41d2ff28717a3cf5ed488332a03
Tanker/Tanker/Ship_C12S09N0112.tiff,Tanker,0,file,FUSAR_Ship1.0/Tanker/Tanker/Ship_C12S09N0112.tiff,277160,79f218a35c5b3daa5690f6b08c6953c34e4f32d32156ca46da567e1dc29c9468
Tanker/Tanker/Ship_C12S09N0113.tiff,Tanker,0,file,FUSAR_Ship1.0/Tanker/Tanker/Ship_C12S09N0113.tiff,242310,696f7956d06aba63034506d125d35e7beb6fadb621b098465e15dff0c71bb1e0
Tanker/Tanker/Ship_C12S09N0114.tiff,Tanker,0,file,FUSAR_Ship1.0/Tanker/Tanker/Ship_C12S09N0114.tiff,251166,1a899a8182c4d61b18959becb81ec0387736368749be4f99e55e402c591eaa3b
Tanker/Tanker/Ship_C12S09N0115.tiff,Tanker,0,file,FUSAR_Ship1.0/Tanker/Tanker/Ship_C12S09N0115.tiff,240382,3c7f591fe2c52dc97fa0a2bcf549bff5580f099a32954dca210bfafe5ce41da4
Tanker/Tanker/Ship_C12S09N0116.tiff,Tanker,0,file,FUSAR_Ship1.0/Tanker/Tanker/Ship_C12S09N0116.tiff,260934,378e9a273e55005c147adfbccd41bc34154b5fd7c1dc8bfa86422c7d6268fd55
Tanker/Tanker/Ship_C12S09N0117.tiff,Tanker,0,file,FUSAR_Ship1.0/Tanker/Tanker/Ship_C12S09N0117.tiff,228072,f209fe6b1a253d3d6556bb0aac05c8af9965ef548a13bb9316bdb572c70b10b1
Tanker/Tanker/Ship_C12S09N0118.tiff,Tanker,0,file,FUSAR_Ship1.0/Tanker/Tanker/Ship_C12S09N0118.tiff,239340,15dd05a2c7175c03136ea587ec02b3ac4822ff6b99cf1dd61bcee3800a4be3d0
Tanker/Tanker/Ship_C12S09N0119.tiff,Tanker,0,file,FUSAR_Ship1.0/Tanker/Tanker/Ship_C12S09N0119.tiff,244252,f3ea10273d95a4dfdc257044bffabc9c8effdde5e8d3a223e3ef805fdb2fabbb
Tanker/Tanker/Ship_C12S09N0120.tiff,Tanker,0,file,FUSAR_Ship1.0/Tanker/Tanker/Ship_C12S09N0120.tiff,231752,e8c668ddf487ac2b8a0bd091b81845c4a5eaaa2b2799811241154b62ab876281
Tanker/Tanker/Ship_C12S09N0121.tiff,Tanker,0,file,FUSAR_Ship1.0/Tanker/Tanker/Ship_C12S09N0121.tiff,249122,ce52e653bfc8cc9df1be38001971e49cff10a019855a872f825639e1f78262ee
Tanker/Tanker/Ship_C12S09N0122.tiff,Tanker,0,file,FUSAR_Ship1.0/Tanker/Tanker/Ship_C12S09N0122.tiff,265318,fe3261505d1791fcd58baca73e7017dd2821bbbf4ca7d71b83c40e64060a4dc9
Tanker/Tanker/Ship_C12S09N0123.tiff,Tanker,0,file,FUSAR_Ship1.0/Tanker/Tanker/Ship_C12S09N0123.tiff,256388,b57c7f908c9f27ac2c70c1f1ba52b6f1e2384dc2d81cb78c6659ade6becbf5b9
Tanker/Tanker/Ship_C12S09N0124.tiff,Tanker,0,file,FUSAR_Ship1.0/Tanker/Tanker/Ship_C12S09N0124.tiff,266262,799e3c21acc8ea4913116eb8b760c1c7008ec5090e8a0427f356a55eae2e36a7
Tanker/Tanker/Ship_C12S09N0125.tiff,Tanker,0,file,FUSAR_Ship1.0/Tanker/Tanker/Ship_C12S09N0125.tiff,265052,04eb0488bb66de37e440f0f7fdefab18c98cdcd9018d9ca742b09b64a9e0320b
Tanker/Tanker/Ship_C12S09N0126.tiff,Tanker,0,file,FUSAR_Ship1.0/Tanker/Tanker/Ship_C12S09N0126.tiff,266498,7dbca0e0644d1239ca3028ab44fa3f57e6917ecc41be1f04237562dde67fceb2
Tanker/Tanker/Ship_C12S09N0127.tiff,Tanker,0,file,FUSAR_Ship1.0/Tanker/Tanker/Ship_C12S09N0127.tiff,244440,80b22174f87f81dd4cd4198b2501ac488c843cccda25a4922a7627912f52a106
Tanker/Tanker/Ship_C12S09N0128.tiff,Tanker,0,file,FUSAR_Ship1.0/Tanker/Tanker/Ship_C12S09N0128.tiff,253270,292d0475b0e1eb60132a815174f99e4cede25116de424a9a5e31fc2bda76c27e
Tanker/Tanker/Ship_C12S09N0129.tiff,Tanker,0,file,FUSAR_Ship1.0/Tanker/Tanker/Ship_C12S09N0129.tiff,254682,18384bcc5184cbf32e8e1d7ba07b42857e710f4b217a7d8c860aca7e0eb270db
Tanker/Tanker/Ship_C12S09N0130.tiff,Tanker,0,file,FUSAR_Ship1.0/Tanker/Tanker/Ship_C12S09N0130.tiff,265478,8ee2dc2a6f2498ee1c99f6edca8b05d424d0eb6c04c8ba3bf3eba7222730228d
Tanker/Tanker/Ship_C12S09N0131.tiff,Tanker,0,file,FUSAR_Ship1.0/Tanker/Tanker/Ship_C12S09N0131.tiff,255452,00ee0398da37f1d502719a076cd492f473b4db2229295f99b53ff156623fab40
Tanker/Tanker/Ship_C12S09N0132.tiff,Tanker,0,file,FUSAR_Ship1.0/Tanker/Tanker/Ship_C12S09N0132.tiff,259778,38ae1b65145240a18f7ae5583b0d52dd4a6cc12af588ad20af6284b10d2fb98c
Tanker/Tanker/Ship_C12S09N0133.tiff,Tanker,0,file,FUSAR_Ship1.0/Tanker/Tanker/Ship_C12S09N0133.tiff,252150,33655a9de23ffb2b9b8ed7c92f80c5d2628f29beb518b164608246176d787250
Tanker/Tanker/Ship_C12S09N0134.tiff,Tanker,0,file,FUSAR_Ship1.0/Tanker/Tanker/Ship_C12S09N0134.tiff,256470,84e80d9de050757bf8d23ab562e8f54ac3794568ca478216b65028c0fe696101
Tanker/Tanker/Ship_C12S09N0135.tiff,Tanker,0,file,FUSAR_Ship1.0/Tanker/Tanker/Ship_C12S09N0135.tiff,169774,ae43999cec55712dfbacf1507ca853aba8ae6e7076eed6fcb7796ddf2f4289c0
Tanker/Tanker/Ship_C12S09N0136.tiff,Tanker,0,file,FUSAR_Ship1.0/Tanker/Tanker/Ship_C12S09N0136.tiff,266008,e031c354ac8d5cade1d6c21fc509826721057e2fa6f68190afa4f5a7da86066c
Tanker/Tanker/Ship_C12S09N0137.tiff,Tanker,0,file,FUSAR_Ship1.0/Tanker/Tanker/Ship_C12S09N0137.tiff,259200,0abbffee8e9630b868f1d0fee7167046c8ed867b5b03a6023c086a358e5d8afa
Tanker/Tanker/Ship_C12S09N0138.tiff,Tanker,0,file,FUSAR_Ship1.0/Tanker/Tanker/Ship_C12S09N0138.tiff,255374,2109d76233a61c64a9711a49542bdf81d43c0379331a21145c582559cac1c415
Tanker/Tanker/Ship_C12S09N0139.tiff,Tanker,0,file,FUSAR_Ship1.0/Tanker/Tanker/Ship_C12S09N0139.tiff,256472,db6c11bf0256f27051be8a84a267e35bf0bad6b9f08bc18d1699f4a63c5fd9b3
Tanker/Tanker/Ship_C12S09N0140.tiff,Tanker,0,file,FUSAR_Ship1.0/Tanker/Tanker/Ship_C12S09N0140.tiff,259268,2a152880ea32df6a01ef6495c167cc0eec54e4a83d286aac22ab9c0e1d4d200a
Tanker/Tanker/Ship_C12S09N0141.tiff,Tanker,0,file,FUSAR_Ship1.0/Tanker/Tanker/Ship_C12S09N0141.tiff,258628,eb9c0e436f45b16595bb927c654e83b9f8e70733b083d69a482387203492335d
Tanker/Tanker/Ship_C12S09N0142.tiff,Tanker,0,file,FUSAR_Ship1.0/Tanker/Tanker/Ship_C12S09N0142.tiff,258836,b8b9d6a3fff0d0d3293eb3db6f2fc0e914803f51d776c5394aff1446ca065a43
Tanker/Tanker/Ship_C12S09N0143.tiff,Tanker,0,file,FUSAR_Ship1.0/Tanker/Tanker/Ship_C12S09N0143.tiff,258154,f5620b555a6ea585c1cc4aa6853e2666bf6afe90960c81f2a4b78427f9eb8b3f
Tanker/Tanker/Ship_C12S09N0144.tiff,Tanker,0,file,FUSAR_Ship1.0/Tanker/Tanker/Ship_C12S09N0144.tiff,260374,c9a3f4aed56116e01170e7bdc56d74e5a5db52d6a38c5745d0a86f3491728b3b
Tanker/Tanker/Ship_C12S09N0145.tiff,Tanker,0,file,FUSAR_Ship1.0/Tanker/Tanker/Ship_C12S09N0145.tiff,259432,fde51614c80d55ffb5b77d62f94e5adb9ab8032a838f08783a3b7992fc0b841a
Tanker/Tanker/Ship_C12S09N0146.tiff,Tanker,0,file,FUSAR_Ship1.0/Tanker/Tanker/Ship_C12S09N0146.tiff,257930,d70eccaa1615e0c6290df64b32c6e0fea66f06d1a2b866269904fbe59c8b768d
Tanker/Tanker/Ship_C12S09N0147.tiff,Tanker,0,file,FUSAR_Ship1.0/Tanker/Tanker/Ship_C12S09N0147.tiff,244048,0ddd6a4ccf83b269c03c489093d4ca77dbf4056815e50c81cd8632a43c649d86
Tanker/Tanker/Ship_C12S09N0148.tiff,Tanker,0,file,FUSAR_Ship1.0/Tanker/Tanker/Ship_C12S09N0148.tiff,239372,39581607fcca040d7a8b3f7da9ae5c6b79a5b59150bd3e4dc765789beaee73f4
